timestamp,can_id,b0,b1,b2,b3,b4,b5,b6,b7,state,attack_type
0.010269770767051361,260,171,48,113,57,162,125,79,132,idle,fuzzy
0.030456720573667787,316,119,11,95,65,197,240,209,69,idle,fuzzy
0.13134716045527883,329,237,34,55,93,229,41,85,34,idle,fuzzy
0.6322378592719342,545,9,157,161,157,162,175,197,204,idle,fuzzy
0.6413714908578493,260,49,107,106,228,79,137,111,185,idle,fuzzy
0.662203744062294,316,70,40,159,24,203,189,177,64,idle,fuzzy
0.7614976100938226,329,157,243,133,176,165,109,29,159,idle,fuzzy
1.2624337810247948,545,0,50,187,192,36,91,226,118,idle,fuzzy
1.2720630823532695,260,56,147,166,113,251,82,50,224,idle,fuzzy
1.2927850938742564,316,249,98,95,161,91,83,190,65,idle,fuzzy
1.392600970429274,329,16,218,254,221,239,202,183,38,idle,fuzzy
1.8918076098733132,545,86,189,8,32,185,85,152,137,idle,fuzzy
1.9014898333357557,260,0,126,145,38,96,254,177,31,idle,fuzzy
1.9217784274022156,316,87,166,55,15,109,93,184,67,idle,fuzzy
2.0217178331756216,329,243,156,148,77,126,236,205,237,idle,fuzzy
2.5226716549799293,545,143,148,105,233,246,230,245,15,idle,fuzzy
2.531923739976828,260,80,116,13,169,252,172,231,7,idle,fuzzy
2.552042448015077,316,66,131,220,69,87,108,76,5,idle,fuzzy
2.652741345754943,329,156,167,94,114,8,127,189,225,idle,fuzzy
3.152476042322051,545,170,22,103,80,8,59,199,66,idle,fuzzy
3.1633778759438584,260,188,51,8,243,236,31,174,208,idle,fuzzy
3.1839822327256897,316,228,251,61,131,87,111,25,122,idle,fuzzy
3.2845280587397547,329,14,77,79,134,86,15,162,173,idle,fuzzy
3.7852406894568,545,21,137,217,226,111,61,190,189,idle,fuzzy
3.7946489074180265,260,105,84,117,239,73,224,233,144,idle,fuzzy
3.8144940721858043,316,226,249,85,43,7,220,29,147,idle,fuzzy
3.914946606187547,329,149,248,201,109,119,123,11,104,idle,fuzzy
4.4153023255778505,545,105,44,106,107,104,186,50,63,idle,fuzzy
4.4254936104350975,260,206,72,196,219,105,92,87,99,idle,fuzzy
4.444581590559171,316,251,133,27,125,114,59,166,69,idle,fuzzy
4.5441564283723865,329,49,49,150,125,80,212,184,104,idle,fuzzy
5.044064086064548,545,206,232,68,248,2,237,77,170,idle,fuzzy
5.054642470440522,260,100,148,90,211,60,162,83,243,idle,fuzzy
5.075572064809922,316,167,163,121,250,231,11,194,25,idle,fuzzy
5.175270311504651,329,37,139,165,83,217,166,211,106,idle,fuzzy
5.674925612369917,545,68,220,179,57,187,76,62,43,idle,fuzzy
5.6847353509313026,260,126,155,61,246,178,222,230,153,idle,fuzzy
5.704647113951128,316,173,205,39,165,220,94,209,32,idle,fuzzy
5.804192997101605,329,27,206,200,113,18,149,34,27,idle,fuzzy
6.30411564203427,545,54,104,57,55,248,173,200,44,idle,fuzzy
6.313190837086016,260,126,164,19,190,230,3,197,23,idle,fuzzy
6.3326966198817685,316,106,35,66,65,90,245,59,46,idle,fuzzy
6.431934507202803,329,159,79,34,50,83,94,4,165,idle,fuzzy
6.932929057484066,545,6,98,230,195,19,209,240,212,idle,fuzzy
6.94310049072834,260,195,179,158,247,103,1,183,14,idle,fuzzy
6.962362220361727,316,216,176,241,4,124,129,181,131,idle,fuzzy
7.06217161572765,329,154,93,217,55,11,247,248,241,idle,fuzzy
7.561721514268288,545,233,251,219,26,179,82,74,217,idle,fuzzy
7.570748208714835,260,121,12,250,184,3,54,0,30,idle,fuzzy
7.590906479752969,316,74,30,40,229,116,89,39,141,idle,fuzzy
7.689939672484831,329,132,7,226,168,239,204,168,129,idle,fuzzy
8.18976380930477,545,72,28,194,235,120,23,67,246,idle,fuzzy
8.200537612057577,260,71,226,227,123,243,163,124,136,idle,fuzzy
8.21985911985467,316,121,58,142,50,159,129,185,81,idle,fuzzy
8.319894449415855,329,255,139,85,220,120,134,244,77,idle,fuzzy
8.82010301978306,545,161,104,76,70,141,208,254,2,idle,fuzzy
8.829807343386628,260,240,219,180,169,208,100,225,133,idle,fuzzy
8.849409715158705,316,135,54,191,52,247,243,0,20,idle,fuzzy
8.948893787453192,329,32,103,197,230,243,217,183,231,idle,fuzzy
9.449389663881144,545,199,30,37,120,13,33,191,191,idle,fuzzy
9.460321801831775,260,94,162,115,248,115,143,52,214,idle,fuzzy
9.480627735432591,316,95,233,243,124,21,24,70,240,idle,fuzzy
9.581269169835895,329,103,228,225,224,79,244,68,117,idle,fuzzy
10.081250609239941,545,176,91,131,128,166,99,173,189,idle,fuzzy
10.09188982797833,260,251,86,59,197,181,225,172,135,idle,fuzzy
10.11206185777278,316,219,42,147,55,68,98,155,92,idle,fuzzy
10.212958444624295,329,173,146,218,40,134,49,244,0,idle,fuzzy
10.713268499446976,545,174,40,238,223,9,202,156,200,idle,fuzzy
10.722660078181276,260,101,11,9,141,191,93,91,177,idle,fuzzy
10.741913206050295,316,122,19,93,89,168,53,90,95,idle,fuzzy
10.841404718753559,329,63,160,200,76,181,72,22,92,idle,fuzzy
11.341210970894878,545,177,228,36,57,50,140,208,134,idle,fuzzy
11.351174340622022,260,135,188,200,28,112,131,120,170,idle,fuzzy
11.371758141390758,316,43,233,148,73,154,140,6,149,idle,fuzzy
11.470982465039485,329,14,97,182,184,118,72,153,208,idle,fuzzy
11.971566978063043,545,247,163,201,108,164,49,62,68,idle,fuzzy
11.981435712574987,260,176,254,1,216,175,217,227,153,idle,fuzzy
12.001161518939513,316,54,127,201,225,117,225,150,178,idle,fuzzy
12.102055608338814,329,73,213,186,82,148,43,182,115,idle,fuzzy
12.60163356837295,545,74,224,71,9,203,230,28,212,idle,fuzzy
12.610999220226054,260,185,170,43,148,78,199,22,71,idle,fuzzy
12.631286510777773,316,29,247,58,117,22,21,253,138,idle,fuzzy
12.731605665406057,329,53,246,137,252,175,30,146,250,idle,fuzzy
13.232476936492944,545,149,9,151,117,179,85,116,253,idle,fuzzy
13.2433963273938,260,134,236,0,25,155,245,2,201,idle,fuzzy
13.263458133239048,316,2,105,234,164,236,117,202,19,idle,fuzzy
13.363781237974495,329,156,46,132,162,212,90,73,32,idle,fuzzy
13.863948672789476,545,73,114,80,239,44,118,37,172,idle,fuzzy
13.873412482752485,260,78,234,125,21,14,31,61,175,idle,fuzzy
13.89302982960633,316,227,2,199,245,173,126,145,120,idle,fuzzy
13.993730135593012,329,20,225,29,20,111,227,104,207,idle,fuzzy
14.493197541950586,545,168,56,226,58,0,23,47,50,idle,fuzzy
14.503077997129896,260,112,167,201,107,17,222,153,177,idle,fuzzy
14.52286934039758,316,119,9,120,218,109,13,164,12,idle,fuzzy
14.622652530650464,329,34,221,19,62,179,154,46,47,idle,fuzzy
15.122087081608528,545,217,229,126,14,202,40,172,60,idle,fuzzy
15.13190569364858,260,103,151,183,220,84,151,239,140,idle,fuzzy
15.151883467312565,316,80,27,82,238,57,18,82,194,idle,fuzzy
15.25280507497964,329,187,208,199,30,153,179,229,89,idle,fuzzy
15.752347016539428,545,71,182,194,114,139,130,50,141,idle,fuzzy
15.76297229946811,260,135,1,152,193,93,90,54,239,idle,fuzzy
15.783002220725638,316,37,138,193,207,51,228,225,147,idle,fuzzy
15.8829088276222,329,48,234,228,222,92,43,210,168,idle,fuzzy
16.383087651129184,545,35,196,128,40,195,228,199,122,idle,fuzzy
16.39303807684668,260,85,20,236,40,63,6,136,157,idle,fuzzy
16.41214423916678,316,9,141,39,64,42,212,17,157,idle,fuzzy
16.512299557874,329,138,153,201,206,110,124,126,96,idle,fuzzy
17.01132663501381,545,206,22,40,190,57,67,100,81,idle,fuzzy
17.021964806479694,260,29,186,39,237,156,151,206,11,idle,fuzzy
17.04150340277786,316,254,162,142,48,212,66,70,202,idle,fuzzy
17.141213647690986,329,91,91,35,142,197,78,48,161,idle,fuzzy
17.64128753346342,545,140,85,76,196,74,66,225,38,idle,fuzzy
17.651918651319004,260,74,164,112,75,40,212,210,6,idle,fuzzy
17.672795000716736,316,118,196,2,61,90,118,216,255,idle,fuzzy
17.771848493669687,329,146,28,231,178,19,143,227,187,idle,fuzzy
18.27110315761542,545,218,194,203,5,203,112,31,130,idle,fuzzy
18.281777823199057,260,240,61,159,97,184,211,125,164,idle,fuzzy
18.30197678240722,316,181,68,219,63,104,213,107,245,idle,fuzzy
18.402004814850326,329,184,71,98,0,221,62,245,88,idle,fuzzy
18.902430077495872,545,121,170,74,180,107,172,119,92,idle,fuzzy
18.913328309645305,260,184,11,226,125,86,84,14,96,idle,fuzzy
18.93331433636502,316,251,157,187,86,234,219,228,27,idle,fuzzy
19.0326855833041,329,133,138,226,44,198,100,122,188,idle,fuzzy
19.533631105036136,545,238,67,162,159,74,231,104,53,idle,fuzzy
19.542768127194876,260,107,28,46,177,190,39,136,136,idle,fuzzy
19.562085156823976,316,68,39,123,173,100,200,88,142,idle,fuzzy
19.66198726362496,329,120,38,174,205,217,129,13,136,idle,fuzzy
20.16134076702778,545,71,31,116,72,149,79,254,0,idle,fuzzy
20.171880276958422,260,139,165,125,59,190,16,36,160,idle,fuzzy
20.191913739162874,316,36,116,116,86,248,185,132,227,idle,fuzzy
20.291813653996954,329,18,213,213,47,118,56,233,148,idle,fuzzy
20.79150220705062,545,15,162,176,7,137,108,207,14,idle,fuzzy
20.8014656437207,260,250,144,109,165,205,2,166,44,idle,fuzzy
20.821686903854367,316,75,8,231,28,182,118,13,151,idle,fuzzy
20.925556403115664,329,149,69,247,146,231,65,1,202,idle,fuzzy
21.426262729941516,545,244,236,103,211,244,123,162,225,idle,fuzzy
21.435900981524686,260,114,24,164,214,2,210,235,233,idle,fuzzy
21.454958115249703,316,110,168,192,80,141,89,237,104,idle,fuzzy
21.554707334688164,329,184,88,131,177,97,177,107,45,idle,fuzzy
22.054162473435788,545,110,120,123,177,56,229,46,82,idle,fuzzy
22.063951636562223,260,133,190,55,112,28,198,234,7,idle,fuzzy
22.084782993215892,316,122,184,175,192,77,58,103,59,idle,fuzzy
22.184871929409375,329,176,179,187,111,224,217,120,253,idle,fuzzy
22.685689900170967,545,96,176,77,124,156,148,181,205,idle,fuzzy
22.695407141873154,260,53,217,9,57,109,121,245,85,idle,fuzzy
22.71587365376023,316,84,55,134,170,40,42,2,58,idle,fuzzy
22.816759305672452,329,94,169,144,30,198,8,24,175,idle,fuzzy
23.316661152159668,545,179,215,191,101,146,10,230,203,idle,fuzzy
23.326736507487105,260,142,20,167,59,31,201,7,218,idle,fuzzy
23.34752916835022,316,95,26,40,106,74,103,188,230,idle,fuzzy
23.446612885707463,329,28,115,144,62,162,46,199,105,idle,fuzzy
23.946345487622253,545,124,126,20,58,61,107,189,100,idle,fuzzy
23.957280720543984,260,175,80,50,50,37,91,144,175,idle,fuzzy
23.977516868995988,316,71,220,39,210,88,200,38,121,idle,fuzzy
24.077647549004286,329,224,77,159,108,141,206,108,61,idle,fuzzy
24.577998509779476,545,68,83,90,200,169,139,50,156,idle,fuzzy
24.5889843696078,260,85,221,75,67,192,194,255,125,idle,fuzzy
24.60855245853726,316,172,3,23,163,22,144,197,52,idle,fuzzy
24.711072767330894,329,151,255,147,43,70,101,226,168,idle,fuzzy
25.210614180508827,545,111,11,40,195,22,139,98,186,idle,fuzzy
25.21964248695343,260,231,170,189,146,43,168,120,148,idle,fuzzy
25.240307459124615,316,196,98,159,233,133,64,233,210,idle,fuzzy
25.340367745217495,329,60,168,9,9,228,79,68,135,idle,fuzzy
25.84026025703794,545,28,216,181,141,84,66,220,33,idle,fuzzy
25.849891219115598,260,162,78,57,57,155,194,251,204,idle,fuzzy
25.86965079823543,316,205,107,228,241,223,176,130,36,idle,fuzzy
25.96974537729928,329,6,207,33,198,201,242,152,72,idle,fuzzy
26.469923410336396,545,122,189,20,235,17,27,228,112,idle,fuzzy
26.479283097251717,260,171,204,21,7,90,254,150,43,idle,fuzzy
26.49934453434869,316,192,124,249,154,189,125,169,91,idle,fuzzy
26.600169528111593,329,147,63,26,186,50,172,65,228,idle,fuzzy
27.099684961689615,545,232,251,100,153,38,133,110,94,idle,fuzzy
27.109654748638114,260,245,9,46,83,187,145,134,205,idle,fuzzy
27.1299964971595,316,200,59,167,14,81,80,207,134,idle,fuzzy
27.229345216944647,329,24,186,240,170,198,41,1,225,idle,fuzzy
27.7289807947828,545,22,120,40,30,29,42,224,94,idle,fuzzy
27.739049253472686,260,187,10,142,252,252,166,201,101,idle,fuzzy
27.758467737417913,316,236,144,140,111,81,212,143,55,idle,fuzzy
27.858239222113685,329,3,187,158,96,250,176,192,222,idle,fuzzy
28.358702512570545,545,72,89,63,91,87,151,206,193,idle,fuzzy
28.36949931540377,260,232,255,189,33,114,226,68,29,idle,fuzzy
28.390077558218948,316,248,131,55,205,69,233,146,122,idle,fuzzy
28.489756281785546,329,187,188,166,76,232,138,247,67,idle,fuzzy
28.990139299994773,545,85,42,75,203,48,16,203,229,idle,fuzzy
28.999368583162163,260,21,114,127,62,90,9,69,206,idle,fuzzy
29.01960991592689,316,235,24,78,23,177,160,143,183,idle,fuzzy
29.119067206760132,329,92,15,90,189,91,161,227,201,idle,fuzzy
29.61826659949694,545,158,144,124,99,41,216,150,1,idle,fuzzy
29.627775389528956,260,180,193,156,239,54,127,10,107,idle,fuzzy
29.647449642368425,316,28,61,170,20,170,93,121,223,idle,fuzzy
29.747269246199895,329,159,24,194,183,93,58,205,10,idle,fuzzy
30.248135274405335,545,63,163,197,108,220,180,236,37,idle,fuzzy
30.257294494647134,260,188,64,122,242,94,149,114,217,idle,fuzzy
30.278031435637217,316,43,155,21,88,180,190,12,223,idle,fuzzy
30.378495250769948,329,215,209,220,243,132,96,187,222,idle,fuzzy
30.878286030809775,545,187,4,106,102,230,90,211,16,idle,fuzzy
30.88870555372991,260,124,249,107,168,87,58,234,241,idle,fuzzy
30.908351064705414,316,203,89,34,83,234,211,36,10,idle,fuzzy
31.008445855792733,329,216,160,93,101,219,181,171,174,idle,fuzzy
31.509353918260807,545,217,11,225,76,226,236,136,208,idle,fuzzy
31.5190157643534,260,23,87,207,50,97,42,193,129,idle,fuzzy
31.539559758531126,316,104,8,232,145,173,113,142,39,idle,fuzzy
31.63887922706434,329,201,0,248,199,149,176,12,93,idle,fuzzy
32.13914364632301,545,102,77,15,118,104,234,106,231,idle,fuzzy
32.1497862540966,260,254,189,197,134,74,163,252,195,idle,fuzzy
32.170180240281226,316,167,125,172,76,209,243,155,192,idle,fuzzy
32.26969283106849,329,127,118,178,128,99,60,176,8,idle,fuzzy
32.770467745546355,545,42,124,67,113,142,227,38,198,idle,fuzzy
32.78143655263155,260,114,173,189,10,243,176,222,203,idle,fuzzy
32.80049044001512,316,230,69,195,52,61,8,188,89,idle,fuzzy
32.90031949358838,329,4,241,212,123,111,119,110,35,idle,fuzzy
33.39978653163568,545,69,5,226,8,180,150,17,207,idle,fuzzy
33.41038406189145,260,243,231,203,252,225,90,110,103,idle,fuzzy
33.429806894356446,316,141,251,207,50,52,35,136,104,idle,fuzzy
33.52882796827146,329,91,194,138,17,173,45,93,78,idle,fuzzy
34.0283106050561,545,24,155,71,4,105,252,114,137,idle,fuzzy
34.039277825886366,260,71,87,94,38,146,156,119,26,idle,fuzzy
34.05850987914701,316,118,190,193,95,179,83,232,29,idle,fuzzy
34.15772144507353,329,81,187,207,194,46,199,9,0,idle,fuzzy
34.65764646642046,545,115,211,45,232,145,88,42,130,idle,fuzzy
34.66754709756681,260,102,142,94,242,255,7,35,53,idle,fuzzy
34.687183659133964,316,169,209,16,255,208,36,56,26,idle,fuzzy
34.78717941403685,329,155,237,171,58,184,117,205,27,idle,fuzzy
35.286211601268434,545,183,116,136,144,1,182,123,56,idle,fuzzy
35.29717915725839,260,7,148,119,51,119,133,62,54,idle,fuzzy
35.316198071105745,316,181,189,61,193,167,186,71,255,idle,fuzzy
35.416112380039145,329,109,68,194,34,48,249,93,132,idle,fuzzy
35.91593785058457,545,15,106,29,218,229,48,222,253,idle,fuzzy
35.926363483045094,260,176,143,19,142,19,8,211,216,idle,fuzzy
35.94734659433285,316,172,95,81,152,29,88,27,141,idle,fuzzy
36.04643480536687,329,103,46,1,182,140,126,71,164,idle,fuzzy
36.54609854762778,545,120,63,27,225,191,86,135,141,idle,fuzzy
36.55853144377272,260,53,100,82,86,114,60,221,95,idle,fuzzy
36.57811840437217,316,89,19,123,223,189,54,245,221,idle,fuzzy
36.67747224298504,329,42,61,181,220,188,47,222,104,idle,fuzzy
37.17745673790222,545,85,246,78,1,13,175,212,18,idle,fuzzy
37.18747609889964,260,64,186,151,52,250,188,21,234,idle,fuzzy
37.20747917648531,316,146,89,70,251,154,206,219,168,idle,fuzzy
37.30982750259008,329,58,144,140,156,5,145,63,101,idle,fuzzy
37.81056514084235,545,178,137,8,209,33,255,74,187,idle,fuzzy
37.82131631162457,260,107,74,21,223,88,210,131,51,idle,fuzzy
37.84055440646553,316,41,203,37,227,11,216,189,166,idle,fuzzy
37.94042816796947,329,35,89,126,106,19,181,48,170,idle,fuzzy
38.439612548516266,545,135,105,84,38,45,145,188,173,idle,fuzzy
38.44918048613133,260,206,86,124,73,234,172,8,138,idle,fuzzy
38.469250102807294,316,24,52,149,109,158,77,247,184,idle,fuzzy
38.56860231837294,329,244,78,107,207,190,157,204,62,idle,fuzzy
39.06786718383138,545,72,206,170,201,40,118,143,50,idle,fuzzy
39.07734823644447,260,188,63,173,25,110,204,136,121,idle,fuzzy
39.0975972948376,316,31,206,9,122,81,87,77,57,idle,fuzzy
39.19821595446641,329,28,8,193,27,59,3,82,188,idle,fuzzy
39.699141736141335,545,234,196,204,105,138,206,9,200,idle,fuzzy
39.71012275436607,260,174,243,28,75,240,219,124,71,idle,fuzzy
39.730784614016464,316,25,107,245,73,130,151,170,84,idle,fuzzy
39.830594035436484,329,201,249,72,40,190,131,77,179,idle,fuzzy
40.33137831675205,545,25,169,55,150,145,187,86,244,idle,fuzzy
40.3422575773949,260,186,123,142,189,41,240,246,52,idle,fuzzy
40.361865821841675,316,219,196,2,152,189,220,250,91,idle,fuzzy
40.461184461659286,329,199,88,177,36,52,161,76,22,idle,fuzzy
40.96170570700972,545,25,161,68,209,208,252,117,65,idle,fuzzy
40.97238301619158,260,234,95,210,65,80,199,185,71,idle,fuzzy
40.99140508391192,316,54,42,188,103,232,27,156,127,idle,fuzzy
41.09091138792101,329,16,48,131,254,142,119,163,203,idle,fuzzy
41.59088974644994,545,180,159,148,35,229,14,156,59,idle,fuzzy
41.601385454448454,260,9,146,208,218,216,164,225,187,idle,fuzzy
41.621897479217466,316,160,102,182,223,61,34,66,197,idle,fuzzy
41.72139978173397,329,246,194,75,191,71,140,50,184,idle,fuzzy
42.22136363325185,545,4,178,211,227,85,5,18,52,idle,fuzzy
42.23107993670493,260,176,128,123,236,218,219,18,222,idle,fuzzy
42.25010579331506,316,11,100,51,217,198,37,71,17,idle,fuzzy
42.34962982913185,329,104,129,53,75,23,12,116,54,idle,fuzzy
42.84878779722801,545,218,225,139,7,185,112,64,105,idle,fuzzy
42.859554054564036,260,187,105,72,124,224,26,130,224,idle,fuzzy
42.879089568921934,316,242,32,79,45,28,55,121,5,idle,fuzzy
42.97984165449984,329,61,150,50,2,192,114,70,137,idle,fuzzy
43.47953061260828,545,247,154,116,53,37,65,219,201,idle,fuzzy
43.48972998465528,260,216,59,134,26,186,121,115,57,idle,fuzzy
43.51060635923659,316,178,62,119,127,128,108,24,28,idle,fuzzy
43.610355620497174,329,183,229,250,2,189,41,48,10,idle,fuzzy
44.11079702102338,545,223,224,52,213,212,152,115,59,idle,fuzzy
44.12018873800796,260,183,120,51,62,138,248,76,18,idle,fuzzy
44.140958636079525,316,251,201,238,109,12,171,47,247,idle,fuzzy
44.24164930964545,329,196,57,91,56,140,69,201,115,idle,fuzzy
44.74146778113957,545,245,183,23,37,91,137,43,200,idle,fuzzy
44.75185735080347,260,246,177,248,226,38,31,148,161,idle,fuzzy
44.77226504222934,316,95,100,248,177,173,1,51,251,idle,fuzzy
44.87298401321788,329,10,247,233,127,13,204,171,229,idle,fuzzy
45.373145926378434,545,111,149,65,204,251,13,138,62,idle,fuzzy
45.38405869625476,260,193,216,40,237,42,126,7,95,idle,fuzzy
45.40476875306856,316,169,24,13,153,153,145,246,94,idle,fuzzy
45.504312380354214,329,205,175,185,148,247,15,189,131,idle,fuzzy
46.004893018277144,545,87,221,18,106,104,202,157,199,idle,fuzzy
46.01563892352146,260,12,118,245,213,36,49,85,143,idle,fuzzy
46.035854324474236,316,163,103,68,5,20,111,49,212,idle,fuzzy
46.1364470182983,329,244,56,82,129,158,18,127,115,idle,fuzzy
46.63637418939465,545,33,146,143,1,246,224,200,130,idle,fuzzy
46.64735849995432,260,153,250,132,76,230,60,6,1,idle,fuzzy
46.667806098252285,316,244,24,124,210,61,136,126,254,idle,fuzzy
46.768461486977735,329,169,62,192,229,163,231,241,108,idle,fuzzy
47.26755629711695,545,185,153,135,148,23,210,17,44,idle,fuzzy
47.27722722222771,260,217,68,83,188,3,247,241,149,idle,fuzzy
47.298188490049725,316,24,47,248,218,236,237,105,77,idle,fuzzy
47.399048041751655,329,26,93,51,27,102,145,148,45,idle,fuzzy
47.89964527530656,545,120,101,34,253,38,95,156,114,idle,fuzzy
47.908954896962044,260,103,81,14,124,246,118,17,63,idle,fuzzy
47.92869693845218,316,69,3,90,24,81,214,228,14,idle,fuzzy
48.02946024293631,329,121,144,113,114,174,123,171,11,idle,fuzzy
48.52991563021659,545,25,224,105,88,162,52,136,190,idle,fuzzy
48.54003030572327,260,52,95,233,71,25,90,147,231,idle,fuzzy
48.56041741652919,316,248,236,143,39,233,124,7,254,idle,fuzzy
48.66115467477283,329,120,137,238,180,126,133,77,95,idle,fuzzy
49.16046709099685,545,44,206,224,227,24,117,220,209,idle,fuzzy
49.16957444614053,260,77,157,192,146,20,225,61,49,idle,fuzzy
49.18921137668279,316,200,189,210,10,7,232,250,30,idle,fuzzy
49.289675419094415,329,122,215,104,177,54,187,252,108,idle,fuzzy
49.78882163453238,545,150,219,30,47,128,33,194,236,idle,fuzzy
49.79978972527269,260,180,195,130,67,172,115,64,234,idle,fuzzy
49.8188412774819,316,12,113,22,158,14,12,5,229,idle,fuzzy
49.919375688418945,329,100,212,149,61,21,3,149,104,idle,fuzzy
50.42026275071236,545,177,110,224,120,136,45,183,225,idle,fuzzy
50.43116484547442,260,144,104,38,241,65,167,160,122,idle,fuzzy
50.45093480076997,316,14,250,214,29,162,199,229,20,idle,fuzzy
50.549964531994,329,45,158,175,200,8,172,252,67,idle,fuzzy
51.04957362672504,545,8,161,106,51,15,141,234,221,idle,fuzzy
51.05857769259682,260,178,201,58,143,169,35,25,183,idle,fuzzy
51.07907388432249,316,105,101,23,249,156,124,113,29,idle,fuzzy
51.17890782652234,329,223,155,214,232,39,123,19,170,idle,fuzzy
51.67924374128452,545,68,241,67,0,128,167,41,126,idle,fuzzy
51.68988052055426,260,4,196,85,193,56,94,242,165,idle,fuzzy
51.709386529074685,316,120,22,234,165,232,243,12,39,idle,fuzzy
51.809513685286326,329,22,155,14,131,67,110,114,252,idle,fuzzy
52.309725671129875,545,115,28,131,48,116,153,91,162,idle,fuzzy
52.3207133617643,260,16,212,3,217,201,213,215,4,idle,fuzzy
52.34070316093646,316,192,248,136,61,176,134,141,46,idle,fuzzy
52.44132125121082,329,80,185,241,55,64,158,117,74,idle,fuzzy
52.94125343055443,545,56,66,248,9,57,133,71,251,idle,fuzzy
52.95052017233584,260,177,40,19,155,44,126,204,105,idle,fuzzy
52.970599699271375,316,226,165,7,150,163,12,89,2,idle,fuzzy
53.070760333263856,329,73,231,175,157,213,102,37,208,idle,fuzzy
53.571510939499035,545,105,180,172,104,38,3,208,26,idle,fuzzy
53.581459846892606,260,68,132,215,128,96,251,101,167,idle,fuzzy
53.60206999656556,316,130,123,113,104,103,208,215,41,idle,fuzzy
53.70258910946479,329,52,48,136,80,189,227,138,112,idle,fuzzy
54.20161450858211,545,217,51,212,187,119,225,121,169,idle,fuzzy
54.211976590075864,260,101,80,176,203,11,163,89,189,idle,fuzzy
54.23275146623285,316,177,90,86,217,229,53,18,81,idle,fuzzy
54.3319857797567,329,202,39,203,21,135,166,221,14,idle,fuzzy
54.83234755850845,545,56,93,188,177,213,2,183,182,idle,fuzzy
54.842990615225126,260,12,139,192,198,89,124,186,105,idle,fuzzy
54.86389931692091,316,46,194,92,172,252,37,157,237,idle,fuzzy
54.96358117439738,329,106,185,99,206,143,115,184,218,idle,fuzzy
55.46415147304933,545,62,51,158,70,70,94,195,100,idle,fuzzy
55.4744660595413,260,129,227,25,33,160,144,152,205,idle,fuzzy
55.49452034292103,316,235,69,52,245,239,191,249,80,idle,fuzzy
55.59399520971785,329,56,5,55,207,250,15,161,152,idle,fuzzy
56.093363696817995,545,204,107,249,210,57,152,198,142,idle,fuzzy
56.103258911607824,260,39,154,175,34,95,211,76,240,idle,fuzzy
56.12374467845282,316,239,146,253,232,166,67,56,247,idle,fuzzy
56.22302064219845,329,17,209,207,170,232,5,186,83,idle,fuzzy
56.72271609942189,545,130,228,5,38,73,137,195,192,idle,fuzzy
56.73326347599065,260,96,183,105,205,159,64,167,109,idle,fuzzy
56.752450777736044,316,71,88,5,92,39,245,237,181,idle,fuzzy
56.85339895025012,329,240,26,176,149,34,193,17,146,idle,fuzzy
57.35428712378645,545,232,148,40,234,254,56,227,53,idle,fuzzy
57.36400052383036,260,171,84,86,71,144,119,56,205,idle,fuzzy
57.38332679447931,316,65,129,222,230,183,49,92,151,idle,fuzzy
57.48387874393766,329,255,226,0,195,16,91,252,247,idle,fuzzy
57.983049401232314,545,158,39,11,156,90,15,92,4,idle,fuzzy
57.993223744094806,260,12,207,185,46,184,157,48,93,idle,fuzzy
58.013725960134444,316,185,219,168,26,66,168,160,43,idle,fuzzy
58.11412116316999,329,235,199,186,220,166,168,126,224,idle,fuzzy
58.6150168980126,545,249,78,172,184,182,118,77,183,idle,fuzzy
58.622169910678515,260,244,168,171,126,138,45,69,146,idle,fuzzy
58.64259501822032,316,74,157,81,243,221,79,35,13,idle,fuzzy
58.74285682523587,329,243,151,22,5,157,200,23,162,idle,fuzzy
59.24244238986051,545,52,112,174,138,145,17,14,218,idle,fuzzy
59.25288439863367,260,223,194,49,64,6,220,16,169,idle,fuzzy
59.27241289306271,316,14,47,1,168,136,102,2,144,idle,fuzzy
59.37189570475889,329,23,155,51,130,146,163,147,232,idle,fuzzy
59.87150624984587,545,38,1,138,67,171,202,107,123,idle,fuzzy
59.88214320733694,260,41,96,200,141,182,43,106,26,idle,fuzzy
59.90195070225789,316,149,37,247,100,158,131,232,6,idle,fuzzy
60.00268477994153,329,125,134,133,83,185,236,81,217,idle,fuzzy
60.501965712934734,545,92,185,30,87,169,213,52,57,idle,fuzzy
60.51113627561838,260,79,17,0,124,52,95,124,30,idle,fuzzy
60.53109228051764,316,247,91,0,195,90,55,245,14,idle,fuzzy
60.63142851591111,329,222,115,247,222,67,74,150,163,idle,fuzzy
61.13052543362685,545,192,106,243,6,46,158,86,84,idle,fuzzy
61.14005969933198,260,229,208,38,236,147,156,173,133,idle,fuzzy
61.16010154440779,316,85,28,240,139,176,235,116,77,idle,fuzzy
61.259977959423956,329,107,108,244,167,33,155,194,176,idle,fuzzy
61.75941267077072,545,58,205,178,145,154,16,0,67,idle,fuzzy
61.7689014795288,260,44,204,106,225,221,89,163,253,idle,fuzzy
61.78958553732923,316,249,103,213,152,129,196,246,228,idle,fuzzy
61.88881938555284,329,201,32,223,134,146,169,36,147,idle,fuzzy
62.388568818375134,545,26,8,102,191,22,135,223,143,idle,fuzzy
62.3978857294849,260,86,197,106,186,80,81,199,207,idle,fuzzy
62.41732444447859,316,73,208,181,47,114,199,252,97,idle,fuzzy
62.51635057641703,329,159,193,224,73,207,102,46,197,idle,fuzzy
63.01667900482773,545,70,61,242,123,15,19,213,132,idle,fuzzy
63.025775657557794,260,150,101,27,5,121,151,177,151,idle,fuzzy
63.045280624406615,316,238,149,74,216,7,191,231,110,idle,fuzzy
63.14485176367091,329,249,47,249,203,183,16,87,90,idle,fuzzy
63.64554326002631,545,32,27,136,219,136,48,23,8,idle,fuzzy
63.655399644780026,260,213,91,147,203,246,200,33,154,idle,fuzzy
63.67606101206082,316,88,174,220,228,37,83,18,39,idle,fuzzy
63.775137717258474,329,117,121,3,216,115,65,133,81,idle,fuzzy
64.275477711562,545,129,159,78,151,250,84,116,26,idle,fuzzy
64.28534930042098,260,133,100,144,81,87,124,104,206,idle,fuzzy
64.30449148507412,316,5,180,224,228,19,16,240,106,idle,fuzzy
64.4052629465398,329,144,140,79,93,122,46,45,50,idle,fuzzy
64.90516714983157,545,161,93,181,94,171,246,45,21,idle,fuzzy
64.91463461300731,260,13,186,177,44,34,248,72,117,idle,fuzzy
64.93411260549155,316,230,130,148,10,31,127,221,120,idle,fuzzy
65.0349342462881,329,90,168,173,95,240,11,250,155,idle,fuzzy
65.5342914733335,545,89,145,87,147,91,84,239,235,idle,fuzzy
65.54372180490529,260,195,118,110,201,156,111,77,120,idle,fuzzy
65.56287705627332,316,51,36,153,212,108,110,152,50,idle,fuzzy
65.66331205202471,329,70,247,29,235,80,214,63,16,idle,fuzzy
66.16427809744583,545,201,227,37,211,136,224,150,147,idle,fuzzy
66.17368366447238,260,44,241,68,150,182,158,109,254,idle,fuzzy
66.19331983023913,316,162,14,47,245,124,202,154,66,idle,fuzzy
66.29332050081973,329,65,46,169,22,115,44,30,95,idle,fuzzy
66.79269922455863,545,1,226,158,113,158,2,204,176,idle,fuzzy
66.8036175010635,260,250,158,15,123,8,19,50,68,idle,fuzzy
66.82292209303948,316,161,22,120,40,197,232,16,37,idle,fuzzy
66.9222962432512,329,45,31,48,7,14,232,70,17,idle,fuzzy
67.42236919251312,545,216,204,205,137,72,132,138,31,idle,fuzzy
67.43301024192104,260,240,0,22,194,196,192,165,38,idle,fuzzy
67.44905007479137,316,108,164,24,32,148,68,22,56,idle,fuzzy
67.54963141781599,329,191,193,189,180,42,81,61,135,idle,fuzzy
68.0496113059754,545,238,229,237,79,158,195,186,82,idle,fuzzy
68.05922472538076,260,190,214,230,71,107,223,79,99,idle,fuzzy
68.07954281058714,316,237,79,218,209,228,171,208,110,idle,fuzzy
68.1787877619392,329,60,139,39,41,32,71,111,4,idle,fuzzy
68.67808192881213,545,77,210,94,246,3,34,139,25,idle,fuzzy
68.68821128673076,260,107,235,230,173,106,209,68,93,idle,fuzzy
68.7079842388094,316,56,104,74,106,73,115,200,150,idle,fuzzy
68.80700500713316,329,28,126,140,246,91,90,217,236,idle,fuzzy
69.30626890702844,545,3,191,178,239,88,253,41,140,idle,fuzzy
69.31528099907598,260,61,108,85,14,37,31,75,132,idle,fuzzy
69.33485054912353,316,96,40,21,162,124,19,217,212,idle,fuzzy
69.43423430953999,329,73,181,42,233,143,242,170,26,idle,fuzzy
69.93369170792975,545,72,125,52,48,73,239,99,255,idle,fuzzy
69.94183941649075,260,231,68,35,109,35,16,189,119,idle,fuzzy
69.96251744346368,316,224,140,138,220,170,0,206,131,idle,fuzzy
70.06283363550988,329,8,163,241,90,37,111,249,144,idle,fuzzy
70.56214198799488,545,111,36,89,132,206,115,195,40,idle,fuzzy
70.57294505090964,260,125,119,155,31,158,118,114,69,idle,fuzzy
70.59239548837887,316,1,5,46,184,24,38,111,254,idle,fuzzy
70.69221839906069,329,62,88,20,70,208,112,144,235,idle,fuzzy
71.19199069523223,545,228,154,53,164,70,242,63,228,idle,fuzzy
71.20214340661664,260,178,163,219,197,160,221,212,160,idle,fuzzy
71.22136454502953,316,242,233,233,183,183,171,63,202,idle,fuzzy
71.32085775613207,329,142,191,183,72,87,237,27,12,idle,fuzzy
71.82086558330302,545,94,114,101,73,110,25,93,172,idle,fuzzy
71.83096095979758,260,22,63,245,55,43,142,253,175,idle,fuzzy
71.85064736351686,316,86,182,81,116,153,199,82,142,idle,fuzzy
71.95025356879276,329,219,204,17,250,243,175,225,3,idle,fuzzy
72.45007098111765,545,248,14,198,29,246,154,181,134,idle,fuzzy
72.45967035572176,260,150,105,225,132,158,155,204,219,idle,fuzzy
72.48057036431769,316,163,67,162,167,100,184,75,101,idle,fuzzy
72.58151356138418,329,2,155,234,254,78,16,251,199,idle,fuzzy
73.08162582823479,545,235,209,82,146,98,8,248,146,idle,fuzzy
73.09180386157338,260,11,38,104,116,241,178,82,162,idle,fuzzy
73.11159739864735,316,183,11,49,15,159,26,183,93,idle,fuzzy
73.2121272335839,329,120,33,85,90,229,203,44,119,idle,fuzzy
73.71227430631366,545,93,215,200,52,24,195,94,142,idle,fuzzy
73.72172908561362,260,240,112,36,10,244,206,238,69,idle,fuzzy
73.74176893098969,316,172,33,5,12,179,88,21,142,idle,fuzzy
73.84105299069171,329,128,122,234,72,109,2,244,198,idle,fuzzy
74.34062015742951,545,66,56,168,168,6,203,210,230,idle,fuzzy
74.34993462647813,260,94,138,126,244,161,228,120,130,idle,fuzzy
74.36980661818008,316,141,98,85,96,189,135,31,16,idle,fuzzy
74.46920359769258,329,44,54,65,92,35,152,155,115,idle,fuzzy
74.9693737992802,545,235,251,13,2,48,185,211,178,idle,fuzzy
74.97940776752705,260,80,58,113,173,17,101,69,34,idle,fuzzy
74.99971158926135,316,247,248,82,13,181,102,95,68,idle,fuzzy
75.10043542789236,329,194,252,39,190,186,88,180,101,idle,fuzzy
75.6004438412767,545,245,69,185,144,194,160,158,204,idle,fuzzy
75.61092512681167,260,7,162,116,75,140,108,255,120,idle,fuzzy
75.63102091249037,316,138,43,78,222,13,171,176,154,idle,fuzzy
75.73177766835676,329,236,13,40,250,91,123,36,90,idle,fuzzy
76.23258018331393,545,178,149,182,61,99,205,155,181,idle,fuzzy
76.24231144504915,260,108,162,158,146,88,78,27,137,idle,fuzzy
76.26322013824678,316,33,76,218,237,112,82,21,67,idle,fuzzy
76.36351161672228,329,93,20,118,178,82,134,243,189,idle,fuzzy
76.86364981048216,545,166,235,34,186,115,244,53,190,idle,fuzzy
76.8741941190206,260,185,198,74,201,185,180,248,77,idle,fuzzy
76.8937836552349,316,180,11,135,33,215,205,254,63,idle,fuzzy
76.99423540849368,329,167,123,36,101,170,92,153,31,idle,fuzzy
77.49437329249756,545,168,156,97,235,231,193,17,250,idle,fuzzy
77.50423617760262,260,64,33,115,154,191,37,130,84,idle,fuzzy
77.5241043358444,316,36,204,86,109,169,88,68,203,idle,fuzzy
77.62423683830323,329,209,84,155,224,179,126,50,161,idle,fuzzy
78.12397553267871,545,238,136,60,7,22,142,8,199,idle,fuzzy
78.13427854345449,260,58,0,2,109,76,255,217,86,idle,fuzzy
78.1551284414088,316,208,82,103,228,37,8,118,130,idle,fuzzy
78.25279123211114,329,248,58,116,201,63,88,15,190,idle,fuzzy
78.75280969797784,545,246,47,231,166,77,35,174,125,idle,fuzzy
78.76212785257272,260,159,46,191,8,4,27,11,78,idle,fuzzy
78.7814896587826,316,188,164,74,0,239,145,233,62,idle,fuzzy
78.88185888765555,329,37,137,119,14,178,88,155,173,idle,fuzzy
79.38202152316175,545,170,134,75,59,104,136,236,64,idle,fuzzy
79.39270267357084,260,107,150,105,106,4,23,161,119,idle,fuzzy
79.41269872355413,316,91,170,175,215,174,232,116,3,idle,fuzzy
79.51350237334242,329,174,2,18,32,77,88,90,50,idle,fuzzy
80.01377882536057,545,96,140,166,110,93,195,26,227,idle,fuzzy
80.0243427966805,260,127,247,74,129,198,172,52,200,idle,fuzzy
80.04474081617991,316,89,97,80,175,190,68,76,75,idle,fuzzy
80.1448431227974,329,163,37,1,130,113,53,189,206,idle,fuzzy
80.64443030551453,545,122,102,252,242,55,52,58,27,idle,fuzzy
80.65344176488966,260,80,116,68,14,203,158,119,161,idle,fuzzy
80.67329167183651,316,18,161,137,2,247,61,241,8,idle,fuzzy
80.77422514667845,329,232,105,123,62,174,243,32,214,idle,fuzzy
81.27500932019915,545,94,107,179,214,76,155,181,85,idle,fuzzy
81.28407017842946,260,207,170,82,12,234,132,111,189,idle,fuzzy
81.30394766916616,316,105,58,22,122,8,32,23,181,idle,fuzzy
81.40337805802471,329,152,160,7,236,243,193,71,44,idle,fuzzy
81.90436945443554,545,85,78,58,159,65,109,110,75,idle,fuzzy
81.91493411098227,260,222,68,77,91,150,43,241,107,idle,fuzzy
81.93498499270262,316,85,67,100,126,31,118,134,241,idle,fuzzy
82.03458961888758,329,27,122,172,193,181,82,58,61,idle,fuzzy
82.53515208783467,545,174,184,162,195,49,200,49,55,idle,fuzzy
82.54535509669945,260,96,143,191,156,35,13,149,147,idle,fuzzy
82.56548108838511,316,83,232,187,29,76,54,126,193,idle,fuzzy
82.66503190223105,329,233,130,130,155,163,183,87,28,idle,fuzzy
83.16440165794519,545,95,218,90,108,29,105,239,51,idle,fuzzy
83.1742313366195,260,94,187,154,54,171,106,2,143,idle,fuzzy
83.19384694677304,316,219,218,22,113,88,13,92,198,idle,fuzzy
83.29355055394731,329,244,194,190,253,9,207,17,169,idle,fuzzy
83.79273492216572,545,83,69,106,77,56,117,230,119,idle,fuzzy
83.80252623966628,260,37,216,150,201,141,72,152,15,idle,fuzzy
83.82215729821773,316,164,168,198,67,4,68,203,200,idle,fuzzy
83.92173521775092,329,235,248,244,151,238,212,133,208,idle,fuzzy
84.42108938606272,545,216,7,127,80,96,50,2,92,idle,fuzzy
84.4305832712997,260,89,126,229,13,247,245,20,159,idle,fuzzy
84.45055843155271,316,70,230,196,220,121,252,177,82,idle,fuzzy
84.55152531198138,329,238,108,113,236,223,222,129,118,idle,fuzzy
85.05099245692705,545,124,150,251,135,116,174,110,23,idle,fuzzy
85.06146336739245,260,90,121,6,16,176,182,187,70,idle,fuzzy
85.0821641752274,316,21,225,168,172,2,231,217,3,idle,fuzzy
85.18204099545932,329,84,80,236,252,218,80,157,48,idle,fuzzy
85.68232434856449,545,132,168,49,248,208,86,82,18,idle,fuzzy
85.69187946197682,260,210,27,102,80,248,128,233,158,idle,fuzzy
85.7121246965074,316,99,230,246,248,213,18,255,175,idle,fuzzy
85.81311327188507,329,112,153,119,191,205,250,90,135,idle,fuzzy
86.31283662481168,545,44,140,53,149,207,51,49,244,idle,fuzzy
86.32361464576728,260,187,218,183,212,83,99,147,60,idle,fuzzy
86.34359204034203,316,165,106,172,247,227,138,57,168,idle,fuzzy
86.44288838841948,329,109,33,128,205,81,238,30,196,idle,fuzzy
86.94306815863055,545,111,213,138,133,35,224,91,168,idle,fuzzy
86.95373326475644,260,32,74,246,2,192,65,178,255,idle,fuzzy
86.97381143326417,316,254,103,132,228,243,124,181,19,idle,fuzzy
87.07429217208292,329,151,105,154,185,188,69,75,190,idle,fuzzy
87.5751977108258,545,82,61,109,195,69,108,87,141,idle,fuzzy
87.5861191441088,260,144,46,83,178,136,237,38,40,idle,fuzzy
87.60685146090951,316,39,203,227,163,206,60,16,78,idle,fuzzy
87.70712611187878,329,114,63,35,81,97,161,211,43,idle,fuzzy
88.2042050893032,545,37,126,237,50,11,183,216,4,idle,fuzzy
88.21468801374068,260,144,167,149,33,244,206,247,44,idle,fuzzy
88.23456422936123,316,13,106,61,152,124,98,12,188,idle,fuzzy
88.33521245287113,329,72,129,52,162,197,102,27,25,idle,fuzzy
88.83427730858854,545,96,105,165,254,98,46,65,21,idle,fuzzy
88.84376051967966,260,50,183,138,30,235,245,116,254,idle,fuzzy
88.86417148657371,316,9,161,123,50,53,111,172,214,idle,fuzzy
88.96398027177742,329,70,1,165,95,184,86,48,200,idle,fuzzy
89.46344787906861,545,131,172,79,221,249,63,60,201,idle,fuzzy
89.47350471130537,260,166,214,0,153,73,151,228,242,idle,fuzzy
89.49286995599981,316,87,48,95,108,29,88,107,173,idle,fuzzy
89.59314547731626,329,3,36,92,44,124,164,149,27,idle,fuzzy
90.09392829132726,545,248,236,129,32,152,244,199,81,idle,fuzzy
90.10300283332256,260,185,237,127,100,18,124,198,8,idle,fuzzy
90.1223149025202,316,202,176,186,102,58,188,245,39,idle,fuzzy
90.22158474805065,329,36,177,213,240,120,55,61,232,idle,fuzzy
90.72258109966326,545,201,220,143,137,157,83,64,221,idle,fuzzy
90.73264989720676,260,82,241,68,154,138,226,188,219,idle,fuzzy
90.75232901260743,316,210,251,139,186,78,118,147,173,idle,fuzzy
90.8532857854842,329,219,41,169,24,254,33,49,133,idle,fuzzy
91.35295114134762,545,152,245,26,66,214,67,54,143,idle,fuzzy
91.3625259524108,260,249,42,178,245,132,201,124,151,idle,fuzzy
91.38331100799357,316,151,176,98,29,7,160,229,166,idle,fuzzy
91.48429949086189,329,101,196,60,37,118,34,169,49,idle,fuzzy
91.9833745936249,545,220,205,66,213,69,69,35,223,idle,fuzzy
91.99339611814476,260,42,121,90,42,196,142,116,92,idle,fuzzy
92.01323736917426,316,243,6,3,253,35,111,65,116,idle,fuzzy
92.11287448775255,329,35,248,18,203,208,181,53,151,idle,fuzzy
92.61353264281117,545,100,70,254,154,212,31,102,5,idle,fuzzy
92.62228493206972,260,249,91,60,169,227,217,235,34,idle,fuzzy
92.64232437900134,316,159,242,17,233,230,204,116,235,idle,fuzzy
92.74274913002901,329,138,152,175,159,53,59,113,242,idle,fuzzy
93.24200338246571,545,0,216,11,84,34,185,102,135,idle,fuzzy
93.25126732832554,260,47,93,238,188,175,228,23,30,idle,fuzzy
93.2717655205166,316,208,37,246,171,241,48,67,16,idle,fuzzy
93.37127798066138,329,238,34,228,115,197,43,246,239,idle,fuzzy
93.87059710811604,545,157,214,31,129,24,200,82,165,idle,fuzzy
93.88014945816217,260,192,174,82,192,9,216,7,66,idle,fuzzy
93.89972536705453,316,184,135,204,161,77,44,247,85,idle,fuzzy
94.00064772192015,329,90,118,158,84,137,245,1,6,idle,fuzzy
94.50164314791851,545,229,182,148,142,178,47,215,1,idle,fuzzy
94.51182989636222,260,60,161,5,96,168,35,75,18,idle,fuzzy
94.53153056539753,316,176,189,86,102,181,238,159,128,idle,fuzzy
94.63231878525656,329,81,53,10,176,254,202,57,194,idle,fuzzy
95.13304902989636,545,96,130,7,63,198,229,200,161,idle,fuzzy
95.14234227727307,260,255,190,178,127,129,53,26,131,idle,fuzzy
95.16222401884787,316,9,15,206,132,237,244,117,182,idle,fuzzy
95.2612861104013,329,57,201,54,180,145,243,144,129,idle,fuzzy
95.76225235252232,545,134,21,25,112,34,203,194,25,idle,fuzzy
95.77136808236128,260,130,197,232,186,168,136,57,119,idle,fuzzy
95.79084511757034,316,7,189,16,150,193,242,47,222,idle,fuzzy
95.88985054705132,329,200,87,224,64,83,184,22,201,idle,fuzzy
96.39050427614994,545,36,161,86,19,82,176,41,63,idle,fuzzy
96.39972358532968,260,253,215,252,39,54,245,141,147,idle,fuzzy
96.42034178073663,316,50,132,49,7,53,118,69,215,idle,fuzzy
96.51955546836209,329,131,244,93,24,144,29,225,105,idle,fuzzy
97.01970117547518,545,125,104,55,78,116,170,114,141,idle,fuzzy
97.03042939049641,260,84,71,181,3,40,105,111,50,idle,fuzzy
97.05127040165115,316,42,118,226,106,172,241,181,117,idle,fuzzy
97.15133818129819,329,94,188,212,244,69,98,217,38,idle,fuzzy
97.65179166883287,545,197,82,207,73,222,236,85,127,idle,fuzzy
97.66188884595354,260,79,47,57,148,10,82,128,28,idle,fuzzy
97.68210417479811,316,9,72,250,185,101,217,233,30,idle,fuzzy
97.78225830605334,329,112,16,221,243,40,80,246,134,idle,fuzzy
98.28257493938587,545,60,204,32,200,163,123,146,12,idle,fuzzy
98.29211828117057,260,155,90,186,254,6,234,154,203,idle,fuzzy
98.31268929229076,316,74,104,253,238,166,28,168,24,idle,fuzzy
98.41460615105248,329,68,27,240,104,136,145,53,19,idle,fuzzy
98.91560051968665,545,139,213,119,90,137,67,105,115,idle,fuzzy
98.92570430430041,260,249,28,197,22,165,163,54,219,idle,fuzzy
98.94881166972944,316,57,97,180,76,127,1,171,210,idle,fuzzy
99.0490789701358,329,241,124,63,176,234,64,226,215,idle,fuzzy
99.55005773796887,545,239,88,94,33,39,105,87,173,idle,fuzzy
99.56025203359604,260,176,45,191,29,79,245,5,182,idle,fuzzy
99.5805887246966,316,115,79,24,251,180,139,4,42,idle,fuzzy
99.68108159598698,329,254,203,182,50,37,117,37,165,idle,fuzzy
100.1820385282483,545,203,67,15,10,103,8,71,220,idle,fuzzy
100.19112630071773,260,63,23,192,122,255,237,49,3,idle,fuzzy
100.21115266252433,316,61,12,37,68,133,3,82,30,idle,fuzzy
100.31107193467444,329,45,184,111,132,99,246,232,126,idle,fuzzy
100.8076254365491,545,53,199,223,235,10,87,10,127,idle,fuzzy
100.81720486768928,260,40,220,233,176,228,50,15,109,idle,fuzzy
100.83810086716078,316,143,247,89,24,236,129,177,120,idle,fuzzy
100.93749139079216,329,80,73,237,228,165,139,202,58,idle,fuzzy
101.43780582126479,545,246,119,200,101,176,172,11,112,idle,fuzzy
101.44764437680848,260,215,255,60,155,85,187,8,137,idle,fuzzy
101.46824942071252,316,100,194,189,100,111,160,23,100,idle,fuzzy
101.56871507880466,329,183,206,161,32,188,20,130,120,idle,fuzzy
102.06928321887052,545,178,116,237,11,61,112,234,156,idle,fuzzy
102.08010863199121,260,128,48,222,171,222,83,65,242,idle,fuzzy
102.10003610268976,316,208,130,123,122,191,23,196,100,idle,fuzzy
102.20189157442331,329,47,3,73,163,221,226,34,39,idle,fuzzy
102.70345787060734,545,233,16,196,191,211,118,250,146,idle,fuzzy
102.71316657229998,260,221,140,155,7,234,250,116,60,idle,fuzzy
102.73342781775017,316,89,108,123,55,61,195,66,188,idle,fuzzy
102.83301132992801,329,87,220,112,88,136,191,203,56,idle,fuzzy
103.33277940573645,545,187,195,93,8,122,149,190,180,idle,fuzzy
103.34350512700779,260,233,169,120,132,169,40,72,239,idle,fuzzy
103.36287884714237,316,68,139,139,250,43,189,15,128,idle,fuzzy
103.46337261610502,329,108,185,120,226,73,90,69,177,idle,fuzzy
103.96335144239487,545,93,13,255,66,183,173,128,239,idle,fuzzy
103.97325954824288,260,81,125,254,43,157,104,115,215,idle,fuzzy
103.99345660855744,316,134,15,79,87,146,162,151,203,idle,fuzzy
104.09370876087306,329,129,51,109,254,74,79,36,57,idle,fuzzy
104.59338629516755,545,62,148,74,15,160,8,31,252,idle,fuzzy
104.6034953870933,260,18,44,94,147,72,158,37,93,idle,fuzzy
104.62348999223856,316,204,106,220,11,68,79,152,210,idle,fuzzy
104.72369237940933,329,183,115,122,208,209,31,154,43,idle,fuzzy
105.22279741614841,545,237,207,111,115,60,113,112,174,idle,fuzzy
105.23292331826596,260,17,151,248,106,243,202,228,159,idle,fuzzy
105.25359061177387,316,9,53,174,203,182,137,88,199,idle,fuzzy
105.35349625125039,329,130,98,192,152,135,99,98,112,idle,fuzzy
105.85385522726934,545,158,58,240,236,3,162,112,225,idle,fuzzy
105.86480597898954,260,37,42,20,89,181,84,88,87,idle,fuzzy
105.88484860179169,316,204,139,110,224,76,158,249,121,idle,fuzzy
105.98544403739476,329,16,223,142,227,59,212,253,21,idle,fuzzy
106.48558552360431,545,96,182,72,155,175,215,50,162,idle,fuzzy
106.495980573503,260,213,62,40,69,255,223,9,173,idle,fuzzy
106.51596811037739,316,241,100,1,16,70,216,100,113,idle,fuzzy
106.61503416553582,329,79,97,58,1,155,9,97,242,idle,fuzzy
107.11545124610774,545,85,198,188,168,193,131,149,186,idle,fuzzy
107.12580906820102,260,42,103,62,105,162,178,224,37,idle,fuzzy
107.14613703747199,316,200,73,32,132,51,250,205,93,idle,fuzzy
107.24682581304893,329,231,203,86,70,139,80,151,153,idle,fuzzy
107.74747589067464,545,242,75,97,65,116,195,67,222,idle,fuzzy
107.7584140729328,260,78,217,254,154,194,154,17,96,idle,fuzzy
107.77783782144928,316,225,30,164,159,130,36,34,235,idle,fuzzy
107.87718247163797,329,193,43,253,31,85,240,244,166,idle,fuzzy
108.3777319859681,545,209,184,85,12,89,182,31,89,idle,fuzzy
108.38709985179375,260,147,53,254,138,129,255,251,235,idle,fuzzy
108.4063707078529,316,114,107,235,213,48,65,41,8,idle,fuzzy
108.50685840332852,329,99,112,154,141,228,50,252,160,idle,fuzzy
109.00747928913167,545,156,232,114,211,155,120,238,222,idle,fuzzy
109.01722579178495,260,184,34,29,254,31,12,70,16,idle,fuzzy
109.03662683284779,316,134,236,12,217,5,119,120,192,idle,fuzzy
109.1363311785269,329,20,222,205,81,20,140,179,105,idle,fuzzy
109.63664926146814,545,185,203,10,228,200,95,18,7,idle,fuzzy
109.64663934412503,260,62,77,162,5,121,142,182,170,idle,fuzzy
109.66659632164054,316,48,213,213,152,26,48,123,190,idle,fuzzy
109.76616568937486,329,124,0,92,35,48,198,59,136,idle,fuzzy
110.2666841370893,545,21,231,182,3,46,3,146,238,idle,fuzzy
110.27692379015765,260,11,203,121,53,195,65,72,88,idle,fuzzy
110.29625103220965,316,15,32,127,204,222,245,190,193,idle,fuzzy
110.39677805049287,329,139,145,22,54,7,43,70,14,idle,fuzzy
110.89715597039773,545,82,43,2,16,154,173,221,40,idle,fuzzy
110.90720377692412,260,57,17,215,99,190,94,166,80,idle,fuzzy
110.92722692746104,316,3,39,148,114,139,59,43,31,idle,fuzzy
111.02698268477232,329,66,140,229,12,149,18,195,91,idle,fuzzy
111.52716304240938,545,250,87,252,68,194,87,102,15,idle,fuzzy
111.53810302497581,260,166,214,83,94,121,215,59,4,idle,fuzzy
111.55838833164883,316,112,120,94,227,41,140,184,158,idle,fuzzy
111.6576263997807,329,64,154,79,254,22,135,142,14,idle,fuzzy
112.1569779693126,545,143,229,90,249,40,78,202,148,idle,fuzzy
112.16705615640112,260,101,90,41,172,171,96,62,88,idle,fuzzy
112.18692235460895,316,209,96,113,235,76,112,251,215,idle,fuzzy
112.28639565148647,329,122,204,49,204,246,152,81,186,idle,fuzzy
112.78643552523006,545,24,31,211,238,162,184,141,34,idle,fuzzy
112.79556488228356,260,53,221,143,213,168,76,140,5,idle,fuzzy
112.81624425176454,316,133,106,73,196,70,147,224,54,idle,fuzzy
112.91710866256118,329,19,161,222,202,184,252,11,70,idle,fuzzy
113.41808392968025,545,224,131,214,147,235,222,255,178,idle,fuzzy
113.42775971294498,260,252,80,36,122,117,190,176,78,idle,fuzzy
113.44796200719404,316,15,225,181,102,174,108,78,18,idle,fuzzy
113.54823947516766,329,66,114,252,5,23,40,19,165,idle,fuzzy
114.04880541977205,545,210,165,223,69,38,61,124,74,idle,fuzzy
114.05936282112442,260,105,194,212,134,253,218,199,241,idle,fuzzy
114.07991001003998,316,123,68,106,112,3,58,151,219,idle,fuzzy
114.17919622501877,329,212,187,152,49,175,80,163,101,idle,fuzzy
114.67916741895016,545,131,240,144,61,218,55,87,156,idle,fuzzy
114.68934672949882,260,163,118,177,240,112,166,242,233,idle,fuzzy
114.7087659853395,316,202,6,78,130,166,203,95,38,idle,fuzzy
114.80819966281378,329,219,160,23,103,153,133,248,250,idle,fuzzy
115.30811978442934,545,127,178,111,255,29,95,230,128,idle,fuzzy
115.31878929386599,260,162,207,41,41,91,25,228,100,idle,fuzzy
115.33823382501247,316,183,99,218,140,106,83,147,29,idle,fuzzy
115.43789750989234,329,76,241,180,236,218,13,79,241,idle,fuzzy
115.93784365885143,545,39,204,117,146,182,14,208,61,idle,fuzzy
115.94853370478636,260,59,203,84,106,46,204,126,100,idle,fuzzy
115.96794621585599,316,178,190,113,94,224,91,139,240,idle,fuzzy
116.06711401678722,329,241,152,243,72,106,194,183,15,idle,fuzzy
116.56667431916635,545,133,75,69,227,218,101,227,61,idle,fuzzy
116.57689179829575,260,20,53,161,199,49,12,234,1,idle,fuzzy
116.59590671145027,316,31,87,253,178,103,229,248,97,idle,fuzzy
116.69670700648238,329,49,253,9,190,137,161,57,115,idle,fuzzy
117.19742171719129,545,71,170,76,230,130,73,169,235,idle,fuzzy
117.20802189488543,260,184,95,42,77,165,125,35,235,idle,fuzzy
117.22844166619129,316,197,184,77,218,125,184,14,251,idle,fuzzy
117.32865370386664,329,205,18,145,153,61,243,136,130,idle,fuzzy
117.82814021093606,545,114,129,143,148,15,74,141,7,idle,fuzzy
117.8391224823894,260,125,40,205,209,25,21,12,4,idle,fuzzy
117.85859934570401,316,20,27,173,254,26,48,151,212,idle,fuzzy
117.9583828881656,329,197,254,132,141,129,105,243,246,idle,fuzzy
118.45894742935096,545,231,113,176,21,3,82,160,185,idle,fuzzy
118.46901574087882,260,90,82,209,233,73,2,192,130,idle,fuzzy
118.48895964916365,316,191,157,107,113,184,245,111,251,idle,fuzzy
118.58913856305387,329,223,96,87,210,133,8,228,225,idle,fuzzy
119.08995213419847,545,208,208,154,190,245,105,197,119,idle,fuzzy
119.10038396234636,260,81,239,90,235,62,90,93,92,idle,fuzzy
119.1198306748468,316,202,10,234,189,199,122,22,195,idle,fuzzy
119.22066108308141,329,205,228,167,118,47,55,62,213,idle,fuzzy
119.721039538449,545,203,208,244,18,85,131,224,126,idle,fuzzy
119.731519867136,260,10,137,215,134,65,120,214,65,idle,fuzzy
119.75144299764582,316,158,7,105,193,56,213,44,59,idle,fuzzy
119.85204539401362,329,97,182,94,65,190,188,247,179,idle,fuzzy
120.3511344615295,545,22,238,185,215,158,156,216,179,idle,fuzzy
120.36127667435483,260,36,24,83,231,129,213,121,169,idle,fuzzy
120.38139846573625,316,213,62,188,59,241,224,134,254,idle,fuzzy
120.48096540384826,329,23,45,100,149,27,66,94,108,idle,fuzzy
120.98085863951974,545,29,122,155,174,133,197,210,167,idle,fuzzy
120.99141517019315,260,255,241,185,141,55,152,126,209,idle,fuzzy
121.01238729822957,316,10,242,98,102,72,199,248,12,idle,fuzzy
121.11324839937637,329,171,155,40,211,68,38,66,50,idle,fuzzy
121.61300405693044,545,180,27,43,178,236,103,234,217,idle,fuzzy
121.6226776463752,260,185,3,119,62,162,118,115,248,idle,fuzzy
121.64184451404962,316,87,58,196,131,166,17,214,120,idle,fuzzy
121.74130468601179,329,133,107,135,181,117,19,45,206,idle,fuzzy
122.24169865655728,545,231,244,240,132,254,9,16,158,idle,fuzzy
122.25221208860563,260,229,132,250,13,115,19,10,130,idle,fuzzy
122.27178742942476,316,140,202,20,183,11,120,18,91,idle,fuzzy
122.37239837047817,329,112,165,151,180,93,78,219,201,idle,fuzzy
122.87318239834904,545,181,65,26,86,208,118,24,45,idle,fuzzy
122.88370218212144,260,64,10,214,39,100,121,119,220,idle,fuzzy
122.90303024511094,316,200,5,98,165,113,175,116,71,idle,fuzzy
123.00218246180727,329,88,169,217,199,96,111,15,239,idle,fuzzy
123.50301954154212,545,112,255,106,241,44,209,4,212,idle,fuzzy
123.51246593805172,260,172,222,158,233,32,151,126,65,idle,fuzzy
123.53152329180267,316,142,242,150,35,67,3,178,144,idle,fuzzy
123.63124908436883,329,153,97,208,245,150,220,53,29,idle,fuzzy
124.13035973827,545,224,48,88,82,51,39,163,9,idle,fuzzy
124.1409603117191,260,187,167,163,97,227,168,25,134,idle,fuzzy
124.16072654910688,316,133,220,68,71,50,229,195,152,idle,fuzzy
124.26098494312757,329,240,143,216,131,235,174,118,244,idle,fuzzy
124.76119329610086,545,142,51,237,186,91,173,182,241,idle,fuzzy
124.7716806370558,260,139,152,210,168,62,103,189,13,idle,fuzzy
124.79238740999578,316,110,183,203,198,100,37,17,237,idle,fuzzy
124.89188769286004,329,93,22,43,142,111,13,36,209,idle,fuzzy
125.39224642459264,545,159,160,137,212,224,34,67,191,idle,fuzzy
125.40160827592106,260,187,101,226,14,159,72,115,234,idle,fuzzy
125.42218199324284,316,95,175,66,231,89,58,69,177,idle,fuzzy
125.52301040161694,329,79,182,162,196,200,3,20,170,idle,fuzzy
126.02337400523835,545,231,24,176,189,32,171,81,139,idle,fuzzy
126.03486122817819,260,152,134,164,254,49,26,43,157,parking,fuzzy
126.0546842014577,316,19,97,119,48,211,117,130,133,parking,fuzzy
126.15459701042974,329,107,157,71,21,33,174,107,140,parking,fuzzy
126.65434293993525,545,59,46,203,9,87,191,19,161,parking,fuzzy
126.66371098503109,260,15,173,83,108,99,50,13,246,parking,fuzzy
126.68284197371833,316,172,154,223,162,115,137,179,185,parking,fuzzy
126.7837334933656,329,3,75,58,81,89,228,205,197,parking,fuzzy
127.28291077020982,545,125,176,108,48,42,101,137,182,parking,fuzzy
127.29361381741877,260,74,36,22,119,87,168,49,79,parking,fuzzy
127.31349239988522,316,144,195,180,196,187,216,115,92,parking,fuzzy
127.4136796169987,329,174,22,202,186,247,4,106,75,parking,fuzzy
127.91398637915995,545,220,77,62,27,4,59,68,148,parking,fuzzy
127.92333686373968,260,56,183,52,247,88,69,125,138,parking,fuzzy
127.94358207288099,316,77,16,223,197,76,131,124,219,parking,fuzzy
128.04310177620988,329,180,94,113,243,194,100,178,62,parking,fuzzy
128.5429508844642,545,218,84,56,68,215,26,144,197,parking,fuzzy
128.55320467297219,260,234,205,149,205,196,239,156,138,parking,fuzzy
128.57229862230767,316,201,170,128,144,236,227,244,26,parking,fuzzy
128.67205606305217,329,214,101,235,105,154,187,245,238,parking,fuzzy
129.17120277067426,545,105,60,70,235,156,161,27,87,parking,fuzzy
129.1809502454744,260,157,225,211,72,69,180,226,98,parking,fuzzy
129.20236699197793,316,10,104,14,253,113,107,247,129,parking,fuzzy
129.30283783478507,329,223,212,192,224,129,159,64,23,parking,fuzzy
129.80300075585245,545,195,73,39,135,155,200,44,75,parking,fuzzy
129.8120105690845,260,114,9,228,69,149,41,246,98,parking,fuzzy
129.8312362205423,316,195,130,25,246,171,245,82,114,parking,fuzzy
129.93061480678693,329,136,82,14,90,98,72,204,133,parking,fuzzy
130.42990498914472,545,45,180,27,192,24,173,82,175,parking,fuzzy
130.43949080979252,260,223,44,56,84,185,209,168,198,parking,fuzzy
130.4604597713399,316,107,139,64,163,59,227,112,141,parking,fuzzy
130.5606870316776,329,131,8,40,248,190,113,95,123,parking,fuzzy
131.0607186936832,545,104,59,96,230,93,123,122,125,parking,fuzzy
131.0724040944612,260,228,165,121,5,54,176,165,194,parking,fuzzy
131.09214861228543,316,233,111,101,0,151,237,244,32,parking,fuzzy
131.19228867364967,329,26,166,216,127,190,242,14,56,parking,fuzzy
131.69224225323242,545,185,39,102,75,150,133,46,155,parking,fuzzy
131.70287567827555,260,230,248,53,59,55,118,187,86,parking,fuzzy
131.72189649194272,316,102,218,172,28,194,88,85,186,parking,fuzzy
131.8217874942998,329,10,231,86,84,69,2,0,31,parking,fuzzy
132.32226502092206,545,11,17,212,179,128,142,59,214,parking,fuzzy
132.3306226715267,260,97,154,109,8,153,0,229,95,parking,fuzzy
132.35090821615833,316,223,115,55,249,96,37,115,49,parking,fuzzy
132.45052749745588,329,81,17,128,252,134,32,224,198,parking,fuzzy
132.95021902957382,545,33,196,23,51,14,40,218,151,parking,fuzzy
132.96000305512135,260,40,16,85,75,75,38,182,72,parking,fuzzy
132.97953614694356,316,179,65,184,37,96,95,157,115,parking,fuzzy
133.07917961881216,329,232,144,0,233,72,254,37,132,parking,fuzzy
133.57854548106855,545,48,234,209,95,24,171,171,73,parking,fuzzy
133.58828879857066,260,198,123,69,25,16,145,168,151,parking,fuzzy
133.60850073809013,316,179,240,170,198,91,155,124,24,parking,fuzzy
133.70893174129756,329,218,155,125,49,180,169,145,19,parking,fuzzy
134.2098530877928,545,28,36,253,143,117,136,179,23,parking,fuzzy
134.22077775061223,260,182,56,213,58,212,226,109,168,parking,fuzzy
134.2409627630125,316,146,199,168,134,154,10,135,79,parking,fuzzy
134.3391175682527,329,171,164,186,70,148,198,187,240,parking,fuzzy
134.83984728352834,545,77,183,154,107,83,210,226,6,parking,fuzzy
134.8503549134546,260,108,159,8,164,238,174,243,153,parking,fuzzy
134.87087164944438,316,157,160,29,65,221,68,144,175,parking,fuzzy
134.97158142322675,329,194,11,215,190,196,85,33,10,parking,fuzzy
135.47241897547963,545,252,119,165,68,7,116,166,1,parking,fuzzy
135.48325912117227,260,181,102,188,224,185,79,103,36,parking,fuzzy
135.503178439024,316,240,33,77,105,74,230,65,129,parking,fuzzy
135.60358449240246,329,26,88,20,45,33,23,56,176,parking,fuzzy
136.10302899262385,545,198,55,226,214,190,51,118,25,parking,fuzzy
136.11284470115564,260,92,14,210,153,49,108,115,214,parking,fuzzy
136.13378225619792,316,118,196,44,102,158,65,120,207,parking,fuzzy
136.23316386542513,329,192,241,190,87,253,149,177,249,parking,fuzzy
136.73312424191386,545,88,86,227,55,33,254,140,196,parking,fuzzy
136.74381318014767,260,211,138,209,91,23,72,244,39,parking,fuzzy
136.7642544112569,316,204,88,211,126,93,239,9,79,parking,fuzzy
136.86388554826505,329,142,17,181,184,140,163,22,230,parking,fuzzy
137.36331569325714,545,47,219,98,39,37,74,165,59,parking,fuzzy
137.37363577596108,260,252,46,0,202,155,78,75,51,parking,fuzzy
137.39366084395445,316,161,60,44,180,7,245,2,161,parking,fuzzy
137.49317879289836,329,94,13,246,50,67,154,255,56,parking,fuzzy
137.99363376322887,545,63,47,238,227,146,110,4,222,parking,fuzzy
138.00454028550936,260,103,147,26,67,240,210,233,196,parking,fuzzy
138.02498193602784,316,143,5,113,201,107,144,95,205,parking,fuzzy
138.1249203700886,329,134,143,243,174,233,178,87,107,parking,fuzzy
138.6252346338517,545,107,174,214,22,238,224,145,153,parking,fuzzy
138.6347335475384,260,137,3,82,50,250,16,212,152,parking,fuzzy
138.6549561829858,316,35,202,80,132,164,137,59,128,parking,fuzzy
138.75398971332268,329,21,183,96,142,43,59,43,237,parking,fuzzy
139.25477062939325,545,54,118,86,156,90,105,131,150,parking,fuzzy
139.26500294508995,260,75,160,128,196,87,79,212,38,parking,fuzzy
139.2843407610204,316,124,231,58,9,149,217,45,129,parking,fuzzy
139.38448819870257,329,177,60,229,165,206,75,52,120,parking,fuzzy
139.88495748139314,545,11,163,82,122,234,191,75,191,parking,fuzzy
139.89430663606072,260,72,100,17,198,18,253,197,105,parking,fuzzy
139.91467523445175,316,55,254,80,107,197,18,131,19,parking,fuzzy
140.01558315634873,329,112,194,143,108,87,97,241,152,parking,fuzzy
140.51513929033038,545,0,86,0,203,250,97,23,226,parking,fuzzy
140.52526614653715,260,55,103,208,71,49,184,1,134,parking,fuzzy
140.54464689606664,316,139,216,93,84,16,208,227,104,parking,fuzzy
140.6452425474524,329,173,178,114,31,174,44,46,74,parking,fuzzy
141.14462615228615,545,77,196,118,10,216,150,130,132,parking,fuzzy
141.15520048471052,260,191,83,154,115,62,200,50,190,parking,fuzzy
141.1753642238733,316,181,178,107,103,78,255,35,93,parking,fuzzy
141.27458225526033,329,18,37,113,222,206,159,234,87,parking,fuzzy
141.77439092453756,545,227,228,15,77,161,235,138,83,parking,fuzzy
141.78463590020377,260,66,112,195,233,240,212,130,127,parking,fuzzy
141.80561939049895,316,185,21,102,133,91,29,245,16,parking,fuzzy
141.9065132980338,329,86,136,126,74,78,219,201,178,parking,fuzzy
142.40708862246606,545,55,58,175,150,178,53,92,161,parking,fuzzy
142.4161168824834,260,254,19,29,32,34,106,114,215,parking,fuzzy
142.43642359671935,316,207,149,31,173,123,43,213,28,parking,fuzzy
142.5365877619729,329,209,96,84,44,92,18,137,36,parking,fuzzy
143.03626484370153,545,11,138,44,187,87,244,219,96,parking,fuzzy
143.04531585242688,260,56,45,114,86,64,86,89,215,parking,fuzzy
143.06621724678863,316,213,84,107,64,150,156,25,3,parking,fuzzy
143.16644497944276,329,42,60,76,237,253,134,68,172,parking,fuzzy
143.66546139920803,545,0,169,155,53,171,75,101,198,parking,fuzzy
143.67494323707137,260,179,21,154,46,62,148,87,204,parking,fuzzy
143.6942441272771,316,177,145,152,164,134,143,195,129,parking,fuzzy
143.79392691951088,329,181,88,123,221,99,217,233,90,parking,fuzzy
144.29482981012163,545,98,255,98,14,166,194,37,245,parking,fuzzy
144.30419148314252,260,84,207,217,202,72,109,87,120,parking,fuzzy
144.3247616531088,316,52,147,203,55,151,23,252,131,parking,fuzzy
144.42573855768666,329,161,240,198,155,163,142,60,112,parking,fuzzy
144.92631964012685,545,86,104,46,17,120,107,254,145,parking,fuzzy
144.93712564977463,260,158,231,35,75,121,165,213,229,parking,fuzzy
144.95792603881176,316,131,91,146,63,172,106,36,186,parking,fuzzy
145.05725036150798,329,169,22,92,225,35,146,35,182,parking,fuzzy
145.558035296116,545,95,63,90,210,26,47,156,80,parking,fuzzy
145.5671415953593,260,68,191,113,151,16,110,16,177,parking,fuzzy
145.5864798808022,316,160,189,16,133,137,111,175,62,parking,fuzzy
145.68596748640314,329,7,229,80,47,154,118,208,215,parking,fuzzy
146.1849805363134,545,231,151,160,170,170,97,100,106,parking,fuzzy
146.19558217081595,260,161,39,42,124,242,202,220,171,parking,fuzzy
146.21577613396067,316,168,177,67,222,34,138,3,158,parking,fuzzy
146.31607867527143,329,29,18,249,168,14,108,39,35,parking,fuzzy
146.81584442040491,545,29,205,97,8,63,215,249,150,parking,fuzzy
146.826453504573,260,158,246,59,74,179,201,69,209,parking,fuzzy
146.8459666126208,316,82,74,190,127,119,195,156,237,parking,fuzzy
146.94652361080676,329,29,104,68,31,5,175,237,76,parking,fuzzy
147.44586909545703,545,146,135,149,128,77,18,124,178,parking,fuzzy
147.45521831149017,260,56,248,144,39,86,11,233,44,parking,fuzzy
147.4748520281599,316,213,198,77,75,217,126,62,200,parking,fuzzy
147.57421113202676,329,27,118,228,56,212,15,204,195,parking,fuzzy
148.07489640937314,545,152,221,178,118,11,241,68,176,parking,fuzzy
148.08764886874863,260,19,69,232,223,48,208,88,31,parking,fuzzy
148.10815998701028,316,47,92,124,88,181,60,255,191,parking,fuzzy
148.20836308218875,329,161,41,64,236,3,210,108,139,parking,fuzzy
148.70901213296412,545,171,241,250,181,113,4,181,168,parking,fuzzy
148.719165598083,260,248,180,12,187,183,172,183,72,parking,fuzzy
148.73858853896994,316,242,182,199,164,133,26,225,18,parking,fuzzy
148.83951380037968,329,150,80,79,164,51,176,26,110,parking,fuzzy
149.3385641607702,545,187,146,180,46,153,252,93,64,parking,fuzzy
149.34781679336143,260,178,150,146,79,61,168,243,230,parking,fuzzy
149.36717182238536,316,93,59,211,121,71,90,220,125,parking,fuzzy
149.46693017203992,329,227,95,176,149,169,110,244,58,parking,fuzzy
149.96758441848658,545,144,139,34,164,117,134,2,68,parking,fuzzy
149.9784025191378,260,72,45,193,254,110,142,235,140,parking,fuzzy
149.9980278953857,316,101,60,217,34,162,206,193,119,parking,fuzzy
150.09731744056614,329,1,136,85,106,47,39,225,251,parking,fuzzy
150.5971480874633,545,115,59,191,3,10,88,56,152,parking,fuzzy
150.60721801951252,260,0,9,138,189,231,53,167,221,parking,fuzzy
150.62641947845174,316,131,1,233,22,196,140,166,78,parking,fuzzy
150.72628236924106,329,6,125,4,161,194,134,167,191,parking,fuzzy
151.2267560576475,545,141,42,127,157,142,101,190,145,parking,fuzzy
151.23672085030242,260,135,177,246,16,243,139,177,194,parking,fuzzy
151.25602070418543,316,61,104,100,215,239,251,9,200,parking,fuzzy
151.3560813952678,329,40,216,86,31,77,136,114,89,parking,fuzzy
151.856985211381,545,183,17,150,79,39,124,37,97,parking,fuzzy
151.8673905277781,260,116,97,3,182,92,149,124,51,parking,fuzzy
151.88820768233313,316,179,221,110,158,56,87,179,52,parking,fuzzy
151.98759402891108,329,131,241,151,75,65,86,72,114,parking,fuzzy
152.48787657785024,545,92,19,43,232,215,83,9,145,parking,fuzzy
152.49816367944427,260,208,175,33,242,155,209,161,247,parking,fuzzy
152.51777172042452,316,102,153,55,134,78,81,129,104,parking,fuzzy
152.6182828820327,329,231,12,151,199,161,37,127,177,parking,fuzzy
153.11729217208776,545,15,105,216,17,207,137,1,225,parking,fuzzy
153.12671580236318,260,164,102,127,221,67,139,232,40,parking,fuzzy
153.1462379989934,316,21,194,187,16,126,227,75,144,parking,fuzzy
153.2459554164438,329,200,28,101,249,174,79,98,116,parking,fuzzy
153.74566487502952,545,27,59,105,55,169,210,204,50,parking,fuzzy
153.75566911034838,260,204,175,130,205,200,43,206,221,parking,fuzzy
153.77643986662775,316,222,157,211,28,197,71,20,150,parking,fuzzy
153.87712716613223,329,21,60,164,241,37,247,14,30,parking,fuzzy
154.37809693203457,545,102,42,105,224,102,6,218,189,parking,fuzzy
154.3881538270352,260,228,134,138,218,212,252,39,180,parking,fuzzy
154.40765962482496,316,28,229,161,13,127,225,52,207,parking,fuzzy
154.5084173447825,329,120,232,93,11,170,69,237,28,parking,fuzzy
155.00937898349503,545,163,150,81,106,8,198,210,233,parking,fuzzy
155.01955395657842,260,43,36,248,144,132,26,95,20,parking,fuzzy
155.0396990341818,316,248,91,170,214,76,120,254,232,parking,fuzzy
155.13984268245522,329,171,47,118,12,138,50,106,74,parking,fuzzy
155.63935687971437,545,95,38,245,180,74,244,91,221,parking,fuzzy
155.64999694947204,260,84,83,200,166,108,50,225,84,parking,fuzzy
155.66966139951182,316,173,247,197,212,249,104,179,42,parking,fuzzy
155.76871892974768,329,152,57,239,134,244,222,24,48,parking,fuzzy
156.26905370775464,545,143,137,207,218,79,145,154,45,parking,fuzzy
156.27859067928247,260,56,235,23,208,18,182,49,230,parking,fuzzy
156.29899973645976,316,80,144,9,162,22,101,156,96,parking,fuzzy
156.39968986170157,329,103,234,149,133,245,234,143,19,parking,fuzzy
156.90002698540738,545,157,162,183,243,255,211,216,33,parking,fuzzy
156.90906137936517,260,194,85,84,88,97,68,172,249,parking,fuzzy
156.9295754331674,316,217,152,21,167,197,77,253,176,parking,fuzzy
157.03002878390816,329,140,149,155,233,207,64,52,215,parking,fuzzy
157.52996460531944,545,115,202,63,30,157,97,205,32,parking,fuzzy
157.5404358743199,260,156,30,236,131,132,162,138,42,parking,fuzzy
157.55978213697517,316,4,62,93,222,135,102,75,155,parking,fuzzy
157.6593740214775,329,36,229,149,16,128,227,104,148,parking,fuzzy
158.16010852983632,545,37,192,122,77,60,245,149,218,parking,fuzzy
158.1697950543953,260,149,102,58,181,174,162,215,163,parking,fuzzy
158.18970877551567,316,69,23,49,238,89,175,210,2,parking,fuzzy
158.28903627024627,329,100,59,15,205,94,178,224,195,parking,fuzzy
158.78808044455135,545,220,70,91,221,246,239,117,243,parking,fuzzy
158.79868894983264,260,110,43,25,64,174,22,142,217,parking,fuzzy
158.8179956844759,316,177,94,176,1,71,197,213,46,parking,fuzzy
158.91723113841738,329,251,182,130,78,250,8,196,70,parking,fuzzy
159.41655124828063,545,172,243,20,106,13,36,181,45,parking,fuzzy
159.42615443284507,260,225,253,202,81,86,235,11,189,parking,fuzzy
159.4465447508539,316,134,1,204,244,114,180,194,248,parking,fuzzy
159.54738191310773,329,92,216,182,88,34,243,64,26,parking,fuzzy
160.0472491526237,545,213,26,251,183,198,233,124,56,parking,fuzzy
160.05737961667745,260,81,178,173,113,103,32,126,2,parking,fuzzy
160.07655852909738,316,220,6,8,160,24,145,96,12,parking,fuzzy
160.17684129372427,329,205,155,139,139,62,145,245,216,parking,fuzzy
160.67667838070113,545,37,138,43,47,76,157,84,64,parking,fuzzy
160.686460418203,260,226,195,212,89,144,252,139,21,parking,fuzzy
160.70646827103133,316,88,43,53,85,102,16,178,66,parking,fuzzy
160.80600318460273,329,192,67,222,76,1,207,85,181,parking,fuzzy
161.30552580875366,545,51,255,45,166,209,123,39,141,parking,fuzzy
161.3154114392721,260,237,152,52,147,173,62,37,10,parking,fuzzy
161.33554067522877,316,54,169,0,95,218,97,56,250,parking,fuzzy
161.43460645832994,329,116,222,1,76,95,83,230,49,parking,fuzzy
161.9344388698197,545,58,155,229,103,254,136,13,24,parking,fuzzy
161.94439170001647,260,156,95,134,191,85,122,122,221,parking,fuzzy
161.96400362678827,316,239,30,129,166,55,206,98,154,parking,fuzzy
162.06445634173144,329,220,194,6,133,251,30,100,88,parking,fuzzy
162.563553259958,545,24,107,97,144,105,255,90,239,parking,fuzzy
162.57332877271708,260,110,246,161,106,2,68,45,161,parking,fuzzy
162.59380419628658,316,71,2,144,164,181,41,56,12,parking,fuzzy
162.6932111773115,329,101,149,100,119,164,207,173,122,parking,fuzzy
163.1930410474125,545,235,163,140,15,243,243,61,98,parking,fuzzy
163.20353905108868,260,33,178,77,206,175,210,187,210,parking,fuzzy
163.2233954365288,316,108,42,114,218,123,164,207,127,parking,fuzzy
163.32289001566002,329,240,182,211,33,227,105,170,74,parking,fuzzy
163.82355566534855,545,227,245,137,197,0,187,40,79,parking,fuzzy
163.833743869651,260,128,97,170,46,58,225,102,69,parking,fuzzy
163.85363030897517,316,58,67,4,105,202,134,223,51,parking,fuzzy
163.95271217010531,329,130,185,112,43,224,66,161,6,parking,fuzzy
164.45289313531717,545,152,216,44,139,66,40,197,112,parking,fuzzy
164.46251423376413,260,10,130,26,112,81,86,52,97,parking,fuzzy
164.4831806072153,316,35,240,46,254,29,242,17,32,parking,fuzzy
164.58337375486641,329,130,5,209,1,173,43,214,99,parking,fuzzy
165.08432531163965,545,171,61,154,238,248,246,13,155,parking,fuzzy
165.09383582113534,260,89,16,222,244,227,243,232,0,parking,fuzzy
165.1146728457008,316,69,206,168,221,22,235,161,104,parking,fuzzy
165.21608537480677,329,228,200,18,120,72,147,149,169,parking,fuzzy
165.7169339773693,545,96,130,55,79,126,201,2,228,parking,fuzzy
165.72676332250336,260,162,236,211,206,11,164,123,159,parking,fuzzy
165.74722373258666,316,52,36,209,135,39,52,67,120,parking,fuzzy
165.84701427848526,329,6,145,149,69,150,184,14,250,parking,fuzzy
166.34602588535887,545,199,166,81,111,246,168,192,61,parking,fuzzy
166.35613714228438,260,105,207,28,1,222,234,229,46,parking,fuzzy
166.37640595594925,316,10,145,120,240,17,106,62,143,parking,fuzzy
166.47713540400554,329,255,142,158,229,99,12,91,208,parking,fuzzy
166.97675595174968,545,117,168,13,75,24,92,101,27,parking,fuzzy
166.98688616828582,260,93,76,155,203,2,223,139,2,parking,fuzzy
167.0074675924319,316,96,57,187,22,25,69,65,234,parking,fuzzy
167.10942871893675,329,233,238,77,214,36,87,128,254,parking,fuzzy
167.60940552933624,545,77,57,84,87,68,222,127,228,parking,fuzzy
167.61960099059715,260,117,227,239,157,128,211,22,53,parking,fuzzy
167.6395905678839,316,215,139,80,119,72,15,103,109,parking,fuzzy
167.74003844132187,329,35,218,121,208,40,31,18,231,parking,fuzzy
168.2401584333076,545,55,163,99,15,108,99,4,25,parking,fuzzy
168.2502108697128,260,37,225,232,56,214,243,149,44,parking,fuzzy
168.27111747191833,316,234,39,234,75,251,52,236,87,parking,fuzzy
168.37017721089939,329,5,231,215,169,110,221,249,251,parking,fuzzy
168.86951618189386,545,241,100,113,232,97,65,171,41,parking,fuzzy
168.88027616735585,260,102,197,70,17,14,27,92,111,parking,fuzzy
168.9009506043675,316,5,144,129,111,84,252,109,202,parking,fuzzy
169.00150362006573,329,135,98,10,250,205,80,243,237,parking,fuzzy
169.500979105571,545,244,94,47,125,44,229,120,140,parking,fuzzy
169.5107804555551,260,48,146,70,54,6,232,83,243,parking,fuzzy
169.53055231626104,316,160,37,237,41,205,201,17,164,parking,fuzzy
169.63036914738174,329,1,144,34,3,112,213,45,186,parking,fuzzy
170.1309970991973,545,249,52,77,172,118,253,201,21,parking,fuzzy
170.14126230858312,260,19,219,154,207,225,27,55,131,parking,fuzzy
170.16084880724188,316,82,202,166,237,172,209,186,59,parking,fuzzy
170.26144935533046,329,91,72,63,181,225,140,19,85,parking,fuzzy
170.7614644545712,545,2,95,247,232,21,229,228,106,parking,fuzzy
170.77127439387405,260,76,65,240,252,32,34,134,25,parking,fuzzy
170.79218262150087,316,253,193,85,216,189,147,217,23,parking,fuzzy
170.89305852235265,329,69,207,171,123,249,235,32,155,parking,fuzzy
171.39388976185595,545,254,140,30,180,253,16,244,96,parking,fuzzy
171.4044301863252,260,52,82,98,180,233,187,241,228,parking,fuzzy
171.42399315495265,316,239,133,157,131,102,124,240,55,parking,fuzzy
171.5249914808125,329,19,138,18,249,168,194,10,162,parking,fuzzy
172.0247830328474,545,137,218,244,75,79,185,210,0,parking,fuzzy
172.03478606134334,260,202,204,58,102,242,71,100,227,parking,fuzzy
172.05437216028315,316,158,115,231,42,169,6,37,104,parking,fuzzy
172.15513138401428,329,5,223,14,94,42,211,72,35,parking,fuzzy
172.65414016085637,545,92,189,52,181,134,231,166,188,parking,fuzzy
172.66484080174433,260,227,239,189,93,101,175,2,62,parking,fuzzy
172.68504150649434,316,100,129,8,3,243,219,3,218,parking,fuzzy
172.78531833270688,329,140,189,102,86,71,61,58,25,parking,fuzzy
173.28468810282203,545,75,226,131,182,114,222,189,208,parking,fuzzy
173.2939992916804,260,62,122,220,115,12,80,23,252,parking,fuzzy
173.31376694622398,316,144,175,141,57,101,161,195,99,parking,fuzzy
173.41429985404955,329,128,58,148,176,42,77,38,97,parking,fuzzy
173.91469091590383,545,248,237,146,179,163,231,182,13,parking,fuzzy
173.92430564746437,260,85,197,204,156,150,230,111,97,parking,fuzzy
173.9450008692212,316,146,153,176,235,176,232,150,151,parking,fuzzy
174.04589353636254,329,102,179,233,248,108,116,46,80,parking,fuzzy
174.54591328317437,545,70,142,153,111,152,4,90,136,parking,fuzzy
174.55630645906405,260,88,149,161,112,155,37,211,80,parking,fuzzy
174.57715036092966,316,45,209,246,176,28,124,233,2,parking,fuzzy
174.67780603131854,329,114,219,0,108,88,189,22,89,parking,fuzzy
175.17749194987329,545,143,212,164,188,63,72,226,252,parking,fuzzy
175.18797965000377,260,219,185,220,187,19,166,105,241,parking,fuzzy
175.20865275651198,316,193,229,16,145,65,95,203,8,parking,fuzzy
175.3077219954791,329,61,7,109,248,165,112,132,162,parking,fuzzy
175.80816275837532,545,185,154,121,87,55,87,19,40,parking,fuzzy
175.81901275865982,260,43,114,93,93,114,60,2,27,parking,fuzzy
175.8381396084901,316,139,187,26,252,92,40,133,41,parking,fuzzy
175.93837037901184,329,243,203,44,155,157,86,14,205,parking,fuzzy
176.43740075129554,545,205,109,18,44,244,91,43,227,parking,fuzzy
176.44765820381977,260,31,147,224,66,245,74,43,243,parking,fuzzy
176.46772842311842,316,22,98,179,199,39,202,17,98,parking,fuzzy
176.56712329574168,329,38,238,108,72,197,167,23,205,parking,fuzzy
177.06626981217522,545,35,137,169,12,230,48,34,87,parking,fuzzy
177.07716841831686,260,238,246,221,152,40,34,197,149,parking,fuzzy
177.0964750376958,316,145,0,212,187,83,250,210,206,parking,fuzzy
177.19561191659892,329,57,44,137,168,20,173,47,115,parking,fuzzy
177.69658292945027,545,101,88,130,198,230,138,45,5,parking,fuzzy
177.70714275049332,260,23,224,115,17,86,156,241,125,parking,fuzzy
177.72683288051377,316,105,133,78,34,213,139,22,109,parking,fuzzy
177.82772059437488,329,37,245,31,64,122,131,234,37,parking,fuzzy
178.32754481775055,545,13,149,26,35,177,87,206,68,parking,fuzzy
178.33845273961634,260,136,139,95,197,108,192,124,157,parking,fuzzy
178.3590408046886,316,190,172,62,14,219,107,116,68,parking,fuzzy
178.46000563465057,329,10,218,29,173,41,20,90,95,parking,fuzzy
178.95961671717504,545,24,0,53,168,228,240,155,128,parking,fuzzy
178.97059148906123,260,212,234,36,26,97,216,156,203,parking,fuzzy
178.99133196808543,316,39,247,113,204,173,36,211,237,parking,fuzzy
179.09075474351312,329,212,55,2,191,79,174,132,161,parking,fuzzy
179.5904499753618,545,60,212,220,133,149,228,137,206,parking,fuzzy
179.6010677593516,260,119,14,121,187,15,207,177,218,parking,fuzzy
179.6201927795165,316,64,247,70,148,36,158,226,248,parking,fuzzy
179.72255504774594,329,85,193,251,44,106,230,68,7,parking,fuzzy
180.22353832891199,545,82,146,82,54,29,246,240,126,parking,fuzzy
180.2328605817412,260,20,28,239,186,68,195,137,181,parking,fuzzy
180.25231384690247,316,231,13,127,106,44,147,78,151,parking,fuzzy
180.35163342626987,329,16,242,225,45,187,224,133,172,parking,fuzzy
180.85254427559568,545,254,83,189,17,215,187,24,34,parking,fuzzy
180.86198837467697,260,162,149,188,72,72,121,119,193,parking,fuzzy
180.8817824824011,316,67,217,124,242,210,201,210,35,parking,fuzzy
180.98138537274244,329,51,8,231,204,135,84,255,147,parking,fuzzy
181.48046539300083,545,56,188,145,12,121,147,122,150,parking,fuzzy
181.4904658651569,260,205,26,90,29,137,10,38,190,parking,fuzzy
181.51026255267152,316,254,79,89,163,181,249,245,23,parking,fuzzy
181.61120757978657,329,46,138,91,79,251,152,222,21,parking,fuzzy
182.11400485262232,545,206,153,23,223,68,22,192,28,parking,fuzzy
182.12401771001123,260,87,108,205,46,236,18,226,101,parking,fuzzy
182.1434079621657,316,128,26,35,249,139,15,144,171,parking,fuzzy
182.24389776303346,329,47,68,218,54,233,246,86,221,parking,fuzzy
182.74341910740105,545,196,158,233,186,25,104,100,16,parking,fuzzy
182.7530058499857,260,194,176,53,163,100,35,223,113,parking,fuzzy
182.77289334970493,316,92,27,38,81,77,90,69,113,parking,fuzzy
182.87370144458296,329,120,103,131,6,204,151,14,196,parking,fuzzy
183.37399204615062,545,152,106,149,1,104,24,175,68,parking,fuzzy
183.3841351305324,260,247,209,53,17,158,69,8,211,parking,fuzzy
183.4047230748741,316,253,244,215,248,252,151,169,143,parking,fuzzy
183.505048262235,329,141,243,187,111,116,87,123,175,parking,fuzzy
184.00517018318152,545,4,15,91,102,161,54,141,131,parking,fuzzy
184.01417722809862,260,158,24,11,238,228,152,160,106,parking,fuzzy
184.03754834324874,316,166,131,104,153,202,208,135,222,parking,fuzzy
184.13808120658032,329,150,45,193,119,81,58,236,161,parking,fuzzy
184.6378196929072,545,198,16,70,114,238,128,189,226,parking,fuzzy
184.64810399720116,260,71,134,119,56,233,82,217,90,parking,fuzzy
184.66825473625113,316,219,179,191,98,135,167,54,130,parking,fuzzy
184.7682947939883,329,122,245,226,254,108,153,214,89,parking,fuzzy
185.26884921232528,545,124,204,231,95,176,153,182,96,parking,fuzzy
185.27827795912927,260,146,201,251,100,169,21,145,227,parking,fuzzy
185.29794289764624,316,26,253,186,114,8,48,106,204,parking,fuzzy
185.3973922784426,329,55,203,126,55,219,58,145,236,parking,fuzzy
185.89806369533127,545,91,158,94,246,102,50,113,164,parking,fuzzy
185.9086497901375,260,130,166,135,55,75,215,161,12,parking,fuzzy
185.92791672518595,316,228,203,23,215,87,251,0,134,parking,fuzzy
186.02833187898847,329,162,60,170,141,103,188,199,142,parking,fuzzy
186.52868374154835,545,127,148,141,177,36,239,104,196,parking,fuzzy
186.53856857894922,260,177,217,116,243,193,0,101,42,parking,fuzzy
186.5578534691003,316,119,189,130,6,118,179,113,101,parking,fuzzy
186.6581839817316,329,40,33,14,89,14,245,77,22,parking,fuzzy
187.15847714551802,545,123,131,247,246,35,148,12,217,parking,fuzzy
187.16836942566903,260,113,208,250,129,115,66,32,210,parking,fuzzy
187.1877595391782,316,50,142,115,211,67,73,43,66,parking,fuzzy
187.28809426103084,329,29,157,45,96,211,215,4,210,parking,fuzzy
187.7887709882002,545,146,116,187,74,202,235,93,189,parking,fuzzy
187.7991894166423,260,159,161,16,240,132,201,169,73,parking,fuzzy
187.81982395873854,316,197,50,147,147,43,7,81,56,parking,fuzzy
187.92061465684347,329,157,37,245,206,43,96,80,28,parking,fuzzy
188.4212988116654,545,39,209,226,150,201,190,233,81,parking,fuzzy
188.43124066747905,260,114,78,207,23,156,223,201,58,parking,fuzzy
188.45092150660528,316,242,63,174,186,93,11,38,249,parking,fuzzy
188.55128619454442,329,244,65,234,251,84,198,203,134,parking,fuzzy
189.05054274525784,545,229,20,68,22,223,30,239,128,parking,fuzzy
189.05983595712712,260,5,137,190,210,189,43,71,81,parking,fuzzy
189.079966456437,316,121,8,44,116,21,138,196,211,parking,fuzzy
189.17938094784935,329,17,69,195,149,140,192,48,56,parking,fuzzy
189.67921100200735,545,104,31,107,87,153,234,118,13,parking,fuzzy
189.69016510713428,260,186,248,130,151,252,109,167,67,parking,fuzzy
189.70935532035477,316,99,28,50,49,27,158,168,176,parking,fuzzy
189.80855092551647,329,31,131,79,175,136,95,1,59,parking,fuzzy
190.30933253516184,545,70,228,128,67,207,102,134,80,parking,fuzzy
190.31884906353514,260,80,170,166,189,232,101,31,55,parking,fuzzy
190.33854209160876,316,176,139,73,171,12,34,154,17,parking,fuzzy
190.43781244821562,329,148,103,170,89,27,172,174,13,parking,fuzzy
190.93845595630168,545,179,133,194,3,229,70,210,116,parking,fuzzy
190.94829024737885,260,229,116,40,220,239,176,103,96,parking,fuzzy
190.96739367483457,316,172,113,29,40,80,251,125,162,parking,fuzzy
191.0678237607318,329,208,182,162,82,11,216,29,220,parking,fuzzy
191.56762593772427,545,145,153,238,200,246,134,204,32,parking,fuzzy
191.57680067305103,260,244,191,208,210,164,187,74,246,parking,fuzzy
191.59693061855543,316,231,177,136,217,146,129,124,189,parking,fuzzy
191.6963475340994,329,38,95,184,131,125,113,70,177,parking,fuzzy
192.19681142357402,545,92,105,254,239,244,176,121,50,parking,fuzzy
192.20652356221936,260,172,134,56,177,23,19,137,233,parking,fuzzy
192.2262422468418,316,63,112,75,204,17,40,244,197,parking,fuzzy
192.32527734943238,329,173,134,114,23,229,160,162,119,parking,fuzzy
192.82586739473976,545,158,235,236,178,218,38,222,206,parking,fuzzy
192.83496136516322,260,222,226,21,67,147,97,139,41,parking,fuzzy
192.8546429973808,316,61,251,27,156,168,41,95,202,parking,fuzzy
192.9548149552815,329,85,246,141,88,184,61,241,51,parking,fuzzy
193.4548633379103,545,190,193,221,25,201,62,46,197,parking,fuzzy
193.46472141559585,260,89,62,57,76,53,246,145,31,parking,fuzzy
193.48431252386413,316,203,30,43,58,37,115,35,50,parking,fuzzy
193.5841673585167,329,220,33,137,251,127,164,41,190,parking,fuzzy
194.08477364358606,545,116,84,48,249,251,46,135,9,parking,fuzzy
194.09575853039348,260,38,119,59,130,12,90,226,77,parking,fuzzy
194.1166913169436,316,241,127,130,111,37,228,68,151,parking,fuzzy
194.2170381338128,329,252,219,193,249,62,12,112,184,parking,fuzzy
194.71623324979333,545,37,54,100,126,148,228,112,193,parking,fuzzy
194.72663000843588,260,247,171,191,209,173,172,179,90,parking,fuzzy
194.7462230103971,316,53,211,98,22,3,88,211,228,parking,fuzzy
194.84668867459018,329,54,62,136,51,206,226,228,81,parking,fuzzy
195.34739552925177,545,70,63,152,27,210,15,126,111,parking,fuzzy
195.35719151489843,260,11,245,85,152,124,106,77,24,parking,fuzzy
195.37732209094239,316,212,180,87,177,137,68,120,74,parking,fuzzy
195.47812351419694,329,32,239,20,99,1,55,205,200,parking,fuzzy
195.97758126503993,545,146,100,65,9,32,204,119,191,parking,fuzzy
195.98681262036177,260,107,195,152,55,144,34,62,169,parking,fuzzy
196.0059027468143,316,183,80,94,180,85,155,133,44,parking,fuzzy
196.10595811376155,329,213,34,180,147,128,170,30,114,parking,fuzzy
196.6067994276996,545,231,77,244,249,125,182,16,26,parking,fuzzy
196.6161056869116,260,185,140,54,0,83,156,247,255,parking,fuzzy
196.63689588931933,316,188,27,157,50,188,92,121,37,parking,fuzzy
196.73743177009197,329,227,182,219,30,248,160,200,83,parking,fuzzy
197.2370204635374,545,112,186,240,97,86,93,108,75,parking,fuzzy
197.24667926488604,260,114,118,97,36,174,105,52,121,parking,fuzzy
197.26641111572334,316,172,132,122,170,91,211,120,43,parking,fuzzy
197.36621558290625,329,39,166,122,218,213,190,221,41,parking,fuzzy
197.8658178657496,545,67,65,107,29,18,145,213,241,parking,fuzzy
197.87580128637333,260,230,68,128,213,99,155,103,129,parking,fuzzy
197.89656234566232,316,87,237,149,62,55,79,140,176,parking,fuzzy
197.9964813192079,329,77,232,144,80,100,154,77,144,parking,fuzzy
198.49722213596405,545,14,229,86,194,155,240,74,43,parking,fuzzy
198.50729223907317,260,101,178,43,254,30,162,72,197,parking,fuzzy
198.52816522156434,316,193,172,118,113,177,134,150,184,parking,fuzzy
198.627800647969,329,213,68,20,138,9,191,129,168,parking,fuzzy
199.12751337815217,545,188,22,240,36,58,133,245,120,parking,fuzzy
199.1381850461653,260,125,199,91,179,115,242,188,226,parking,fuzzy
199.15862921903957,316,242,150,49,166,200,173,169,39,parking,fuzzy
199.25789909396536,329,64,103,169,76,131,209,252,156,parking,fuzzy
199.7569168195269,545,231,103,153,80,55,143,198,94,parking,fuzzy
199.76591814555522,260,68,130,240,47,70,119,239,6,parking,fuzzy
199.7852974139102,316,99,116,163,113,178,136,201,184,parking,fuzzy
199.885086075178,329,172,163,108,116,185,205,185,91,parking,fuzzy
200.3849900938434,545,118,65,192,223,252,250,47,124,parking,fuzzy
200.39467431341959,260,99,86,210,224,188,161,138,147,parking,fuzzy
200.41447975486668,316,245,216,255,153,108,178,243,175,parking,fuzzy
200.51416221815725,329,227,97,17,118,191,64,226,164,parking,fuzzy
201.0148451248916,545,92,207,100,100,231,123,27,192,parking,fuzzy
201.02551568767035,260,50,125,170,7,64,139,78,116,parking,fuzzy
201.04513503209537,316,128,71,139,243,225,230,177,47,parking,fuzzy
201.1446753687927,329,139,196,46,137,114,206,180,80,parking,fuzzy
201.64559463903794,545,159,218,121,254,200,29,52,29,parking,fuzzy
201.65575503489885,260,171,114,128,24,174,9,58,189,parking,fuzzy
201.6767287984861,316,107,162,126,135,228,111,14,72,parking,fuzzy
201.77684051200336,329,248,82,104,140,45,214,197,83,parking,fuzzy
202.27762397467706,545,102,138,87,129,252,120,16,120,parking,fuzzy
202.28709236293108,260,3,218,217,90,115,187,162,204,parking,fuzzy
202.30620191835695,316,107,218,233,29,7,136,89,215,parking,fuzzy
202.40673778429107,329,122,153,196,50,234,221,199,146,parking,fuzzy
202.90643143427582,545,173,95,158,252,232,31,226,175,parking,fuzzy
202.9160210993136,260,112,85,198,245,228,118,47,70,parking,fuzzy
202.9365946089137,316,79,165,25,120,201,232,31,231,parking,fuzzy
203.0371152500651,329,232,89,139,34,39,107,102,243,parking,fuzzy
203.53648552421325,545,228,85,124,99,95,222,110,1,parking,fuzzy
203.5470035957796,260,107,66,197,20,106,244,120,1,parking,fuzzy
203.56690509759667,316,48,109,158,183,162,184,96,128,parking,fuzzy
203.66675889806422,329,60,173,189,251,8,162,82,27,parking,fuzzy
204.1662290717786,545,8,134,21,185,176,106,104,190,parking,fuzzy
204.17695207425314,260,40,137,137,174,127,153,94,151,parking,fuzzy
204.1964198389501,316,50,159,2,75,87,126,161,249,parking,fuzzy
204.2958701163735,329,184,165,71,119,254,131,194,139,parking,fuzzy
204.79584693480504,545,193,141,165,130,176,179,149,103,parking,fuzzy
204.80499236868357,260,232,194,146,219,149,189,156,171,parking,fuzzy
204.82592912041318,316,216,160,72,115,120,4,86,120,parking,fuzzy
204.9262216274477,329,163,206,94,110,165,30,249,143,parking,fuzzy
205.42543993836603,545,131,22,82,134,137,100,205,63,parking,fuzzy
205.43500875650076,260,154,218,245,204,234,174,193,190,parking,fuzzy
205.45524187806242,316,84,187,83,132,131,60,121,255,parking,fuzzy
205.555393025122,329,77,38,182,196,14,124,209,169,parking,fuzzy
206.05509657234205,545,67,10,228,126,92,1,51,209,parking,fuzzy
206.0641823327322,260,181,107,219,85,65,220,9,91,parking,fuzzy
206.08358569696844,316,59,166,200,178,66,50,10,41,parking,fuzzy
206.18319053342944,329,154,118,44,57,35,191,155,230,parking,fuzzy
206.6836853397186,545,143,224,169,64,65,227,28,101,parking,fuzzy
206.6932660136622,260,12,177,148,150,24,17,23,61,parking,fuzzy
206.71247522455766,316,37,100,138,107,175,132,91,175,parking,fuzzy
206.81301265698832,329,145,182,33,140,52,48,136,93,parking,fuzzy
207.31388472243813,545,131,80,115,179,204,145,203,45,parking,fuzzy
207.32338131457246,260,247,226,80,67,3,177,205,210,parking,fuzzy
207.34400426428115,316,10,78,106,152,205,170,59,52,parking,fuzzy
207.4445138429804,329,157,167,91,204,250,85,100,196,parking,fuzzy
207.9449548314731,545,190,223,26,74,76,103,156,19,parking,fuzzy
207.9550232777933,260,236,221,241,204,96,231,161,253,parking,fuzzy
207.97530075034692,316,179,106,244,39,55,64,60,101,parking,fuzzy
208.07466053563218,329,19,70,167,210,11,202,244,203,parking,fuzzy
208.5737123123075,545,88,68,16,45,204,233,162,225,parking,fuzzy
208.58295178596146,260,51,250,242,150,76,214,57,13,parking,fuzzy
208.60347354617792,316,184,56,204,247,7,35,191,100,parking,fuzzy
208.70256379185625,329,123,191,26,213,230,134,236,18,parking,fuzzy
209.20212697986534,545,241,244,61,33,219,77,233,175,parking,fuzzy
209.21166054223718,260,180,147,99,117,117,246,250,156,parking,fuzzy
209.23137969311992,316,93,196,86,38,66,46,47,198,parking,fuzzy
209.3312367652702,329,139,200,164,205,218,210,154,22,parking,fuzzy
209.83065085260557,545,92,219,112,152,149,199,142,216,parking,fuzzy
209.84101828224365,260,74,51,153,234,223,92,185,185,parking,fuzzy
209.86196546885404,316,166,190,26,233,20,204,77,202,parking,fuzzy
209.96107895268858,329,206,254,218,10,247,25,59,64,parking,fuzzy
210.46139207801394,545,12,65,44,88,109,222,69,83,parking,fuzzy
210.47181648745084,260,26,5,89,161,252,33,31,54,parking,fuzzy
210.49240628892036,316,116,162,192,147,59,144,117,93,parking,fuzzy
210.59275039375987,329,235,169,22,187,221,177,29,155,parking,fuzzy
211.09244837595946,545,216,25,28,197,73,224,87,190,parking,fuzzy
211.10158711682863,260,94,88,117,145,96,212,138,66,parking,fuzzy
211.1222753347298,316,232,85,112,143,217,155,204,169,parking,fuzzy
211.2217040639708,329,125,137,100,87,230,222,13,158,parking,fuzzy
211.7213426719044,545,184,178,27,35,125,222,106,144,parking,fuzzy
211.73131858956742,260,72,148,243,97,97,176,90,7,parking,fuzzy
211.75059700890031,316,237,216,176,190,132,184,7,99,parking,fuzzy
211.84961179583104,329,229,190,23,236,21,164,228,57,parking,fuzzy
212.35059365829372,545,18,125,13,146,224,180,191,88,parking,fuzzy
212.36106377329182,260,178,206,106,206,78,172,202,247,parking,fuzzy
212.38043690596857,316,154,199,164,79,196,7,127,219,parking,fuzzy
212.48132975304088,329,135,169,168,136,153,225,87,242,parking,fuzzy
212.98066623031565,545,100,13,152,34,135,89,156,45,parking,fuzzy
212.99020326336225,260,21,195,163,89,82,117,163,172,parking,fuzzy
213.00987167290225,316,103,196,204,145,165,85,220,170,parking,fuzzy
213.10994990906332,329,4,222,102,136,224,218,41,42,parking,fuzzy
213.60896868141543,545,170,210,153,227,123,25,205,168,parking,fuzzy
213.61894585297298,260,1,37,20,126,87,248,188,111,parking,fuzzy
213.63904791925978,316,7,178,254,11,221,239,148,233,parking,fuzzy
213.73895604251808,329,224,12,30,42,9,188,162,139,parking,fuzzy
214.2380414586289,545,241,147,202,166,98,203,168,60,parking,fuzzy
214.2487653246783,260,166,251,127,14,95,61,147,140,parking,fuzzy
214.26950465435212,316,46,227,44,71,219,251,192,12,parking,fuzzy
214.3704781441224,329,49,17,125,154,13,156,68,14,parking,fuzzy
214.87047924560278,545,234,132,179,191,216,101,115,0,parking,fuzzy
214.88113863700525,260,148,69,155,224,61,238,84,254,parking,fuzzy
214.90025784080896,316,12,41,60,211,0,168,213,152,parking,fuzzy
215.00057015796378,329,248,58,39,197,255,217,113,69,parking,fuzzy
215.50099820758544,545,98,203,62,61,30,192,44,34,parking,fuzzy
215.5104261872905,260,181,25,0,69,178,120,121,13,parking,fuzzy
215.5298087315834,316,109,136,22,232,246,134,19,233,parking,fuzzy
215.62991837440003,329,38,198,245,240,185,39,170,206,parking,fuzzy
216.12892954702028,545,159,197,237,138,122,138,192,66,parking,fuzzy
216.13850236171882,260,163,233,219,156,218,33,89,149,parking,fuzzy
216.1591975622364,316,135,52,190,51,204,86,252,188,parking,fuzzy
216.25954631123926,329,135,164,90,38,99,7,59,18,parking,fuzzy
216.76039267862038,545,149,173,250,225,121,151,238,25,parking,fuzzy
216.77028953338947,260,185,42,13,93,1,148,178,133,parking,fuzzy
216.78930634928173,316,136,203,54,212,215,91,181,63,parking,fuzzy
216.88841487443642,329,115,113,242,196,225,18,79,148,parking,fuzzy
217.38900235502015,545,27,136,192,73,76,65,166,55,parking,fuzzy
217.39905276908584,260,239,241,9,255,47,252,226,232,parking,fuzzy
217.41999414728852,316,245,49,209,133,46,251,251,33,parking,fuzzy
217.52006466312352,329,246,85,61,120,103,88,62,50,parking,fuzzy
218.020797941095,545,218,197,200,45,6,178,109,176,parking,fuzzy
218.03166062596466,260,197,150,13,47,195,99,152,96,parking,fuzzy
218.05178065865346,316,143,242,195,60,112,104,202,24,parking,fuzzy
218.15133690369058,329,44,66,224,171,153,204,205,240,parking,fuzzy
218.65109944773442,545,238,26,36,69,185,123,117,21,parking,fuzzy
218.661170632066,260,83,40,54,171,131,236,26,120,parking,fuzzy
218.6814127549699,316,245,20,30,27,213,41,44,195,parking,fuzzy
218.78212831885986,329,246,238,146,1,19,87,249,125,parking,fuzzy
219.28252186579317,545,183,188,60,43,100,14,17,248,parking,fuzzy
219.29199786993775,260,145,79,42,154,132,202,202,58,parking,fuzzy
219.31139127335135,316,139,6,144,133,183,36,19,102,parking,fuzzy
219.41130641320623,329,2,132,91,242,167,133,94,69,parking,fuzzy
219.91077928233503,545,205,132,198,252,74,119,71,111,parking,fuzzy
219.9207252394847,260,56,251,189,184,200,66,57,62,parking,fuzzy
219.9407676605047,316,69,73,100,246,57,225,132,7,parking,fuzzy
220.03996465139244,329,19,164,249,69,164,96,194,142,parking,fuzzy
220.5404647586991,545,206,143,172,199,131,57,249,235,parking,fuzzy
220.5495027674327,260,56,115,200,54,153,119,14,99,parking,fuzzy
220.56910809423547,316,249,59,96,104,78,54,161,174,parking,fuzzy
220.6689325010331,329,58,207,226,105,222,131,185,52,parking,fuzzy
221.16814112821376,545,117,223,80,124,64,45,238,55,parking,fuzzy
221.1775198067439,260,58,236,180,21,219,140,34,168,parking,fuzzy
221.1984565854448,316,69,226,203,153,65,33,7,3,parking,fuzzy
221.29778696985707,329,15,59,111,20,77,131,160,156,parking,fuzzy
221.79737189432032,545,35,84,125,97,206,173,201,172,parking,fuzzy
221.80821368965516,260,192,213,94,196,129,185,114,223,parking,fuzzy
221.8290543256051,316,57,85,99,58,175,210,233,49,parking,fuzzy
221.92862370726706,329,61,88,84,65,19,41,132,162,parking,fuzzy
222.4290162441383,545,65,177,122,125,137,225,59,97,parking,fuzzy
222.43826111966604,260,129,143,96,120,143,110,132,177,parking,fuzzy
222.45835628944442,316,122,50,218,45,123,135,204,87,parking,fuzzy
222.5590733001252,329,244,69,96,247,128,189,43,128,parking,fuzzy
223.05995163812958,545,57,100,226,100,205,30,198,50,parking,fuzzy
223.06947572087557,260,150,145,119,1,54,202,236,105,parking,fuzzy
223.0896240880931,316,13,160,240,244,190,118,40,228,parking,fuzzy
223.18945744893983,329,203,242,80,81,164,78,174,252,parking,fuzzy
223.68861328498343,545,67,138,157,223,33,98,210,28,parking,fuzzy
223.6977639231273,260,134,231,142,111,72,190,30,203,parking,fuzzy
223.7173173947447,316,1,55,99,21,136,185,66,156,parking,fuzzy
223.81727199912294,329,40,250,182,196,89,89,108,56,parking,fuzzy
224.31701202604333,545,20,96,230,70,38,30,223,108,parking,fuzzy
224.3275274710715,260,53,11,13,115,7,252,12,144,parking,fuzzy
224.34691194657833,316,124,211,189,166,160,28,204,207,parking,fuzzy
224.44698314380122,329,107,155,237,75,197,14,160,255,parking,fuzzy
224.9467213813925,545,188,196,3,234,171,153,7,225,parking,fuzzy
224.9576279941221,260,152,163,113,32,170,135,85,93,parking,fuzzy
224.97807130071556,316,202,151,172,253,48,221,22,221,parking,fuzzy
225.07901541548424,329,182,225,144,145,168,247,234,154,parking,fuzzy
225.57928074114662,545,94,182,130,212,177,182,110,50,parking,fuzzy
225.58832971912986,260,12,247,130,9,56,0,82,138,parking,fuzzy
225.60758597022814,316,232,154,107,101,119,154,22,154,parking,fuzzy
225.70795268721585,329,58,103,163,184,131,59,110,153,parking,fuzzy
226.20786604814094,545,95,126,249,250,124,107,67,116,parking,fuzzy
226.21836020200098,260,49,215,168,154,52,48,213,47,parking,fuzzy
226.24187661393293,316,23,9,161,35,58,122,83,215,parking,fuzzy
226.3420926079089,329,60,77,119,27,223,186,100,198,parking,fuzzy
226.84277174523146,545,14,171,109,59,56,51,240,176,parking,fuzzy
226.85328677036864,260,104,40,87,176,194,230,0,140,parking,fuzzy
226.8723584644164,316,106,151,20,255,46,233,29,249,parking,fuzzy
226.97245916251057,329,74,216,205,67,149,244,134,236,parking,fuzzy
227.47211924179098,545,211,246,75,192,236,58,245,64,parking,fuzzy
227.48307364041682,260,192,242,131,84,133,187,232,131,parking,fuzzy
227.5023250416977,316,121,61,114,179,236,38,236,15,parking,fuzzy
227.60161001441588,329,92,134,65,31,161,108,171,12,parking,fuzzy
228.10098227236458,545,199,217,90,80,56,85,62,68,parking,fuzzy
228.1103754560169,260,84,50,44,222,48,73,190,72,parking,fuzzy
228.13065043680587,316,161,52,23,140,229,14,232,103,parking,fuzzy
228.23024801838784,329,205,95,141,180,165,215,188,65,parking,fuzzy
228.73050383061863,545,204,50,34,193,217,56,253,103,parking,fuzzy
228.74029781508955,260,119,196,105,47,162,69,96,73,parking,fuzzy
228.76053118141948,316,222,106,114,226,76,200,247,101,parking,fuzzy
228.8614582899856,329,113,94,162,0,132,96,118,104,parking,fuzzy
229.36221777091058,545,68,27,4,21,179,243,193,118,parking,fuzzy
229.37277907168342,260,231,23,222,72,184,119,137,52,parking,fuzzy
229.3933427619079,316,141,77,144,179,243,172,238,165,parking,fuzzy
229.49423783780023,329,13,47,183,219,109,66,55,5,parking,fuzzy
229.99479639956775,545,151,237,119,101,134,25,139,170,parking,fuzzy
230.00530958609596,260,157,23,201,35,18,245,104,41,parking,fuzzy
230.0250887882097,316,171,151,28,36,251,28,239,222,parking,fuzzy
230.124416739733,329,186,19,3,115,166,168,151,134,parking,fuzzy
230.62521205912756,545,251,214,20,122,72,191,43,19,parking,fuzzy
230.63439708938856,260,52,55,124,155,76,91,152,167,parking,fuzzy
230.65471866585582,316,18,182,150,70,41,151,192,146,parking,fuzzy
230.7553599278223,329,34,235,215,205,56,210,171,115,parking,fuzzy
231.25579438642887,545,106,74,31,4,200,207,185,145,parking,fuzzy
231.2662406594382,260,52,235,238,112,52,65,219,168,parking,fuzzy
231.28705877029736,316,83,200,8,45,25,162,50,245,parking,fuzzy
231.3862844970761,329,99,234,10,146,144,156,28,155,parking,fuzzy
231.88678911440917,545,30,119,187,149,85,164,91,59,parking,fuzzy
231.8977472327498,260,153,203,85,236,171,116,216,251,parking,fuzzy
231.91789033255267,316,108,120,161,201,177,96,188,243,parking,fuzzy
232.01885035139892,329,125,37,55,134,5,207,162,95,parking,fuzzy
232.51960675151565,545,1,87,243,54,150,61,149,18,parking,fuzzy
232.5290636125772,260,74,249,180,15,157,114,62,154,parking,fuzzy
232.55001204285168,316,113,110,182,145,195,233,6,207,parking,fuzzy
232.64905689130876,329,109,240,21,195,78,49,85,68,parking,fuzzy
233.14891058384995,545,167,140,218,9,213,203,138,97,parking,fuzzy
233.15799567205556,260,163,36,87,238,130,232,65,112,parking,fuzzy
233.17853945786723,316,85,169,75,205,47,140,86,25,parking,fuzzy
233.2785998461782,329,106,226,116,215,195,49,110,8,parking,fuzzy
233.77926396986902,545,3,200,207,245,88,243,14,158,parking,fuzzy
233.79016666978916,260,228,20,229,50,246,235,86,127,parking,fuzzy
233.8098479354307,316,198,233,252,246,225,47,177,97,parking,fuzzy
233.90931738892945,329,41,8,201,200,253,121,23,11,parking,fuzzy
234.40893711824054,545,116,19,52,205,108,178,23,233,parking,fuzzy
234.41878567581387,260,72,52,157,22,199,95,68,200,parking,fuzzy
234.43944023839092,316,120,192,37,200,121,94,94,246,parking,fuzzy
234.5400465038657,329,132,233,73,132,67,58,29,42,parking,fuzzy
235.03918019499702,545,104,95,195,180,197,13,39,171,parking,fuzzy
235.04833597487487,260,145,101,110,61,16,140,49,188,parking,fuzzy
235.06737977524105,316,121,170,88,182,12,92,221,178,parking,fuzzy
235.1666677891126,329,0,204,9,220,228,236,249,242,parking,fuzzy
235.66758661589816,545,159,101,87,26,37,175,212,212,parking,fuzzy
235.67765464807192,260,80,13,250,16,241,185,74,192,parking,fuzzy
235.69825036262398,316,76,143,15,58,238,17,21,42,parking,fuzzy
235.79761421123033,329,35,159,221,122,107,56,130,245,parking,fuzzy
236.29785365201434,545,18,186,229,12,23,251,81,212,parking,fuzzy
236.3080913443931,260,142,248,242,220,12,177,174,6,parking,fuzzy
236.32864155825717,316,25,26,204,37,59,227,117,162,parking,fuzzy
236.4281644252869,329,187,198,79,230,242,238,181,57,parking,fuzzy
236.92721188283505,545,85,240,154,184,231,228,215,173,parking,fuzzy
236.9377424398369,260,226,172,167,40,252,205,143,146,parking,fuzzy
236.95810769831564,316,1,174,27,248,237,203,167,67,parking,fuzzy
237.05897019516647,329,38,16,234,209,92,28,217,144,parking,fuzzy
237.5599047868396,545,207,94,45,123,243,40,152,185,parking,fuzzy
237.5706400549866,260,155,130,86,52,91,194,167,60,parking,fuzzy
237.59161414720143,316,3,127,1,63,102,4,102,113,parking,fuzzy
237.69105789781395,329,213,93,75,181,190,59,138,52,parking,fuzzy
238.19183900297298,545,134,24,152,254,103,38,70,29,parking,fuzzy
238.20099026166346,260,160,151,213,72,62,48,250,225,parking,fuzzy
238.22021459284977,316,126,241,159,60,147,236,54,61,parking,fuzzy
238.31990564704614,329,139,221,247,28,147,85,37,152,parking,fuzzy
238.8202810200376,545,1,228,178,95,0,229,46,130,parking,fuzzy
238.83116499438825,260,188,182,216,37,147,5,163,226,parking,fuzzy
238.85158343121006,316,122,238,9,228,113,212,17,37,parking,fuzzy
238.95181421257465,329,181,73,38,95,5,196,21,119,parking,fuzzy
239.45344523429029,545,172,151,176,172,187,113,244,163,parking,fuzzy
239.46249259841076,260,252,177,201,29,79,161,197,82,parking,fuzzy
239.4816422780586,316,202,115,191,138,216,24,193,63,parking,fuzzy
239.58212359873858,329,169,255,25,145,107,82,70,123,parking,fuzzy
240.08271167623326,545,182,105,252,119,92,210,135,243,parking,fuzzy
240.0927942247749,260,33,121,146,97,31,157,243,120,parking,fuzzy
240.1137090877378,316,40,39,108,95,46,86,135,198,parking,fuzzy
240.21384211789814,329,188,154,136,115,104,221,193,116,parking,fuzzy
240.71388687083723,545,146,253,223,137,36,176,92,157,parking,fuzzy
240.72449310066966,260,193,88,69,129,177,192,60,128,parking,fuzzy
240.74354168766425,316,8,185,115,198,239,105,156,122,parking,fuzzy
240.84447407848762,329,28,202,52,38,6,84,62,220,parking,fuzzy
241.34434666656762,545,209,222,89,114,137,151,28,28,parking,fuzzy
241.35516699524348,260,50,80,67,83,115,15,161,18,parking,fuzzy
241.376031701716,316,118,92,21,121,42,72,151,90,parking,fuzzy
241.47688571660274,329,217,158,24,101,46,91,30,187,parking,fuzzy
241.9774236075533,545,253,173,71,155,235,80,113,196,parking,fuzzy
241.9880291950663,260,131,253,24,222,79,192,174,175,parking,fuzzy
242.00845161332023,316,135,90,160,240,3,165,149,6,parking,fuzzy
242.10857757763483,329,126,71,144,46,203,64,117,244,parking,fuzzy
242.60956903459646,545,225,129,65,72,21,105,86,46,parking,fuzzy
242.61974475423986,260,149,102,194,120,83,198,251,88,parking,fuzzy
242.6391356491566,316,162,45,82,57,77,217,127,87,parking,fuzzy
242.73849270665065,329,89,5,189,189,2,250,9,107,parking,fuzzy
243.2387317924801,545,192,4,19,10,187,12,51,121,parking,fuzzy
243.2487117341033,260,146,26,252,85,154,21,40,146,parking,fuzzy
243.26814198768287,316,50,158,230,99,215,254,248,104,parking,fuzzy
243.36721690202555,329,251,78,198,135,181,27,65,58,parking,fuzzy
243.86746351272845,545,136,120,161,205,184,146,227,76,parking,fuzzy
243.87833831022425,260,33,100,203,165,137,217,33,70,parking,fuzzy
243.8983267334619,316,233,17,38,184,37,181,234,90,parking,fuzzy
243.9975153297539,329,49,46,59,234,13,244,193,231,parking,fuzzy
244.4982630570508,545,48,22,96,11,45,174,248,178,parking,fuzzy
244.50845792090476,260,219,9,206,190,118,42,242,166,parking,fuzzy
244.527744687662,316,15,238,95,217,78,99,156,251,parking,fuzzy
244.62816462032538,329,220,211,69,171,83,179,197,255,parking,fuzzy
245.12791805016482,545,76,6,246,140,116,152,38,39,parking,fuzzy
245.13888689207914,260,60,84,254,241,117,251,227,29,parking,fuzzy
245.15927683086574,316,53,135,236,63,198,211,165,140,parking,fuzzy
245.25972754061877,329,92,242,168,152,37,76,119,115,parking,fuzzy
245.76033871011896,545,197,63,167,3,86,179,91,229,parking,fuzzy
245.77093683050492,260,21,171,143,162,156,186,228,246,parking,fuzzy
245.79119549169351,316,40,122,95,167,254,146,211,89,parking,fuzzy
245.89175515431742,329,104,162,188,128,107,127,107,248,parking,fuzzy
246.3909035781204,545,218,212,124,236,206,155,80,172,parking,fuzzy
246.40110525971363,260,130,254,181,44,204,218,13,233,parking,fuzzy
246.42173288158455,316,93,5,134,138,59,151,130,229,parking,fuzzy
246.52157560992632,329,167,18,13,228,150,195,224,36,parking,fuzzy
247.02204587017067,545,74,187,84,77,54,169,57,23,parking,fuzzy
247.03294210421942,260,147,6,40,105,136,90,50,234,parking,fuzzy
247.05386086838487,316,100,113,96,159,229,234,138,38,parking,fuzzy
247.15343594485975,329,76,170,106,35,190,157,73,134,parking,fuzzy
247.65344622729322,545,117,90,39,143,167,248,68,38,parking,fuzzy
247.6637641974884,260,243,50,178,39,79,116,105,110,parking,fuzzy
247.6832303091211,316,249,193,123,204,99,57,215,252,parking,fuzzy
247.783614614485,329,170,131,47,157,212,181,132,146,parking,fuzzy
248.28274069119726,545,85,53,244,86,60,238,95,110,parking,fuzzy
248.29368967273751,260,168,11,190,174,166,107,18,18,parking,fuzzy
248.31345028077027,316,78,10,233,2,147,171,205,66,parking,fuzzy
248.41309511671733,329,195,118,173,118,86,70,251,116,parking,fuzzy
248.9121262041505,545,225,98,102,140,8,238,247,198,parking,fuzzy
248.92200276531534,260,199,19,98,89,253,49,179,213,parking,fuzzy
248.94281466440128,316,191,253,225,183,221,97,29,51,parking,fuzzy
249.0425115994647,329,155,230,76,39,69,166,47,76,parking,fuzzy
249.54160896329324,545,186,124,182,64,28,133,25,237,parking,fuzzy
249.5519881696519,260,37,229,98,225,199,215,112,65,parking,fuzzy
249.5716484485359,316,124,52,231,235,137,140,49,44,parking,fuzzy
249.67090888071743,329,35,70,58,106,245,26,234,30,parking,fuzzy
250.17093642472827,545,111,56,35,48,111,37,175,226,parking,fuzzy
250.18191494043145,260,57,123,141,143,218,47,12,191,parking,fuzzy
250.2022011489051,316,119,76,93,238,126,16,114,38,parking,fuzzy
250.30226474027307,329,80,18,60,113,23,53,192,69,parking,fuzzy
250.80321436760462,545,237,68,26,187,234,192,71,200,parking,fuzzy
250.81384902516098,260,21,200,50,164,249,42,164,178,parking,fuzzy
250.83464580042784,316,164,227,162,195,193,53,220,163,parking,fuzzy
250.93400921897353,329,23,62,85,61,54,39,163,161,parking,fuzzy
251.43328537452862,545,145,203,100,29,3,57,91,151,parking,fuzzy
251.44308413823583,260,217,154,180,168,163,200,120,183,parking,fuzzy
251.4624347681775,316,10,255,160,220,63,114,60,168,parking,fuzzy
251.56181997619507,329,252,184,91,170,139,74,158,120,parking,fuzzy
252.0608335979533,545,141,117,15,20,18,43,16,73,parking,fuzzy
252.07180960039307,260,253,34,193,231,174,213,251,34,city_driving,fuzzy
252.09205863698077,316,32,22,77,130,131,58,89,97,city_driving,fuzzy
252.1922501404627,329,175,156,254,82,23,3,84,248,city_driving,fuzzy
252.69133312038454,545,135,214,119,36,35,175,111,229,city_driving,fuzzy
252.70173061119036,260,199,232,105,1,247,223,25,169,city_driving,fuzzy
252.7225416106901,316,198,157,172,136,51,199,101,131,city_driving,fuzzy
252.82238355404152,329,151,76,0,116,133,231,51,32,city_driving,fuzzy
253.32329043090962,545,11,254,127,217,51,156,231,94,city_driving,fuzzy
253.33389037998364,260,149,244,122,170,195,195,175,51,city_driving,fuzzy
253.35411705665567,316,79,95,80,209,208,250,145,114,city_driving,fuzzy
253.45453213922377,329,238,114,13,191,73,98,187,217,city_driving,fuzzy
253.9548391287689,545,167,57,18,236,103,39,192,158,city_driving,fuzzy
253.9654671949931,260,13,127,21,205,86,171,143,153,city_driving,fuzzy
253.9860192877867,316,37,3,230,113,21,236,84,156,city_driving,fuzzy
254.0869158132627,329,31,61,131,26,157,59,152,44,city_driving,fuzzy
254.58626475720303,545,181,84,113,119,39,63,213,33,city_driving,fuzzy
254.59583967501374,260,173,173,161,166,113,46,129,80,city_driving,fuzzy
254.6152464999306,316,63,230,8,88,114,6,61,67,city_driving,fuzzy
254.71464191125372,329,88,20,179,48,106,100,98,13,city_driving,fuzzy
255.21456020082547,545,8,250,57,197,156,36,122,218,city_driving,fuzzy
255.22473514514917,260,19,237,55,12,41,198,103,159,city_driving,fuzzy
255.24496144941776,316,230,153,207,150,51,197,128,194,city_driving,fuzzy
255.3450232297628,329,116,42,16,70,162,30,81,68,city_driving,fuzzy
255.8454709875886,545,192,148,80,208,43,223,221,190,city_driving,fuzzy
255.8563266218517,260,152,108,186,245,198,193,57,191,city_driving,fuzzy
255.8771481916903,316,155,39,84,75,1,214,196,74,city_driving,fuzzy
255.9771526608973,329,158,248,38,151,153,193,114,13,city_driving,fuzzy
256.476860900786,545,107,5,237,39,246,255,243,32,city_driving,fuzzy
256.4876414769726,260,81,251,156,118,51,203,126,158,city_driving,fuzzy
256.5083175849672,316,93,20,176,246,70,117,138,18,city_driving,fuzzy
256.60810316461595,329,16,103,102,156,43,164,148,235,city_driving,fuzzy
257.10794483650756,545,20,42,118,96,92,237,249,146,city_driving,fuzzy
257.1186056555465,260,166,7,217,17,121,141,42,52,city_driving,fuzzy
257.13819704033176,316,18,61,200,51,184,38,2,4,city_driving,fuzzy
257.2375431223262,329,240,104,123,150,18,151,14,32,city_driving,fuzzy
257.73756920651164,545,181,132,254,57,135,50,152,232,city_driving,fuzzy
257.7478296304804,260,229,31,40,3,4,233,138,206,city_driving,fuzzy
257.7679433685593,316,248,114,194,67,206,188,45,129,city_driving,fuzzy
257.8687860175644,329,29,55,119,140,18,199,121,214,city_driving,fuzzy
258.3695405294261,545,231,221,239,85,166,130,18,43,city_driving,fuzzy
258.3789467156727,260,111,52,93,84,254,61,60,232,city_driving,fuzzy
258.39949395674364,316,197,183,247,41,69,104,44,136,city_driving,fuzzy
258.50004254815957,329,247,172,164,107,247,14,93,23,city_driving,fuzzy
258.9991225966834,545,85,29,126,223,117,156,198,168,city_driving,fuzzy
259.00867907342047,260,141,196,154,17,245,209,131,68,city_driving,fuzzy
259.0283351687245,316,173,130,27,40,60,255,218,146,city_driving,fuzzy
259.12872157917883,329,85,252,16,111,14,142,227,22,city_driving,fuzzy
259.6293963522899,545,69,160,247,42,91,32,97,139,city_driving,fuzzy
259.639675727565,260,240,218,118,222,208,84,38,232,city_driving,fuzzy
259.659165890522,316,151,69,170,207,65,43,87,158,city_driving,fuzzy
259.75849112590373,329,56,1,1,99,28,89,2,63,city_driving,fuzzy
260.25880687427775,545,246,233,48,194,143,51,163,141,city_driving,fuzzy
260.2685060813979,260,223,141,152,55,222,248,107,25,city_driving,fuzzy
260.2880269710668,316,2,106,190,139,230,230,211,186,city_driving,fuzzy
260.388905715275,329,115,55,189,223,206,219,83,140,city_driving,fuzzy
260.88902804275347,545,30,238,53,53,232,40,166,129,city_driving,fuzzy
260.89945985229406,260,139,16,205,233,7,197,210,133,city_driving,fuzzy
260.9187659717375,316,63,63,76,25,79,142,193,253,city_driving,fuzzy
261.0183222497775,329,139,203,162,105,156,235,88,52,city_driving,fuzzy
261.517609932785,545,205,149,255,138,7,144,236,158,city_driving,fuzzy
261.52666117213835,260,91,69,92,209,220,166,57,133,city_driving,fuzzy
261.5472147475957,316,182,70,197,158,65,100,119,226,city_driving,fuzzy
261.6472946049726,329,99,105,15,218,131,96,192,8,city_driving,fuzzy
262.1479310161652,545,238,183,186,198,187,135,253,90,city_driving,fuzzy
262.1574660005589,260,249,182,219,209,89,0,123,11,city_driving,fuzzy
262.1774243336943,316,46,80,12,168,181,224,25,152,city_driving,fuzzy
262.2766530857464,329,54,35,43,18,240,181,74,36,city_driving,fuzzy
262.7759418548364,545,94,103,189,92,182,108,178,130,city_driving,fuzzy
262.78670138200073,260,100,158,4,19,76,104,107,169,city_driving,fuzzy
262.806983684634,316,37,14,107,0,79,189,153,230,city_driving,fuzzy
262.907477178374,329,154,210,26,107,178,68,170,54,city_driving,fuzzy
263.40681213911006,545,34,99,150,240,244,49,63,100,city_driving,fuzzy
263.41743234636135,260,209,22,106,37,100,182,53,245,city_driving,fuzzy
263.43692363781025,316,190,176,4,134,150,185,162,168,city_driving,fuzzy
263.5379218338194,329,207,48,107,119,104,113,194,238,city_driving,fuzzy
264.0386544978854,545,185,53,3,8,114,87,227,149,city_driving,fuzzy
264.04877541014844,260,64,30,96,192,54,244,133,129,city_driving,fuzzy
264.0683316259229,316,87,19,120,9,93,89,57,164,city_driving,fuzzy
264.16774793393716,329,138,142,75,143,81,174,75,18,city_driving,fuzzy
264.6667866450611,545,163,243,242,203,188,115,85,225,city_driving,fuzzy
264.67630777472453,260,155,177,52,181,193,146,23,172,city_driving,fuzzy
264.69687983342385,316,141,200,145,147,196,52,48,205,city_driving,fuzzy
264.7970095023405,329,185,0,154,155,167,139,59,157,city_driving,fuzzy
265.29798519695225,545,204,44,53,61,194,24,74,101,city_driving,fuzzy
265.30825306849977,260,146,121,3,136,170,74,244,243,city_driving,fuzzy
265.329155761364,316,5,174,240,143,176,221,151,61,city_driving,fuzzy
265.42947011615587,329,194,97,60,218,205,5,27,49,city_driving,fuzzy
265.9301123068385,545,192,224,89,227,9,247,84,41,city_driving,fuzzy
265.9394644690167,260,252,61,200,242,179,165,104,161,city_driving,fuzzy
265.9588673651315,316,42,24,115,1,41,48,128,176,city_driving,fuzzy
266.0586532373657,329,50,34,98,60,157,121,97,75,city_driving,fuzzy
266.55802027171035,545,216,171,141,58,210,8,166,219,city_driving,fuzzy
266.56768793271505,260,119,75,55,150,85,99,229,137,city_driving,fuzzy
266.58720885569005,316,158,184,111,249,93,141,82,37,city_driving,fuzzy
266.68736173966596,329,68,62,107,42,160,84,198,16,city_driving,fuzzy
267.18751647382845,545,154,57,69,87,199,232,32,246,city_driving,fuzzy
267.1972945926126,260,10,195,162,189,151,140,24,87,city_driving,fuzzy
267.21792093519826,316,209,70,171,18,143,236,219,108,city_driving,fuzzy
267.31714177335886,329,4,82,226,13,83,108,223,211,city_driving,fuzzy
267.816421474599,545,230,123,15,158,154,216,66,102,city_driving,fuzzy
267.82682691192866,260,193,41,10,105,92,50,193,115,city_driving,fuzzy
267.8471771684381,316,68,118,68,209,36,72,223,58,city_driving,fuzzy
267.946358386678,329,179,34,62,2,169,114,155,173,city_driving,fuzzy
268.44667584775493,545,247,102,89,113,90,52,67,82,city_driving,fuzzy
268.45716033872634,260,212,114,42,6,30,98,2,105,city_driving,fuzzy
268.47743826353707,316,210,1,75,88,3,55,153,156,city_driving,fuzzy
268.5770651991272,329,244,8,236,102,85,185,143,226,city_driving,fuzzy
269.0776379679714,545,89,223,223,242,192,159,204,19,city_driving,fuzzy
269.0872745076855,260,80,190,97,216,94,71,138,152,city_driving,fuzzy
269.1074494129022,316,86,206,255,234,98,11,173,224,city_driving,fuzzy
269.20704236180603,329,219,210,201,73,166,25,45,208,city_driving,fuzzy
269.7073302686751,545,156,159,202,118,39,236,185,29,city_driving,fuzzy
269.7180275422275,260,82,20,29,69,153,227,180,179,city_driving,fuzzy
269.73724185608535,316,118,69,93,220,115,107,232,118,city_driving,fuzzy
269.83660573229815,329,24,89,107,211,155,154,255,123,city_driving,fuzzy
270.33709085860124,545,55,205,116,116,39,72,213,130,city_driving,fuzzy
270.34755820053846,260,224,61,241,232,54,103,150,52,city_driving,fuzzy
270.36710079294375,316,97,17,160,34,210,135,24,1,city_driving,fuzzy
270.46747529500436,329,181,175,48,21,173,177,140,217,city_driving,fuzzy
270.9672867825986,545,254,71,239,61,87,203,233,214,city_driving,fuzzy
270.977843428448,260,121,222,175,43,174,146,185,26,city_driving,fuzzy
270.9985892998281,316,22,189,203,113,54,194,20,22,city_driving,fuzzy
271.09887141920916,329,177,134,7,75,125,220,224,197,city_driving,fuzzy
271.59879295874555,545,94,57,177,96,44,228,153,44,city_driving,fuzzy
271.6086205897648,260,213,44,75,130,246,107,253,43,city_driving,fuzzy
271.62835882039235,316,192,199,2,60,42,127,218,120,city_driving,fuzzy
271.7281001611479,329,131,56,101,188,181,237,195,76,city_driving,fuzzy
272.22795142962906,545,157,209,146,60,116,85,97,230,city_driving,fuzzy
272.23850570689467,260,108,70,84,1,23,173,136,244,city_driving,fuzzy
272.25798161720144,316,170,59,220,147,64,201,14,73,city_driving,fuzzy
272.35787939363325,329,52,198,207,215,32,224,138,7,city_driving,fuzzy
272.85785513912475,545,213,192,147,204,138,118,135,168,city_driving,fuzzy
272.86827568655264,260,197,231,11,243,14,251,174,138,city_driving,fuzzy
272.88775980168583,316,122,24,0,77,70,9,17,65,city_driving,fuzzy
272.98739303423156,329,169,100,129,98,66,194,135,122,city_driving,fuzzy
273.48698187622983,545,90,236,35,241,212,184,101,254,city_driving,fuzzy
273.497314453142,260,255,98,85,189,133,79,5,152,city_driving,fuzzy
273.51783140545285,316,35,81,86,135,172,202,241,204,city_driving,fuzzy
273.6172662582301,329,243,20,14,139,111,200,248,189,city_driving,fuzzy
274.1165271410908,545,183,83,55,249,77,189,50,190,city_driving,fuzzy
274.12716258335195,260,152,232,109,252,194,184,76,240,city_driving,fuzzy
274.14782541673986,316,73,82,146,185,247,60,108,66,city_driving,fuzzy
274.2484976699948,329,2,231,242,117,13,112,203,224,city_driving,fuzzy
274.7485153613805,545,49,218,189,248,125,31,248,227,city_driving,fuzzy
274.758955322301,260,25,248,249,157,225,129,104,85,city_driving,fuzzy
274.7790831566183,316,249,16,79,178,19,94,217,167,city_driving,fuzzy
274.87877107350874,329,222,115,34,20,68,131,212,168,city_driving,fuzzy
275.37938733579307,545,227,63,132,244,3,82,63,174,city_driving,fuzzy
275.38932925587966,260,140,31,82,135,249,12,188,69,city_driving,fuzzy
275.409182418379,316,48,95,185,29,4,240,131,190,city_driving,fuzzy
275.5097305620267,329,69,92,28,100,112,224,160,153,city_driving,fuzzy
276.00926385990346,545,164,204,47,38,38,39,104,63,city_driving,fuzzy
276.01626119315443,260,222,252,102,84,248,34,106,92,city_driving,fuzzy
276.0363118298782,316,116,131,4,198,213,28,82,138,city_driving,fuzzy
276.1355559507363,329,26,88,159,121,38,189,202,185,city_driving,fuzzy
276.63612004962016,545,132,228,118,27,53,135,140,86,city_driving,fuzzy
276.64693671366905,260,191,78,7,1,212,64,218,237,city_driving,fuzzy
276.66660275846755,316,208,61,75,64,37,71,39,179,city_driving,fuzzy
276.76656891944566,329,183,72,184,35,140,244,35,76,city_driving,fuzzy
277.2658222978253,545,222,205,97,29,230,168,108,246,city_driving,fuzzy
277.2748987856421,260,82,67,41,6,129,96,137,17,city_driving,fuzzy
277.29460867943766,316,29,1,94,68,141,75,99,38,city_driving,fuzzy
277.39537999790684,329,30,31,22,188,196,9,101,137,city_driving,fuzzy
277.8963788078059,545,124,181,222,115,60,223,128,164,city_driving,fuzzy
277.90564123239636,260,58,205,165,170,209,111,99,211,city_driving,fuzzy
277.92638488809115,316,188,158,229,73,215,130,116,255,city_driving,fuzzy
278.02667343082425,329,169,6,32,125,180,110,244,124,city_driving,fuzzy
278.52681552190495,545,127,220,241,225,161,202,101,135,city_driving,fuzzy
278.5368184037194,260,237,176,163,75,41,228,71,94,city_driving,fuzzy
278.5567000143739,316,8,189,237,202,130,67,70,121,city_driving,fuzzy
278.656341938718,329,53,254,61,153,122,9,14,157,city_driving,fuzzy
279.15574252432356,545,137,151,162,78,6,64,234,167,city_driving,fuzzy
279.1661366251697,260,203,133,121,56,145,111,50,35,city_driving,fuzzy
279.18686215848237,316,51,72,0,139,27,222,233,241,city_driving,fuzzy
279.2872477898676,329,22,118,254,0,238,112,26,74,city_driving,fuzzy
279.78680171044425,545,182,92,3,186,230,222,103,172,city_driving,fuzzy
279.7974327087151,260,143,26,209,212,14,28,91,35,city_driving,fuzzy
279.8182683928274,316,22,179,56,49,116,67,249,214,city_driving,fuzzy
279.9189781406489,329,117,101,184,66,54,114,232,47,city_driving,fuzzy
280.4191519783306,545,159,221,137,237,122,215,155,120,city_driving,fuzzy
280.4294989305968,260,168,9,143,181,50,170,165,224,city_driving,fuzzy
280.4496045114598,316,82,154,244,202,34,117,162,13,city_driving,fuzzy
280.549323205908,329,133,37,2,85,59,31,181,119,city_driving,fuzzy
281.0489100836657,545,244,250,98,13,22,197,137,45,city_driving,fuzzy
281.05885622966986,260,163,46,110,19,121,206,44,1,city_driving,fuzzy
281.07921546297234,316,232,7,150,107,50,107,65,214,city_driving,fuzzy
281.1797646210058,329,89,32,168,104,70,249,69,55,city_driving,fuzzy
281.6798464620678,545,86,125,104,76,246,19,33,242,city_driving,fuzzy
281.69033778165624,260,97,163,105,234,114,145,64,9,city_driving,fuzzy
281.7102047413079,316,124,126,100,176,219,236,211,182,city_driving,fuzzy
281.81269119621123,329,6,253,173,112,105,69,115,7,city_driving,fuzzy
282.3134638333435,545,146,36,105,195,93,104,92,49,city_driving,fuzzy
282.32294074590567,260,71,15,175,34,81,236,195,251,city_driving,fuzzy
282.3419410203572,316,173,41,169,21,6,186,122,42,city_driving,fuzzy
282.4411186841883,329,236,130,199,135,13,46,16,85,city_driving,fuzzy
282.9401283780204,545,88,250,254,255,255,1,114,137,city_driving,fuzzy
282.94988426484565,260,28,104,94,91,42,4,201,220,city_driving,fuzzy
282.96962139184075,316,232,46,236,212,90,130,155,167,city_driving,fuzzy
283.06930027190145,329,63,216,212,207,186,133,192,210,city_driving,fuzzy
283.5688049331503,545,189,162,47,211,249,23,86,124,city_driving,fuzzy
283.5796114150985,260,20,231,242,229,12,84,143,13,city_driving,fuzzy
283.6005653727514,316,122,73,142,26,40,25,145,60,city_driving,fuzzy
283.7003034744691,329,30,252,130,194,168,53,79,35,city_driving,fuzzy
284.20113588234733,545,176,24,158,218,77,33,27,216,city_driving,fuzzy
284.21104773718105,260,112,95,96,151,47,236,91,21,city_driving,fuzzy
284.23078665945354,316,234,130,144,255,9,86,101,153,city_driving,fuzzy
284.3308713409012,329,145,20,41,6,82,149,37,154,city_driving,fuzzy
284.83087950896237,545,193,31,192,239,128,148,129,252,city_driving,fuzzy
284.84108129970537,260,42,210,96,214,206,42,50,165,city_driving,fuzzy
284.8612492076779,316,23,111,115,20,23,165,191,198,city_driving,fuzzy
284.9604453822918,329,98,210,236,30,35,105,186,45,city_driving,fuzzy
285.45963659200885,545,64,2,134,212,253,220,244,119,city_driving,fuzzy
285.4691243659303,260,92,117,41,59,118,112,250,106,city_driving,fuzzy
285.4897853437387,316,22,182,214,222,200,112,219,36,city_driving,fuzzy
285.58964896849943,329,131,209,77,180,16,162,65,85,city_driving,fuzzy
286.08920147378217,545,190,106,16,33,124,232,70,164,city_driving,fuzzy
286.09827812249375,260,131,78,72,186,163,21,14,83,city_driving,fuzzy
286.1189581883419,316,225,142,24,190,71,184,192,164,city_driving,fuzzy
286.21869471986776,329,37,98,215,149,242,155,172,47,city_driving,fuzzy
286.71864355105436,545,197,72,72,61,67,51,197,43,city_driving,fuzzy
286.7292598394899,260,252,244,171,199,49,71,210,148,city_driving,fuzzy
286.75007644972084,316,50,144,222,19,27,185,152,56,city_driving,fuzzy
286.84944936614096,329,172,155,125,166,101,125,56,225,city_driving,fuzzy
287.3502722029879,545,170,68,201,3,65,188,58,250,city_driving,fuzzy
287.3603068312381,260,204,34,244,84,116,168,130,195,city_driving,fuzzy
287.37954292894904,316,141,167,208,31,188,87,9,205,city_driving,fuzzy
287.4786032278219,329,63,84,89,135,139,201,30,156,city_driving,fuzzy
287.9782437676833,545,128,240,149,156,169,26,202,94,city_driving,fuzzy
287.9882709813467,260,112,209,232,7,56,3,16,103,city_driving,fuzzy
288.00864629422193,316,189,171,10,245,132,164,75,70,city_driving,fuzzy
288.10952889371333,329,227,28,209,137,57,201,185,157,city_driving,fuzzy
288.6086029003744,545,25,238,107,213,209,241,251,7,city_driving,fuzzy
288.61944065754966,260,70,127,101,215,175,119,112,106,city_driving,fuzzy
288.63932191204026,316,252,73,35,197,200,139,136,155,city_driving,fuzzy
288.738978155452,329,74,48,114,118,48,48,42,191,city_driving,fuzzy
289.23880676252224,545,21,13,163,211,36,75,143,174,city_driving,fuzzy
289.24921650087134,260,46,142,101,178,186,226,29,36,city_driving,fuzzy
289.2695821013496,316,254,15,148,118,0,167,149,150,city_driving,fuzzy
289.3690641892733,329,169,96,183,5,233,209,151,107,city_driving,fuzzy
289.86903704174716,545,88,203,133,158,218,16,185,116,city_driving,fuzzy
289.8796142402315,260,53,60,152,14,136,142,201,35,city_driving,fuzzy
289.89942855351836,316,29,196,193,54,3,243,109,201,city_driving,fuzzy
289.9989559914304,329,128,104,240,113,154,192,92,59,city_driving,fuzzy
290.49864695660636,545,190,151,156,86,241,227,6,106,city_driving,fuzzy
290.5088097498483,260,175,172,226,6,116,182,136,244,city_driving,fuzzy
290.5297288270163,316,178,26,2,236,110,12,117,13,city_driving,fuzzy
290.629672621012,329,227,104,144,137,58,40,26,55,city_driving,fuzzy
291.1292851867553,545,20,249,120,5,5,88,119,47,city_driving,fuzzy
291.13959184907,260,187,145,132,193,177,35,156,220,city_driving,fuzzy
291.1591360767385,316,6,176,151,174,72,77,161,18,city_driving,fuzzy
291.2593648808396,329,181,8,84,133,4,167,144,110,city_driving,fuzzy
291.75876950921844,545,196,13,179,199,249,181,49,41,city_driving,fuzzy
291.7691649378351,260,46,31,235,75,170,203,70,242,city_driving,fuzzy
291.7893281959756,316,225,202,219,226,182,44,38,216,city_driving,fuzzy
291.89029851332026,329,4,74,226,29,117,68,121,55,city_driving,fuzzy
292.39061252931947,545,232,169,14,145,136,233,34,249,city_driving,fuzzy
292.4005545583396,260,4,176,130,196,96,166,163,108,city_driving,fuzzy
292.4199437977892,316,76,220,97,216,214,232,242,84,city_driving,fuzzy
292.51949289523185,329,14,83,58,114,192,127,220,90,city_driving,fuzzy
293.0185720558339,545,61,187,106,166,136,181,201,178,city_driving,fuzzy
293.027867302872,260,215,126,96,102,167,214,174,161,city_driving,fuzzy
293.04742691884513,316,80,198,86,210,61,169,90,225,city_driving,fuzzy
293.1484103467798,329,253,251,138,245,126,37,58,72,city_driving,fuzzy
293.6480744087099,545,21,67,125,105,255,226,11,72,city_driving,fuzzy
293.65812323876725,260,148,106,140,54,156,89,143,66,city_driving,fuzzy
293.6778292748671,316,117,127,107,128,17,165,138,89,city_driving,fuzzy
293.77742340209903,329,206,119,115,138,220,219,172,251,city_driving,fuzzy
294.27828527267104,545,204,154,19,117,148,201,134,70,city_driving,fuzzy
294.28781011082435,260,151,89,227,124,121,197,119,243,city_driving,fuzzy
294.30857945612144,316,43,172,231,77,32,97,117,117,city_driving,fuzzy
294.4082731189906,329,15,72,23,24,227,89,9,103,city_driving,fuzzy
294.9087226358548,545,139,88,140,132,172,49,195,174,city_driving,fuzzy
294.9183724633246,260,72,136,220,232,235,132,175,123,city_driving,fuzzy
294.9383389645963,316,70,42,50,197,248,2,16,241,city_driving,fuzzy
295.03744075840825,329,101,135,141,87,168,187,175,148,city_driving,fuzzy
295.53645708763435,545,250,216,71,133,159,63,44,8,city_driving,fuzzy
295.5457148276775,260,229,72,247,14,15,101,239,183,city_driving,fuzzy
295.56629876147855,316,194,207,78,232,226,225,32,50,city_driving,fuzzy
295.6666930188865,329,124,49,204,103,77,25,154,15,city_driving,fuzzy
296.16585573090924,545,158,44,14,99,44,48,91,58,city_driving,fuzzy
296.1758924404116,260,28,6,221,131,0,173,136,142,city_driving,fuzzy
296.19524130982614,316,46,239,155,230,137,167,146,132,city_driving,fuzzy
296.29551500085074,329,247,26,163,224,241,213,181,170,city_driving,fuzzy
296.79474448059545,545,26,151,137,244,111,126,181,121,city_driving,fuzzy
296.80441660723784,260,190,30,141,234,110,229,64,99,city_driving,fuzzy
296.8252896805524,316,64,110,64,70,156,99,64,197,city_driving,fuzzy
296.9254964989735,329,201,238,41,187,251,20,189,98,city_driving,fuzzy
297.4250890749245,545,8,248,108,142,90,173,130,128,city_driving,fuzzy
297.43596047408954,260,59,165,12,231,93,178,211,220,city_driving,fuzzy
297.4551578990577,316,194,102,36,229,26,247,251,250,city_driving,fuzzy
297.5560986728294,329,1,39,54,243,202,98,94,4,city_driving,fuzzy
298.05570609245143,545,98,248,229,231,13,218,176,145,city_driving,fuzzy
298.0657292101315,260,55,50,145,182,11,236,5,114,city_driving,fuzzy
298.08630311739176,316,243,111,112,40,61,207,162,183,city_driving,fuzzy
298.18570692702974,329,102,65,12,26,186,213,66,232,city_driving,fuzzy
298.68647731382265,545,255,158,107,43,23,124,177,92,city_driving,fuzzy
298.69648195758185,260,219,199,113,196,193,85,180,238,city_driving,fuzzy
298.71615820266294,316,30,101,149,15,177,32,153,235,city_driving,fuzzy
298.8160537650609,329,219,98,172,54,55,142,154,121,city_driving,fuzzy
299.31521716240013,545,108,52,218,8,164,168,207,218,city_driving,fuzzy
299.32545345631434,260,143,255,45,165,223,133,230,239,city_driving,fuzzy
299.34516763430815,316,227,230,73,145,121,62,119,114,city_driving,fuzzy
299.4441868513006,329,88,150,180,155,29,129,248,196,city_driving,fuzzy
299.9437678486976,545,81,62,158,108,38,48,142,249,city_driving,fuzzy
299.95305862062906,260,147,24,218,162,227,11,7,255,city_driving,fuzzy
299.97391337418287,316,81,13,193,189,60,17,125,23,city_driving,fuzzy
300.0731657674155,329,13,69,224,225,154,241,18,218,city_driving,fuzzy
300.5724678640737,545,45,71,73,121,77,252,26,68,city_driving,fuzzy
300.58244844305943,260,71,6,197,118,185,67,203,75,city_driving,fuzzy
300.6028944444493,316,113,200,227,199,9,170,192,191,city_driving,fuzzy
300.7028584615588,329,160,82,60,16,19,191,240,191,city_driving,fuzzy
301.202982398151,545,164,91,236,53,10,119,141,51,city_driving,fuzzy
301.213283140754,260,111,105,134,191,201,253,164,213,city_driving,fuzzy
301.2341648240384,316,10,90,249,103,131,65,72,239,city_driving,fuzzy
301.3346448423435,329,143,158,138,118,149,59,216,221,city_driving,fuzzy
301.83478662369697,545,27,26,70,145,147,124,127,245,city_driving,fuzzy
301.8442675911432,260,26,138,68,248,220,196,195,26,city_driving,fuzzy
301.8636203715988,316,237,126,241,38,158,90,62,61,city_driving,fuzzy
301.9641443656192,329,89,0,215,190,12,78,168,137,city_driving,fuzzy
302.4635503037381,545,209,159,206,239,42,246,132,107,city_driving,fuzzy
302.47405672224363,260,19,88,163,2,128,170,92,56,city_driving,fuzzy
302.4950092482439,316,195,147,65,109,104,244,102,43,city_driving,fuzzy
302.59474837131376,329,145,68,201,107,72,124,38,22,city_driving,fuzzy
303.0968467058728,545,226,147,91,41,228,212,87,79,city_driving,fuzzy
303.10650284564196,260,89,200,197,37,166,250,100,97,city_driving,fuzzy
303.12680331897474,316,199,65,198,80,205,57,206,253,city_driving,fuzzy
303.2260111162434,329,197,242,232,156,120,221,166,55,city_driving,fuzzy
303.7259355067479,545,196,174,61,229,59,90,201,156,city_driving,fuzzy
303.7351634308778,260,188,227,23,188,153,34,100,208,city_driving,fuzzy
303.75422467560327,316,125,238,97,113,118,16,3,9,city_driving,fuzzy
303.8537935961396,329,13,158,82,152,74,78,162,157,city_driving,fuzzy
304.3533539252494,545,98,69,228,17,82,90,57,104,city_driving,fuzzy
304.3626248288037,260,111,198,238,163,183,137,28,247,city_driving,fuzzy
304.3820668837777,316,20,39,128,18,32,224,197,125,city_driving,fuzzy
304.48287360810633,329,111,204,11,185,226,225,153,180,city_driving,fuzzy
304.9821926550648,545,210,206,50,202,250,10,227,208,city_driving,fuzzy
304.9921817426636,260,249,72,2,55,232,168,129,124,city_driving,fuzzy
305.0117682500809,316,4,153,214,139,41,11,10,126,city_driving,fuzzy
305.1124011175451,329,149,169,9,38,163,52,211,24,city_driving,fuzzy
305.6132412371598,545,246,128,42,60,79,89,159,72,city_driving,fuzzy
305.62384469677204,260,83,73,143,78,181,41,74,64,city_driving,fuzzy
305.64360966172165,316,116,181,152,9,193,253,175,95,city_driving,fuzzy
305.74269008299746,329,217,140,24,93,131,144,178,62,city_driving,fuzzy
306.2432573114075,545,195,128,106,176,35,253,104,230,city_driving,fuzzy
306.2533397825883,260,102,209,51,199,210,127,7,120,city_driving,fuzzy
306.27285512213786,316,222,218,168,55,232,43,51,45,city_driving,fuzzy
306.3723229597939,329,157,149,193,123,240,162,34,168,city_driving,fuzzy
306.8720059413525,545,138,129,93,151,45,166,246,213,city_driving,fuzzy
306.8825651866514,260,173,186,151,62,143,53,136,111,city_driving,fuzzy
306.9018048018113,316,138,214,102,223,145,10,155,242,city_driving,fuzzy
307.0012213945764,329,28,103,217,166,156,26,98,241,city_driving,fuzzy
307.50195471512995,545,248,200,190,121,189,213,134,224,city_driving,fuzzy
307.5115153493257,260,254,223,124,158,164,132,226,164,city_driving,fuzzy
307.53098992886436,316,60,16,211,187,168,81,184,143,city_driving,fuzzy
307.630297818299,329,22,175,255,10,73,105,53,37,city_driving,fuzzy
308.13065859801003,545,158,232,104,243,15,133,225,22,city_driving,fuzzy
308.1402709749888,260,55,243,204,154,78,85,102,127,city_driving,fuzzy
308.16068330101683,316,114,131,199,126,140,215,201,129,city_driving,fuzzy
308.2600213878043,329,238,55,78,162,66,82,68,135,city_driving,fuzzy
308.7597911266647,545,117,210,159,23,132,118,132,208,city_driving,fuzzy
308.76988035936273,260,186,164,37,167,150,224,176,102,city_driving,fuzzy
308.78931642679345,316,61,94,169,229,167,120,58,255,city_driving,fuzzy
308.8887185079223,329,218,201,151,198,176,127,102,221,city_driving,fuzzy
309.3881684057419,545,183,165,213,94,179,200,169,124,city_driving,fuzzy
309.3988501236637,260,215,119,165,105,191,80,142,109,city_driving,fuzzy
309.41910926359435,316,142,132,132,43,224,101,13,253,city_driving,fuzzy
309.519644595039,329,200,231,231,131,28,81,175,205,city_driving,fuzzy
310.02021092331756,545,91,213,13,171,102,103,70,31,city_driving,fuzzy
310.03043052918235,260,54,124,192,194,20,73,150,252,city_driving,fuzzy
310.05037025576064,316,208,61,111,236,90,56,239,122,city_driving,fuzzy
310.1510920231352,329,23,245,167,249,21,106,101,134,city_driving,fuzzy
310.65199301493095,545,221,205,133,91,35,235,104,164,city_driving,fuzzy
310.66287347064525,260,23,171,199,148,61,138,67,115,city_driving,fuzzy
310.683250020684,316,152,76,13,142,131,5,247,229,city_driving,fuzzy
310.78293686925934,329,254,211,121,242,47,112,219,4,city_driving,fuzzy
311.28251034226713,545,132,7,64,197,25,94,85,188,city_driving,fuzzy
311.2929106475681,260,165,219,63,80,194,105,6,181,city_driving,fuzzy
311.3124744255371,316,173,170,244,170,206,155,130,112,city_driving,fuzzy
311.41170996447835,329,136,49,7,139,210,2,173,214,city_driving,fuzzy
311.9118370869765,545,183,132,195,151,234,121,57,64,city_driving,fuzzy
311.9210975289999,260,166,85,170,237,25,9,143,221,city_driving,fuzzy
311.9409159336511,316,66,112,196,135,150,105,38,228,city_driving,fuzzy
312.0400366956326,329,46,148,204,202,161,85,58,151,city_driving,fuzzy
312.5392018991223,545,213,62,245,90,149,65,18,246,city_driving,fuzzy
312.5494945585839,260,240,56,225,104,225,105,55,231,city_driving,fuzzy
312.57029586899984,316,121,4,108,198,117,58,93,150,city_driving,fuzzy
312.6704969013433,329,80,245,60,123,211,218,241,88,city_driving,fuzzy
313.17107479524117,545,70,33,102,156,250,169,198,141,city_driving,fuzzy
313.1806201260361,260,228,252,169,105,101,96,45,219,city_driving,fuzzy
313.20107994345693,316,160,64,253,137,158,46,197,159,city_driving,fuzzy
313.3017887173214,329,173,169,195,137,174,40,117,225,city_driving,fuzzy
313.80096837535507,545,140,235,62,178,113,12,114,223,city_driving,fuzzy
313.81195547963637,260,180,93,209,241,73,226,228,58,city_driving,fuzzy
313.8316156948388,316,171,4,225,47,18,181,153,52,city_driving,fuzzy
313.93202993693694,329,0,134,153,58,135,223,49,103,city_driving,fuzzy
314.4320332546622,545,138,116,11,206,140,144,176,65,city_driving,fuzzy
314.44126379942577,260,213,186,190,137,12,38,39,36,city_driving,fuzzy
314.4611359158051,316,186,168,236,29,29,235,215,203,city_driving,fuzzy
314.5616855815489,329,242,251,109,14,134,148,217,38,city_driving,fuzzy
315.06152940729424,545,243,39,39,29,151,218,156,144,city_driving,fuzzy
315.07282918075555,260,10,20,229,97,123,87,179,201,city_driving,fuzzy
315.0931914455389,316,70,140,41,147,155,46,240,226,city_driving,fuzzy
315.1924583767869,329,117,240,64,202,168,63,22,209,city_driving,fuzzy
315.69193116078355,545,198,54,250,183,2,176,214,110,city_driving,fuzzy
315.70158576278004,260,204,30,156,87,7,6,19,54,city_driving,fuzzy
315.7214809182633,316,252,148,213,160,104,226,18,8,city_driving,fuzzy
315.8211698982691,329,113,120,93,12,143,90,119,231,city_driving,fuzzy
316.32093154092473,545,142,73,189,112,139,10,196,135,city_driving,fuzzy
316.3312252261866,260,144,205,178,31,178,98,48,44,city_driving,fuzzy
316.35195302169234,316,86,191,103,48,242,168,11,191,city_driving,fuzzy
316.4512432449128,329,4,74,169,60,166,123,219,96,city_driving,fuzzy
316.95103831965724,545,36,165,6,76,3,232,22,10,city_driving,fuzzy
316.960351145135,260,234,197,140,176,227,0,96,47,city_driving,fuzzy
316.98086544324144,316,144,173,74,254,3,70,31,31,city_driving,fuzzy
317.08050386853705,329,235,134,102,111,234,144,95,96,city_driving,fuzzy
317.5803032217908,545,248,153,227,100,151,166,2,219,city_driving,fuzzy
317.59117643866665,260,123,19,49,231,3,13,148,149,city_driving,fuzzy
317.611979716566,316,52,182,56,150,214,28,59,179,city_driving,fuzzy
317.71207589127727,329,194,226,215,228,201,235,145,133,city_driving,fuzzy
318.212313636931,545,4,2,174,3,250,51,152,9,city_driving,fuzzy
318.2220881212163,260,139,201,168,142,111,126,93,52,city_driving,fuzzy
318.24153686483464,316,84,114,30,49,155,44,31,190,city_driving,fuzzy
318.34066912488055,329,42,36,142,233,27,118,58,210,city_driving,fuzzy
318.8406345364248,545,226,95,62,89,30,252,122,6,city_driving,fuzzy
318.8513028864068,260,63,60,150,99,119,224,202,245,city_driving,fuzzy
318.8711529938017,316,245,124,94,83,134,11,170,103,city_driving,fuzzy
318.97035748511786,329,65,84,77,138,173,170,96,99,city_driving,fuzzy
319.4708952834094,545,67,230,63,151,147,131,1,103,city_driving,fuzzy
319.4815860668913,260,224,200,228,241,167,62,37,191,city_driving,fuzzy
319.5025142702216,316,62,216,39,148,177,44,122,185,city_driving,fuzzy
319.6034486950682,329,125,222,59,75,25,63,53,255,city_driving,fuzzy
320.1040280899794,545,35,140,46,26,14,21,76,254,city_driving,fuzzy
320.11325201248644,260,240,212,189,31,171,174,107,60,city_driving,fuzzy
320.1335780897916,316,85,128,75,68,104,202,45,70,city_driving,fuzzy
320.2333053221863,329,66,139,231,224,178,131,31,7,city_driving,fuzzy
320.73376328965924,545,21,254,74,161,154,128,212,32,city_driving,fuzzy
320.7436131747392,260,96,4,133,15,198,62,218,243,city_driving,fuzzy
320.76454577933913,316,109,15,31,8,163,182,57,181,city_driving,fuzzy
320.86376479254074,329,119,129,19,79,215,55,220,133,city_driving,fuzzy
321.3633584276015,545,171,191,16,151,149,84,130,114,city_driving,fuzzy
321.3725694154614,260,67,143,35,20,81,155,207,24,city_driving,fuzzy
321.39199419496896,316,98,4,50,28,145,85,237,218,city_driving,fuzzy
321.49183404776034,329,143,19,82,63,74,23,17,79,city_driving,fuzzy
321.99143221383093,545,23,82,152,60,255,30,115,44,city_driving,fuzzy
322.00117619878256,260,17,229,230,56,250,156,44,74,city_driving,fuzzy
322.02159107057923,316,232,172,22,235,30,234,74,173,city_driving,fuzzy
322.12203134252525,329,101,121,114,162,224,70,28,130,city_driving,fuzzy
322.62114715044777,545,90,241,180,150,190,246,65,5,city_driving,fuzzy
322.6315636999227,260,195,198,142,108,69,103,202,52,city_driving,fuzzy
322.6512506379654,316,96,217,40,181,168,147,44,213,city_driving,fuzzy
322.7504220223181,329,204,79,16,58,248,168,15,253,city_driving,fuzzy
323.24990426657837,545,217,200,177,141,253,75,106,157,city_driving,fuzzy
323.2601496026294,260,112,82,81,51,19,61,20,148,city_driving,fuzzy
323.2803145869443,316,37,209,24,82,214,30,72,134,city_driving,fuzzy
323.37936100262624,329,212,157,207,226,189,188,231,183,city_driving,fuzzy
323.880285262705,545,112,149,33,212,16,247,129,171,city_driving,fuzzy
323.8899266201322,260,191,186,150,208,98,23,126,183,city_driving,fuzzy
323.90947026577794,316,147,18,42,136,248,29,75,41,city_driving,fuzzy
324.00937438479133,329,149,200,164,79,133,69,73,185,city_driving,fuzzy
324.5099613017032,545,129,30,206,42,194,255,142,185,city_driving,fuzzy
324.5197519402238,260,136,7,33,190,243,72,53,75,city_driving,fuzzy
324.5406359111353,316,109,68,192,139,188,109,126,137,city_driving,fuzzy
324.6398173600104,329,59,107,137,222,245,131,106,63,city_driving,fuzzy
325.1403032466179,545,226,108,130,245,130,240,174,247,city_driving,fuzzy
325.151077381703,260,178,78,19,104,42,86,234,99,city_driving,fuzzy
325.17026176956807,316,176,182,249,112,123,67,110,191,city_driving,fuzzy
325.2702719616442,329,20,128,166,77,244,249,57,222,city_driving,fuzzy
325.76936586158996,545,190,186,226,184,213,20,163,165,city_driving,fuzzy
325.7798976234636,260,24,183,191,171,152,95,22,198,city_driving,fuzzy
325.80056750061317,316,204,148,165,6,241,162,73,217,city_driving,fuzzy
325.9013651804931,329,34,52,144,129,219,236,164,128,city_driving,fuzzy
326.400997841659,545,75,221,99,45,108,64,121,82,city_driving,fuzzy
326.41012039451505,260,68,206,19,56,111,3,172,176,city_driving,fuzzy
326.43040335033777,316,15,153,137,69,6,0,167,225,city_driving,fuzzy
326.5308695066942,329,45,142,107,171,133,123,107,186,city_driving,fuzzy
327.03175321403,545,243,235,122,98,85,235,130,231,city_driving,fuzzy
327.0415654740332,260,85,174,62,14,8,151,16,236,city_driving,fuzzy
327.06092996708367,316,92,216,149,228,22,2,79,73,city_driving,fuzzy
327.1613703189599,329,248,124,14,89,116,63,63,55,city_driving,fuzzy
327.6609247321667,545,81,65,60,180,93,45,112,88,city_driving,fuzzy
327.6710925032299,260,49,154,218,229,212,199,235,164,city_driving,fuzzy
327.6906539358187,316,226,89,146,117,218,26,53,236,city_driving,fuzzy
327.79163242300183,329,124,255,232,175,249,199,219,1,city_driving,fuzzy
328.2919948033613,545,234,93,134,73,173,90,182,32,city_driving,fuzzy
328.30142485338644,260,99,183,208,128,80,227,116,91,city_driving,fuzzy
328.32050917631574,316,253,142,195,19,58,201,98,250,city_driving,fuzzy
328.41990278446656,329,234,90,210,148,199,105,55,130,city_driving,fuzzy
328.9193357202203,545,107,57,9,242,220,56,191,11,city_driving,fuzzy
328.92840421431265,260,199,187,201,152,147,117,205,76,city_driving,fuzzy
328.9482056899129,316,47,241,209,84,6,75,118,89,city_driving,fuzzy
329.04909979109226,329,100,149,234,53,193,63,85,235,city_driving,fuzzy
329.54958887022195,545,219,61,28,212,46,193,45,122,city_driving,fuzzy
329.56005303832814,260,217,202,165,106,90,190,10,51,city_driving,fuzzy
329.5801755977868,316,142,252,154,17,132,199,100,105,city_driving,fuzzy
329.6801504539555,329,27,214,203,52,52,27,75,30,city_driving,fuzzy
330.1801531429718,545,95,207,46,75,129,51,246,146,city_driving,fuzzy
330.19055543708777,260,101,59,48,41,255,254,140,116,city_driving,fuzzy
330.2115388156505,316,144,137,58,146,84,60,209,150,city_driving,fuzzy
330.31229696221016,329,149,162,218,138,2,87,74,202,city_driving,fuzzy
330.8126550109741,545,190,238,96,156,251,80,128,175,city_driving,fuzzy
330.8227717744231,260,161,191,218,0,187,142,217,21,city_driving,fuzzy
330.8434133390416,316,46,52,252,252,145,37,12,217,city_driving,fuzzy
330.9435900334739,329,110,231,95,38,24,179,53,162,city_driving,fuzzy
331.44276943836036,545,161,235,24,208,2,111,179,230,city_driving,fuzzy
331.45328430527314,260,78,209,235,16,23,189,44,191,city_driving,fuzzy
331.4739103309142,316,155,57,1,233,196,129,107,62,city_driving,fuzzy
331.57309771704286,329,23,179,15,249,72,248,4,62,city_driving,fuzzy
332.0734934152359,545,207,32,140,207,244,171,164,68,city_driving,fuzzy
332.08258268623297,260,102,6,9,77,140,33,35,100,city_driving,fuzzy
332.10263967068875,316,45,64,156,144,241,127,12,186,city_driving,fuzzy
332.2023433403118,329,31,141,160,91,109,160,143,183,city_driving,fuzzy
332.7033266273319,545,221,137,39,193,33,89,141,234,city_driving,fuzzy
332.71325730745076,260,221,159,98,164,158,37,55,168,city_driving,fuzzy
332.7328492292929,316,51,216,141,56,194,171,103,121,city_driving,fuzzy
332.8336144221988,329,118,215,253,44,134,78,117,194,city_driving,fuzzy
333.33302195346647,545,60,8,133,249,54,161,8,200,city_driving,fuzzy
333.3433218130884,260,169,225,114,90,65,244,212,222,city_driving,fuzzy
333.3633725259382,316,238,104,235,73,144,41,34,174,city_driving,fuzzy
333.4627752019545,329,80,11,149,4,242,75,171,30,city_driving,fuzzy
333.96181385302015,545,137,79,202,73,222,168,172,167,city_driving,fuzzy
333.97247374610606,260,73,97,99,237,51,161,76,3,city_driving,fuzzy
333.9922451707342,316,157,51,72,152,201,162,30,49,city_driving,fuzzy
334.0929889912978,329,133,147,99,252,0,151,220,208,city_driving,fuzzy
334.5932350239599,545,18,100,161,58,218,61,24,26,city_driving,fuzzy
334.6040945669981,260,128,172,159,24,233,231,73,156,city_driving,fuzzy
334.62323385975094,316,217,82,92,101,160,65,209,254,city_driving,fuzzy
334.72352348408225,329,85,26,247,12,108,230,115,203,city_driving,fuzzy
335.22270579142753,545,30,162,62,88,52,253,47,145,city_driving,fuzzy
335.2326759066977,260,105,87,24,54,216,220,15,198,city_driving,fuzzy
335.2531653184865,316,9,80,75,91,88,123,17,116,city_driving,fuzzy
335.353638906453,329,113,232,23,76,163,54,184,205,city_driving,fuzzy
335.8529975853539,545,230,170,154,197,4,39,11,44,city_driving,fuzzy
335.86225084315066,260,122,188,121,107,105,80,18,67,city_driving,fuzzy
335.88302867316634,316,181,127,242,254,217,175,168,190,city_driving,fuzzy
335.982784034498,329,175,205,30,144,13,11,62,246,city_driving,fuzzy
336.4835518797118,545,89,167,215,136,190,45,112,168,city_driving,fuzzy
336.4937736703575,260,93,22,103,60,150,34,65,250,city_driving,fuzzy
336.5136233072306,316,243,254,18,136,107,114,224,161,city_driving,fuzzy
336.613163938506,329,217,215,7,44,43,123,231,92,city_driving,fuzzy
337.11355291927316,545,36,167,255,103,124,139,76,118,city_driving,fuzzy
337.123297870734,260,138,97,241,142,160,3,208,120,city_driving,fuzzy
337.14339148075413,316,78,93,155,69,67,85,21,220,city_driving,fuzzy
337.2427705666049,329,135,7,44,178,231,58,160,75,city_driving,fuzzy
337.742863790348,545,47,96,228,169,248,95,47,214,city_driving,fuzzy
337.7520743638385,260,218,59,58,170,179,148,1,176,city_driving,fuzzy
337.77204838337315,316,18,171,197,156,226,48,247,8,city_driving,fuzzy
337.8718228131967,329,164,19,152,75,127,18,204,41,city_driving,fuzzy
338.37236274356945,545,60,24,180,48,27,132,68,152,city_driving,fuzzy
338.3830472590519,260,48,225,175,150,105,119,193,112,city_driving,fuzzy
338.4025053712017,316,167,88,206,48,59,51,123,243,city_driving,fuzzy
338.50237915331513,329,226,95,206,182,34,138,82,101,city_driving,fuzzy
339.0025428270594,545,152,90,77,104,179,125,130,232,city_driving,fuzzy
339.0123072341811,260,240,237,60,14,169,161,24,34,city_driving,fuzzy
339.03230531801995,316,150,236,154,112,197,161,199,90,city_driving,fuzzy
339.13183196119843,329,231,46,74,194,54,51,137,241,city_driving,fuzzy
339.6309181739941,545,35,160,105,221,175,103,162,41,city_driving,fuzzy
339.6399505449301,260,58,121,106,94,119,22,26,126,city_driving,fuzzy
339.6608377321782,316,97,189,110,205,75,190,42,221,city_driving,fuzzy
339.7614934064269,329,28,144,159,176,174,158,54,60,city_driving,fuzzy
340.26121033669756,545,189,219,87,220,235,82,118,73,city_driving,fuzzy
340.27031374268677,260,142,131,22,58,149,74,119,52,city_driving,fuzzy
340.29119926816554,316,97,184,143,39,138,55,163,11,city_driving,fuzzy
340.3904872795144,329,241,213,229,71,193,109,212,19,city_driving,fuzzy
340.8910149830939,545,35,189,21,192,85,237,32,23,city_driving,fuzzy
340.90064714977166,260,89,60,204,220,227,60,158,119,city_driving,fuzzy
340.92145327403216,316,115,141,163,80,228,28,157,114,city_driving,fuzzy
341.02156152535724,329,101,232,180,183,224,44,239,207,city_driving,fuzzy
341.52244210978427,545,154,141,142,90,218,44,30,19,city_driving,fuzzy
341.5333946907259,260,74,79,103,93,230,171,50,113,city_driving,fuzzy
341.5531642415512,316,10,189,121,165,92,109,140,227,city_driving,fuzzy
341.6531413483265,329,195,247,186,213,229,87,48,151,city_driving,fuzzy
342.15284642381465,545,62,199,49,131,220,112,0,154,city_driving,fuzzy
342.16304560474725,260,233,158,29,48,201,104,227,160,city_driving,fuzzy
342.18210426174113,316,184,169,113,79,44,141,206,84,city_driving,fuzzy
342.2816901264705,329,87,109,189,78,186,125,224,252,city_driving,fuzzy
342.7808894259261,545,105,13,156,2,3,211,209,152,city_driving,fuzzy
342.7900074611528,260,56,167,146,27,185,127,140,229,city_driving,fuzzy
342.8096077325685,316,92,175,156,74,164,187,56,123,city_driving,fuzzy
342.90956815055273,329,232,177,18,119,128,147,12,199,city_driving,fuzzy
343.4096468071668,545,92,33,105,0,139,227,138,99,city_driving,fuzzy
343.41951233699854,260,187,229,196,124,17,191,179,43,city_driving,fuzzy
343.43975421498817,316,102,198,53,159,183,44,53,55,city_driving,fuzzy
343.5403497051795,329,241,21,6,68,113,5,103,85,city_driving,fuzzy
344.04016867900697,545,196,38,101,87,96,134,192,181,city_driving,fuzzy
344.0510078045709,260,122,250,123,151,99,9,177,224,city_driving,fuzzy
344.0711094815691,316,211,91,90,29,15,238,180,136,city_driving,fuzzy
344.17088215793905,329,5,50,100,141,38,232,113,150,city_driving,fuzzy
344.67142621321807,545,158,106,170,9,233,118,226,201,city_driving,fuzzy
344.6804381641383,260,117,220,231,47,83,140,46,70,city_driving,fuzzy
344.70129921773315,316,191,67,218,90,25,149,43,237,city_driving,fuzzy
344.8006088677666,329,242,240,247,206,56,130,228,99,city_driving,fuzzy
345.3015712343962,545,80,192,194,181,226,57,203,251,city_driving,fuzzy
345.3111640889922,260,99,2,32,66,28,169,189,206,city_driving,fuzzy
345.33216023275975,316,5,111,196,56,78,186,157,87,city_driving,fuzzy
345.43247919107944,329,174,114,41,107,128,235,182,157,city_driving,fuzzy
345.9327923400967,545,122,7,240,149,12,17,128,37,city_driving,fuzzy
345.94325203536397,260,123,135,238,46,243,74,1,157,city_driving,fuzzy
345.9639634261403,316,144,189,171,240,73,217,251,254,city_driving,fuzzy
346.0634886676303,329,160,60,59,132,5,21,101,198,city_driving,fuzzy
346.56305544820907,545,156,129,102,109,52,168,107,23,city_driving,fuzzy
346.5725662028654,260,235,142,182,102,24,119,33,97,city_driving,fuzzy
346.5932742222789,316,53,204,54,128,205,6,209,233,city_driving,fuzzy
346.69415435311225,329,188,114,196,243,67,82,46,175,city_driving,fuzzy
347.1933776146615,545,97,62,207,171,215,43,165,33,city_driving,fuzzy
347.2031778872408,260,151,165,232,145,214,60,190,53,city_driving,fuzzy
347.22358441956135,316,247,101,205,139,80,23,43,233,city_driving,fuzzy
347.3236344207985,329,228,40,147,150,207,152,153,242,city_driving,fuzzy
347.82404512402576,545,226,61,169,59,99,79,131,191,city_driving,fuzzy
347.83332645415453,260,19,31,246,147,152,96,156,84,city_driving,fuzzy
347.8539858959015,316,151,242,60,119,15,26,192,63,city_driving,fuzzy
347.9532697728046,329,230,64,23,123,130,254,82,171,city_driving,fuzzy
348.45387506997974,545,242,172,38,153,117,186,209,212,city_driving,fuzzy
348.4633278765727,260,39,233,57,43,80,239,27,225,city_driving,fuzzy
348.4839868333832,316,66,67,149,150,181,113,218,67,city_driving,fuzzy
348.5841885569194,329,246,169,216,214,173,194,14,230,city_driving,fuzzy
349.0850391783134,545,85,236,249,10,134,183,132,201,city_driving,fuzzy
349.09489088026874,260,246,133,185,32,215,224,71,26,city_driving,fuzzy
349.11445737936356,316,30,98,118,77,138,136,223,21,city_driving,fuzzy
349.2136619174699,329,176,236,178,85,161,132,26,4,city_driving,fuzzy
349.7130061568336,545,131,70,250,252,134,75,43,241,city_driving,fuzzy
349.72292977228693,260,25,228,22,250,75,44,152,84,city_driving,fuzzy
349.74229903776893,316,141,218,171,149,190,167,194,238,city_driving,fuzzy
349.84193285601185,329,84,186,217,186,102,183,227,24,city_driving,fuzzy
350.34152337210344,545,23,177,182,164,60,255,6,138,city_driving,fuzzy
350.35143931356737,260,35,247,1,123,242,43,252,39,city_driving,fuzzy
350.37103544659703,316,214,74,141,59,51,178,79,221,city_driving,fuzzy
350.4709303635229,329,202,143,26,83,146,137,143,142,city_driving,fuzzy
350.97096120133693,545,87,147,46,12,14,177,29,17,city_driving,fuzzy
350.9806899407553,260,74,32,124,100,71,138,135,167,city_driving,fuzzy
351.00035352169596,316,127,21,139,45,110,27,26,243,city_driving,fuzzy
351.09998274218464,329,243,244,123,222,215,181,61,114,city_driving,fuzzy
351.60078277110335,545,78,47,216,59,128,248,45,177,city_driving,fuzzy
351.6108390231648,260,57,4,161,252,35,200,226,186,city_driving,fuzzy
351.6306911662224,316,213,243,129,50,142,27,9,26,city_driving,fuzzy
351.7308274360863,329,102,133,180,231,66,62,133,155,city_driving,fuzzy
352.23043050575944,545,36,251,209,191,47,42,51,74,city_driving,fuzzy
352.23952571300345,260,238,70,233,199,121,85,155,185,city_driving,fuzzy
352.2586915623726,316,115,142,85,15,210,49,212,46,city_driving,fuzzy
352.3593726822823,329,170,242,202,33,84,85,25,222,city_driving,fuzzy
352.85849448923625,545,26,148,235,102,126,12,10,32,city_driving,fuzzy
352.8690288785756,260,9,156,243,227,12,63,79,89,city_driving,fuzzy
352.88831354124716,316,168,209,19,159,212,192,168,3,city_driving,fuzzy
352.9887574498266,329,147,172,205,48,66,44,231,3,city_driving,fuzzy
353.4896836212675,545,159,66,182,246,65,200,34,131,city_driving,fuzzy
353.49982686511225,260,155,214,200,138,148,131,4,72,city_driving,fuzzy
353.52050083822354,316,162,249,16,77,8,137,146,41,city_driving,fuzzy
353.6214886979372,329,39,18,160,58,108,105,126,253,city_driving,fuzzy
354.1214580331778,545,90,246,161,41,204,73,70,175,city_driving,fuzzy
354.13191637372233,260,185,99,114,140,128,134,80,191,city_driving,fuzzy
354.1518329357479,316,102,165,226,120,29,245,155,84,city_driving,fuzzy
354.2515667569826,329,162,206,101,253,17,96,166,136,city_driving,fuzzy
354.75109099208794,545,128,94,189,165,12,249,84,203,city_driving,fuzzy
354.76144801457536,260,124,174,24,248,2,23,171,137,city_driving,fuzzy
354.7806506872371,316,168,119,121,198,150,224,176,76,city_driving,fuzzy
354.8810374032951,329,145,154,76,173,88,150,71,163,city_driving,fuzzy
355.38090644702277,545,163,68,66,153,98,6,128,149,city_driving,fuzzy
355.39003715621544,260,41,52,98,89,51,13,63,96,city_driving,fuzzy
355.41043417604124,316,246,154,177,230,23,191,184,225,city_driving,fuzzy
355.51099421869503,329,142,245,225,42,142,149,175,90,city_driving,fuzzy
356.0107725674032,545,246,124,100,3,87,18,191,147,city_driving,fuzzy
356.0215798113852,260,169,10,9,208,27,54,18,41,city_driving,fuzzy
356.0412023702232,316,26,87,26,52,142,234,64,15,city_driving,fuzzy
356.14179537335406,329,243,163,31,166,212,247,55,113,city_driving,fuzzy
356.6452452803223,545,215,173,239,240,164,11,235,230,city_driving,fuzzy
356.65567195670457,260,92,62,30,63,36,52,6,157,city_driving,fuzzy
356.6748904848844,316,189,2,129,48,88,42,127,12,city_driving,fuzzy
356.77398872779287,329,153,78,5,145,38,66,240,43,city_driving,fuzzy
357.27426531461026,545,28,68,78,39,81,199,38,158,city_driving,fuzzy
357.2841300806876,260,191,184,208,181,132,112,51,19,city_driving,fuzzy
357.3039584895421,316,108,190,162,48,129,52,44,73,city_driving,fuzzy
357.404176142466,329,11,57,25,84,209,61,184,148,city_driving,fuzzy
357.9047128968084,545,248,148,238,169,72,81,49,83,city_driving,fuzzy
357.9156282463185,260,182,40,248,158,55,182,163,172,city_driving,fuzzy
357.93640381994743,316,21,86,46,175,132,31,140,214,city_driving,fuzzy
358.0361259992668,329,57,4,101,169,248,255,54,12,city_driving,fuzzy
358.53522186242236,545,227,166,10,169,226,130,199,161,city_driving,fuzzy
358.5457202343284,260,237,16,150,252,90,39,158,202,city_driving,fuzzy
358.5656201970557,316,124,216,150,200,223,225,65,206,city_driving,fuzzy
358.66608404384937,329,48,47,77,210,156,181,39,23,city_driving,fuzzy
359.16509353221124,545,89,242,76,191,66,94,144,117,city_driving,fuzzy
359.17491264286224,260,142,184,180,38,130,255,163,99,city_driving,fuzzy
359.19458888782964,316,122,41,73,91,71,109,77,19,city_driving,fuzzy
359.2936796799871,329,41,58,252,11,60,196,162,39,city_driving,fuzzy
359.79327616467725,545,132,183,44,95,233,96,186,110,city_driving,fuzzy
359.80368340411286,260,149,178,57,126,204,19,152,26,city_driving,fuzzy
359.82449133088346,316,143,152,144,173,243,226,85,121,city_driving,fuzzy
359.9235642950829,329,187,99,171,81,159,143,31,182,city_driving,fuzzy
360.42380359311085,545,39,84,21,70,87,76,29,207,city_driving,fuzzy
360.43308417627344,260,111,225,97,55,161,158,216,43,city_driving,fuzzy
360.4537809602241,316,246,191,115,123,177,125,19,62,city_driving,fuzzy
360.553976657389,329,173,234,11,141,218,220,114,120,city_driving,fuzzy
361.0545092324892,545,94,101,41,155,45,9,8,92,city_driving,fuzzy
361.0640548756766,260,235,8,182,239,145,142,22,77,city_driving,fuzzy
361.08491687282014,316,154,121,139,159,220,29,179,234,city_driving,fuzzy
361.1854950853285,329,154,138,62,233,29,101,136,231,city_driving,fuzzy
361.6845622639702,545,63,52,92,116,228,82,160,99,city_driving,fuzzy
361.69458014743594,260,208,44,107,109,161,72,210,92,city_driving,fuzzy
361.7153348956227,316,180,57,246,217,105,124,126,72,city_driving,fuzzy
361.8150327441904,329,100,101,171,214,67,41,32,61,city_driving,fuzzy
362.31536684815745,545,92,134,208,171,243,168,72,16,city_driving,fuzzy
362.3261963950929,260,250,142,108,126,85,129,110,176,city_driving,fuzzy
362.3457235310505,316,227,213,183,6,61,109,250,150,city_driving,fuzzy
362.4450935049297,329,177,124,164,91,83,97,70,113,city_driving,fuzzy
362.9450848027286,545,236,66,135,92,134,73,42,137,city_driving,fuzzy
362.95478844805507,260,144,125,98,179,227,255,238,174,city_driving,fuzzy
362.97507410049144,316,24,20,247,138,125,71,242,245,city_driving,fuzzy
363.07382925866796,329,111,57,155,176,76,195,201,31,city_driving,fuzzy
363.5730065161471,545,61,80,143,166,183,122,36,120,city_driving,fuzzy
363.58294219242174,260,250,148,37,16,128,142,103,124,city_driving,fuzzy
363.60327889519124,316,104,155,232,128,117,185,69,73,city_driving,fuzzy
363.70370340979974,329,72,240,220,170,138,182,137,119,city_driving,fuzzy
364.20302750270264,545,77,242,139,57,147,151,81,29,city_driving,fuzzy
364.2135971215234,260,142,50,98,215,141,7,58,251,city_driving,fuzzy
364.23383502397763,316,16,251,217,57,41,91,204,158,city_driving,fuzzy
364.3340811810932,329,207,54,205,5,18,189,7,141,city_driving,fuzzy
364.83444639487453,545,43,183,145,22,129,182,153,170,city_driving,fuzzy
364.8451477014226,260,26,94,246,203,192,251,250,34,city_driving,fuzzy
364.8658322667651,316,82,186,89,79,41,82,202,20,city_driving,fuzzy
364.9656287765525,329,220,32,255,71,97,143,26,199,city_driving,fuzzy
365.46572355841863,545,170,166,199,138,94,69,37,90,city_driving,fuzzy
365.4759279580985,260,163,201,120,168,111,243,1,171,city_driving,fuzzy
365.4955818881518,316,191,120,96,40,233,190,69,159,city_driving,fuzzy
365.5957940769947,329,168,47,165,29,17,222,151,127,city_driving,fuzzy
366.0953488888686,545,249,184,60,227,134,125,32,26,city_driving,fuzzy
366.10596281714203,260,175,92,10,17,78,2,127,64,city_driving,fuzzy
366.1252526429735,316,123,208,42,148,52,153,244,188,city_driving,fuzzy
366.2249883312771,329,238,119,212,153,235,125,132,212,city_driving,fuzzy
366.725150175611,545,0,161,91,81,121,72,126,239,city_driving,fuzzy
366.73431864888676,260,186,161,179,99,246,147,76,126,city_driving,fuzzy
366.75522425135705,316,40,143,200,10,64,11,183,232,city_driving,fuzzy
366.8544444949983,329,12,154,236,146,163,22,1,130,city_driving,fuzzy
367.35513218473665,545,161,27,206,105,206,245,219,8,city_driving,fuzzy
367.3644230251169,260,101,29,184,144,240,195,31,243,city_driving,fuzzy
367.3843246520189,316,88,97,140,55,241,54,74,103,city_driving,fuzzy
367.48493923623255,329,154,122,41,224,35,106,242,153,city_driving,fuzzy
367.98578539703664,545,118,111,46,215,82,60,196,139,city_driving,fuzzy
367.9961266361877,260,193,105,190,6,76,93,143,243,city_driving,fuzzy
368.01690278759366,316,91,123,236,105,203,233,157,68,city_driving,fuzzy
368.11676290066606,329,243,167,172,133,195,63,218,74,city_driving,fuzzy
368.6176020734074,545,42,159,46,222,244,9,210,204,city_driving,fuzzy
368.62672009959414,260,117,59,198,215,101,239,3,12,city_driving,fuzzy
368.6458089617058,316,22,150,139,128,26,209,136,28,city_driving,fuzzy
368.74507241459185,329,190,135,249,91,87,250,242,156,city_driving,fuzzy
369.2450285366427,545,235,8,123,80,13,146,74,249,city_driving,fuzzy
369.2552904201094,260,161,221,156,207,247,142,188,161,city_driving,fuzzy
369.2745237282459,316,104,146,160,74,250,211,139,68,city_driving,fuzzy
369.3746497883788,329,68,210,98,154,206,14,34,212,city_driving,fuzzy
369.8753759372266,545,222,107,193,34,10,156,242,202,city_driving,fuzzy
369.8851502163431,260,119,142,31,69,28,99,249,142,city_driving,fuzzy
369.9053413381306,316,250,78,231,248,6,106,216,160,city_driving,fuzzy
370.00474733765736,329,235,201,255,180,219,94,27,75,city_driving,fuzzy
370.50560978408754,545,181,238,48,143,65,213,85,224,city_driving,fuzzy
370.5147310695538,260,68,66,64,5,52,42,22,42,city_driving,fuzzy
370.53421930391625,316,239,240,147,74,127,51,241,84,city_driving,fuzzy
370.63336103851935,329,93,169,149,2,3,195,99,8,city_driving,fuzzy
371.13350194652605,545,182,205,62,40,140,131,9,222,city_driving,fuzzy
371.144358975344,260,106,194,137,176,174,26,253,175,city_driving,fuzzy
371.1644086544848,316,71,90,70,224,233,125,15,38,city_driving,fuzzy
371.2635309573944,329,117,207,188,97,151,133,37,158,city_driving,fuzzy
371.76349559612345,545,145,182,194,234,13,152,226,155,city_driving,fuzzy
371.77251634528665,260,199,228,95,166,21,10,143,143,city_driving,fuzzy
371.7921075819929,316,173,239,209,219,57,56,32,222,city_driving,fuzzy
371.89180730591426,329,244,134,75,123,211,148,73,59,city_driving,fuzzy
372.3911517947897,545,129,184,90,130,43,209,139,181,city_driving,fuzzy
372.40185873083544,260,56,66,136,195,192,138,204,38,city_driving,fuzzy
372.4225806855226,316,21,186,67,42,66,84,227,92,city_driving,fuzzy
372.5231225157048,329,73,36,104,195,109,194,159,91,city_driving,fuzzy
373.02235818820895,545,168,7,167,54,7,156,78,243,city_driving,fuzzy
373.03230239588316,260,55,184,51,223,84,238,0,249,city_driving,fuzzy
373.0531583759741,316,148,181,130,162,65,55,78,235,city_driving,fuzzy
373.15382787457827,329,209,17,130,59,162,182,184,37,city_driving,fuzzy
373.6544832093511,545,211,113,40,74,96,89,92,193,city_driving,fuzzy
373.6653515540226,260,196,2,176,203,106,103,244,45,city_driving,fuzzy
373.68589630800955,316,33,100,3,59,77,226,191,108,city_driving,fuzzy
373.7859919812804,329,74,79,230,9,34,42,230,131,city_driving,fuzzy
374.28579516370974,545,173,121,229,87,14,72,139,110,city_driving,fuzzy
374.29491548143255,260,108,226,199,60,36,33,218,73,city_driving,fuzzy
374.31394407770307,316,116,2,75,109,80,173,100,61,city_driving,fuzzy
374.41423322223415,329,213,225,93,195,161,94,215,219,city_driving,fuzzy
374.9142747264666,545,187,122,104,227,61,222,235,215,city_driving,fuzzy
374.92391974016545,260,81,150,19,102,144,43,179,219,city_driving,fuzzy
374.94411926053675,316,91,196,46,215,65,61,178,110,city_driving,fuzzy
375.0431442680083,329,80,158,206,15,242,146,60,22,city_driving,fuzzy
375.5433747099677,545,72,232,156,127,50,120,213,128,city_driving,fuzzy
375.55237703141194,260,196,29,27,203,155,216,241,236,city_driving,fuzzy
375.572234619808,316,230,87,149,41,154,89,57,173,city_driving,fuzzy
375.67198466095505,329,180,21,225,152,205,24,185,73,city_driving,fuzzy
376.1717787049667,545,111,61,22,75,239,24,28,100,city_driving,fuzzy
376.18098622913385,260,38,44,86,130,74,6,15,59,city_driving,fuzzy
376.20177310658994,316,18,18,125,157,238,140,246,228,city_driving,fuzzy
376.3016293510572,329,125,33,60,50,111,178,242,16,city_driving,fuzzy
376.8020789871046,545,61,27,107,200,136,109,73,99,city_driving,fuzzy
376.81205202093196,260,96,156,230,73,133,78,40,210,city_driving,fuzzy
376.83132347467557,316,186,54,203,161,115,177,99,233,city_driving,fuzzy
376.93089409286307,329,171,86,126,105,204,213,178,43,city_driving,fuzzy
377.4312671144437,545,86,41,21,189,227,92,4,102,city_driving,fuzzy
377.44095942033096,260,250,238,208,159,106,110,202,90,city_driving,fuzzy
377.46121968411904,316,93,83,10,30,226,194,25,115,city_driving,fuzzy
377.5607028929241,329,235,45,20,248,96,16,11,45,city_driving,fuzzy
378.06063148396237,545,158,178,191,124,231,63,97,150,city_driving,fuzzy
378.06996603885403,260,79,5,34,200,67,20,255,55,highway,fuzzy
378.09040902144557,316,195,67,18,171,63,160,247,123,highway,fuzzy
378.1897796698201,329,156,185,200,56,174,0,159,189,highway,fuzzy
378.6899323959463,545,194,120,127,72,248,127,113,63,highway,fuzzy
378.6999707645548,260,221,57,123,208,18,229,54,117,highway,fuzzy
378.71994076944407,316,193,219,160,175,106,69,2,77,highway,fuzzy
378.8207209442097,329,89,13,44,59,250,62,39,125,highway,fuzzy
379.3197936124479,545,204,152,61,177,131,162,201,71,highway,fuzzy
379.3298533323087,260,151,120,223,18,188,196,121,28,highway,fuzzy
379.35025901146895,316,206,167,11,9,40,37,178,41,highway,fuzzy
379.45088205499354,329,253,30,231,110,17,253,73,31,highway,fuzzy
379.95068277831115,545,114,234,194,88,77,254,252,64,highway,fuzzy
379.9616354928589,260,212,208,40,75,35,169,85,112,highway,fuzzy
379.9821525944251,316,13,87,60,136,179,240,72,93,highway,fuzzy
380.0820014544285,329,219,111,62,11,142,48,153,2,highway,fuzzy
380.5821018579387,545,229,100,37,237,99,249,181,214,highway,fuzzy
380.59244822669586,260,111,102,217,199,168,104,245,193,highway,fuzzy
380.6126524076912,316,140,11,215,157,145,246,77,252,highway,fuzzy
380.7116671732789,329,247,91,236,225,243,118,49,29,highway,fuzzy
381.21243479458917,545,180,167,224,54,52,250,177,248,highway,fuzzy
381.22187178924963,260,190,140,231,165,237,174,194,24,highway,fuzzy
381.2411327492292,316,4,229,234,222,79,170,87,247,highway,fuzzy
381.340173600447,329,143,21,218,233,243,103,189,0,highway,fuzzy
381.8394526019568,545,11,132,192,183,235,183,170,143,highway,fuzzy
381.8495482634293,260,92,187,153,114,113,25,24,136,highway,fuzzy
381.86919652919113,316,24,113,57,24,139,210,188,29,highway,fuzzy
381.9697135178926,329,161,102,136,186,237,192,39,141,highway,fuzzy
382.47062303728364,545,10,130,103,157,110,93,174,183,highway,fuzzy
382.4815005029247,260,20,181,228,182,55,127,227,51,highway,fuzzy
382.5007220734351,316,191,103,126,251,154,93,20,38,highway,fuzzy
382.601025178178,329,6,251,210,234,254,95,9,111,highway,fuzzy
383.10168459409914,545,136,119,225,54,108,233,115,80,highway,fuzzy
383.11124705521587,260,163,200,11,35,36,206,210,95,highway,fuzzy
383.13201740121735,316,195,67,98,207,35,28,183,49,highway,fuzzy
383.2329711403938,329,2,73,93,132,57,218,62,21,highway,fuzzy
383.7327095006704,545,128,188,219,41,143,71,106,231,highway,fuzzy
383.7432785951478,260,220,55,152,130,51,157,122,99,highway,fuzzy
383.76347945117425,316,132,204,167,62,78,119,110,88,highway,fuzzy
383.86421329679666,329,187,101,19,186,137,132,127,203,highway,fuzzy
384.36321653476244,545,45,32,90,135,151,86,190,187,highway,fuzzy
384.37304668919074,260,138,79,9,111,26,86,232,85,highway,fuzzy
384.39301641645864,316,62,139,82,201,243,61,99,178,highway,fuzzy
384.4931153523984,329,103,23,207,109,165,109,173,47,highway,fuzzy
384.99335090237236,545,211,210,146,255,16,12,209,93,highway,fuzzy
385.00427415043197,260,97,16,98,218,9,149,49,91,highway,fuzzy
385.0250621545819,316,3,158,228,63,109,235,165,55,highway,fuzzy
385.1241828031304,329,252,73,1,72,94,69,17,195,highway,fuzzy
385.6242010025165,545,23,14,79,185,42,77,180,156,highway,fuzzy
385.6349296783751,260,102,9,29,236,109,2,156,95,highway,fuzzy
385.6554558913382,316,239,137,56,236,31,205,213,17,highway,fuzzy
385.7546966671989,329,137,204,158,58,150,172,237,251,highway,fuzzy
386.25428337527853,545,123,234,164,155,148,231,94,95,highway,fuzzy
386.26329449514776,260,193,122,104,240,181,216,251,176,highway,fuzzy
386.2833466124954,316,153,191,86,251,207,241,93,131,highway,fuzzy
386.38249471977025,329,64,128,243,7,121,216,66,150,highway,fuzzy
386.8822049479503,545,27,13,60,65,20,5,65,165,highway,fuzzy
386.89141117578924,260,43,247,242,109,29,229,60,211,highway,fuzzy
386.9122724927893,316,78,103,3,167,175,25,214,87,highway,fuzzy
387.0115114687006,329,128,174,190,230,149,130,90,143,highway,fuzzy
387.51195535236894,545,16,27,49,74,208,164,45,15,highway,fuzzy
387.5217341943975,260,161,195,186,29,78,180,137,188,highway,fuzzy
387.5419601071115,316,149,55,82,92,195,7,148,201,highway,fuzzy
387.6421956812596,329,238,120,8,205,104,76,52,161,highway,fuzzy
388.14215191651795,545,53,209,32,92,235,19,7,156,highway,fuzzy
388.15262483901057,260,205,87,159,64,210,109,125,191,highway,fuzzy
388.1735321507352,316,82,42,117,92,6,78,130,49,highway,fuzzy
388.2732481842676,329,102,57,210,185,58,212,145,13,highway,fuzzy
388.77397010884505,545,127,63,4,87,231,98,179,222,highway,fuzzy
388.7849629859958,260,226,197,105,60,75,20,7,23,highway,fuzzy
388.8056822275769,316,199,182,230,214,84,155,97,192,highway,fuzzy
388.90624627316544,329,163,245,115,17,93,143,200,188,highway,fuzzy
389.4068567074258,545,23,163,6,43,123,110,77,64,highway,fuzzy
389.4165847950811,260,98,58,183,161,94,116,12,65,highway,fuzzy
389.43668104701743,316,39,41,41,213,127,201,55,103,highway,fuzzy
389.5375581081935,329,36,120,255,163,12,255,18,90,highway,fuzzy
390.03775664389485,545,26,234,110,247,110,84,115,232,highway,fuzzy
390.0484644569887,260,201,234,93,216,73,136,171,249,highway,fuzzy
390.068998703518,316,79,228,5,145,35,111,92,218,highway,fuzzy
390.1686406966005,329,175,33,246,169,168,21,63,205,highway,fuzzy
390.669304494246,545,18,21,160,0,5,68,44,13,highway,fuzzy
390.67982838004264,260,220,206,97,232,140,83,253,191,highway,fuzzy
390.7005040502834,316,156,58,29,192,82,9,46,201,highway,fuzzy
390.80016558059015,329,136,159,32,173,188,237,19,52,highway,fuzzy
391.30015344578226,545,64,101,39,159,156,152,157,182,highway,fuzzy
391.3103855755676,260,148,86,122,148,98,60,194,132,highway,fuzzy
391.3309766103343,316,36,8,124,248,141,14,90,191,highway,fuzzy
391.430965712885,329,6,204,55,74,227,134,63,104,highway,fuzzy
391.931426475748,545,11,118,22,104,106,240,28,16,highway,fuzzy
391.94139786892185,260,19,58,21,181,137,15,161,9,highway,fuzzy
391.96059377135134,316,51,141,181,26,222,187,248,214,highway,fuzzy
392.0609781074583,329,31,101,106,131,214,65,157,254,highway,fuzzy
392.56193985076294,545,176,236,129,141,169,134,26,64,highway,fuzzy
392.57142304905585,260,63,98,167,46,235,114,197,143,highway,fuzzy
392.59161085768886,316,243,164,209,109,214,153,220,247,highway,fuzzy
392.69078558114273,329,231,22,149,228,188,182,132,98,highway,fuzzy
393.1914028621004,545,170,109,136,91,54,115,157,161,highway,fuzzy
393.2004428311552,260,148,209,19,24,198,146,71,102,highway,fuzzy
393.2203283761919,316,67,139,29,189,170,236,19,240,highway,fuzzy
393.32067873401513,329,56,61,132,111,7,78,81,118,highway,fuzzy
393.82158237643637,545,95,174,96,75,224,133,119,6,highway,fuzzy
393.83130653433795,260,221,92,70,169,163,229,107,91,highway,fuzzy
393.8508797701687,316,241,147,106,127,20,81,135,100,highway,fuzzy
393.95107823444846,329,209,182,200,206,238,7,253,166,highway,fuzzy
394.45098088172426,545,144,69,201,68,172,244,5,163,highway,fuzzy
394.46070302692266,260,34,161,62,186,252,235,73,186,highway,fuzzy
394.47980896989407,316,24,109,121,164,194,176,216,23,highway,fuzzy
394.5795677075526,329,35,91,14,152,147,99,22,95,highway,fuzzy
395.080308816857,545,20,190,16,159,249,230,253,30,highway,fuzzy
395.08986701251405,260,92,118,220,238,77,17,131,195,highway,fuzzy
395.1089648706624,316,21,12,150,59,131,74,86,145,highway,fuzzy
395.20916715635167,329,129,250,197,3,77,30,131,183,highway,fuzzy
395.7099678319759,545,66,238,163,200,59,110,105,88,highway,fuzzy
395.7199083629491,260,249,111,62,80,247,220,249,70,highway,fuzzy
395.73989936609587,316,252,114,98,125,254,22,101,13,highway,fuzzy
395.8393658286783,329,58,46,55,212,181,96,11,132,highway,fuzzy
396.3384491953324,545,246,202,195,24,140,88,89,56,highway,fuzzy
396.34782040865633,260,2,60,40,175,234,133,139,102,highway,fuzzy
396.3687991925906,316,85,139,61,127,167,23,22,72,highway,fuzzy
396.4685741664547,329,243,161,78,125,234,4,141,248,highway,fuzzy
396.9679988564307,545,133,162,74,138,75,3,41,182,highway,fuzzy
396.9782336580538,260,32,1,33,188,168,225,233,87,highway,fuzzy
396.998620396507,316,209,243,207,49,95,26,38,46,highway,fuzzy
397.0983278136855,329,136,144,60,79,23,76,49,43,highway,fuzzy
397.598951063944,545,1,201,168,67,218,189,158,154,highway,fuzzy
397.6085635635011,260,221,105,75,88,172,29,132,28,highway,fuzzy
397.6287881439794,316,122,112,150,85,219,125,24,3,highway,fuzzy
397.72884903639226,329,208,177,187,148,152,226,108,182,highway,fuzzy
398.2292462674221,545,58,208,144,209,64,68,120,124,highway,fuzzy
398.2401647575472,260,243,40,103,1,72,27,155,169,highway,fuzzy
398.2607028786466,316,84,171,60,250,228,127,14,126,highway,fuzzy
398.361333630497,329,157,198,224,20,188,70,120,178,highway,fuzzy
398.8616327030657,545,59,108,159,61,138,34,164,255,highway,fuzzy
398.8713085515114,260,206,197,159,99,24,167,36,184,highway,fuzzy
398.8919878381195,316,153,172,190,154,156,53,187,83,highway,fuzzy
398.9927210003543,329,167,225,73,104,5,22,34,169,highway,fuzzy
399.4918964527025,545,159,229,40,178,82,96,244,136,highway,fuzzy
399.5018423381958,260,164,13,80,64,19,177,87,215,highway,fuzzy
399.5219904336988,316,82,71,58,41,140,245,181,117,highway,fuzzy
399.62213891133473,329,109,157,111,248,141,201,132,204,highway,fuzzy
400.1241981816353,545,253,212,44,188,85,129,142,151,highway,fuzzy
400.1341404551038,260,162,227,38,70,106,156,15,229,highway,fuzzy
400.1531704175982,316,185,2,204,65,69,45,78,110,highway,fuzzy
400.25325426221104,329,222,65,62,190,188,209,162,186,highway,fuzzy
400.75270142369857,545,19,234,53,107,106,66,170,66,highway,fuzzy
400.7635284837729,260,9,232,138,98,164,210,219,99,highway,fuzzy
400.78277642424126,316,93,83,47,48,0,27,109,197,highway,fuzzy
400.88357462369027,329,150,109,209,221,14,192,173,215,highway,fuzzy
401.3828804953542,545,228,196,43,1,71,192,126,36,highway,fuzzy
401.39355200099317,260,19,196,120,203,44,226,37,182,highway,fuzzy
401.41266377344056,316,191,82,195,132,29,251,254,255,highway,fuzzy
401.5117589646362,329,38,103,162,88,32,55,233,226,highway,fuzzy
402.0125156410242,545,5,73,179,212,235,171,244,214,highway,fuzzy
402.02246382721916,260,196,242,103,134,138,23,65,235,highway,fuzzy
402.04245942695377,316,71,52,51,84,4,163,119,41,highway,fuzzy
402.14310369295544,329,115,226,72,110,3,29,185,62,highway,fuzzy
402.64380332146067,545,121,246,183,117,24,77,144,237,highway,fuzzy
402.6541073000739,260,130,36,163,233,238,3,51,112,highway,fuzzy
402.6750052661158,316,86,151,229,125,252,230,231,210,highway,fuzzy
402.77568378984125,329,193,173,144,237,247,84,76,83,highway,fuzzy
403.2762753124652,545,232,13,9,53,116,197,66,170,highway,fuzzy
403.2869199291385,260,139,142,100,210,157,249,236,63,highway,fuzzy
403.30616487303206,316,255,78,243,126,13,174,137,65,highway,fuzzy
403.40700505028127,329,126,166,73,26,79,25,98,45,highway,fuzzy
403.9063610574748,545,60,190,11,46,141,4,100,161,highway,fuzzy
403.9172096194569,260,21,175,229,120,115,61,149,85,highway,fuzzy
403.93787192839187,316,218,169,4,107,177,124,209,197,highway,fuzzy
404.0378456207374,329,234,132,184,68,14,38,14,132,highway,fuzzy
404.5383572525626,545,27,146,89,246,201,46,112,65,highway,fuzzy
404.54878936223173,260,10,54,201,68,52,122,90,5,highway,fuzzy
404.56977499541915,316,227,180,66,14,64,255,164,143,highway,fuzzy
404.6689738659336,329,102,66,52,37,27,202,205,43,highway,fuzzy
405.1688832443865,545,9,146,245,191,80,187,152,154,highway,fuzzy
405.1786597438489,260,173,198,135,173,44,76,68,31,highway,fuzzy
405.19879174886523,316,209,176,236,5,64,194,73,180,highway,fuzzy
405.2979039866766,329,16,86,191,117,137,39,83,62,highway,fuzzy
405.7971702169481,545,16,117,101,58,151,227,224,118,highway,fuzzy
405.8071333352484,260,2,152,218,245,104,68,93,171,highway,fuzzy
405.8264021967798,316,37,68,126,163,37,28,54,152,highway,fuzzy
405.9254273129266,329,82,82,207,136,101,110,8,202,highway,fuzzy
406.4246790054151,545,114,127,157,161,40,39,169,18,highway,fuzzy
406.43540513348586,260,213,191,240,33,219,114,91,182,highway,fuzzy
406.45448041026606,316,216,227,211,16,7,46,168,182,highway,fuzzy
406.55430430536876,329,105,165,171,45,198,126,17,213,highway,fuzzy
407.05485781961465,545,141,234,45,55,148,122,124,2,highway,fuzzy
407.0653118341433,260,179,32,28,104,190,78,102,25,highway,fuzzy
407.0855172540755,316,203,87,57,135,237,193,13,201,highway,fuzzy
407.18470225025476,329,141,156,110,110,56,26,231,247,highway,fuzzy
407.68522480048244,545,150,210,252,116,57,30,227,143,highway,fuzzy
407.69564614831734,260,19,71,41,224,55,35,103,194,highway,fuzzy
407.7149336433539,316,44,199,226,98,144,17,139,85,highway,fuzzy
407.8152332398135,329,165,157,48,248,236,121,121,176,highway,fuzzy
408.31623261786496,545,126,135,35,205,19,83,171,208,highway,fuzzy
408.3253653636171,260,96,146,80,24,136,48,30,158,highway,fuzzy
408.3463300312893,316,160,4,6,65,42,108,40,163,highway,fuzzy
408.44644011601696,329,65,22,114,167,36,27,105,12,highway,fuzzy
408.94714473145484,545,176,174,36,174,125,116,148,18,highway,fuzzy
408.95749966856516,260,73,83,97,150,5,250,22,148,highway,fuzzy
408.97836271420346,316,182,163,151,20,7,76,243,63,highway,fuzzy
409.07895301464947,329,6,103,89,37,173,247,6,98,highway,fuzzy
409.5783310311943,545,59,156,64,45,244,45,129,9,highway,fuzzy
409.5886253002591,260,227,137,5,190,206,27,167,101,highway,fuzzy
409.6088761000191,316,117,225,56,66,213,252,29,230,highway,fuzzy
409.70929587795536,329,191,20,224,188,37,201,119,42,highway,fuzzy
410.20928290664534,545,17,71,19,23,154,47,72,201,highway,fuzzy
410.2183879247129,260,75,226,108,211,31,185,37,216,highway,fuzzy
410.2389948338337,316,235,70,144,172,104,68,177,36,highway,fuzzy
410.338906672914,329,194,30,198,212,182,177,27,225,highway,fuzzy
410.8382118169321,545,162,186,120,125,56,204,105,134,highway,fuzzy
410.84786377883887,260,175,232,218,227,152,22,81,225,highway,fuzzy
410.8670653259962,316,91,190,118,169,140,169,168,113,highway,fuzzy
410.9679401244674,329,189,107,108,95,231,124,146,146,highway,fuzzy
411.46792007434976,545,5,199,52,25,161,221,241,132,highway,fuzzy
411.4777480609596,260,6,234,225,211,88,214,38,200,highway,fuzzy
411.4976279692854,316,51,234,94,67,44,159,220,177,highway,fuzzy
411.59810301004757,329,147,222,223,129,169,61,203,102,highway,fuzzy
412.0985116924582,545,109,88,113,105,193,141,195,170,highway,fuzzy
412.1090101031751,260,131,125,193,161,196,152,225,60,highway,fuzzy
412.12720174079374,316,67,132,158,228,25,58,174,102,highway,fuzzy
412.22669754998293,329,14,165,83,244,246,160,119,239,highway,fuzzy
412.7275096559165,545,124,31,168,252,32,183,248,133,highway,fuzzy
412.73806674571387,260,97,176,40,195,254,187,191,128,highway,fuzzy
412.7587535943857,316,120,22,104,33,185,45,46,233,highway,fuzzy
412.8584501773058,329,85,82,220,238,130,192,60,88,highway,fuzzy
413.35880085395684,545,123,134,127,253,177,28,248,255,highway,fuzzy
413.36905065211016,260,98,76,151,57,140,228,223,112,highway,fuzzy
413.3896104205848,316,234,57,234,36,130,54,91,1,highway,fuzzy
413.49000949242514,329,222,241,131,164,197,27,168,75,highway,fuzzy
413.98927382228885,545,6,11,8,223,147,220,139,54,highway,fuzzy
413.99833212005603,260,169,122,195,50,145,240,121,153,highway,fuzzy
414.01834958562483,316,160,67,17,75,121,129,47,83,highway,fuzzy
414.1185945532384,329,54,9,151,54,177,142,130,120,highway,fuzzy
414.6184321400372,545,228,254,177,108,162,62,31,204,highway,fuzzy
414.629429498229,260,158,69,97,67,49,85,10,205,highway,fuzzy
414.6486080684501,316,131,51,248,241,105,193,53,106,highway,fuzzy
414.7482943878332,329,197,40,248,238,205,163,38,89,highway,fuzzy
415.24840903168064,545,56,222,114,179,25,49,37,131,highway,fuzzy
415.25813159343784,260,109,123,106,53,193,170,56,78,highway,fuzzy
415.27740145801425,316,223,89,104,188,191,184,46,229,highway,fuzzy
415.37690887594863,329,199,137,39,120,198,76,96,69,highway,fuzzy
415.87646938514206,545,233,157,60,247,32,254,150,227,highway,fuzzy
415.88579661767926,260,29,127,76,45,185,147,199,248,highway,fuzzy
415.90568871275036,316,226,23,62,194,41,173,205,142,highway,fuzzy
416.0050085011298,329,186,138,62,222,232,141,158,82,highway,fuzzy
416.50481413618513,545,30,167,53,188,135,244,106,125,highway,fuzzy
416.5154461622261,260,99,144,97,173,89,3,11,209,highway,fuzzy
416.5350051296513,316,170,47,207,52,29,48,180,220,highway,fuzzy
416.6341135731124,329,160,179,199,51,3,179,133,29,highway,fuzzy
417.13318083993863,545,71,117,109,58,68,177,41,147,highway,fuzzy
417.14340454858893,260,133,91,162,52,195,44,30,221,highway,fuzzy
417.16348491099154,316,126,225,74,173,147,68,203,41,highway,fuzzy
417.2625181503335,329,142,131,232,125,78,6,0,75,highway,fuzzy
417.76282118060686,545,223,230,18,48,243,234,141,179,highway,fuzzy
417.7735404071019,260,52,246,65,236,95,59,255,7,highway,fuzzy
417.7939038855338,316,176,51,99,201,171,127,150,19,highway,fuzzy
417.89411374156344,329,158,217,113,34,66,224,102,248,highway,fuzzy
418.3948158426596,545,229,198,222,247,133,230,87,249,highway,fuzzy
418.4051996290369,260,203,51,220,15,217,99,92,254,highway,fuzzy
418.4260994717999,316,33,250,38,109,42,113,99,13,highway,fuzzy
418.5266221798405,329,23,85,81,226,116,57,102,64,highway,fuzzy
419.0264262627405,545,51,179,30,158,27,198,110,211,highway,fuzzy
419.036828323817,260,221,234,252,115,96,112,165,72,highway,fuzzy
419.0573705002867,316,159,213,98,112,244,136,45,44,highway,fuzzy
419.15834679335603,329,178,64,68,26,164,33,2,129,highway,fuzzy
419.65931480006884,545,101,125,206,88,192,71,119,200,highway,fuzzy
419.66884068692616,260,6,118,43,193,205,201,189,110,highway,fuzzy
419.6885299005734,316,103,218,55,84,238,235,142,68,highway,fuzzy
419.7888228993859,329,121,126,103,151,195,250,215,112,highway,fuzzy
420.2892384468112,545,178,80,216,43,155,220,124,126,highway,fuzzy
420.30010552252963,260,232,207,223,181,154,146,241,114,highway,fuzzy
420.32018288689306,316,222,79,79,249,111,64,24,104,highway,fuzzy
420.41927381993276,329,175,34,19,115,29,53,114,58,highway,fuzzy
420.91989248533906,545,169,3,191,171,202,213,105,73,highway,fuzzy
420.9306908826293,260,252,204,144,5,12,227,58,97,highway,fuzzy
420.95134349827345,316,176,197,10,241,98,60,45,216,highway,fuzzy
421.050720054166,329,214,217,90,82,83,184,180,98,highway,fuzzy
421.55126711895616,545,78,135,58,208,234,145,241,167,highway,fuzzy
421.56080086587986,260,166,217,246,61,72,69,249,22,highway,fuzzy
421.580782575672,316,127,0,143,20,149,167,98,218,highway,fuzzy
421.68138536429643,329,34,58,27,50,54,53,173,185,highway,fuzzy
422.1815653809856,545,88,1,162,180,175,239,60,149,highway,fuzzy
422.191883789755,260,155,153,14,60,0,55,17,103,highway,fuzzy
422.21141607118284,316,221,12,202,75,226,60,116,210,highway,fuzzy
422.3118930504337,329,30,184,24,49,41,176,140,114,highway,fuzzy
422.81263707342634,545,89,168,210,62,120,83,149,53,highway,fuzzy
422.82234319737523,260,170,42,3,227,39,168,5,1,highway,fuzzy
422.84233821572195,316,73,172,176,150,167,117,29,7,highway,fuzzy
422.94155718160556,329,39,31,102,12,49,170,96,69,highway,fuzzy
423.44212110767916,545,169,181,130,199,69,8,175,201,highway,fuzzy
423.45260677538533,260,176,235,48,110,221,156,196,63,highway,fuzzy
423.4716336517838,316,76,67,236,110,21,4,55,53,highway,fuzzy
423.5709166269347,329,70,181,119,174,140,120,113,13,highway,fuzzy
424.0708623682371,545,61,43,46,171,218,255,74,107,highway,fuzzy
424.0803615007603,260,197,17,70,66,33,106,3,89,highway,fuzzy
424.100336254786,316,97,84,198,93,25,231,118,40,highway,fuzzy
424.2009580338996,329,25,198,161,8,8,171,149,171,highway,fuzzy
424.700957709394,545,193,249,190,98,84,16,19,85,highway,fuzzy
424.7115520085996,260,141,147,170,139,248,222,106,168,highway,fuzzy
424.73105049334146,316,144,158,32,154,238,133,166,149,highway,fuzzy
424.83112780687276,329,57,107,158,156,114,19,254,48,highway,fuzzy
425.3320007821914,545,15,136,76,117,40,110,178,189,highway,fuzzy
425.34163768334247,260,160,143,243,150,142,220,228,127,highway,fuzzy
425.3624199518588,316,43,160,107,202,169,239,108,113,highway,fuzzy
425.4615733750706,329,136,228,193,123,156,135,244,96,highway,fuzzy
425.9613097077965,545,219,142,74,72,245,78,247,130,highway,fuzzy
425.9709825852786,260,27,51,102,138,74,207,66,196,highway,fuzzy
425.9916680927491,316,153,26,37,205,163,163,53,177,highway,fuzzy
426.0919729622145,329,64,131,179,171,142,55,63,166,highway,fuzzy
426.5927806288582,545,221,246,39,21,254,245,24,144,highway,fuzzy
426.60205389491244,260,21,149,123,131,20,86,142,64,highway,fuzzy
426.6221572725374,316,166,202,143,188,68,4,144,79,highway,fuzzy
426.72286158087945,329,84,182,151,99,208,197,203,169,highway,fuzzy
427.22207828419494,545,200,117,234,188,178,42,37,204,highway,fuzzy
427.2311237133525,260,83,173,84,172,17,102,96,38,highway,fuzzy
427.2508176739387,316,47,207,139,129,171,124,163,119,highway,fuzzy
427.3511575701879,329,201,48,151,249,203,116,160,67,highway,fuzzy
427.8503253075814,545,153,252,79,45,217,99,201,178,highway,fuzzy
427.8598658088912,260,187,65,209,167,151,19,244,138,highway,fuzzy
427.8788978900509,316,91,20,29,73,235,151,175,10,highway,fuzzy
427.9791155262033,329,49,111,77,255,170,184,77,188,highway,fuzzy
428.47972319970296,545,3,119,89,180,242,13,127,132,highway,fuzzy
428.48911214020427,260,141,51,121,2,213,233,236,37,highway,fuzzy
428.5089340958626,316,151,62,125,180,155,79,5,177,highway,fuzzy
428.60919071882057,329,153,249,224,126,58,70,247,218,highway,fuzzy
429.1098944045575,545,22,157,80,202,132,97,61,189,highway,fuzzy
429.1196151721278,260,202,129,246,184,73,203,148,21,highway,fuzzy
429.1406089554757,316,128,58,111,34,150,201,87,191,highway,fuzzy
429.2397982262762,329,59,139,100,16,79,40,223,220,highway,fuzzy
429.7405827215063,545,10,118,250,0,168,25,65,224,highway,fuzzy
429.7507586833197,260,56,125,161,255,232,102,136,67,highway,fuzzy
429.771581651069,316,62,201,253,227,63,44,212,22,highway,fuzzy
429.8713314793349,329,170,32,134,21,99,126,13,243,highway,fuzzy
430.37054872914297,545,160,221,137,134,107,197,237,155,highway,fuzzy
430.3805208056336,260,63,220,185,209,68,223,28,202,highway,fuzzy
430.4000293595446,316,151,181,202,111,90,95,168,223,highway,fuzzy
430.5007612772666,329,173,96,193,253,163,64,186,138,highway,fuzzy
430.9998143399422,545,31,145,66,214,0,44,249,76,highway,fuzzy
431.00932261491226,260,70,141,213,34,180,106,235,162,highway,fuzzy
431.0300027295257,316,111,9,194,196,230,95,169,129,highway,fuzzy
431.1308396602048,329,15,181,98,113,151,164,255,205,highway,fuzzy
431.63050719552615,545,177,0,79,207,9,216,197,2,highway,fuzzy
431.6400317940273,260,118,160,98,48,245,139,84,47,highway,fuzzy
431.65937526504837,316,232,80,62,201,210,209,189,155,highway,fuzzy
431.7597811001243,329,141,212,28,107,187,157,166,19,highway,fuzzy
432.2589045173065,545,11,201,18,65,10,247,123,201,highway,fuzzy
432.26922553567164,260,107,15,80,107,93,47,50,48,highway,fuzzy
432.2886268813421,316,233,157,243,202,151,178,152,25,highway,fuzzy
432.38892943053025,329,52,161,193,15,172,7,170,131,highway,fuzzy
432.88953446866367,545,188,224,40,106,188,122,197,120,highway,fuzzy
432.89904302880257,260,164,104,93,229,28,145,249,188,highway,fuzzy
432.91870242819914,316,235,131,177,67,49,142,37,51,highway,fuzzy
433.018723360375,329,70,128,33,87,41,204,41,142,highway,fuzzy
433.51817920083755,545,45,218,177,81,84,34,158,69,highway,fuzzy
433.5285599924757,260,152,160,228,179,111,56,50,61,highway,fuzzy
433.54898705963086,316,237,187,209,247,47,169,58,144,highway,fuzzy
433.64955551888886,329,81,106,242,118,162,59,157,192,highway,fuzzy
434.14878174480054,545,170,151,255,211,164,117,144,201,highway,fuzzy
434.1583635272018,260,2,194,230,62,199,107,1,188,highway,fuzzy
434.1789025048607,316,117,91,148,180,70,99,65,199,highway,fuzzy
434.2795050119093,329,148,110,188,133,19,244,108,35,highway,fuzzy
434.77918670620204,545,145,23,38,47,194,42,117,46,highway,fuzzy
434.7889845166904,260,144,49,117,233,31,244,205,161,highway,fuzzy
434.8086582171063,316,145,181,178,15,252,249,157,4,highway,fuzzy
434.9087060923137,329,114,93,164,160,33,103,107,33,highway,fuzzy
435.4085452871016,545,240,43,230,96,25,86,247,20,highway,fuzzy
435.41807710888014,260,192,176,93,99,146,76,25,28,highway,fuzzy
435.43754005093547,316,12,175,230,144,61,158,199,133,highway,fuzzy
435.5367609476621,329,115,128,112,36,250,106,17,102,highway,fuzzy
436.0374183807509,545,181,114,164,179,149,4,21,83,highway,fuzzy
436.0468971753245,260,10,52,106,101,156,169,212,106,highway,fuzzy
436.06604951821726,316,133,98,18,77,190,233,40,239,highway,fuzzy
436.1652379802307,329,163,66,243,189,132,48,149,154,highway,fuzzy
436.6642826366489,545,95,114,122,59,44,79,63,215,highway,fuzzy
436.67487018422185,260,98,86,163,98,118,54,113,243,highway,fuzzy
436.6950149357292,316,75,89,225,248,241,38,119,241,highway,fuzzy
436.7944934015736,329,102,35,186,213,225,158,67,109,highway,fuzzy
437.2935297433526,545,19,211,79,145,14,107,7,54,highway,fuzzy
437.3035662645719,260,65,244,59,236,97,209,50,249,highway,fuzzy
437.3238411126132,316,199,79,104,12,101,237,188,200,highway,fuzzy
437.42462865144654,329,59,197,239,173,198,50,120,127,highway,fuzzy
437.9237825007368,545,92,101,158,120,222,96,125,246,highway,fuzzy
437.9329500056794,260,74,32,206,168,169,31,126,186,highway,fuzzy
437.95298843524665,316,58,13,17,107,100,86,181,38,highway,fuzzy
438.05206002360717,329,201,45,66,73,40,249,71,3,highway,fuzzy
438.55133476873766,545,188,76,195,42,153,132,71,65,highway,fuzzy
438.56198119154266,260,51,226,111,211,60,39,186,106,highway,fuzzy
438.58178695783187,316,12,82,42,7,244,213,73,153,highway,fuzzy
438.68230776854017,329,253,193,226,18,54,19,197,191,highway,fuzzy
439.18298220070767,545,242,175,60,48,151,241,192,155,highway,fuzzy
439.19397755983033,260,222,66,123,171,207,146,91,3,highway,fuzzy
439.2134795072392,316,190,10,135,131,217,56,73,158,highway,fuzzy
439.31336007051124,329,25,67,196,225,73,78,55,225,highway,fuzzy
439.81302489336616,545,160,150,248,207,119,58,108,114,highway,fuzzy
439.82377187364875,260,1,20,26,227,4,65,11,62,highway,fuzzy
439.84394115620574,316,229,134,231,85,175,245,210,66,highway,fuzzy
439.9432480025932,329,135,143,240,205,31,30,183,18,highway,fuzzy
440.4440353989192,545,32,73,30,105,117,47,117,21,highway,fuzzy
440.454584018478,260,13,232,243,105,197,68,132,186,highway,fuzzy
440.4739412654488,316,151,208,96,239,241,16,41,166,highway,fuzzy
440.5736835558627,329,165,211,114,19,40,3,43,81,highway,fuzzy
441.07275900649023,545,249,215,220,229,165,58,54,28,highway,fuzzy
441.08328193907954,260,10,216,178,112,124,208,250,223,highway,fuzzy
441.10421764869204,316,231,151,56,128,253,95,109,123,highway,fuzzy
441.2048589454583,329,205,203,57,1,102,181,222,230,highway,fuzzy
441.70552382665915,545,229,84,35,26,116,109,74,11,highway,fuzzy
441.71528794712987,260,2,254,72,0,142,81,92,62,highway,fuzzy
441.7353973865308,316,107,197,209,221,146,4,241,3,highway,fuzzy
441.83632026666737,329,241,235,64,245,2,223,24,152,highway,fuzzy
442.33684358466604,545,27,209,106,227,208,173,57,127,highway,fuzzy
442.34761174049356,260,248,111,72,18,183,0,179,107,highway,fuzzy
442.3677292242747,316,222,22,7,8,58,54,208,33,highway,fuzzy
442.4679045926032,329,56,182,247,149,121,79,35,67,highway,fuzzy
442.96875294468197,545,177,32,52,36,51,235,200,93,highway,fuzzy
442.979463011231,260,7,37,164,212,68,17,169,235,highway,fuzzy
443.00029525050354,316,87,76,38,79,2,194,174,126,highway,fuzzy
443.1011771540516,329,66,245,187,23,164,229,62,23,highway,fuzzy
443.6020305411326,545,71,175,140,5,208,106,250,28,highway,fuzzy
443.611149274383,260,54,220,139,182,81,30,223,63,highway,fuzzy
443.6301718050349,316,34,27,59,161,251,54,86,69,highway,fuzzy
443.7304267856271,329,39,3,114,160,6,251,33,34,highway,fuzzy
444.23082499529954,545,147,81,191,224,79,206,85,80,highway,fuzzy
444.2400805904358,260,32,134,251,253,238,42,69,32,highway,fuzzy
444.26087270329464,316,121,204,149,132,51,250,18,127,highway,fuzzy
444.36043755093715,329,230,0,88,145,98,159,112,49,highway,fuzzy
444.8602307864336,545,32,151,33,198,136,7,230,131,highway,fuzzy
444.8702460211626,260,221,1,215,215,121,13,235,15,highway,fuzzy
444.89062731474473,316,88,192,154,23,55,50,124,103,highway,fuzzy
444.9913293717342,329,248,114,78,11,208,223,61,235,highway,fuzzy
445.49113271328696,545,12,191,246,122,246,145,217,111,highway,fuzzy
445.5008366970622,260,137,39,189,135,124,28,75,31,highway,fuzzy
445.5215874605728,316,2,110,214,220,148,128,100,52,highway,fuzzy
445.621790459206,329,221,127,106,68,186,148,207,113,highway,fuzzy
446.1216006653528,545,110,89,68,126,209,169,16,244,highway,fuzzy
446.13214256528573,260,95,68,237,45,159,72,241,224,highway,fuzzy
446.1529778044738,316,175,222,75,90,41,132,73,156,highway,fuzzy
446.25253035285,329,212,186,25,45,171,147,189,138,highway,fuzzy
446.75265760769327,545,71,32,99,7,252,232,86,211,highway,fuzzy
446.7631967293604,260,121,102,5,226,249,149,210,54,highway,fuzzy
446.7833085842813,316,124,166,68,99,4,42,170,219,highway,fuzzy
446.8842873784115,329,189,247,16,65,162,241,152,214,highway,fuzzy
447.3851743900265,545,202,60,133,185,235,12,184,28,highway,fuzzy
447.3950284412549,260,86,47,184,223,134,2,144,127,highway,fuzzy
447.41577939077695,316,206,55,3,160,138,75,79,147,highway,fuzzy
447.5157717854856,329,126,245,174,230,218,244,155,17,highway,fuzzy
448.0148489591878,545,19,45,134,130,97,240,254,239,highway,fuzzy
448.0250469747454,260,28,111,128,73,40,211,96,185,highway,fuzzy
448.0448552367955,316,46,173,73,118,77,76,88,63,highway,fuzzy
448.1442306008279,329,14,75,124,54,87,224,106,191,highway,fuzzy
448.6450293498418,545,236,53,71,155,152,58,112,30,highway,fuzzy
448.65601099367416,260,203,76,70,181,200,253,133,180,highway,fuzzy
448.67635720212706,316,50,92,56,17,109,48,183,171,highway,fuzzy
448.7755326867272,329,220,217,235,173,120,71,151,48,highway,fuzzy
449.2758724122093,545,69,141,52,96,226,229,19,133,highway,fuzzy
449.2859824404907,260,172,200,225,116,158,135,226,105,highway,fuzzy
449.3051123530656,316,159,130,194,25,0,178,201,145,highway,fuzzy
449.4055358663419,329,125,13,123,167,247,52,132,95,highway,fuzzy
449.9048301115171,545,221,2,131,195,103,74,150,226,highway,fuzzy
449.9149485928073,260,180,24,36,142,72,106,219,247,highway,fuzzy
449.9353115515077,316,170,225,95,136,196,85,227,6,highway,fuzzy
450.03580940001507,329,15,201,162,49,58,40,81,73,highway,fuzzy
450.5365382037519,545,19,217,26,180,34,230,133,90,highway,fuzzy
450.5458530078699,260,10,190,92,76,125,146,99,168,highway,fuzzy
450.56669541949924,316,41,22,9,145,232,153,133,89,highway,fuzzy
450.6657749199384,329,50,103,92,77,161,138,187,233,highway,fuzzy
451.16527008264916,545,255,18,16,129,45,133,229,18,highway,fuzzy
451.174938670475,260,232,234,144,162,81,141,18,228,highway,fuzzy
451.1959093516794,316,34,174,161,136,123,20,181,122,highway,fuzzy
451.29499395311046,329,113,142,145,202,52,146,211,145,highway,fuzzy
451.795375198973,545,220,13,248,130,127,237,94,193,highway,fuzzy
451.80509207381044,260,139,251,62,201,139,134,10,129,highway,fuzzy
451.8244866526372,316,235,156,130,110,165,75,203,148,highway,fuzzy
451.9237918716143,329,122,204,33,231,166,31,204,178,highway,fuzzy
452.42456106631397,545,179,250,13,200,181,30,140,136,highway,fuzzy
452.4339023924754,260,222,211,44,246,126,82,91,3,highway,fuzzy
452.4539133196458,316,213,91,38,214,228,4,109,90,highway,fuzzy
452.5530731183889,329,81,83,32,69,198,158,255,197,highway,fuzzy
453.0534239020407,545,74,20,109,193,123,17,3,158,highway,fuzzy
453.06332203558037,260,170,139,100,7,92,91,171,53,highway,fuzzy
453.0840557429431,316,223,156,146,84,36,86,215,19,highway,fuzzy
453.18407854613974,329,149,38,174,42,141,219,127,18,highway,fuzzy
453.6837579649707,545,193,168,184,4,49,99,26,189,highway,fuzzy
453.69407993857874,260,210,17,216,88,50,246,140,222,highway,fuzzy
453.7147538509311,316,114,54,210,226,169,200,143,184,highway,fuzzy
453.8143559984745,329,241,139,15,56,49,7,52,186,highway,fuzzy
454.31477911161875,545,125,50,91,40,232,0,104,205,highway,fuzzy
454.32439753256017,260,199,218,181,74,9,79,102,173,highway,fuzzy
454.3436886340581,316,154,155,218,95,52,254,19,145,highway,fuzzy
454.444614733516,329,89,35,4,232,119,0,178,103,highway,fuzzy
454.9452640605236,545,99,249,49,232,160,167,253,28,highway,fuzzy
454.9555844698828,260,89,254,22,15,214,127,41,55,highway,fuzzy
454.9752483964383,316,165,175,233,11,120,125,203,36,highway,fuzzy
455.07573189493957,329,72,161,152,48,188,44,171,175,highway,fuzzy
455.57590893974304,545,119,170,91,46,10,130,44,134,highway,fuzzy
455.5859097923885,260,255,129,182,182,54,227,76,175,highway,fuzzy
455.60518375545877,316,49,105,41,17,126,160,163,146,highway,fuzzy
455.7045815140176,329,149,63,63,2,10,32,74,66,highway,fuzzy
456.2046664087626,545,158,91,135,111,230,88,177,24,highway,fuzzy
456.2143779704662,260,160,10,163,31,9,187,190,211,highway,fuzzy
456.23464035348104,316,32,142,90,28,118,65,73,31,highway,fuzzy
456.335276678987,329,99,113,170,186,59,161,160,73,highway,fuzzy
456.8354506455573,545,169,4,117,120,86,157,120,11,highway,fuzzy
456.84555814156414,260,234,202,1,15,12,16,217,105,highway,fuzzy
456.8646775511664,316,153,254,39,192,127,178,249,253,highway,fuzzy
456.9654675691355,329,102,219,168,120,72,130,88,233,highway,fuzzy
457.464905341214,545,5,89,53,25,141,80,225,223,highway,fuzzy
457.4757848941445,260,106,181,63,213,113,12,55,132,highway,fuzzy
457.4948288852458,316,74,141,89,114,167,32,215,130,highway,fuzzy
457.59465778761916,329,137,58,240,228,30,180,161,229,highway,fuzzy
458.0955028548144,545,59,153,114,111,66,112,23,152,highway,fuzzy
458.1058200595311,260,244,110,62,16,186,68,222,112,highway,fuzzy
458.12521840286865,316,239,228,19,52,187,22,46,110,highway,fuzzy
458.225372926057,329,171,150,30,87,183,146,5,120,highway,fuzzy
458.7258811926514,545,111,81,89,89,8,4,21,98,highway,fuzzy
458.7363925862799,260,174,90,215,108,158,217,250,172,highway,fuzzy
458.7558052620757,316,189,156,149,137,169,64,7,15,highway,fuzzy
458.85663457530814,329,35,124,144,43,227,202,31,113,highway,fuzzy
459.35718434078365,545,39,249,255,114,167,183,133,155,highway,fuzzy
459.3669716612183,260,247,26,2,110,34,170,243,245,highway,fuzzy
459.386985821136,316,149,86,160,168,1,87,189,239,highway,fuzzy
459.48703880959505,329,216,100,1,164,65,62,38,216,highway,fuzzy
459.9876736629299,545,7,244,8,190,218,167,60,255,highway,fuzzy
459.9978888041191,260,35,164,142,211,133,57,73,15,highway,fuzzy
460.01811240337105,316,18,20,224,217,71,172,219,177,highway,fuzzy
460.11897112026594,329,237,11,179,111,165,220,245,53,highway,fuzzy
460.6184457614719,545,47,124,236,9,232,62,180,143,highway,fuzzy
460.6277584519582,260,38,54,212,89,89,111,179,230,highway,fuzzy
460.64759294160984,316,136,233,238,93,121,141,3,141,highway,fuzzy
460.74764140972235,329,120,8,147,72,37,171,172,82,highway,fuzzy
461.2469839922246,545,57,113,0,51,72,248,102,65,highway,fuzzy
461.25611159695353,260,190,211,60,234,145,175,246,203,highway,fuzzy
461.2759752829081,316,191,145,69,67,167,61,15,243,highway,fuzzy
461.37563468231883,329,226,22,11,144,75,254,178,70,highway,fuzzy
461.87464399876603,545,141,226,53,162,125,201,123,1,highway,fuzzy
461.88505581839854,260,206,235,136,93,210,186,26,27,highway,fuzzy
461.90569756366796,316,253,181,42,159,5,125,48,58,highway,fuzzy
462.00483199390897,329,159,157,252,111,187,73,232,30,highway,fuzzy
462.50545475335537,545,58,82,66,77,228,130,184,19,highway,fuzzy
462.5152844469386,260,180,32,171,224,206,160,222,254,highway,fuzzy
462.53609900388005,316,130,42,204,231,160,121,164,68,highway,fuzzy
462.6355205799061,329,49,60,160,225,36,233,103,116,highway,fuzzy
463.1355988574622,545,144,116,29,80,114,129,162,31,highway,fuzzy
463.14579810499276,260,215,80,252,131,125,170,53,196,highway,fuzzy
463.16621799624113,316,206,91,69,51,85,31,104,51,highway,fuzzy
463.2661417785879,329,116,118,73,29,4,97,72,23,highway,fuzzy
463.7668020736721,545,251,133,76,235,242,124,171,59,highway,fuzzy
463.7758719589382,260,217,168,9,243,219,105,64,107,highway,fuzzy
463.7962543910472,316,27,28,23,229,189,106,132,3,highway,fuzzy
463.89677079845325,329,93,83,121,62,158,71,18,143,highway,fuzzy
464.39577982463595,545,217,76,84,79,78,180,85,41,highway,fuzzy
464.4060774753196,260,214,31,103,91,192,183,54,209,highway,fuzzy
464.4264269114864,316,243,67,210,187,210,129,180,76,highway,fuzzy
464.52643383313733,329,146,97,98,138,161,245,70,108,highway,fuzzy
465.0271864725608,545,210,27,203,161,182,137,37,93,highway,fuzzy
465.0371229668364,260,144,108,5,197,219,31,56,101,highway,fuzzy
465.0576960332099,316,8,114,107,81,131,39,167,244,highway,fuzzy
465.15868014914474,329,123,249,7,44,91,235,107,155,highway,fuzzy
465.6593773412885,545,26,251,254,6,5,95,194,224,highway,fuzzy
465.6692433798311,260,129,234,104,112,47,224,159,132,highway,fuzzy
465.6897521742269,316,172,76,88,190,5,228,24,45,highway,fuzzy
465.7887649093584,329,213,105,156,162,90,218,203,235,highway,fuzzy
466.28964083789754,545,118,253,89,143,58,35,80,31,highway,fuzzy
466.29881057104154,260,126,113,22,160,34,159,86,151,highway,fuzzy
466.31824469257054,316,156,87,105,224,81,149,199,45,highway,fuzzy
466.41902542412686,329,61,241,40,171,168,148,3,22,highway,fuzzy
466.9199788820925,545,248,185,126,136,236,160,203,208,highway,fuzzy
466.93093667381055,260,197,225,181,253,157,151,253,177,highway,fuzzy
466.9513293588698,316,142,215,220,94,155,150,94,108,highway,fuzzy
467.05164911134233,329,238,127,131,54,82,242,110,128,highway,fuzzy
467.5521485409115,545,217,66,77,9,100,141,182,192,highway,fuzzy
467.56128866279244,260,215,109,84,211,204,232,36,198,highway,fuzzy
467.58112947050967,316,199,67,176,126,4,179,230,182,highway,fuzzy
467.68194667299286,329,241,213,101,227,243,98,145,169,highway,fuzzy
468.18247213664455,545,159,73,161,162,97,106,227,51,highway,fuzzy
468.1921784991965,260,180,161,139,170,141,184,123,188,highway,fuzzy
468.21198811216385,316,146,30,159,201,125,6,94,166,highway,fuzzy
468.31298803011936,329,221,13,93,7,168,147,178,39,highway,fuzzy
468.8123792574518,545,224,222,22,142,157,144,5,183,highway,fuzzy
468.82325034283747,260,104,77,49,182,225,145,190,42,highway,fuzzy
468.84306545955786,316,90,243,177,9,218,105,253,51,highway,fuzzy
468.9438984478846,329,252,28,12,200,94,168,62,137,highway,fuzzy
469.4439711263106,545,152,162,176,185,17,69,204,228,highway,fuzzy
469.45303489440414,260,139,234,230,154,29,223,113,176,highway,fuzzy
469.4733271882644,316,23,221,37,248,230,202,42,62,highway,fuzzy
469.5729422392426,329,25,115,249,155,34,145,85,204,highway,fuzzy
470.0719626428847,545,43,133,93,158,183,175,86,33,highway,fuzzy
470.0815735453847,260,100,1,84,45,34,190,69,35,highway,fuzzy
470.0993342710709,316,147,167,206,138,190,217,181,135,highway,fuzzy
470.1996255239097,329,250,45,136,226,115,115,22,202,highway,fuzzy
470.6991435772395,545,204,135,105,168,123,5,81,63,highway,fuzzy
470.70985097691096,260,131,13,209,158,140,54,19,251,highway,fuzzy
470.7303314993561,316,244,26,164,151,207,207,218,165,highway,fuzzy
470.83030202004414,329,161,163,121,136,172,255,253,50,highway,fuzzy
471.3293959881217,545,48,74,163,86,246,120,28,75,highway,fuzzy
471.3395942313346,260,183,112,49,240,172,1,114,69,highway,fuzzy
471.3597534030307,316,92,133,169,84,85,41,6,131,highway,fuzzy
471.46059321068526,329,4,193,241,104,103,9,198,132,highway,fuzzy
471.9611039415663,545,81,116,67,26,101,223,196,65,highway,fuzzy
471.9704142686906,260,161,160,110,233,33,40,108,125,highway,fuzzy
471.9896086664916,316,152,223,142,21,221,186,63,209,highway,fuzzy
472.08908218309364,329,84,106,147,189,226,10,164,47,highway,fuzzy
472.5899631604669,545,213,116,251,125,133,4,130,220,highway,fuzzy
472.59963801534735,260,30,23,148,243,124,4,73,65,highway,fuzzy
472.6191901115869,316,39,166,108,54,97,50,239,153,highway,fuzzy
472.7184654816852,329,8,211,68,4,62,248,75,46,highway,fuzzy
473.2176414109471,545,208,50,199,145,82,245,201,78,highway,fuzzy
473.2285896651544,260,27,5,97,221,219,25,234,144,highway,fuzzy
473.24910866135167,316,132,90,21,234,229,172,125,227,highway,fuzzy
473.34830701428814,329,39,202,83,34,239,88,61,54,highway,fuzzy
473.8487169408774,545,224,139,240,94,85,255,190,229,highway,fuzzy
473.85774490937166,260,21,229,69,83,32,119,159,240,highway,fuzzy
473.8767967254996,316,65,69,18,199,204,107,75,8,highway,fuzzy
473.97670852990734,329,97,214,83,15,246,38,51,68,highway,fuzzy
474.4762258257466,545,175,179,91,186,135,255,148,52,highway,fuzzy
474.48528327687603,260,250,170,167,104,248,33,218,62,highway,fuzzy
474.5059938950961,316,195,49,131,83,167,144,60,216,highway,fuzzy
474.6060888097206,329,76,202,207,40,27,186,142,153,highway,fuzzy
475.10567596306424,545,254,223,85,163,18,233,35,164,highway,fuzzy
475.1159454259512,260,136,124,120,234,114,150,179,86,highway,fuzzy
475.13683194595865,316,179,55,129,133,135,48,1,33,highway,fuzzy
475.2362522973217,329,124,159,118,99,127,52,66,18,highway,fuzzy
475.73528543369366,545,78,223,133,4,226,98,66,100,highway,fuzzy
475.74563899162786,260,76,4,87,88,110,206,7,224,highway,fuzzy
475.76627532848886,316,76,190,0,222,116,177,93,150,highway,fuzzy
475.86715221963965,329,1,27,152,208,235,229,200,239,highway,fuzzy
476.36780989245386,545,49,81,24,144,51,184,120,30,highway,fuzzy
476.37824907522923,260,127,112,196,99,233,84,93,16,highway,fuzzy
476.39893101574467,316,232,91,205,33,186,14,220,212,highway,fuzzy
476.4996232663074,329,127,54,97,133,131,77,214,213,highway,fuzzy
476.9987255634039,545,39,209,135,205,93,220,130,100,highway,fuzzy
477.0082254888924,260,241,152,44,110,51,19,203,185,highway,fuzzy
477.02897018533184,316,44,12,226,18,14,94,144,154,highway,fuzzy
477.12951044548447,329,248,67,82,129,84,206,42,55,highway,fuzzy
477.63013813188667,545,89,75,128,73,170,187,166,243,highway,fuzzy
477.6408627478045,260,127,255,28,219,10,217,191,205,highway,fuzzy
477.6609972728984,316,91,104,102,185,222,196,201,192,highway,fuzzy
477.7619318581788,329,201,232,226,252,189,218,126,0,highway,fuzzy
478.2615459707309,545,229,162,165,188,98,255,78,246,highway,fuzzy
478.2706214418551,260,198,223,185,207,18,90,72,59,highway,fuzzy
478.29055612271964,316,248,123,68,224,149,211,167,121,highway,fuzzy
478.39155193778805,329,132,103,5,94,98,219,184,165,highway,fuzzy
478.89080252906064,545,241,167,200,136,54,76,27,76,highway,fuzzy
478.89996063824447,260,150,37,182,58,15,253,226,103,highway,fuzzy
478.9196406605483,316,200,96,64,249,239,27,250,188,highway,fuzzy
479.0197680844188,329,46,77,97,236,184,234,66,156,highway,fuzzy
479.5193272302611,545,31,54,63,202,164,129,9,153,highway,fuzzy
479.52868516817546,260,69,195,255,4,4,123,212,147,highway,fuzzy
479.5493464648347,316,12,189,124,123,20,70,25,102,highway,fuzzy
479.649284485103,329,53,8,213,162,58,34,215,230,highway,fuzzy
480.1487642477711,545,51,89,227,43,178,97,131,243,highway,fuzzy
480.15936992353477,260,171,28,0,131,121,11,45,78,highway,fuzzy
480.1793496801866,316,241,124,115,6,53,239,71,85,highway,fuzzy
480.2798646698941,329,79,157,197,93,42,188,198,36,highway,fuzzy
480.7799934051201,545,197,187,7,218,125,15,173,189,highway,fuzzy
480.7909123700264,260,99,76,43,171,191,59,24,112,highway,fuzzy
480.8109507140781,316,145,179,97,49,21,30,126,2,highway,fuzzy
480.9111054462238,329,50,34,160,100,148,121,131,87,highway,fuzzy
481.4103027692739,545,145,92,120,191,218,71,197,164,highway,fuzzy
481.4202867375637,260,154,110,217,53,213,180,38,3,highway,fuzzy
481.43989434964305,316,58,196,247,133,25,101,63,142,highway,fuzzy
481.54078271253655,329,221,86,230,89,50,70,56,242,highway,fuzzy
482.04040486242974,545,244,113,38,109,162,87,229,33,highway,fuzzy
482.0509994304305,260,100,218,191,8,2,134,187,109,highway,fuzzy
482.07079923799677,316,205,253,236,167,65,164,55,155,highway,fuzzy
482.1698523802096,329,255,5,177,62,79,162,165,249,highway,fuzzy
482.6690384052379,545,211,221,6,73,223,7,234,193,highway,fuzzy
482.67858440986515,260,35,31,37,132,89,100,112,146,highway,fuzzy
482.69847700467653,316,197,116,40,119,202,41,39,165,highway,fuzzy
482.799039743439,329,39,35,41,217,210,101,37,77,highway,fuzzy
483.2981439961744,545,166,183,189,45,251,188,215,188,highway,fuzzy
483.30853818834714,260,55,185,223,157,9,145,219,163,highway,fuzzy
483.32875307573573,316,93,141,158,160,43,225,250,251,highway,fuzzy
483.4285120765253,329,187,254,121,106,146,245,166,177,highway,fuzzy
483.9276432651727,545,23,220,76,136,74,33,129,106,highway,fuzzy
483.9373225440868,260,78,105,84,226,34,35,203,251,highway,fuzzy
483.9580918216192,316,137,206,201,181,118,227,52,243,highway,fuzzy
484.05874994957213,329,48,249,110,229,80,44,37,66,highway,fuzzy
484.5595036613016,545,188,119,115,28,131,69,178,94,highway,fuzzy
484.5687164041068,260,198,169,133,212,191,155,88,57,highway,fuzzy
484.5877369284519,316,144,109,31,214,182,110,141,234,highway,fuzzy
484.68798388000465,329,194,167,239,93,245,34,27,125,highway,fuzzy
485.18830208370343,545,198,106,54,113,163,170,212,36,highway,fuzzy
485.19861208669477,260,218,135,193,199,111,80,232,176,highway,fuzzy
485.21779842595333,316,87,193,230,123,220,120,197,25,highway,fuzzy
485.3175975386967,329,100,194,53,74,4,24,86,48,highway,fuzzy
485.8168026222381,545,158,177,43,213,70,230,69,73,highway,fuzzy
485.82748314397907,260,30,248,79,155,79,140,54,63,highway,fuzzy
485.8468695374612,316,111,207,62,118,33,105,80,222,highway,fuzzy
485.9463512138479,329,121,248,90,177,198,179,249,159,highway,fuzzy
486.4461773665081,545,147,70,247,60,135,173,141,170,highway,fuzzy
486.4557961004536,260,89,88,243,82,113,237,76,113,highway,fuzzy
486.474796825853,316,165,170,186,170,189,21,2,10,highway,fuzzy
486.574710216662,329,239,169,29,27,195,1,160,231,highway,fuzzy
487.07404469599913,545,181,126,63,118,227,31,108,56,highway,fuzzy
487.0830696574406,260,50,89,177,45,187,211,37,93,highway,fuzzy
487.1027295071116,316,197,82,1,98,3,32,92,52,highway,fuzzy
487.201734444943,329,96,101,241,57,94,230,240,134,highway,fuzzy
487.7011133933509,545,5,123,119,251,180,57,22,190,highway,fuzzy
487.7102954840024,260,97,36,89,3,193,101,25,104,highway,fuzzy
487.72948646598695,316,44,164,227,68,98,67,6,151,highway,fuzzy
487.82925674664494,329,198,75,244,79,251,189,103,101,highway,fuzzy
488.3285953853052,545,244,61,1,150,117,60,106,242,highway,fuzzy
488.33840259889934,260,2,87,214,78,88,216,149,68,highway,fuzzy
488.3583872687965,316,136,50,247,19,104,230,254,205,highway,fuzzy
488.45777484830717,329,247,32,238,188,41,200,69,156,highway,fuzzy
488.95796247487976,545,25,17,131,15,15,161,106,63,highway,fuzzy
488.9681598062455,260,208,201,72,229,217,183,178,235,highway,fuzzy
488.98744169342274,316,128,13,151,233,230,127,65,163,highway,fuzzy
489.0880965323248,329,110,1,1,21,201,28,241,36,highway,fuzzy
489.58867712413644,545,133,166,162,143,217,160,58,55,highway,fuzzy
489.5989557783271,260,59,41,231,91,216,155,6,182,highway,fuzzy
489.61878038134023,316,110,203,24,199,218,24,96,107,highway,fuzzy
489.71943411344023,329,88,199,140,206,132,116,181,84,highway,fuzzy
490.21861409484916,545,15,195,169,225,157,152,110,129,highway,fuzzy
490.22924459160356,260,88,83,246,74,70,135,89,248,highway,fuzzy
490.2492785810975,316,243,191,202,217,174,183,75,197,highway,fuzzy
490.3502629789467,329,217,85,25,152,121,226,31,155,highway,fuzzy
490.8498626525803,545,63,119,160,81,74,27,178,194,highway,fuzzy
490.8592893142481,260,17,57,214,197,17,210,79,102,highway,fuzzy
490.8794727502062,316,239,157,92,4,189,180,1,192,highway,fuzzy
490.9794761401584,329,181,113,193,25,177,150,116,189,highway,fuzzy
491.4795082449317,545,200,55,166,188,94,170,238,178,highway,fuzzy
491.4892924274728,260,115,109,207,55,211,210,189,46,highway,fuzzy
491.51027692726194,316,81,216,76,81,42,184,12,141,highway,fuzzy
491.6093353070562,329,51,87,53,102,102,231,145,164,highway,fuzzy
492.1095453302348,545,151,185,144,138,61,30,91,230,highway,fuzzy
492.12004962872663,260,237,133,2,95,88,189,111,156,highway,fuzzy
492.1398079138259,316,174,152,162,168,93,114,204,71,highway,fuzzy
492.23947272573,329,234,145,178,148,126,153,169,175,highway,fuzzy
492.7399140746999,545,9,143,0,22,136,58,136,19,highway,fuzzy
492.75063306901916,260,138,62,238,48,76,156,28,78,highway,fuzzy
492.7714427394284,316,209,62,85,9,164,48,163,58,highway,fuzzy
492.872275035642,329,181,232,73,92,1,147,215,54,highway,fuzzy
493.3719564335295,545,60,46,137,241,38,214,174,169,highway,fuzzy
493.3814249124463,260,126,142,205,251,43,3,76,76,highway,fuzzy
493.4022619038618,316,134,111,227,13,173,209,98,112,highway,fuzzy
493.50317357780375,329,135,126,221,75,30,16,12,183,highway,fuzzy
494.00284127637525,545,37,189,143,117,200,199,133,243,highway,fuzzy
494.0127285580369,260,161,171,101,83,10,94,220,96,highway,fuzzy
494.0326201454256,316,9,255,53,17,22,20,86,17,highway,fuzzy
494.1320651752787,329,231,106,68,76,204,92,208,120,highway,fuzzy
494.6313970402122,545,50,31,242,162,222,127,180,12,highway,fuzzy
494.6413217715024,260,152,44,144,95,217,15,190,45,highway,fuzzy
494.6619044119571,316,166,190,229,255,30,73,59,210,highway,fuzzy
494.76165652159716,329,235,209,1,171,82,153,184,114,highway,fuzzy
495.2611033064156,545,67,3,189,169,24,93,8,165,highway,fuzzy
495.2701051055724,260,73,86,112,247,186,177,253,142,highway,fuzzy
495.290479022235,316,35,47,236,53,82,123,11,80,highway,fuzzy
495.3883891772318,329,157,168,114,140,59,175,79,198,highway,fuzzy
495.8888582425362,545,236,155,203,143,102,118,189,0,highway,fuzzy
495.8979631527652,260,155,103,242,52,82,224,128,217,highway,fuzzy
495.918321719998,316,126,112,116,253,47,63,108,136,highway,fuzzy
496.0174694158299,329,53,228,253,245,244,119,38,104,highway,fuzzy
496.5183887774083,545,93,43,163,62,190,178,117,159,highway,fuzzy
496.5293776239029,260,188,149,97,167,151,150,39,155,highway,fuzzy
496.5495990545851,316,47,174,60,20,205,77,19,100,highway,fuzzy
496.65007575819044,329,180,205,36,10,229,49,53,206,highway,fuzzy
497.15097348229705,545,79,200,198,227,231,39,76,120,highway,fuzzy
497.1601523296762,260,225,129,132,211,80,145,218,179,highway,fuzzy
497.1793771198608,316,61,180,166,113,12,93,46,219,highway,fuzzy
497.2801854882255,329,23,232,240,190,69,141,139,198,highway,fuzzy
497.7810852320852,545,147,13,14,226,244,247,229,166,highway,fuzzy
497.79156953102716,260,87,235,215,248,74,144,233,141,highway,fuzzy
497.81071899361024,316,11,51,156,66,46,166,19,231,highway,fuzzy
497.90987593576517,329,210,52,180,17,31,252,205,3,highway,fuzzy
498.41062271644745,545,215,50,78,79,238,150,217,29,highway,fuzzy
498.4202137142902,260,63,224,249,36,146,245,183,231,highway,fuzzy
498.44069272664086,316,113,230,34,113,38,168,222,67,highway,fuzzy
498.5399041241158,329,69,202,34,84,203,160,136,132,highway,fuzzy
499.04061668969683,545,229,90,51,135,1,73,89,225,highway,fuzzy
499.0501352691688,260,16,71,61,174,79,74,145,139,highway,fuzzy
499.0697180500666,316,217,19,243,142,129,134,221,94,highway,fuzzy
499.1696774717343,329,126,121,195,55,236,43,109,151,highway,fuzzy
499.67066153114683,545,24,255,39,126,6,8,58,222,highway,fuzzy
499.6809146037798,260,121,125,41,103,98,10,199,108,highway,fuzzy
499.7003903927451,316,245,161,196,149,119,32,59,46,highway,fuzzy
499.8009635082182,329,75,76,208,5,64,147,19,39,highway,fuzzy
500.30104837967076,545,217,93,162,209,82,5,69,101,highway,fuzzy
500.3118246514719,260,120,2,17,203,24,23,237,60,highway,fuzzy
500.3308798585684,316,25,110,65,162,181,47,225,211,highway,fuzzy
500.43099673187936,329,120,217,46,81,140,72,4,39,highway,fuzzy
500.9318782659754,545,29,183,204,234,227,222,59,94,highway,fuzzy
500.9418042235061,260,57,31,139,56,151,147,92,74,highway,fuzzy
500.96132400914576,316,186,249,246,248,101,46,111,27,highway,fuzzy
501.0621957120124,329,48,37,225,163,212,119,22,252,highway,fuzzy
501.5621269306965,545,63,28,37,10,18,240,142,98,highway,fuzzy
501.5718353796026,260,191,242,63,173,125,98,207,63,highway,fuzzy
501.5925147332289,316,146,10,72,143,148,51,53,101,highway,fuzzy
501.69235297611544,329,7,210,160,124,85,78,231,89,highway,fuzzy
502.193289659304,545,226,163,2,5,195,32,127,234,highway,fuzzy
502.2038194329878,260,104,118,37,112,88,159,155,144,highway,fuzzy
502.223615224737,316,231,45,17,116,181,138,195,95,highway,fuzzy
502.32441374051405,329,253,222,156,212,190,206,53,238,highway,fuzzy
502.8249355458145,545,188,197,30,87,197,123,133,232,highway,fuzzy
502.833998536203,260,243,54,73,40,39,147,158,150,highway,fuzzy
502.8547312284391,316,68,88,82,156,184,143,200,212,highway,fuzzy
502.95443474777784,329,74,122,22,197,44,103,83,196,highway,fuzzy
503.4530188205205,545,16,164,0,229,177,64,238,46,highway,fuzzy
503.46379566411116,260,72,202,115,212,158,148,133,30,highway,fuzzy
503.4841228208711,316,189,57,34,140,142,237,221,211,highway,fuzzy
503.5844584587457,329,87,135,175,136,230,60,193,195,highway,fuzzy
504.0848546499722,545,217,93,158,109,51,158,190,234,highway,fuzzy
504.0954633897373,260,63,73,109,149,14,216,155,171,braking,fuzzy
504.11563374964624,316,68,80,169,72,246,92,108,200,braking,fuzzy
504.21632669688614,329,153,100,188,23,209,255,148,209,braking,fuzzy
504.7156732126519,545,41,200,213,232,69,143,159,235,braking,fuzzy
504.72468600512525,260,249,190,14,218,90,102,252,49,braking,fuzzy
504.7442555708258,316,181,192,87,131,228,59,17,179,braking,fuzzy
504.8449824590432,329,81,179,76,142,82,124,118,36,braking,fuzzy
505.3459656023247,545,34,51,252,34,62,83,90,63,braking,fuzzy
505.35547151054794,260,181,133,166,158,120,236,210,56,braking,fuzzy
505.3745117897834,316,31,205,172,130,48,52,5,107,braking,fuzzy
505.47515546136026,329,201,60,143,46,123,130,27,232,braking,fuzzy
505.9779004161794,545,184,129,20,180,125,126,246,103,braking,fuzzy
505.988680762045,260,114,176,74,193,124,36,112,208,braking,fuzzy
506.00783252859077,316,227,78,11,14,184,191,103,100,braking,fuzzy
506.10706735810925,329,4,22,39,71,129,185,21,126,braking,fuzzy
506.6073089553804,545,185,200,107,167,118,81,174,25,braking,fuzzy
506.6178676159924,260,99,18,242,50,53,151,218,159,braking,fuzzy
506.63782502935106,316,62,235,119,75,227,130,189,51,braking,fuzzy
506.7369158128647,329,227,181,202,3,189,227,98,195,braking,fuzzy
507.2366839810878,545,49,96,173,78,144,28,254,240,braking,fuzzy
507.24687962117633,260,164,184,3,216,143,224,87,41,braking,fuzzy
507.26723039644395,316,161,180,162,48,231,90,4,164,braking,fuzzy
507.36779651374644,329,32,118,150,90,129,137,218,188,braking,fuzzy
507.86877024559874,545,108,53,199,249,40,128,180,217,braking,fuzzy
507.8796222118694,260,53,3,121,152,94,87,181,50,braking,fuzzy
507.90048723617684,316,119,134,53,87,225,61,70,85,braking,fuzzy
507.99998111449685,329,51,162,124,95,213,159,231,248,braking,fuzzy
508.50047306118756,545,143,187,3,233,147,33,201,4,braking,fuzzy
508.5098917672131,260,72,149,103,72,122,54,248,98,braking,fuzzy
508.5296388350539,316,73,89,84,236,44,78,152,180,braking,fuzzy
508.63005048580055,329,236,225,158,91,246,178,200,238,braking,fuzzy
509.13029208460006,545,212,225,68,28,199,94,77,18,braking,fuzzy
509.139545683415,260,210,182,183,197,1,183,238,192,braking,fuzzy
509.1601077151816,316,201,184,59,93,82,97,100,39,braking,fuzzy
509.2609731878277,329,49,126,55,216,140,129,63,8,braking,fuzzy
509.76188552811794,545,157,17,241,48,64,164,59,99,braking,fuzzy
509.77107678428507,260,125,133,23,250,251,94,144,96,braking,fuzzy
509.7919208294235,316,58,178,78,221,16,137,43,63,braking,fuzzy
509.8922010872778,329,92,241,124,247,199,32,81,191,braking,fuzzy
510.39316274890234,545,252,219,81,32,86,97,71,6,braking,fuzzy
510.40318353298636,260,233,83,85,123,24,92,173,245,braking,fuzzy
510.42281050949424,316,63,187,67,107,115,50,111,207,braking,fuzzy
510.5229978520214,329,103,50,187,209,181,183,113,100,braking,fuzzy
511.0239379070335,545,83,27,255,233,174,112,168,159,braking,fuzzy
511.03374576818516,260,16,115,199,202,213,58,186,121,braking,fuzzy
511.0536625560447,316,157,183,106,102,57,110,179,54,braking,fuzzy
511.1534027204971,329,4,103,61,200,218,147,148,208,braking,fuzzy
511.65389984774515,545,23,57,43,135,141,252,117,42,braking,fuzzy
511.66479533754745,260,73,41,176,87,135,82,99,215,braking,fuzzy
511.6851643768166,316,48,74,197,227,247,128,195,90,braking,fuzzy
511.784778180816,329,56,11,43,31,196,198,22,96,braking,fuzzy
512.2848875693604,545,145,110,24,121,91,117,122,80,braking,fuzzy
512.2939996841707,260,9,31,139,76,156,162,112,131,braking,fuzzy
512.3133335531569,316,182,208,109,166,179,75,196,103,braking,fuzzy
512.4124092387518,329,163,120,53,141,64,225,108,126,braking,fuzzy
512.9117977830023,545,124,201,128,75,16,111,68,145,braking,fuzzy
512.9216005396771,260,94,65,107,201,147,235,229,180,braking,fuzzy
512.942430474855,316,73,13,223,59,73,120,49,50,braking,fuzzy
513.0424799557487,329,70,234,76,238,111,248,210,13,braking,fuzzy
513.5429283976755,545,115,80,19,211,113,149,12,101,braking,fuzzy
513.5532573507436,260,43,43,21,250,215,187,74,188,braking,fuzzy
513.572663712042,316,47,229,134,120,251,75,83,66,braking,fuzzy
513.673048132026,329,194,115,209,154,244,61,168,56,braking,fuzzy
514.1727748435949,545,26,126,130,51,45,79,139,18,braking,fuzzy
514.1836489165191,260,230,77,130,225,225,124,144,69,braking,fuzzy
514.2026904166099,316,4,103,175,156,33,106,211,185,braking,fuzzy
514.3020270517543,329,192,20,232,214,78,222,208,46,braking,fuzzy
514.8020430526612,545,32,119,185,132,157,130,55,201,braking,fuzzy
514.8117678262187,260,162,36,42,226,138,20,177,133,braking,fuzzy
514.8321917301496,316,227,8,166,230,83,63,56,162,braking,fuzzy
514.9316329961488,329,100,127,4,194,171,88,120,166,braking,fuzzy
515.4311666543928,545,237,162,241,175,158,69,21,42,braking,fuzzy
515.4414200662641,260,8,231,13,91,182,175,165,2,braking,fuzzy
515.462330909071,316,130,169,2,203,76,171,51,24,braking,fuzzy
515.5628501800745,329,130,112,184,34,215,50,99,217,braking,fuzzy
516.0632181862227,545,102,82,56,176,119,167,188,160,braking,fuzzy
516.0740388578238,260,170,120,94,86,168,15,161,20,braking,fuzzy
516.0943290768716,316,134,118,215,124,205,9,126,44,braking,fuzzy
516.1940229161113,329,174,142,255,177,173,140,84,103,braking,fuzzy
516.6946982624645,545,22,168,153,65,209,198,247,231,braking,fuzzy
516.7046017676532,260,127,104,110,234,225,251,220,75,braking,fuzzy
516.724505385603,316,115,91,135,241,250,85,4,104,braking,fuzzy
516.8245312810311,329,88,98,49,175,146,204,254,120,braking,fuzzy
517.3247671829508,545,240,28,51,72,5,162,61,232,braking,fuzzy
517.3346706358594,260,102,248,167,106,34,77,191,137,braking,fuzzy
517.3541665725656,316,41,229,205,220,226,4,24,99,braking,fuzzy
517.4533339622234,329,134,136,163,63,195,108,157,119,braking,fuzzy
517.9527910207497,545,186,90,91,36,4,139,212,148,braking,fuzzy
517.9619322968589,260,185,57,0,57,220,178,13,14,braking,fuzzy
517.981242818784,316,180,136,84,121,190,196,133,161,braking,fuzzy
518.082059227029,329,1,63,210,3,40,86,162,104,braking,fuzzy
518.581669492367,545,51,2,174,180,202,174,2,31,braking,fuzzy
518.5926005110726,260,212,18,179,201,141,110,23,120,braking,fuzzy
518.6121169908474,316,7,40,177,2,252,237,249,220,braking,fuzzy
518.7117402696488,329,7,170,120,106,215,61,75,44,braking,fuzzy
519.2109502868383,545,202,71,25,88,173,168,65,128,braking,fuzzy
519.2199934453213,260,172,172,111,225,104,233,27,253,braking,fuzzy
519.2402572942757,316,38,121,215,140,160,125,39,142,braking,fuzzy
519.3411266490473,329,95,230,174,143,105,62,148,155,braking,fuzzy
519.8421123626492,545,80,116,121,13,113,44,159,27,braking,fuzzy
519.8524853629291,260,116,237,126,194,18,119,52,4,braking,fuzzy
519.8730548970613,316,123,89,29,4,182,220,211,138,braking,fuzzy
519.9737851338139,329,112,140,123,33,43,74,138,90,braking,fuzzy
520.4741309206049,545,32,204,14,18,188,160,195,197,braking,fuzzy
520.4843500605804,260,66,95,185,100,246,123,161,76,braking,fuzzy
520.5038441800447,316,44,99,215,210,241,13,27,170,braking,fuzzy
520.6037227246309,329,111,63,244,59,228,98,154,143,braking,fuzzy
521.1038795487932,545,236,90,85,66,14,109,192,147,braking,fuzzy
521.113010156888,260,190,57,89,122,251,51,95,72,braking,fuzzy
521.1338826127433,316,100,183,63,102,79,104,222,198,braking,fuzzy
521.2343672996187,329,77,6,152,157,238,120,213,68,braking,fuzzy
521.7344824324517,545,44,73,131,157,145,34,164,120,braking,fuzzy
521.7436310516305,260,122,185,173,208,36,92,137,219,braking,fuzzy
521.7637798395601,316,202,69,113,223,44,237,42,120,braking,fuzzy
521.863851236182,329,236,183,142,20,78,141,63,227,braking,fuzzy
522.3645286789852,545,172,115,7,149,253,9,137,128,braking,fuzzy
522.3743904514413,260,167,196,175,213,172,22,121,60,braking,fuzzy
522.3951959886746,316,231,171,115,37,141,87,254,22,braking,fuzzy
522.4946401895658,329,226,147,175,44,58,48,141,153,braking,fuzzy
522.9942908631962,545,157,36,160,146,106,97,116,193,braking,fuzzy
523.003560213588,260,239,70,13,120,19,165,33,205,braking,fuzzy
523.0241627193373,316,76,156,39,62,9,92,118,212,braking,fuzzy
523.1247543421682,329,84,224,127,94,218,195,158,1,braking,fuzzy
523.6238925680525,545,73,189,237,84,61,151,129,253,braking,fuzzy
523.6348216700586,260,137,156,82,219,111,222,110,184,braking,fuzzy
523.6539159080204,316,115,196,34,51,102,147,0,75,braking,fuzzy
523.7530262755688,329,249,112,139,23,127,25,231,137,braking,fuzzy
524.2527181949957,545,64,90,150,38,68,96,73,14,braking,fuzzy
524.2619987493483,260,104,240,13,178,172,17,78,84,braking,fuzzy
524.2812053501502,316,250,26,186,167,218,186,15,190,braking,fuzzy
524.3820075806741,329,190,139,201,255,71,27,7,219,braking,fuzzy
524.8825321576415,545,120,225,32,142,6,21,67,174,braking,fuzzy
524.8924872270924,260,144,38,120,22,118,243,181,93,braking,fuzzy
524.9104686152053,316,15,27,191,212,159,100,40,77,braking,fuzzy
525.0111949307991,329,61,87,215,127,165,229,190,21,braking,fuzzy
525.511874495693,545,220,1,244,248,183,69,149,159,braking,fuzzy
525.5218732209652,260,24,186,168,120,172,19,177,34,braking,fuzzy
525.5422497096861,316,102,226,101,76,145,213,205,252,braking,fuzzy
525.6428369411743,329,122,18,130,71,66,98,137,197,braking,fuzzy
526.1428905871885,545,82,180,97,93,17,40,125,119,braking,fuzzy
526.1530116191705,260,144,65,38,179,67,185,214,244,braking,fuzzy
526.1735921986158,316,139,25,233,24,78,212,121,131,braking,fuzzy
526.2743685113514,329,85,246,87,148,91,160,240,15,braking,fuzzy
526.7739086932002,545,194,10,187,199,213,34,47,144,braking,fuzzy
526.7837944470965,260,183,50,194,114,183,6,6,179,braking,fuzzy
526.8033170437011,316,126,220,141,181,148,193,201,45,braking,fuzzy
526.904043513285,329,116,88,80,18,184,75,79,200,braking,fuzzy
527.4042217280717,545,71,10,39,44,162,31,205,191,braking,fuzzy
527.41461053628,260,228,66,254,68,148,221,187,161,braking,fuzzy
527.4349577360451,316,255,75,232,240,125,255,23,105,braking,fuzzy
527.535681280964,329,37,134,39,183,118,76,184,160,braking,fuzzy
528.0366067073336,545,101,122,7,207,111,105,142,167,braking,fuzzy
528.047211607782,260,253,255,103,86,206,100,110,20,braking,fuzzy
528.0677032256555,316,57,16,0,128,1,179,20,48,braking,fuzzy
528.1677275289766,329,242,163,125,243,172,78,20,2,braking,fuzzy
528.6678287652451,545,211,247,116,207,183,225,154,7,braking,fuzzy
528.6769734537072,260,166,212,153,96,88,126,39,45,braking,fuzzy
528.6978621925532,316,189,27,226,139,193,137,215,152,braking,fuzzy
528.7988541096508,329,174,200,142,209,194,27,23,117,braking,fuzzy
529.2989412907795,545,220,6,186,167,97,37,16,235,braking,fuzzy
529.3084955814224,260,211,137,77,91,1,112,252,175,braking,fuzzy
529.3290213866792,316,197,146,18,121,136,183,127,168,braking,fuzzy
529.4298856072382,329,227,2,143,98,180,174,76,124,braking,fuzzy
529.9300677669826,545,223,184,96,95,156,113,226,25,braking,fuzzy
529.9404779598043,260,233,53,123,64,139,105,117,11,braking,fuzzy
529.9605349599564,316,181,163,145,224,255,90,199,239,braking,fuzzy
530.0608901883475,329,190,18,105,228,97,84,99,176,braking,fuzzy
530.5606949769922,545,6,247,146,239,225,14,83,243,braking,fuzzy
530.5708217586105,260,201,55,143,92,252,66,243,226,braking,fuzzy
530.5912755091903,316,27,16,240,45,163,60,208,196,braking,fuzzy
530.6912011622899,329,126,75,79,41,207,128,243,138,braking,fuzzy
531.1912257719991,545,91,143,222,21,1,191,3,240,braking,fuzzy
531.2005605190947,260,42,115,167,234,211,32,61,43,braking,fuzzy
531.2208266506383,316,35,64,19,109,82,210,58,106,braking,fuzzy
531.3216183161072,329,195,218,5,28,134,231,39,117,braking,fuzzy
531.8216006559552,545,116,218,46,22,26,196,18,224,braking,fuzzy
531.831021699054,260,246,156,28,81,183,109,126,197,braking,fuzzy
531.8507740859666,316,43,148,223,228,123,217,91,54,braking,fuzzy
531.9502756933196,329,158,78,251,137,179,163,38,130,braking,fuzzy
532.4510726970502,545,244,38,101,224,170,236,180,7,braking,fuzzy
532.4609729930776,260,253,44,208,216,30,215,113,5,braking,fuzzy
532.4818144535259,316,126,199,230,71,150,33,77,52,braking,fuzzy
532.5811135808134,329,47,237,91,117,74,142,125,209,braking,fuzzy
533.0813614898801,545,217,192,167,53,231,231,216,204,braking,fuzzy
533.091568065454,260,175,22,206,180,60,177,98,52,braking,fuzzy
533.1125296236105,316,111,86,65,68,223,230,17,113,braking,fuzzy
533.2117175173618,329,129,230,20,233,75,18,47,98,braking,fuzzy
533.7110823916929,545,195,235,160,104,157,213,169,68,braking,fuzzy
533.7211866994259,260,84,11,78,220,47,249,43,105,braking,fuzzy
533.7410252898854,316,164,2,123,26,183,12,4,85,braking,fuzzy
533.8417412072814,329,200,221,240,212,3,42,152,32,braking,fuzzy
534.3416216489395,545,71,139,196,225,75,113,119,72,braking,fuzzy
534.3515548815529,260,231,136,116,33,253,44,33,103,braking,fuzzy
534.3713910875595,316,157,90,230,253,103,75,21,220,braking,fuzzy
534.4710330561115,329,186,1,183,16,233,195,65,239,braking,fuzzy
534.9711939061596,545,171,85,198,96,92,222,123,12,braking,fuzzy
534.980798058694,260,142,50,45,131,32,243,108,220,braking,fuzzy
534.9998601852895,316,143,207,158,201,128,124,140,207,braking,fuzzy
535.0991077215872,329,168,184,219,186,182,218,24,44,braking,fuzzy
535.5985371745844,545,4,33,40,176,99,144,67,10,braking,fuzzy
535.6078389664347,260,124,134,3,231,129,53,221,216,braking,fuzzy
535.6271414412448,316,174,221,243,15,223,96,230,13,braking,fuzzy
535.7273124916428,329,231,203,235,86,20,22,163,113,braking,fuzzy
536.2273250330763,545,174,223,150,231,98,201,182,166,braking,fuzzy
536.2381425161697,260,109,1,116,238,128,236,157,18,braking,fuzzy
536.2572719274077,316,213,126,103,246,1,149,228,208,braking,fuzzy
536.3571874953135,329,151,112,54,79,215,150,74,72,braking,fuzzy
536.8571568013709,545,99,70,155,118,61,251,33,165,braking,fuzzy
536.8669664871029,260,126,89,11,18,87,80,214,201,braking,fuzzy
536.8879644865707,316,85,53,118,119,172,69,191,50,braking,fuzzy
536.9874906278069,329,75,95,63,25,51,163,82,157,braking,fuzzy
537.4866378168209,545,156,234,104,154,8,146,1,181,braking,fuzzy
537.496079508267,260,44,113,72,227,42,116,151,192,braking,fuzzy
537.5154827322453,316,223,96,218,107,92,197,38,7,braking,fuzzy
537.6160979086078,329,111,46,149,132,73,229,162,94,braking,fuzzy
538.1156431751808,545,236,155,239,103,237,98,255,52,braking,fuzzy
538.125848190087,260,123,205,52,26,28,110,88,179,braking,fuzzy
538.1449106935528,316,192,232,105,129,253,20,38,47,braking,fuzzy
538.2444813070861,329,77,15,25,224,83,133,192,19,braking,fuzzy
538.7438831863362,545,237,85,88,235,16,207,20,209,braking,fuzzy
538.7544241385899,260,220,199,113,102,119,30,56,239,braking,fuzzy
538.7737906743932,316,131,100,117,55,95,225,134,198,braking,fuzzy
538.873900455392,329,208,229,236,205,185,199,212,149,braking,fuzzy
539.3732815073198,545,176,7,101,254,208,42,144,170,braking,fuzzy
539.3839070351897,260,107,3,225,242,207,115,167,29,braking,fuzzy
539.4033177578679,316,43,91,194,105,223,239,161,234,braking,fuzzy
539.5032904306337,329,249,147,31,238,16,226,211,13,braking,fuzzy
540.0036986541056,545,117,169,142,210,36,42,154,134,braking,fuzzy
540.0134457039528,260,136,211,41,227,33,88,155,250,braking,fuzzy
540.033443554527,316,138,14,198,185,203,153,137,48,braking,fuzzy
540.1324786472082,329,60,11,14,253,241,249,64,97,braking,fuzzy
540.6325933646534,545,212,244,131,254,179,245,202,210,braking,fuzzy
540.6429451690158,260,154,184,28,130,24,217,73,37,braking,fuzzy
540.6621475952628,316,119,161,146,227,16,161,1,73,braking,fuzzy
540.7617314525866,329,167,147,195,74,195,214,115,242,braking,fuzzy
541.2622616673965,545,126,193,137,75,190,24,140,215,braking,fuzzy
541.2715524609105,260,214,178,230,215,218,47,111,17,braking,fuzzy
541.2915308452707,316,2,129,175,189,9,226,205,24,braking,fuzzy
541.3916669765406,329,178,89,170,254,158,145,226,226,braking,fuzzy
541.8926066630108,545,254,209,51,235,24,19,204,164,braking,fuzzy
541.9021618027073,260,122,220,61,15,167,7,206,161,braking,fuzzy
541.9222201332555,316,161,76,190,192,145,95,65,134,braking,fuzzy
542.0220006160774,329,13,101,7,30,83,225,240,79,braking,fuzzy
542.5221929306584,545,157,166,167,24,228,76,42,31,braking,fuzzy
542.5318277838725,260,121,17,127,152,101,137,254,17,braking,fuzzy
542.5519517120689,316,41,56,145,191,243,134,82,9,braking,fuzzy
542.6519360561817,329,81,5,21,82,128,46,215,31,braking,fuzzy
543.1526904691535,545,217,97,140,209,34,210,159,157,braking,fuzzy
543.1630195069027,260,149,41,174,244,148,184,125,231,braking,fuzzy
543.1837104102301,316,18,40,233,107,121,232,141,72,braking,fuzzy
543.2837235294191,329,151,203,151,60,251,222,158,35,braking,fuzzy
543.7846810104995,545,141,139,252,102,25,169,114,218,braking,fuzzy
543.7941268330909,260,195,99,80,142,225,6,64,40,braking,fuzzy
543.8136017875308,316,79,240,231,250,252,27,67,195,braking,fuzzy
543.9129640265104,329,184,71,218,209,38,73,13,223,braking,fuzzy
544.4133886469178,545,32,253,250,68,112,182,44,228,braking,fuzzy
544.42369295335,260,141,240,52,49,131,208,235,45,braking,fuzzy
544.4431238819727,316,176,109,85,253,212,194,192,87,braking,fuzzy
544.5437332564056,329,161,8,102,211,110,91,74,40,braking,fuzzy
545.044377811539,545,19,251,65,221,91,75,203,19,braking,fuzzy
545.0540248387199,260,130,91,102,190,218,148,191,28,braking,fuzzy
545.0744689602499,316,45,158,253,133,126,96,94,177,braking,fuzzy
545.1736528775242,329,178,243,226,154,85,155,157,54,braking,fuzzy
545.6743266883316,545,92,254,190,56,211,94,206,221,braking,fuzzy
545.6835232174651,260,232,104,73,233,87,51,151,127,braking,fuzzy
545.7041049203465,316,66,110,20,102,234,203,203,193,braking,fuzzy
545.804312515574,329,104,206,38,119,124,116,153,192,braking,fuzzy
546.3044957257274,545,19,105,23,184,233,140,5,164,braking,fuzzy
546.3149138360337,260,174,109,37,7,115,216,233,47,braking,fuzzy
546.3354617810925,316,5,122,68,59,115,207,147,7,braking,fuzzy
546.4348848311059,329,122,161,134,130,217,163,216,34,braking,fuzzy
546.9340731264863,545,110,226,109,133,216,44,46,220,braking,fuzzy
546.9447266560406,260,79,188,200,80,96,45,30,207,braking,fuzzy
546.9645320839487,316,228,188,184,89,18,189,117,125,braking,fuzzy
547.0645975436252,329,45,2,124,16,51,195,76,31,braking,fuzzy
547.5649635701238,545,76,182,217,148,67,105,251,85,braking,fuzzy
547.5741142412858,260,233,140,219,90,52,236,172,198,braking,fuzzy
547.5933029780301,316,51,252,163,178,5,32,154,14,braking,fuzzy
547.6938759570999,329,236,12,224,204,40,168,106,107,braking,fuzzy
548.1939675834686,545,124,254,93,193,104,55,193,193,braking,fuzzy
548.204552698408,260,60,193,49,196,80,109,39,158,braking,fuzzy
548.2242524914582,316,124,22,226,122,105,80,72,102,braking,fuzzy
548.3237464755813,329,36,38,30,96,200,163,194,101,braking,fuzzy
548.8234957929357,545,212,85,22,179,1,33,231,42,braking,fuzzy
548.832538687401,260,86,206,88,163,186,50,4,74,braking,fuzzy
548.8523281668105,316,179,125,22,235,120,17,3,164,braking,fuzzy
548.9517137911232,329,217,247,21,71,205,7,79,133,braking,fuzzy
549.4512645471987,545,118,81,172,34,48,31,94,252,braking,fuzzy
549.4605013102896,260,135,155,218,137,47,35,176,61,braking,fuzzy
549.4807128318237,316,143,35,235,55,110,32,51,0,braking,fuzzy
549.5811392367633,329,152,55,69,203,174,92,1,95,braking,fuzzy
550.0818170255525,545,183,136,55,115,3,56,226,219,braking,fuzzy
550.0910336415549,260,110,121,210,121,13,46,94,224,braking,fuzzy
550.1100919727384,316,217,47,46,203,63,232,42,174,braking,fuzzy
550.2091617156035,329,170,203,134,129,246,133,178,25,braking,fuzzy
550.7083758299775,545,40,188,133,166,217,111,208,104,braking,fuzzy
550.7177865558375,260,38,97,213,192,14,0,163,95,braking,fuzzy
550.7383936513373,316,192,89,39,15,33,82,62,208,braking,fuzzy
550.8389276238836,329,137,221,208,137,98,88,117,62,braking,fuzzy
551.3393587735925,545,217,225,32,46,66,67,211,114,braking,fuzzy
551.3501778446994,260,1,58,197,42,18,47,227,13,braking,fuzzy
551.3710702750458,316,51,187,216,193,181,177,33,70,braking,fuzzy
551.4700770290094,329,230,21,66,255,142,157,46,206,braking,fuzzy
551.9694678955095,545,33,214,227,114,57,1,63,159,braking,fuzzy
551.9793773614812,260,197,241,88,232,247,150,95,68,braking,fuzzy
551.9985989489146,316,68,177,241,9,185,252,40,82,braking,fuzzy
552.0979110335644,329,247,211,176,253,239,82,246,171,braking,fuzzy
552.5980425312382,545,52,130,132,217,240,9,218,22,braking,fuzzy
552.6076738889456,260,149,155,190,216,121,32,178,219,braking,fuzzy
552.6271510970342,316,120,194,19,62,14,146,230,83,braking,fuzzy
552.7280242845558,329,128,79,114,239,227,162,61,84,braking,fuzzy
553.2286493702109,545,235,215,185,63,91,8,27,150,braking,fuzzy
553.2388091649804,260,12,145,198,95,183,169,166,30,braking,fuzzy
553.2595487691159,316,73,208,67,147,121,116,153,0,braking,fuzzy
553.3594600506814,329,34,77,149,60,248,58,231,163,braking,fuzzy
553.8594700417713,545,193,47,137,187,6,226,101,210,braking,fuzzy
553.8693216040014,260,112,45,236,248,199,34,136,192,braking,fuzzy
553.8892467767184,316,239,107,242,241,76,217,239,167,braking,fuzzy
553.9884041097154,329,54,140,23,184,255,242,229,26,braking,fuzzy
554.4893083476991,545,114,75,134,194,89,222,50,234,braking,fuzzy
554.4992474485758,260,187,105,198,56,6,129,196,110,braking,fuzzy
554.5183528885144,316,63,41,27,59,104,47,112,57,braking,fuzzy
554.6183088396116,329,36,97,116,110,109,115,158,130,braking,fuzzy
555.1184958289925,545,57,161,252,237,6,89,191,53,braking,fuzzy
555.1288403309496,260,250,30,161,110,100,47,163,51,braking,fuzzy
555.1489919939014,316,7,89,184,4,138,154,43,79,braking,fuzzy
555.2493523563868,329,167,187,36,105,183,64,57,22,braking,fuzzy
555.7497181467406,545,188,14,177,176,46,245,24,230,braking,fuzzy
555.7606479963904,260,182,35,242,15,55,146,73,159,braking,fuzzy
555.7812519226243,316,105,29,80,165,68,252,58,190,braking,fuzzy
555.8816035474081,329,135,1,120,108,213,222,219,13,braking,fuzzy
556.3825572260484,545,138,100,192,127,183,229,187,113,braking,fuzzy
556.3932539800674,260,101,180,238,46,18,194,201,140,braking,fuzzy
556.4130987211917,316,205,2,84,245,207,248,184,137,braking,fuzzy
556.5134978067503,329,69,8,185,94,155,138,150,58,braking,fuzzy
557.0133414071763,545,184,186,73,32,121,51,69,81,braking,fuzzy
557.0233803570745,260,186,139,107,199,255,92,248,151,braking,fuzzy
557.0442029158951,316,18,237,213,56,106,138,87,177,braking,fuzzy
557.1440275982453,329,202,9,192,171,164,160,34,237,braking,fuzzy
557.6436754428604,545,221,209,66,16,59,48,106,124,braking,fuzzy
557.653035786175,260,24,230,48,191,221,93,214,48,braking,fuzzy
557.6721583973798,316,180,248,205,19,113,191,129,0,braking,fuzzy
557.7721886978268,329,205,246,41,4,172,148,125,17,braking,fuzzy
558.2729766525656,545,15,237,219,253,77,98,234,247,braking,fuzzy
558.2831640010884,260,102,32,46,17,162,205,160,109,braking,fuzzy
558.303207688737,316,65,126,122,196,57,48,238,108,braking,fuzzy
558.4028704016077,329,177,128,183,208,118,54,110,157,braking,fuzzy
558.9019713478226,545,154,179,153,178,196,96,85,51,braking,fuzzy
558.91256507522,260,241,192,234,111,209,78,32,245,braking,fuzzy
558.932674784683,316,169,170,6,181,121,253,94,24,braking,fuzzy
559.031897255823,329,249,7,236,85,132,25,242,33,braking,fuzzy
559.5319563988317,545,185,22,32,124,44,64,243,154,braking,fuzzy
559.5420943082469,260,115,224,174,244,40,71,106,113,braking,fuzzy
559.5617308944187,316,9,84,202,225,61,128,123,253,braking,fuzzy
559.661180950414,329,80,223,89,29,165,69,11,151,braking,fuzzy
560.1614992684148,545,224,59,247,241,131,22,207,153,braking,fuzzy
560.1722187723365,260,206,6,92,59,80,4,133,90,braking,fuzzy
560.1917120480908,316,252,202,169,208,182,244,198,235,braking,fuzzy
560.2924237860466,329,53,5,215,57,191,102,107,157,braking,fuzzy
560.7914796778041,545,168,188,45,207,4,216,211,14,braking,fuzzy
560.8021097430482,260,84,135,97,121,92,227,138,5,braking,fuzzy
560.822908927382,316,205,204,236,255,71,51,224,102,braking,fuzzy
560.9237962304027,329,192,202,50,212,247,161,211,216,braking,fuzzy
561.4247868167816,545,138,115,28,34,197,173,180,187,braking,fuzzy
561.4355318206077,260,17,40,0,158,68,246,161,250,braking,fuzzy
561.4554454682244,316,136,108,92,135,153,102,187,13,braking,fuzzy
561.5554026373663,329,45,199,114,45,107,70,71,217,braking,fuzzy
562.0554970584841,545,90,77,119,55,131,122,182,124,braking,fuzzy
562.0664044338976,260,86,108,232,8,148,20,152,160,braking,fuzzy
562.0862514329007,316,157,97,139,215,231,189,39,176,braking,fuzzy
562.1854955396891,329,31,196,222,55,83,204,77,51,braking,fuzzy
562.6861572666256,545,235,83,65,61,98,56,84,125,braking,fuzzy
562.695511562984,260,76,24,179,97,36,139,223,88,braking,fuzzy
562.716082951229,316,97,0,225,233,249,157,124,54,braking,fuzzy
562.8157182365252,329,109,28,206,164,14,80,228,19,braking,fuzzy
563.3167065461688,545,173,196,228,41,120,57,33,226,braking,fuzzy
563.3275822293251,260,54,224,175,95,2,74,100,220,braking,fuzzy
563.3481983593474,316,219,243,139,147,115,150,65,102,braking,fuzzy
563.4483474014978,329,204,206,228,190,54,81,46,22,braking,fuzzy
563.9491490850085,545,78,169,198,198,44,57,71,170,braking,fuzzy
563.9588291472204,260,15,154,85,69,73,188,239,221,braking,fuzzy
563.9787377034543,316,16,185,85,67,55,253,164,210,braking,fuzzy
564.0785969873596,329,180,45,22,103,247,220,56,124,braking,fuzzy
564.5795492498748,545,159,252,149,121,20,105,25,188,braking,fuzzy
564.5888056084004,260,122,227,20,146,46,175,209,253,braking,fuzzy
564.6079513297896,316,107,139,78,222,145,72,5,156,braking,fuzzy
564.7072704437852,329,128,22,252,67,209,195,35,204,braking,fuzzy
565.206275770048,545,191,167,17,0,44,111,40,127,braking,fuzzy
565.2170972257946,260,122,162,196,80,91,160,120,230,braking,fuzzy
565.2370344438468,316,169,9,124,187,215,149,100,103,braking,fuzzy
565.3365515613582,329,215,76,35,143,240,70,237,126,braking,fuzzy
565.8368098699669,545,181,35,50,166,39,61,250,149,braking,fuzzy
565.8471400099864,260,199,132,242,219,217,15,11,194,braking,fuzzy
565.867607488103,316,141,188,89,254,108,25,116,83,braking,fuzzy
565.9677370503952,329,177,37,23,97,150,251,160,55,braking,fuzzy
566.4679490528202,545,71,19,73,211,132,233,125,108,braking,fuzzy
566.4783516896474,260,253,183,204,108,117,166,233,159,braking,fuzzy
566.4975882635551,316,136,131,107,189,131,186,7,142,braking,fuzzy
566.5971957069056,329,237,89,172,183,167,74,246,97,braking,fuzzy
567.0966871626189,545,230,253,126,0,108,17,130,226,braking,fuzzy
567.1062963400595,260,254,218,124,137,17,10,108,12,braking,fuzzy
567.1268512288527,316,78,141,214,52,253,193,164,70,braking,fuzzy
567.2265583477608,329,215,151,141,164,61,250,135,251,braking,fuzzy
567.7263681111702,545,110,88,104,146,23,71,88,70,braking,fuzzy
567.7367624180844,260,69,239,255,93,24,153,28,138,braking,fuzzy
567.7559479246647,316,74,38,182,73,137,33,138,237,braking,fuzzy
567.8558364879319,329,12,199,201,13,238,122,4,190,braking,fuzzy
568.3567509627833,545,165,8,164,58,123,7,135,95,braking,fuzzy
568.3669442322711,260,45,172,214,1,20,142,123,166,braking,fuzzy
568.3870489512223,316,79,183,2,244,42,218,188,198,braking,fuzzy
568.4870477237378,329,207,145,244,31,214,254,91,165,braking,fuzzy
568.9879507042459,545,215,145,153,40,18,6,210,61,braking,fuzzy
568.9975895977257,260,251,179,82,61,216,115,172,9,braking,fuzzy
569.0172927397899,316,68,61,235,58,247,242,74,94,braking,fuzzy
569.1173075287116,329,241,169,236,178,147,210,6,236,braking,fuzzy
569.617226250107,545,169,134,10,133,165,229,238,120,braking,fuzzy
569.6274960155787,260,137,109,36,159,228,189,254,203,braking,fuzzy
569.6482212477673,316,34,18,7,23,185,207,88,73,braking,fuzzy
569.7483891615353,329,26,216,211,100,15,30,84,158,braking,fuzzy
570.2479379850589,545,175,75,165,233,2,2,89,39,braking,fuzzy
570.2574671088053,260,41,24,209,230,240,80,103,90,braking,fuzzy
570.2771649395665,316,71,118,208,77,76,242,89,32,braking,fuzzy
570.3763171299203,329,86,197,80,135,57,54,41,201,braking,fuzzy
570.8771157597679,545,128,221,77,153,190,54,25,48,braking,fuzzy
570.8863409685146,260,112,12,49,12,46,159,242,228,braking,fuzzy
570.9072527238238,316,243,124,249,114,30,84,106,149,braking,fuzzy
571.0067764065399,329,121,26,132,116,154,43,54,207,braking,fuzzy
571.5072869818413,545,108,225,132,152,39,34,197,54,braking,fuzzy
571.5173873860602,260,77,132,8,2,239,36,171,252,braking,fuzzy
571.5372302435355,316,87,231,64,220,221,230,251,138,braking,fuzzy
571.6371217538962,329,189,230,214,1,129,12,7,252,braking,fuzzy
572.1375734539654,545,113,6,58,174,78,190,185,94,braking,fuzzy
572.1480238032902,260,244,70,34,179,106,49,7,224,braking,fuzzy
572.1674030928665,316,59,250,196,210,237,138,208,24,braking,fuzzy
572.2671222075401,329,49,119,102,43,146,182,173,45,braking,fuzzy
572.7679263139728,545,228,120,155,39,242,198,149,230,braking,fuzzy
572.7772446620484,260,247,30,115,234,255,0,196,34,braking,fuzzy
572.7977695374545,316,191,142,237,201,59,186,207,126,braking,fuzzy
572.8978062094454,329,105,33,172,239,187,189,77,222,braking,fuzzy
573.3976612314037,545,84,189,73,215,32,195,233,132,braking,fuzzy
573.4075423035638,260,114,0,223,35,56,246,208,13,braking,fuzzy
573.4285255574687,316,83,240,139,224,235,96,218,250,braking,fuzzy
573.5278811848432,329,211,55,101,81,10,44,95,212,braking,fuzzy
574.0288072109108,545,167,219,21,107,145,169,192,220,braking,fuzzy
574.0384094781662,260,217,221,18,44,15,228,3,194,braking,fuzzy
574.0579334321757,316,102,55,118,214,74,36,71,3,braking,fuzzy
574.1573076416219,329,139,138,137,82,236,232,171,198,braking,fuzzy
574.6580251741575,545,85,42,104,120,84,226,202,56,braking,fuzzy
574.6677238584523,260,168,207,60,252,84,44,22,26,braking,fuzzy
574.6878464048276,316,4,111,127,110,52,163,31,181,braking,fuzzy
574.7879405084636,329,62,29,14,97,52,97,242,253,braking,fuzzy
575.2875973635317,545,43,78,142,138,45,11,31,78,braking,fuzzy
575.2969045355088,260,88,170,198,115,58,64,62,169,braking,fuzzy
575.3159879618554,316,196,119,114,60,115,185,132,227,braking,fuzzy
575.4169501085089,329,229,165,158,196,98,222,3,184,braking,fuzzy
575.916593098853,545,84,222,4,47,92,233,5,213,braking,fuzzy
575.9259962071541,260,186,64,25,126,75,72,253,21,braking,fuzzy
575.9456798634322,316,251,31,77,169,1,182,175,79,braking,fuzzy
576.0466519822361,329,159,204,255,177,55,110,122,90,braking,fuzzy
576.5469747426602,545,36,174,27,102,189,46,204,152,braking,fuzzy
576.5563617703639,260,213,200,13,174,198,237,110,117,braking,fuzzy
576.5767354295749,316,154,30,127,142,129,69,251,236,braking,fuzzy
576.6762486040724,329,116,138,56,116,165,173,18,232,braking,fuzzy
577.1758823983203,545,214,41,199,11,197,12,148,49,braking,fuzzy
577.1863444704784,260,92,126,96,223,91,155,118,115,braking,fuzzy
577.2068178829956,316,11,248,195,200,167,29,194,232,braking,fuzzy
577.3062380986795,329,65,159,24,117,16,119,64,166,braking,fuzzy
577.8055349676491,545,44,204,247,159,104,125,250,80,braking,fuzzy
577.8163877360985,260,32,50,235,227,213,146,153,156,braking,fuzzy
577.8358459457712,316,47,97,59,10,68,241,114,191,braking,fuzzy
577.9350907604621,329,70,105,9,40,70,185,179,65,braking,fuzzy
578.4350517009003,545,162,32,120,117,52,64,21,149,braking,fuzzy
578.4448011044799,260,182,26,87,169,24,196,88,123,braking,fuzzy
578.4638493544853,316,32,53,65,219,32,82,144,129,braking,fuzzy
578.5640881632523,329,179,12,88,116,221,203,55,128,braking,fuzzy
579.0634595374577,545,247,72,3,111,100,216,195,78,braking,fuzzy
579.0740223169722,260,8,55,180,14,223,171,235,178,braking,fuzzy
579.0932798855196,316,192,31,126,150,190,190,226,251,braking,fuzzy
579.1935153535037,329,155,43,136,25,108,84,135,182,braking,fuzzy
579.6937088202263,545,221,145,207,147,128,53,61,186,braking,fuzzy
579.703315521658,260,10,229,197,190,151,158,179,239,braking,fuzzy
579.7237596060911,316,179,41,91,74,110,232,123,236,braking,fuzzy
579.8232392568968,329,96,120,149,104,54,30,161,172,braking,fuzzy
580.3238707199008,545,251,78,113,43,52,242,253,214,braking,fuzzy
580.3335848376729,260,17,246,240,0,112,106,61,93,braking,fuzzy
580.353239996521,316,99,119,180,200,73,99,48,141,braking,fuzzy
580.4536376834831,329,194,209,110,111,202,63,252,163,braking,fuzzy
580.9540361758934,545,30,3,195,248,7,73,112,153,braking,fuzzy
580.9647676778985,260,145,224,94,96,150,17,64,87,braking,fuzzy
580.9851073153774,316,232,147,2,5,17,166,6,26,braking,fuzzy
581.0825467615393,329,104,148,192,86,194,11,42,51,braking,fuzzy
581.5830138174458,545,169,241,170,99,101,127,248,12,braking,fuzzy
581.5927571415392,260,129,213,137,229,54,6,173,76,braking,fuzzy
581.6123937423075,316,114,87,36,229,213,227,90,71,braking,fuzzy
581.7122255998872,329,69,190,118,208,126,157,204,102,braking,fuzzy
582.212278265503,545,152,140,206,16,87,144,96,138,braking,fuzzy
582.2218353197276,260,184,84,125,90,240,248,1,160,braking,fuzzy
582.2420214131879,316,228,27,194,192,100,145,223,191,braking,fuzzy
582.3427792682896,329,93,140,63,179,53,6,119,248,braking,fuzzy
582.8418732345257,545,49,221,250,238,167,233,213,26,braking,fuzzy
582.8515765444587,260,232,39,23,90,208,48,99,158,braking,fuzzy
582.8720148053447,316,23,124,170,108,126,9,125,185,braking,fuzzy
582.9720343330891,329,162,91,64,1,176,144,112,171,braking,fuzzy
583.4711806265555,545,160,141,87,111,82,49,244,220,braking,fuzzy
583.4815075191347,260,40,214,230,220,99,40,108,53,braking,fuzzy
583.5018600762628,316,40,244,223,33,240,128,223,114,braking,fuzzy
583.6025049017371,329,174,27,245,99,190,99,6,17,braking,fuzzy
584.1022093549876,545,84,20,54,112,100,44,78,238,braking,fuzzy
584.1129379887777,260,225,167,112,214,245,128,226,66,braking,fuzzy
584.1332857003903,316,47,67,200,174,81,185,6,8,braking,fuzzy
584.2335753784765,329,165,95,151,22,176,9,153,102,braking,fuzzy
584.7326823282507,545,252,165,202,1,129,201,151,65,braking,fuzzy
584.7434204235632,260,84,169,21,184,212,116,11,94,braking,fuzzy
584.7633242788905,316,146,46,240,92,193,16,133,72,braking,fuzzy
584.8624180622685,329,48,32,250,214,12,192,221,169,braking,fuzzy
585.3629725481268,545,78,116,161,58,42,46,60,195,braking,fuzzy
585.373902113537,260,19,159,182,188,139,23,122,96,braking,fuzzy
585.3941500342495,316,73,210,151,205,31,210,130,121,braking,fuzzy
585.4942724068216,329,141,163,167,192,160,217,149,196,braking,fuzzy
585.9942134949091,545,127,83,132,190,40,193,126,168,braking,fuzzy
586.0039290870538,260,140,176,200,4,228,9,140,74,braking,fuzzy
586.0247490048921,316,181,84,5,224,38,174,110,109,braking,fuzzy
586.1242386914872,329,69,214,241,63,230,142,250,215,braking,fuzzy
586.6236584900338,545,150,233,71,71,96,50,223,36,braking,fuzzy
586.634113876768,260,84,126,190,230,69,97,203,26,braking,fuzzy
586.6534314505253,316,27,223,244,147,246,249,180,213,braking,fuzzy
586.7540589560708,329,19,207,129,112,240,200,238,70,braking,fuzzy
587.2531768451712,545,89,126,171,160,239,23,186,111,braking,fuzzy
587.263562332219,260,97,199,5,33,63,125,237,236,braking,fuzzy
587.2831286742628,316,87,175,184,195,157,91,167,143,braking,fuzzy
587.3822077844378,329,39,144,135,169,53,92,128,151,braking,fuzzy
587.8816746022161,545,216,46,90,163,76,218,53,81,braking,fuzzy
587.8913505756512,260,75,181,172,19,251,192,230,41,braking,fuzzy
587.911357814519,316,229,174,246,195,81,212,112,121,braking,fuzzy
588.0116308218048,329,143,174,205,2,172,192,101,197,braking,fuzzy
588.5119545057255,545,50,252,118,168,139,61,18,53,braking,fuzzy
588.5219613364549,260,80,27,239,73,231,45,58,193,braking,fuzzy
588.541983287589,316,182,68,57,99,231,185,66,228,braking,fuzzy
588.6427628732336,329,249,137,4,140,111,51,194,119,braking,fuzzy
589.1436991605497,545,225,77,130,188,181,95,66,42,braking,fuzzy
589.1528778065932,260,179,101,169,149,243,38,160,141,braking,fuzzy
589.1724661567299,316,191,235,103,89,9,253,9,164,braking,fuzzy
589.273268138504,329,34,83,83,98,22,199,247,134,braking,fuzzy
589.7738513688611,545,41,194,10,115,163,146,100,199,braking,fuzzy
589.7829542420467,260,109,19,7,228,190,97,193,119,braking,fuzzy
589.8026256753907,316,88,140,103,232,162,137,77,224,braking,fuzzy
589.901800850207,329,250,184,111,128,150,128,20,5,braking,fuzzy
590.4014122954236,545,193,181,131,148,182,36,158,45,braking,fuzzy
590.4116212263898,260,112,90,31,234,116,19,18,68,braking,fuzzy
590.4307801428885,316,65,35,103,187,42,3,42,89,braking,fuzzy
590.5312938397931,329,134,24,201,54,196,153,156,225,braking,fuzzy
591.0309637795646,545,188,148,95,241,199,134,185,204,braking,fuzzy
591.0414106526767,260,56,158,222,227,181,182,6,250,braking,fuzzy
591.0622247695098,316,36,6,77,136,87,38,54,175,braking,fuzzy
591.1626598257678,329,129,41,45,91,170,113,229,109,braking,fuzzy
591.6631308690684,545,59,187,88,46,225,126,109,58,braking,fuzzy
591.6734919462491,260,196,125,241,235,163,142,145,57,braking,fuzzy
591.6940132553672,316,234,47,48,130,121,150,39,194,braking,fuzzy
591.7946046906155,329,85,206,63,240,152,236,48,1,braking,fuzzy
592.2945849199937,545,108,191,171,146,196,88,1,210,braking,fuzzy
592.3054194250861,260,122,133,78,21,90,5,168,75,braking,fuzzy
592.3264137810803,316,174,210,80,172,207,39,169,1,braking,fuzzy
592.4264475177823,329,39,142,242,22,3,19,35,85,braking,fuzzy
592.9260583954798,545,173,220,14,209,185,39,96,163,braking,fuzzy
592.9367698357631,260,182,22,71,98,206,174,158,189,braking,fuzzy
592.9560399539364,316,238,91,191,215,137,133,111,205,braking,fuzzy
593.0568482601466,329,119,105,151,201,67,40,200,174,braking,fuzzy
593.5571887790602,545,185,224,203,2,231,16,129,38,braking,fuzzy
593.5678828820467,260,208,100,222,70,83,171,93,150,braking,fuzzy
593.5878890153695,316,26,115,49,177,25,250,252,80,braking,fuzzy
593.6881624613867,329,28,183,117,14,220,114,52,115,braking,fuzzy
594.1871708947715,545,244,228,52,37,212,223,93,43,braking,fuzzy
594.196943873292,260,223,235,211,70,197,213,93,193,braking,fuzzy
594.2176861519748,316,177,194,185,237,193,185,184,48,braking,fuzzy
594.3182029403722,329,176,185,28,197,227,49,228,251,braking,fuzzy
594.8175964673715,545,254,17,112,100,121,32,54,103,braking,fuzzy
594.8277712169198,260,21,230,163,56,108,128,72,166,braking,fuzzy
594.8478952077921,316,102,171,56,86,173,249,186,19,braking,fuzzy
594.9485889451378,329,199,5,118,169,239,111,138,168,braking,fuzzy
595.4491649371824,545,0,31,106,112,253,157,66,235,braking,fuzzy
595.4591176359571,260,95,246,7,185,134,141,223,220,braking,fuzzy
595.4784918628962,316,169,214,52,170,205,92,105,145,braking,fuzzy
595.577552083772,329,58,43,6,189,188,232,0,51,braking,fuzzy
596.0785331408867,545,150,168,196,252,242,65,185,213,braking,fuzzy
596.0890068629309,260,9,244,108,7,211,148,110,19,braking,fuzzy
596.1100003752764,316,118,43,120,84,35,63,10,186,braking,fuzzy
596.2100374441593,329,118,192,96,26,43,47,114,40,braking,fuzzy
596.7092662690984,545,149,140,245,145,49,234,117,63,braking,fuzzy
596.7188576030733,260,247,190,63,80,127,227,105,201,braking,fuzzy
596.7382561664067,316,2,145,232,243,40,132,20,68,braking,fuzzy
596.8391054364271,329,22,8,10,101,232,14,30,44,braking,fuzzy
597.3396610327429,545,172,54,71,190,20,230,123,222,braking,fuzzy
597.3492342755751,260,92,219,91,135,247,247,8,165,braking,fuzzy
597.3699734716856,316,192,42,138,235,133,79,57,70,braking,fuzzy
597.4696023010281,329,139,60,149,92,61,140,98,117,braking,fuzzy
597.9705641613174,545,14,108,222,16,159,118,43,114,braking,fuzzy
597.9814771005639,260,69,88,152,7,31,34,188,31,braking,fuzzy
598.002040147264,316,215,32,201,221,222,221,104,142,braking,fuzzy
598.1016748044003,329,85,115,19,1,15,245,202,137,braking,fuzzy
598.6010125248916,545,50,171,185,143,230,79,155,209,braking,fuzzy
598.6108851437415,260,101,42,177,33,254,251,145,5,braking,fuzzy
598.6311926212933,316,226,75,88,186,255,136,108,23,braking,fuzzy
598.7313152956783,329,46,174,219,128,246,172,238,69,braking,fuzzy
599.2304117333097,545,71,49,140,202,181,54,29,193,braking,fuzzy
599.2410121582633,260,150,8,98,108,240,95,213,121,braking,fuzzy
599.2613833561776,316,190,34,52,132,122,61,13,207,braking,fuzzy
599.3618933002081,329,172,235,239,44,117,76,253,40,braking,fuzzy
599.8616411468349,545,39,49,12,202,98,25,53,134,braking,fuzzy
599.8722338609638,260,232,136,234,165,35,182,163,62,braking,fuzzy
599.8931691402449,316,51,140,12,47,53,107,40,204,braking,fuzzy
599.9933848074468,329,44,5,75,147,141,42,249,106,braking,fuzzy
600.4940164634745,545,253,180,94,182,127,253,235,205,braking,fuzzy
600.5035867600176,260,228,192,0,180,76,121,19,68,braking,fuzzy
600.5240476325516,316,91,207,215,198,213,70,109,56,braking,fuzzy
600.6231485100329,329,242,36,194,110,35,28,244,51,braking,fuzzy
601.1236927805287,545,167,37,234,238,67,0,125,189,braking,fuzzy
601.1336505030558,260,8,105,75,34,197,227,153,165,braking,fuzzy
601.152668222264,316,67,188,190,236,87,218,133,129,braking,fuzzy
601.2531177396214,329,82,62,51,95,193,226,223,59,braking,fuzzy
601.7536244675979,545,200,110,193,110,51,136,134,123,braking,fuzzy
601.7635968741449,260,44,206,4,113,130,146,77,65,braking,fuzzy
601.7839978349522,316,31,150,179,218,222,71,86,136,braking,fuzzy
601.8849030621627,329,81,38,214,234,85,34,76,145,braking,fuzzy
602.3839487941597,545,88,206,91,29,84,22,244,172,braking,fuzzy
602.3942138409712,260,122,56,211,9,187,52,125,134,braking,fuzzy
602.4143220248152,316,124,29,74,229,77,151,160,135,braking,fuzzy
602.5138305226263,329,52,26,152,46,250,232,87,176,braking,fuzzy
603.0137539197731,545,147,251,144,226,114,151,231,65,braking,fuzzy
603.0245126290789,260,195,94,130,199,106,44,52,39,braking,fuzzy
603.044846409538,316,164,112,208,212,64,217,206,114,braking,fuzzy
603.1446822595292,329,44,57,212,7,122,62,183,67,braking,fuzzy
603.6454398277624,545,190,61,33,186,115,160,59,3,braking,fuzzy
603.6553592708319,260,122,229,187,12,185,254,226,197,braking,fuzzy
603.6751257948763,316,94,37,203,10,192,16,72,141,braking,fuzzy
603.7753067784446,329,218,209,27,235,149,161,178,226,braking,fuzzy
604.2760549275218,545,85,160,145,224,21,135,141,56,braking,fuzzy
604.2865487543164,260,98,242,172,78,165,22,56,102,braking,fuzzy
604.3057398814424,316,52,10,213,60,228,71,244,221,braking,fuzzy
604.4048001990609,329,229,98,122,56,16,112,187,233,braking,fuzzy
604.904885877472,545,237,115,71,64,128,14,252,206,braking,fuzzy
604.914910245331,260,65,50,183,206,134,160,53,13,braking,fuzzy
604.9343848448636,316,210,82,199,96,127,186,241,209,braking,fuzzy
605.0353328202491,329,201,55,175,239,109,137,207,74,braking,fuzzy
605.5350680515058,545,80,211,44,48,119,249,180,67,braking,fuzzy
605.5446221846078,260,82,233,187,207,72,82,137,168,braking,fuzzy
605.5655423050582,316,171,157,175,66,154,214,170,132,braking,fuzzy
605.6654748003987,329,159,89,13,41,128,96,12,94,braking,fuzzy
606.1663031728078,545,52,11,114,162,167,148,229,117,braking,fuzzy
606.175560078722,260,32,155,103,7,27,61,169,227,braking,fuzzy
606.1949836327293,316,167,49,136,230,110,249,61,215,braking,fuzzy
606.2959602313767,329,140,32,242,163,74,123,90,86,braking,fuzzy
606.7964191152673,545,172,130,247,232,14,205,61,20,braking,fuzzy
606.8055197261284,260,103,232,103,213,252,185,87,142,braking,fuzzy
606.8245343183174,316,136,26,202,114,220,44,36,97,braking,fuzzy
606.9244313030531,329,164,1,240,227,147,179,118,238,braking,fuzzy
607.4243263839888,545,219,22,115,183,44,30,18,211,braking,fuzzy
607.4334349165266,260,205,103,50,202,196,56,94,252,braking,fuzzy
607.4532738853723,316,87,80,182,39,114,123,125,18,braking,fuzzy
607.5536709821021,329,12,144,23,207,224,114,55,212,braking,fuzzy
608.0536121127013,545,111,195,156,210,22,11,18,128,braking,fuzzy
608.0636892328199,260,26,121,54,41,234,81,25,118,braking,fuzzy
608.0839060826572,316,1,75,154,199,44,113,208,40,braking,fuzzy
608.1838567312816,329,232,30,249,249,33,96,123,126,braking,fuzzy
608.6845680596967,545,147,78,117,229,56,128,4,14,braking,fuzzy
608.694005313311,260,253,105,206,207,162,22,143,81,braking,fuzzy
608.7135008775089,316,194,229,153,158,73,56,23,102,braking,fuzzy
608.8127356899212,329,15,185,246,141,6,1,16,81,braking,fuzzy
609.313699773101,545,142,187,241,241,2,151,247,39,braking,fuzzy
609.3245608916557,260,173,245,243,158,42,11,192,198,braking,fuzzy
609.3437831694937,316,171,106,137,191,54,61,220,2,braking,fuzzy
609.4445913995285,329,13,76,11,185,116,91,149,165,braking,fuzzy
609.943860299894,545,110,186,126,169,242,54,158,135,braking,fuzzy
609.9547232631277,260,41,191,155,188,174,41,216,9,braking,fuzzy
609.9757017351088,316,24,114,147,102,38,128,11,135,braking,fuzzy
610.0752285194217,329,179,170,200,189,13,25,150,44,braking,fuzzy
610.5746211873751,545,236,100,237,253,105,88,189,225,braking,fuzzy
610.5854875529409,260,22,244,153,17,189,129,53,62,braking,fuzzy
610.6062025479721,316,241,88,177,66,144,87,44,189,braking,fuzzy
610.7070203967332,329,165,204,24,36,8,218,34,184,braking,fuzzy
611.2066584206129,545,214,56,37,179,229,27,115,26,braking,fuzzy
611.2174765272664,260,128,81,206,231,244,88,210,233,braking,fuzzy
611.2378166163132,316,170,25,247,246,200,97,26,109,braking,fuzzy
611.3378369900354,329,45,104,122,146,158,24,126,59,braking,fuzzy
611.8368981826095,545,248,144,189,89,219,99,28,178,braking,fuzzy
611.847604032382,260,121,161,246,121,206,67,13,162,braking,fuzzy
611.8681813303352,316,183,187,182,99,249,225,149,242,braking,fuzzy
611.9680982806467,329,39,172,33,247,164,200,126,216,braking,fuzzy
612.4680734564139,545,142,86,91,215,165,132,120,125,braking,fuzzy
612.4789545080353,260,176,104,114,228,70,18,71,243,braking,fuzzy
612.4980045034446,316,191,121,103,144,104,251,183,195,braking,fuzzy
612.5974613418031,329,100,37,183,202,114,14,155,154,braking,fuzzy
613.0965290033106,545,59,233,209,80,65,153,144,185,braking,fuzzy
613.1072313049403,260,23,199,54,204,254,153,135,79,braking,fuzzy
613.1272782628898,316,248,129,254,239,109,180,11,48,braking,fuzzy
613.2272100405831,329,156,63,93,210,160,146,158,81,braking,fuzzy
613.7279209243394,545,217,77,174,119,167,221,32,25,braking,fuzzy
613.7377983981545,260,53,212,28,249,1,83,47,182,braking,fuzzy
613.7583880981732,316,68,6,15,89,230,98,91,235,braking,fuzzy
613.8576950838153,329,114,47,79,104,20,190,73,48,braking,fuzzy
614.3573561722804,545,68,252,51,144,249,148,29,251,braking,fuzzy
614.367918844799,260,4,194,129,18,160,137,122,177,braking,fuzzy
614.3879620285471,316,67,213,114,141,84,36,186,41,braking,fuzzy
614.4871703881959,329,212,83,198,49,232,192,234,254,braking,fuzzy
614.9867996349942,545,222,181,228,80,62,64,182,1,braking,fuzzy
614.9962329018329,260,219,91,30,178,198,169,246,126,braking,fuzzy
615.0153746981001,316,202,253,128,57,64,141,242,44,braking,fuzzy
615.1158296922484,329,40,133,155,163,160,181,61,235,braking,fuzzy
615.6165252162058,545,139,151,92,148,145,232,170,58,braking,fuzzy
615.6265726589709,260,161,8,109,30,49,139,219,250,braking,fuzzy
615.6463228065795,316,201,165,106,45,103,42,248,39,braking,fuzzy
615.747064902963,329,48,174,158,104,179,181,133,44,braking,fuzzy
616.2473904388246,545,16,152,130,206,144,250,167,163,braking,fuzzy
616.2579159098303,260,143,6,13,20,141,155,149,237,braking,fuzzy
616.278715477426,316,170,50,125,90,182,134,43,41,braking,fuzzy
616.3779441428483,329,33,194,194,23,190,194,39,209,braking,fuzzy
616.8771540417206,545,34,218,93,200,225,67,31,99,braking,fuzzy
616.8871788502896,260,251,17,180,91,45,145,235,219,braking,fuzzy
616.9066476933922,316,186,129,141,172,102,77,28,247,braking,fuzzy
617.0067031827624,329,109,45,205,213,235,83,90,73,braking,fuzzy
617.5068224489928,545,148,174,192,225,42,138,91,101,braking,fuzzy
617.5159879379678,260,8,97,157,122,204,227,223,51,braking,fuzzy
617.5363293128163,316,163,148,165,163,213,203,111,47,braking,fuzzy
617.6359016033666,329,251,234,233,37,111,231,226,205,braking,fuzzy
618.1360451074456,545,56,160,44,147,140,238,59,44,braking,fuzzy
618.1454900056362,260,186,8,146,47,43,80,60,111,braking,fuzzy
618.1660074860113,316,213,120,91,150,89,250,227,77,braking,fuzzy
618.2663172136853,329,169,110,249,174,169,165,181,134,braking,fuzzy
618.7662243804423,545,205,26,17,136,33,99,81,63,braking,fuzzy
618.7755396887735,260,238,234,201,208,31,40,209,217,braking,fuzzy
618.7954430186403,316,217,77,31,170,73,238,72,126,braking,fuzzy
618.8955617247656,329,178,116,51,83,43,62,11,32,braking,fuzzy
619.3955056325035,545,45,73,127,105,226,115,13,22,braking,fuzzy
619.4055803636653,260,230,194,81,25,190,71,99,246,braking,fuzzy
619.4256632714028,316,231,243,205,198,36,140,101,252,braking,fuzzy
619.5251634337418,329,156,157,99,91,15,69,54,184,braking,fuzzy
620.0250215413768,545,243,220,147,184,220,218,217,178,braking,fuzzy
620.0345557533294,260,3,251,81,65,196,118,73,199,braking,fuzzy
620.0553656380463,316,43,167,59,226,107,115,164,125,braking,fuzzy
620.1546356389468,329,15,212,223,186,162,82,83,69,braking,fuzzy
620.655057102796,545,207,213,81,251,10,120,59,226,braking,fuzzy
620.6654729754067,260,112,202,106,206,240,16,109,177,braking,fuzzy
620.6853473522153,316,183,52,35,179,182,236,48,73,braking,fuzzy
620.7843735094655,329,73,116,102,158,125,167,70,253,braking,fuzzy
621.2853353345935,545,134,15,47,237,251,217,10,102,braking,fuzzy
621.2959831252058,260,167,217,97,111,89,63,78,17,braking,fuzzy
621.3156145227244,316,126,13,33,231,212,55,97,159,braking,fuzzy
621.4157729182192,329,212,26,106,140,134,132,86,41,braking,fuzzy
621.9148741948562,545,44,130,48,0,212,126,19,248,braking,fuzzy
621.9246201028106,260,241,104,29,46,103,35,244,30,braking,fuzzy
621.944384459844,316,42,234,166,163,180,43,122,136,braking,fuzzy
622.0438173339331,329,238,13,90,55,124,146,77,32,braking,fuzzy
622.5442361730275,545,186,102,48,69,197,173,223,148,braking,fuzzy
622.5539117636175,260,1,89,136,38,99,177,195,55,braking,fuzzy
622.5737115805596,316,102,198,25,20,194,134,231,107,braking,fuzzy
622.6734341335389,329,133,84,206,252,224,249,133,121,braking,fuzzy
623.1735274087688,545,47,21,131,178,63,170,244,126,braking,fuzzy
623.1842346705621,260,85,69,112,185,73,35,31,252,braking,fuzzy
623.2033771270919,316,59,223,12,203,105,182,53,132,braking,fuzzy
623.3041175089662,329,104,232,215,204,16,183,168,16,braking,fuzzy
623.8039412740585,545,177,197,217,169,180,10,138,115,braking,fuzzy
623.8149215406605,260,60,254,52,121,92,55,32,228,braking,fuzzy
623.8356253078509,316,212,18,235,19,158,18,101,238,braking,fuzzy
623.9358771412385,329,218,68,118,132,76,133,103,115,braking,fuzzy
624.4363712368213,545,234,254,105,243,43,102,207,214,braking,fuzzy
624.4470831514069,260,165,171,218,127,0,114,149,133,braking,fuzzy
624.4672432796611,316,112,24,95,29,52,211,62,20,braking,fuzzy
624.5673945715304,329,39,158,134,98,97,208,95,235,braking,fuzzy
625.0671224207538,545,114,253,146,135,118,33,228,97,braking,fuzzy
625.0767599572557,260,21,223,226,150,19,50,132,125,braking,fuzzy
625.0971829259421,316,162,12,199,23,20,143,120,136,braking,fuzzy
625.1977945174041,329,90,119,241,180,180,67,110,26,braking,fuzzy
625.6977996581154,545,54,52,47,248,37,163,1,47,braking,fuzzy
625.7084788520598,260,235,206,117,8,114,200,92,162,braking,fuzzy
625.7290400125089,316,210,221,195,125,34,212,199,49,braking,fuzzy
625.8289673817568,329,68,57,205,174,187,106,87,250,braking,fuzzy
626.327994412458,545,93,10,237,134,57,222,251,33,braking,fuzzy
626.3371898738156,260,239,2,128,7,60,74,198,133,braking,fuzzy
626.3579568790447,316,139,77,214,188,180,155,28,39,braking,fuzzy
626.4578554583193,329,97,207,232,116,190,248,56,62,braking,fuzzy
626.9571108775457,545,41,17,157,116,186,139,27,71,braking,fuzzy
626.9674414292132,260,46,177,116,83,135,144,136,167,braking,fuzzy
626.9874985280836,316,119,14,15,4,11,113,243,168,braking,fuzzy
627.0883972487774,329,238,147,102,187,248,25,207,230,braking,fuzzy
627.5890739168037,545,208,142,84,238,187,38,96,48,braking,fuzzy
627.5988247868872,260,88,102,253,28,110,253,167,159,braking,fuzzy
627.6186700556527,316,194,23,53,194,37,136,150,154,braking,fuzzy
627.7193842553805,329,10,143,96,62,251,201,140,158,braking,fuzzy
628.2195435954727,545,251,181,131,29,46,75,53,43,braking,fuzzy
628.2289977951036,260,33,218,78,116,195,250,8,144,braking,fuzzy
628.2495618908844,316,194,170,127,235,163,116,23,114,braking,fuzzy
628.3503300223947,329,22,67,70,254,96,12,215,121,braking,fuzzy
628.8498642977123,545,192,36,37,45,85,204,201,120,braking,fuzzy
628.8606622935505,260,77,223,146,151,214,176,19,1,braking,fuzzy
628.8813505562582,316,248,156,197,81,54,217,237,4,braking,fuzzy
628.9812529978673,329,147,238,29,215,104,91,139,114,braking,fuzzy
629.4803236959947,545,205,59,222,20,61,243,57,167,braking,fuzzy
629.4905175241031,260,203,80,58,17,72,242,149,174,braking,fuzzy
629.5105194989935,316,239,131,104,79,223,235,19,199,braking,fuzzy
629.6108579630298,329,180,7,17,4,48,219,239,218,braking,fuzzy
630.1116421735386,545,77,233,30,200,238,1,251,162,braking,fuzzy
630.1209456298836,260,50,27,222,103,2,237,139,200,reverse,fuzzy
630.1411484146415,316,233,252,251,151,131,226,104,22,reverse,fuzzy
630.2419319652234,329,34,218,141,38,95,69,227,87,reverse,fuzzy
630.7423512283846,545,158,172,170,152,42,99,244,255,reverse,fuzzy
630.7530042119832,260,93,72,85,138,218,151,194,213,reverse,fuzzy
630.7732166943158,316,1,217,146,119,38,47,98,37,reverse,fuzzy
630.8724353578687,329,220,190,232,55,133,30,175,43,reverse,fuzzy
631.3723729381416,545,12,30,154,107,253,246,69,132,reverse,fuzzy
631.382251110741,260,146,84,173,250,77,208,239,159,reverse,fuzzy
631.4021139813766,316,44,31,72,47,227,226,95,188,reverse,fuzzy
631.5012394519438,329,35,1,141,55,255,62,132,141,reverse,fuzzy
632.0018048961359,545,72,241,112,53,79,227,77,62,reverse,fuzzy
632.0125851698797,260,125,196,254,132,183,117,191,237,reverse,fuzzy
632.0329663273484,316,66,90,0,216,13,25,68,242,reverse,fuzzy
632.1325745433135,329,181,65,216,101,171,131,182,113,reverse,fuzzy
632.632624113752,545,117,191,82,122,190,84,8,220,reverse,fuzzy
632.6433507781625,260,128,117,195,62,219,167,203,131,reverse,fuzzy
632.6630351931827,316,170,116,48,230,134,93,65,177,reverse,fuzzy
632.7632077908585,329,13,68,29,86,194,231,227,91,reverse,fuzzy
633.262585321575,545,95,234,192,203,213,28,83,85,reverse,fuzzy
633.2724253644969,260,14,114,50,200,172,34,178,147,reverse,fuzzy
633.2934210823331,316,168,170,86,114,49,125,243,111,reverse,fuzzy
633.3930149619069,329,84,161,22,43,231,38,103,176,reverse,fuzzy
633.8933537352649,545,120,108,41,52,171,53,101,227,reverse,fuzzy
633.9036437262492,260,230,156,68,46,208,90,106,214,reverse,fuzzy
633.9233969208493,316,73,219,188,25,64,148,255,171,reverse,fuzzy
634.0242150811064,329,218,113,195,208,197,26,255,136,reverse,fuzzy
634.5250137016311,545,239,101,37,30,241,179,45,241,reverse,fuzzy
634.5355506849381,260,160,82,148,245,227,101,50,239,reverse,fuzzy
634.5557429942071,316,65,121,214,204,212,93,113,149,reverse,fuzzy
634.6564427691267,329,100,12,19,53,164,165,139,232,reverse,fuzzy
635.155863941541,545,124,204,21,232,44,255,101,101,reverse,fuzzy
635.1663515036535,260,68,15,156,230,252,79,25,49,reverse,fuzzy
635.1870118656243,316,18,215,128,70,81,222,2,192,reverse,fuzzy
635.286655916216,329,13,56,68,245,30,52,2,17,reverse,fuzzy
635.7868515247925,545,76,21,224,77,140,201,134,88,reverse,fuzzy
635.7969996082355,260,70,55,25,213,34,218,175,121,reverse,fuzzy
635.816131107485,316,69,148,142,241,161,227,134,199,reverse,fuzzy
635.9162822475437,329,58,161,98,211,12,134,235,254,reverse,fuzzy
636.4162790281246,545,131,226,193,61,29,93,20,143,reverse,fuzzy
636.4271600875752,260,207,140,252,117,215,232,40,22,reverse,fuzzy
636.448022936062,316,106,42,42,47,8,83,175,1,reverse,fuzzy
636.5480776492001,329,110,117,63,223,79,181,137,26,reverse,fuzzy
637.0489881455279,545,145,190,253,184,46,137,181,240,reverse,fuzzy
637.0590406742992,260,116,113,91,28,68,62,205,109,reverse,fuzzy
637.0788167645393,316,116,52,114,19,207,58,213,151,reverse,fuzzy
637.1788862377088,329,199,214,146,220,244,242,50,141,reverse,fuzzy
637.6789137739368,545,142,18,28,79,98,131,58,112,reverse,fuzzy
637.6891656686315,260,190,161,7,229,98,253,26,208,reverse,fuzzy
637.708469981857,316,104,125,161,0,13,179,127,172,reverse,fuzzy
637.8080420223796,329,143,227,150,38,105,143,148,158,reverse,fuzzy
638.3085446979362,545,163,233,216,60,185,181,42,77,reverse,fuzzy
638.3176831392706,260,150,107,30,173,7,28,60,239,reverse,fuzzy
638.3381053524456,316,122,74,173,247,93,138,113,164,reverse,fuzzy
638.4377155355619,329,147,161,218,29,214,96,162,205,reverse,fuzzy
638.9369505705146,545,13,254,241,86,55,189,219,22,reverse,fuzzy
638.9473027431771,260,91,126,36,85,69,104,145,223,reverse,fuzzy
638.9677855296941,316,113,233,83,90,40,1,142,102,reverse,fuzzy
639.0686314234781,329,84,144,49,118,146,152,26,91,reverse,fuzzy
639.5690277722764,545,252,208,212,246,73,134,126,234,reverse,fuzzy
639.5783568062991,260,47,220,205,233,131,85,86,83,reverse,fuzzy
639.5984455194962,316,23,80,253,187,56,53,94,116,reverse,fuzzy
639.6993387515679,329,157,53,120,218,232,78,67,101,reverse,fuzzy
640.1999166870486,545,189,68,32,231,98,162,177,212,reverse,fuzzy
640.2102444694742,260,93,198,217,79,146,139,137,122,reverse,fuzzy
640.2306319185357,316,95,139,197,126,227,60,205,167,reverse,fuzzy
640.3307931154369,329,19,22,95,236,224,156,176,210,reverse,fuzzy
640.8315246105223,545,46,57,104,208,213,85,243,24,reverse,fuzzy
640.8411738585062,260,105,202,146,66,40,109,142,75,reverse,fuzzy
640.8604722845305,316,203,239,152,232,97,161,69,86,reverse,fuzzy
640.9614515031498,329,43,228,36,248,36,127,89,30,reverse,fuzzy
641.4611989057116,545,159,253,124,229,192,163,204,218,reverse,fuzzy
641.4707037609421,260,148,167,153,117,84,23,32,245,reverse,fuzzy
641.4915774085723,316,156,64,62,118,0,59,135,232,reverse,fuzzy
641.5917192808768,329,12,78,162,19,127,185,221,99,reverse,fuzzy
642.092475954179,545,39,162,240,114,148,118,255,221,reverse,fuzzy
642.1031965478826,260,55,43,248,173,175,103,34,163,reverse,fuzzy
642.123883360912,316,169,129,227,131,178,255,47,140,reverse,fuzzy
642.224255438636,329,251,118,73,222,229,254,217,112,reverse,fuzzy
642.7238264400652,545,111,210,16,190,248,64,42,247,reverse,fuzzy
642.7334718304928,260,73,103,15,20,150,156,191,148,reverse,fuzzy
642.7543379870871,316,221,35,61,116,246,115,88,232,reverse,fuzzy
642.8541121428267,329,26,9,229,64,43,187,203,98,reverse,fuzzy
643.3534801656291,545,43,252,197,156,96,127,248,226,reverse,fuzzy
643.3634659067969,260,129,215,126,44,64,156,171,75,reverse,fuzzy
643.3834175104244,316,121,154,5,116,82,243,11,113,reverse,fuzzy
643.4828942025862,329,11,7,24,87,84,74,36,186,reverse,fuzzy
643.9832710870724,545,150,134,78,108,198,13,175,95,reverse,fuzzy
643.9927710376707,260,5,168,150,98,246,144,183,18,reverse,fuzzy
644.0137190261016,316,110,157,124,62,163,202,20,145,reverse,fuzzy
644.1143972185076,329,221,213,38,27,96,32,189,190,reverse,fuzzy
644.6147933623411,545,94,201,11,29,122,243,128,127,reverse,fuzzy
644.625579713598,260,29,81,89,250,237,237,41,82,reverse,fuzzy
644.645747197482,316,174,62,183,87,84,103,145,146,reverse,fuzzy
644.7460805716979,329,56,113,84,27,79,97,49,222,reverse,fuzzy
645.2454365374552,545,151,10,45,39,107,6,37,26,reverse,fuzzy
645.254788630797,260,67,193,6,118,46,89,111,199,reverse,fuzzy
645.2749655912316,316,41,43,100,132,2,92,248,3,reverse,fuzzy
645.37404022682,329,31,101,228,69,80,174,125,219,reverse,fuzzy
645.8730778131057,545,161,70,125,11,37,224,141,114,reverse,fuzzy
645.8827708302308,260,219,157,201,27,168,49,151,53,reverse,fuzzy
645.9032496932011,316,240,1,165,94,33,56,120,111,reverse,fuzzy
646.003582597053,329,103,85,52,87,218,220,153,2,reverse,fuzzy
646.5026133805359,545,84,208,83,222,90,158,166,5,reverse,fuzzy
646.5126175209554,260,91,132,35,224,95,131,58,204,reverse,fuzzy
646.5332121829903,316,85,253,18,115,120,49,4,221,reverse,fuzzy
646.6338724988226,329,90,223,89,116,245,229,96,252,reverse,fuzzy
647.133263629164,545,96,196,138,225,153,35,228,239,reverse,fuzzy
647.1434640857572,260,129,114,88,124,120,191,20,140,reverse,fuzzy
647.1637412957624,316,217,194,162,196,192,142,24,109,reverse,fuzzy
647.2635893786842,329,142,59,62,227,134,149,199,177,reverse,fuzzy
647.7641628534459,545,42,222,121,78,142,110,198,226,reverse,fuzzy
647.7749586195655,260,91,125,113,11,214,176,230,238,reverse,fuzzy
647.794820017224,316,236,143,31,221,36,229,207,124,reverse,fuzzy
647.8944887577608,329,14,77,186,137,161,177,94,145,reverse,fuzzy
648.3948591458075,545,3,120,106,252,135,20,44,68,reverse,fuzzy
648.4052849802288,260,209,100,84,95,14,2,248,5,reverse,fuzzy
648.4247614223859,316,52,57,148,23,86,174,35,147,reverse,fuzzy
648.5244285292049,329,250,152,197,233,156,54,244,68,reverse,fuzzy
649.0241566649215,545,249,233,91,246,149,71,15,37,reverse,fuzzy
649.033705974505,260,178,194,6,252,53,245,47,56,reverse,fuzzy
649.0546045283495,316,149,65,71,188,249,139,76,19,reverse,fuzzy
649.1551181200917,329,245,43,145,8,213,246,73,95,reverse,fuzzy
649.6554854586842,545,60,28,153,3,59,177,7,77,reverse,fuzzy
649.6653919214297,260,9,93,128,78,209,105,69,237,reverse,fuzzy
649.6845102019871,316,189,128,28,228,245,12,226,104,reverse,fuzzy
649.7851587423174,329,112,40,44,48,77,4,23,152,reverse,fuzzy
650.2857018977563,545,155,106,73,107,58,249,164,35,reverse,fuzzy
650.2961103820219,260,175,25,182,235,113,12,144,156,reverse,fuzzy
650.3158234499562,316,242,72,101,176,54,219,41,105,reverse,fuzzy
650.4155247091862,329,169,117,168,102,36,157,100,85,reverse,fuzzy
650.9147410604737,545,248,36,74,153,206,120,0,251,reverse,fuzzy
650.9255883393611,260,178,201,211,129,119,250,6,232,reverse,fuzzy
650.9456896897656,316,149,173,31,201,75,110,250,150,reverse,fuzzy
651.0450534418404,329,51,126,68,67,161,127,161,100,reverse,fuzzy
651.5446530559774,545,86,156,55,161,192,238,5,192,reverse,fuzzy
651.5555436294039,260,85,165,69,93,101,168,160,53,reverse,fuzzy
651.574798231445,316,212,36,54,13,171,123,13,252,reverse,fuzzy
651.6756333156836,329,54,216,147,221,212,109,79,15,reverse,fuzzy
652.1751406449282,545,27,34,187,20,158,196,180,81,reverse,fuzzy
652.1846871315756,260,131,138,217,62,197,179,196,243,reverse,fuzzy
652.2047992677997,316,222,167,43,49,58,199,43,70,reverse,fuzzy
652.3057621234849,329,14,190,92,106,177,32,38,230,reverse,fuzzy
652.8051824278508,545,120,229,20,124,28,3,141,189,reverse,fuzzy
652.8155090497136,260,76,56,233,20,86,203,105,205,reverse,fuzzy
652.8349059459572,316,49,34,74,160,134,69,161,211,reverse,fuzzy
652.9353408231519,329,134,67,62,102,47,58,59,98,reverse,fuzzy
653.4352637935142,545,150,4,104,171,188,14,231,207,reverse,fuzzy
653.4456950424532,260,221,129,158,172,228,233,34,63,reverse,fuzzy
653.4649156452451,316,175,255,254,251,250,229,182,250,reverse,fuzzy
653.5650448845184,329,157,7,173,185,40,28,62,40,reverse,fuzzy
654.0659563073008,545,205,45,235,141,3,58,189,72,reverse,fuzzy
654.0755264759476,260,110,136,35,118,166,11,154,115,reverse,fuzzy
654.0963988987594,316,32,83,210,107,28,192,53,46,reverse,fuzzy
654.1954058264978,329,36,125,138,192,249,210,4,67,reverse,fuzzy
654.696174051523,545,217,157,138,185,47,214,68,44,reverse,fuzzy
654.7064340771722,260,2,254,253,172,207,20,126,122,reverse,fuzzy
654.7272942811406,316,232,110,171,177,120,47,39,16,reverse,fuzzy
654.8270484002861,329,255,81,196,79,30,179,29,135,reverse,fuzzy
655.3261646816547,545,155,233,2,101,123,44,250,184,reverse,fuzzy
655.3362849825135,260,115,195,36,236,45,208,207,92,reverse,fuzzy
655.3570677055759,316,63,109,94,212,201,70,232,8,reverse,fuzzy
655.45765490529,329,20,73,165,244,53,102,136,103,reverse,fuzzy
655.9569183920679,545,60,137,177,253,16,191,74,212,reverse,fuzzy
655.9659516124332,260,44,177,45,18,216,178,149,146,reverse,fuzzy
655.9861940886749,316,253,81,67,33,244,42,108,28,reverse,fuzzy
656.0870251982827,329,180,8,71,234,191,50,17,133,reverse,fuzzy
656.5863152433282,545,120,47,206,34,105,75,160,68,reverse,fuzzy
656.5957260761892,260,186,181,130,136,207,110,134,54,reverse,fuzzy
656.6156454796798,316,205,178,156,206,185,8,27,32,reverse,fuzzy
656.7160396464938,329,237,232,93,47,186,12,104,119,reverse,fuzzy
657.215538773301,545,185,255,11,46,31,10,65,93,reverse,fuzzy
657.2246490537699,260,201,37,240,6,248,1,46,77,reverse,fuzzy
657.2437271676591,316,17,151,5,133,69,208,45,246,reverse,fuzzy
657.3446358323802,329,44,185,145,210,94,22,179,159,reverse,fuzzy
657.8450738925576,545,108,96,45,6,122,135,51,59,reverse,fuzzy
657.8549099059562,260,140,239,71,14,119,9,233,151,reverse,fuzzy
657.8752403774271,316,182,152,125,219,198,241,121,44,reverse,fuzzy
657.9745927889124,329,252,128,166,21,6,19,218,186,reverse,fuzzy
658.4747618617582,545,23,99,158,106,212,105,70,227,reverse,fuzzy
658.4849918528782,260,70,169,164,180,160,39,119,128,reverse,fuzzy
658.5049888454313,316,172,232,156,95,94,211,210,135,reverse,fuzzy
658.6056601979002,329,198,184,101,235,175,210,62,206,reverse,fuzzy
659.1057226877147,545,193,26,27,218,212,200,154,2,reverse,fuzzy
659.1155656409055,260,240,112,5,110,108,116,141,229,reverse,fuzzy
659.136145762118,316,53,49,22,241,184,104,131,19,reverse,fuzzy
659.236900237397,329,192,56,189,71,39,161,77,181,reverse,fuzzy
659.7376492460756,545,114,168,46,248,117,220,58,10,reverse,fuzzy
659.747776730861,260,254,60,152,96,181,232,26,184,reverse,fuzzy
659.76756457145,316,21,239,224,172,236,181,103,77,reverse,fuzzy
659.8677664142275,329,150,12,139,209,217,152,1,167,reverse,fuzzy
660.3685017550329,545,20,221,213,227,254,40,156,94,reverse,fuzzy
660.3786145780613,260,132,114,9,26,74,121,171,125,reverse,fuzzy
660.3981687242175,316,95,133,170,254,92,121,53,55,reverse,fuzzy
660.4986028066987,329,13,91,115,67,29,245,212,38,reverse,fuzzy
660.9990554193779,545,151,252,16,227,146,145,106,89,reverse,fuzzy
661.0092073266719,260,178,29,60,117,156,133,175,160,reverse,fuzzy
661.0290835929499,316,36,215,83,173,141,179,180,10,reverse,fuzzy
661.1296242304949,329,125,28,28,133,65,254,72,76,reverse,fuzzy
661.6304794248921,545,27,197,38,211,118,254,36,218,reverse,fuzzy
661.64117004732,260,44,144,63,184,204,148,86,204,reverse,fuzzy
661.6618929740753,316,148,11,192,206,166,101,141,23,reverse,fuzzy
661.761808689644,329,136,4,135,123,61,94,1,214,reverse,fuzzy
662.2623252237853,545,30,135,222,43,201,147,139,235,reverse,fuzzy
662.2729128346487,260,226,106,28,155,37,169,115,184,reverse,fuzzy
662.2938207634487,316,141,126,155,113,162,48,14,118,reverse,fuzzy
662.3939228953711,329,146,113,252,73,19,39,156,73,reverse,fuzzy
662.8947185956625,545,62,197,220,247,97,123,16,207,reverse,fuzzy
662.9057150229806,260,31,250,242,85,45,14,70,56,reverse,fuzzy
662.9254677209708,316,116,23,135,116,159,40,242,95,reverse,fuzzy
663.0261432115576,329,99,119,190,26,117,174,63,160,reverse,fuzzy
663.525466602289,545,51,35,126,122,12,39,112,20,reverse,fuzzy
663.5349740482684,260,12,100,31,187,148,26,108,196,reverse,fuzzy
663.5549607319381,316,146,80,207,249,72,235,214,176,reverse,fuzzy
663.6557969419791,329,14,32,165,87,145,50,37,6,reverse,fuzzy
664.1558006911232,545,178,112,21,229,16,113,37,79,reverse,fuzzy
664.1657159558537,260,148,162,80,125,233,130,209,57,reverse,fuzzy
664.1859117187367,316,66,105,108,76,225,92,26,150,reverse,fuzzy
664.2852117458151,329,99,29,234,59,80,94,95,249,reverse,fuzzy
664.7862096175061,545,74,138,57,213,253,100,23,5,reverse,fuzzy
664.7969776573442,260,227,165,242,218,63,6,127,160,reverse,fuzzy
664.8174510100348,316,124,111,155,245,205,143,171,246,reverse,fuzzy
664.9181255268339,329,246,79,86,117,216,75,205,46,reverse,fuzzy
665.4186150824621,545,48,127,220,78,24,110,31,37,reverse,fuzzy
665.427676430897,260,84,108,250,81,222,166,208,134,reverse,fuzzy
665.4480722395112,316,200,213,106,5,90,145,249,0,reverse,fuzzy
665.5482547280603,329,218,2,253,61,89,205,6,114,reverse,fuzzy
666.0475479925462,545,194,90,9,199,156,20,177,40,reverse,fuzzy
666.0580103032324,260,221,153,248,228,229,13,238,49,reverse,fuzzy
666.0780049565162,316,27,165,104,65,76,39,147,3,reverse,fuzzy
666.1773754659716,329,156,220,137,131,22,15,171,52,reverse,fuzzy
666.6768259264685,545,26,9,159,66,240,112,136,173,reverse,fuzzy
666.6875496399142,260,227,137,225,52,237,124,81,11,reverse,fuzzy
666.7077846851084,316,43,117,220,107,211,171,98,23,reverse,fuzzy
666.8085170343551,329,3,223,243,40,197,139,32,103,reverse,fuzzy
667.3082211197487,545,192,130,32,146,190,94,61,194,reverse,fuzzy
667.318095995504,260,119,153,120,3,150,74,224,71,reverse,fuzzy
667.337925049934,316,163,100,208,207,70,145,37,135,reverse,fuzzy
667.4373653841011,329,227,122,48,103,111,89,248,205,reverse,fuzzy
667.9368019122728,545,216,85,238,125,64,234,215,63,reverse,fuzzy
667.9466304607196,260,133,32,25,19,210,30,177,81,reverse,fuzzy
667.9666522133994,316,122,151,114,114,15,87,200,126,reverse,fuzzy
668.0660538535644,329,246,229,166,115,208,227,40,176,reverse,fuzzy
668.5663838285207,545,246,71,27,98,92,0,246,154,reverse,fuzzy
668.5777327418327,260,3,183,250,203,223,130,28,199,reverse,fuzzy
668.5972967798359,316,39,8,157,255,125,0,35,15,reverse,fuzzy
668.69669090506,329,205,34,176,45,70,223,142,166,reverse,fuzzy
669.1965500044737,545,254,87,244,252,156,0,203,2,reverse,fuzzy
669.2067712536533,260,34,213,4,29,123,167,97,203,reverse,fuzzy
669.2274316047104,316,226,59,35,233,36,187,201,125,reverse,fuzzy
669.3275482626051,329,58,168,209,47,38,96,202,123,reverse,fuzzy
669.8282075248801,545,62,110,11,14,166,88,209,47,reverse,fuzzy
669.8377637254125,260,130,76,64,73,139,156,196,33,reverse,fuzzy
669.8570540135867,316,98,131,222,73,71,132,138,94,reverse,fuzzy
669.9573121463955,329,195,49,36,229,96,122,63,189,reverse,fuzzy
670.4574148630263,545,55,133,56,234,124,131,217,112,reverse,fuzzy
670.468227990228,260,1,133,26,93,155,136,65,34,reverse,fuzzy
670.4885352449472,316,88,26,42,164,78,80,208,60,reverse,fuzzy
670.5885771404677,329,226,66,21,46,28,75,151,53,reverse,fuzzy
671.088388475467,545,220,254,103,104,162,16,52,146,reverse,fuzzy
671.0981629695643,260,29,155,94,78,180,124,225,13,reverse,fuzzy
671.118074186489,316,102,93,131,123,215,185,155,10,reverse,fuzzy
671.2189207691526,329,239,245,104,178,112,65,248,42,reverse,fuzzy
671.7194700322284,545,171,190,201,110,124,123,246,136,reverse,fuzzy
671.7303697548957,260,97,29,157,76,184,205,248,253,reverse,fuzzy
671.7505925259732,316,75,96,9,121,27,57,219,26,reverse,fuzzy
671.8503847512177,329,254,28,33,97,196,27,77,244,reverse,fuzzy
672.3501583419544,545,24,219,240,154,114,77,23,236,reverse,fuzzy
672.3610852124788,260,232,77,164,51,102,162,114,42,reverse,fuzzy
672.3819074798586,316,122,247,109,95,234,135,79,203,reverse,fuzzy
672.4823312187128,329,36,5,119,201,38,187,25,28,reverse,fuzzy
672.9825811127434,545,202,187,116,62,187,123,93,61,reverse,fuzzy
672.9930890386754,260,144,182,7,218,216,146,174,54,reverse,fuzzy
673.0125276092593,316,70,70,148,232,241,224,120,117,reverse,fuzzy
673.1124300945309,329,134,94,93,56,160,220,46,205,reverse,fuzzy
673.611858289893,545,77,232,199,175,19,244,247,84,reverse,fuzzy
673.6208908924857,260,174,147,233,190,200,52,219,27,reverse,fuzzy
673.6418381185119,316,254,33,10,27,180,235,3,179,reverse,fuzzy
673.7419542173218,329,71,35,26,166,55,144,233,153,reverse,fuzzy
674.2410207265348,545,95,29,231,97,65,88,42,194,reverse,fuzzy
674.2512538263967,260,221,134,123,108,81,143,230,195,reverse,fuzzy
674.2716132138854,316,89,171,200,88,30,164,43,243,reverse,fuzzy
674.3723739005745,329,224,209,135,185,70,134,84,82,reverse,fuzzy
674.8715997746056,545,61,147,52,161,178,45,22,133,reverse,fuzzy
674.8817450564485,260,39,61,5,206,33,30,35,18,reverse,fuzzy
674.9025004072403,316,96,199,108,156,156,203,66,69,reverse,fuzzy
675.0024133009916,329,33,76,170,46,255,185,248,140,reverse,fuzzy
675.5019070548614,545,239,12,157,230,140,172,231,243,reverse,fuzzy
675.5120774564053,260,122,4,228,214,208,195,5,59,reverse,fuzzy
675.5325088662144,316,1,94,224,177,45,142,138,54,reverse,fuzzy
675.632814973786,329,90,190,79,55,123,165,63,222,reverse,fuzzy
676.1321083923926,545,213,222,45,96,110,212,198,114,reverse,fuzzy
676.1428576449716,260,60,154,253,94,70,81,96,41,reverse,fuzzy
676.1636153279974,316,65,197,192,176,15,98,72,187,reverse,fuzzy
676.262944015958,329,83,42,54,39,63,142,244,94,reverse,fuzzy
676.762690708283,545,241,84,73,242,254,193,57,71,reverse,fuzzy
676.7725294939163,260,68,114,230,0,221,181,100,226,reverse,fuzzy
676.7921536502266,316,139,207,244,200,195,114,174,209,reverse,fuzzy
676.8930524854052,329,22,253,179,67,58,157,89,132,reverse,fuzzy
677.3937631793696,545,68,241,115,206,5,114,104,138,reverse,fuzzy
677.4043644801671,260,73,176,132,195,197,247,40,200,reverse,fuzzy
677.4241155396744,316,196,231,98,220,222,122,97,106,reverse,fuzzy
677.5241812387698,329,125,127,233,59,48,28,131,28,reverse,fuzzy
678.0247735718311,545,47,143,151,67,145,28,143,241,reverse,fuzzy
678.0351178907063,260,115,254,147,219,38,74,96,104,reverse,fuzzy
678.055944664895,316,153,212,247,255,180,18,221,10,reverse,fuzzy
678.1549647420494,329,1,87,74,16,69,174,122,134,reverse,fuzzy
678.6554727627138,545,42,188,52,82,15,33,195,161,reverse,fuzzy
678.664887925752,260,164,104,13,95,214,126,65,180,reverse,fuzzy
678.684055761687,316,208,38,245,246,100,155,36,224,reverse,fuzzy
678.7844260952478,329,166,234,243,73,57,166,89,152,reverse,fuzzy
679.2844800358782,545,6,182,140,90,22,209,98,161,reverse,fuzzy
679.2953660636019,260,69,232,130,47,247,98,71,173,reverse,fuzzy
679.3156369957189,316,39,183,250,73,0,138,95,22,reverse,fuzzy
679.4147648846116,329,95,99,31,244,79,49,226,72,reverse,fuzzy
679.9139031748566,545,63,30,134,178,50,20,32,97,reverse,fuzzy
679.9246077295971,260,206,129,94,19,205,167,194,43,reverse,fuzzy
679.9456029902461,316,12,99,209,158,156,201,8,94,reverse,fuzzy
680.0465279795983,329,173,187,123,79,23,87,54,50,reverse,fuzzy
680.5471879337124,545,147,250,243,122,116,20,209,158,reverse,fuzzy
680.5578660796123,260,134,254,48,108,146,122,222,117,reverse,fuzzy
680.578568868997,316,246,40,149,229,45,200,85,195,reverse,fuzzy
680.6790530683186,329,229,15,245,22,199,68,34,192,reverse,fuzzy
681.1798621552052,545,101,211,67,8,135,166,98,20,reverse,fuzzy
681.1908303218763,260,211,12,25,25,73,161,57,99,reverse,fuzzy
681.2116393631907,316,213,200,49,70,179,102,58,9,reverse,fuzzy
681.3123872112391,329,148,138,60,226,107,151,29,77,reverse,fuzzy
681.8123553805436,545,80,85,117,73,84,224,247,156,reverse,fuzzy
681.8225417605702,260,203,202,135,93,104,90,238,40,reverse,fuzzy
681.8423169652915,316,196,177,128,73,201,95,127,51,reverse,fuzzy
681.9416528709751,329,51,146,161,187,96,247,75,139,reverse,fuzzy
682.4418766575792,545,229,94,73,245,247,134,129,78,reverse,fuzzy
682.4524653951089,260,212,229,86,107,163,118,14,8,reverse,fuzzy
682.4731986809452,316,59,234,119,134,143,118,100,157,reverse,fuzzy
682.5731165874869,329,201,140,202,187,115,230,203,238,reverse,fuzzy
683.0724058644956,545,90,84,101,14,7,120,224,37,reverse,fuzzy
683.0820526133389,260,105,198,17,161,142,12,31,199,reverse,fuzzy
683.1014774992474,316,108,220,13,245,15,134,70,55,reverse,fuzzy
683.2008088230391,329,86,138,148,95,125,41,169,140,reverse,fuzzy
683.7009595579655,545,242,10,21,166,212,52,237,68,reverse,fuzzy
683.7102501087841,260,120,115,237,160,19,225,98,157,reverse,fuzzy
683.7302619646283,316,134,77,152,142,14,245,77,131,reverse,fuzzy
683.8297648852455,329,161,119,239,49,220,162,231,216,reverse,fuzzy
684.3298149046557,545,6,91,199,215,216,23,15,16,reverse,fuzzy
684.3395543817983,260,241,153,61,66,13,238,76,79,reverse,fuzzy
684.3586059064614,316,145,213,96,156,122,160,24,150,reverse,fuzzy
684.4588155457903,329,7,62,77,87,235,113,232,115,reverse,fuzzy
684.9595599467596,545,219,0,91,34,33,194,51,191,reverse,fuzzy
684.9691500533868,260,224,240,22,183,158,185,135,20,reverse,fuzzy
684.9892184761142,316,105,156,147,234,161,30,136,175,reverse,fuzzy
685.0886537858927,329,72,162,81,183,181,223,23,168,reverse,fuzzy
685.5881025923137,545,57,124,154,152,84,34,80,1,reverse,fuzzy
685.5982223431619,260,7,97,13,27,246,143,154,37,reverse,fuzzy
685.6178599588833,316,166,163,52,244,191,24,30,46,reverse,fuzzy
685.7184830868725,329,179,119,188,74,71,187,5,29,reverse,fuzzy
686.2179296670347,545,130,2,183,220,54,199,241,201,reverse,fuzzy
686.2286259402741,260,80,162,67,64,223,207,255,22,reverse,fuzzy
686.2494997059418,316,18,122,166,86,246,198,151,165,reverse,fuzzy
686.3490793769738,329,80,241,0,155,13,98,198,27,reverse,fuzzy
686.8499415604487,545,48,190,41,248,6,152,121,107,reverse,fuzzy
686.860276166444,260,31,151,166,37,228,226,73,78,reverse,fuzzy
686.8805780771271,316,41,53,172,137,202,131,240,21,reverse,fuzzy
686.9811044272473,329,30,237,196,188,118,164,126,200,reverse,fuzzy
687.4805149173002,545,194,76,59,225,250,71,219,42,reverse,fuzzy
687.4895725450023,260,114,160,137,122,232,63,236,167,reverse,fuzzy
687.5105690544618,316,104,55,52,180,0,74,184,189,reverse,fuzzy
687.6106804761964,329,248,147,180,202,49,105,175,181,reverse,fuzzy
688.1113580046479,545,3,137,156,223,134,158,236,255,reverse,fuzzy
688.1214861674573,260,163,203,191,253,207,220,33,249,reverse,fuzzy
688.1419603206228,316,44,112,111,101,108,149,186,90,reverse,fuzzy
688.2420070668011,329,199,75,65,63,69,251,85,93,reverse,fuzzy
688.7417996216979,545,168,165,123,156,173,226,200,217,reverse,fuzzy
688.7519281031376,260,140,24,161,16,226,60,139,94,reverse,fuzzy
688.7711255098721,316,136,39,146,69,121,37,241,97,reverse,fuzzy
688.8707022885984,329,157,127,138,104,238,6,132,153,reverse,fuzzy
689.3715051349722,545,214,20,50,116,239,82,60,205,reverse,fuzzy
689.3821011036284,260,144,15,204,71,13,235,212,239,reverse,fuzzy
689.4030790729234,316,213,108,83,94,139,38,145,126,reverse,fuzzy
689.5030886185822,329,105,237,241,245,170,243,82,73,reverse,fuzzy
690.0036475670969,545,82,132,9,11,179,23,133,92,reverse,fuzzy
690.0138638545307,260,176,165,233,34,163,32,0,100,reverse,fuzzy
690.0343087411588,316,49,247,163,150,87,206,170,55,reverse,fuzzy
690.1345182641011,329,156,87,170,244,64,237,69,66,reverse,fuzzy
690.6342212468327,545,252,162,209,51,185,30,253,220,reverse,fuzzy
690.6438878285114,260,119,234,47,217,163,196,191,40,reverse,fuzzy
690.6636046502081,316,165,24,92,102,87,139,62,60,reverse,fuzzy
690.7652232420663,329,195,235,99,196,138,159,40,79,reverse,fuzzy
691.2661018915583,545,125,26,127,1,198,74,65,168,reverse,fuzzy
691.2755607610809,260,28,108,169,161,102,134,209,171,reverse,fuzzy
691.2962003408079,316,56,99,177,156,112,217,107,41,reverse,fuzzy
691.3953538628742,329,111,251,245,116,185,183,222,241,reverse,fuzzy
691.895857741518,545,0,84,174,150,50,187,53,246,reverse,fuzzy
691.9061555265104,260,188,112,66,34,194,235,221,186,reverse,fuzzy
691.9263803102727,316,211,121,230,126,71,254,98,212,reverse,fuzzy
692.0269592895288,329,203,1,252,132,242,224,192,219,reverse,fuzzy
692.5266157170818,545,145,237,190,125,93,218,98,161,reverse,fuzzy
692.5358374442071,260,212,85,214,53,62,43,185,6,reverse,fuzzy
692.5565325766296,316,229,180,128,182,154,11,32,151,reverse,fuzzy
692.6556557461313,329,225,111,113,67,106,159,237,144,reverse,fuzzy
693.1551715967809,545,183,244,3,212,117,68,233,210,reverse,fuzzy
693.1659925241181,260,248,253,245,209,15,194,160,135,reverse,fuzzy
693.1869212844454,316,151,220,131,144,236,207,38,94,reverse,fuzzy
693.286309171244,329,217,129,91,44,184,6,45,224,reverse,fuzzy
693.7868958233494,545,244,221,103,44,18,14,161,16,reverse,fuzzy
693.7965268415437,260,192,172,9,37,243,70,32,96,reverse,fuzzy
693.8160046532222,316,153,96,234,181,208,75,101,184,reverse,fuzzy
693.9131500681899,329,192,187,141,171,81,187,41,244,reverse,fuzzy
694.4124333569706,545,184,100,116,23,8,172,109,160,reverse,fuzzy
694.4220387944279,260,38,222,185,171,163,222,75,193,reverse,fuzzy
694.4413317235845,316,40,189,82,212,169,199,85,255,reverse,fuzzy
694.542331370539,329,97,179,51,74,40,120,46,117,reverse,fuzzy
695.0432683851063,545,179,189,116,68,209,188,10,134,reverse,fuzzy
695.0540391633878,260,151,246,35,100,121,137,12,32,reverse,fuzzy
695.0749373039415,316,0,144,243,232,213,14,202,85,reverse,fuzzy
695.1755073897729,329,5,63,168,16,229,35,102,146,reverse,fuzzy
695.6761502139773,545,25,150,52,203,147,174,39,154,reverse,fuzzy
695.6854495182936,260,220,156,118,80,173,35,158,37,reverse,fuzzy
695.7054382834842,316,69,46,249,198,127,114,205,103,reverse,fuzzy
695.8055552976016,329,212,131,77,208,135,53,111,105,reverse,fuzzy
696.306490559158,545,90,217,162,168,116,109,87,11,reverse,fuzzy
696.3161097208902,260,70,61,62,220,123,149,109,5,reverse,fuzzy
696.3361792045624,316,91,158,95,129,8,81,107,172,reverse,fuzzy
696.4344792760506,329,235,252,49,212,210,96,90,135,reverse,fuzzy
696.9354168651657,545,182,124,163,187,81,147,250,36,reverse,fuzzy
696.9459425912146,260,158,162,1,33,18,34,38,49,reverse,fuzzy
696.9668710124224,316,187,191,144,126,70,151,77,86,reverse,fuzzy
697.0671991628499,329,42,86,59,97,115,35,231,244,reverse,fuzzy
697.5668888355904,545,184,36,172,86,110,68,173,20,reverse,fuzzy
697.5774382031598,260,204,45,16,145,226,35,12,234,reverse,fuzzy
697.5974698542746,316,215,132,141,82,62,196,215,246,reverse,fuzzy
697.6967453806297,329,0,98,188,244,232,127,108,5,reverse,fuzzy
698.1976763399779,545,91,129,101,198,65,17,67,70,reverse,fuzzy
698.2085460621028,260,205,250,141,111,16,21,32,60,reverse,fuzzy
698.228989437713,316,60,170,17,228,43,39,13,134,reverse,fuzzy
698.3294661742405,329,160,226,15,22,253,104,149,35,reverse,fuzzy
698.8288667121495,545,66,156,168,246,194,77,119,251,reverse,fuzzy
698.8385229301053,260,244,98,253,81,166,175,99,214,reverse,fuzzy
698.8588052437995,316,136,212,211,90,5,123,48,123,reverse,fuzzy
698.9595602059034,329,199,134,19,117,240,10,148,128,reverse,fuzzy
699.4599751164866,545,9,18,214,166,126,56,227,113,reverse,fuzzy
699.4699637109004,260,40,225,14,170,106,39,173,140,reverse,fuzzy
699.4899398423522,316,245,102,117,156,242,186,52,94,reverse,fuzzy
699.5892169525897,329,51,163,95,232,66,160,151,128,reverse,fuzzy
700.0892271727299,545,163,131,3,81,170,149,226,17,reverse,fuzzy
700.0982466995135,260,230,64,4,81,230,63,75,192,reverse,fuzzy
700.1186388752518,316,87,38,54,26,158,8,92,64,reverse,fuzzy
700.219036047443,329,45,18,153,54,131,81,168,46,reverse,fuzzy
700.7183269676061,545,184,8,243,205,254,61,159,200,reverse,fuzzy
700.7280081383342,260,226,48,164,227,187,141,152,123,reverse,fuzzy
700.7474266898048,316,114,6,75,13,171,13,109,40,reverse,fuzzy
700.8471982621007,329,154,164,167,201,34,123,78,167,reverse,fuzzy
701.3479409779245,545,22,217,15,181,29,165,221,23,reverse,fuzzy
701.358189563962,260,190,202,79,172,174,206,77,197,reverse,fuzzy
701.3775056706965,316,129,154,132,177,145,27,175,0,reverse,fuzzy
701.4778250168913,329,62,87,160,10,137,239,106,54,reverse,fuzzy
701.9772712722674,545,205,251,79,65,162,114,75,103,reverse,fuzzy
701.9874405462477,260,49,135,190,0,204,91,164,242,reverse,fuzzy
702.0065512594095,316,149,73,17,134,36,190,125,56,reverse,fuzzy
702.106117034956,329,95,87,39,149,231,53,224,1,reverse,fuzzy
702.6067727640783,545,124,253,117,183,80,218,36,35,reverse,fuzzy
702.6162276086993,260,95,142,169,220,90,127,134,142,reverse,fuzzy
702.6364660050946,316,217,38,180,127,65,20,31,91,reverse,fuzzy
702.7373396505018,329,244,35,244,31,225,90,35,79,reverse,fuzzy
703.2366286462079,545,114,88,235,163,112,29,34,100,reverse,fuzzy
703.2474497439468,260,44,211,129,186,103,74,125,113,reverse,fuzzy
703.267576747881,316,67,174,169,226,222,155,131,188,reverse,fuzzy
703.3676989439468,329,162,199,20,183,179,143,168,35,reverse,fuzzy
703.8671631712191,545,62,112,80,41,196,235,179,105,reverse,fuzzy
703.8776079771143,260,236,75,97,148,220,20,69,119,reverse,fuzzy
703.8969461486566,316,112,172,118,40,223,85,104,238,reverse,fuzzy
703.9964295775583,329,158,168,165,238,197,202,227,77,reverse,fuzzy
704.4958217077653,545,92,173,2,205,78,228,115,200,reverse,fuzzy
704.5066333528137,260,152,107,73,5,143,142,140,160,reverse,fuzzy
704.5258396301026,316,191,109,140,209,204,67,200,86,reverse,fuzzy
704.6249418166726,329,87,134,64,14,36,233,192,221,reverse,fuzzy
705.1244203750076,545,31,176,18,150,1,89,201,78,reverse,fuzzy
705.1352737763369,260,41,77,150,163,161,80,6,222,reverse,fuzzy
705.1551767021152,316,196,200,202,255,179,56,81,217,reverse,fuzzy
705.2545994488715,329,29,176,201,170,201,169,21,3,reverse,fuzzy
705.7544952668604,545,47,126,73,249,1,250,254,41,reverse,fuzzy
705.7649701274551,260,2,65,224,183,94,115,74,18,reverse,fuzzy
705.7854553854502,316,200,126,81,16,50,245,1,61,reverse,fuzzy
705.8853696494184,329,88,191,254,18,103,200,47,82,reverse,fuzzy
706.3860611481368,545,159,136,11,15,159,194,90,150,reverse,fuzzy
706.3970150963321,260,193,139,41,97,61,249,35,25,reverse,fuzzy
706.4174918854347,316,28,58,7,109,157,205,214,211,reverse,fuzzy
706.5165371111503,329,49,128,231,108,67,115,249,109,reverse,fuzzy
707.0174610870281,545,238,224,226,175,126,131,24,135,reverse,fuzzy
707.0276172691968,260,72,105,156,103,223,27,5,225,reverse,fuzzy
707.0473193074943,316,17,209,234,73,49,19,29,207,reverse,fuzzy
707.14686315721,329,221,125,3,129,86,162,55,206,reverse,fuzzy
707.6445703711338,545,244,234,39,240,60,245,201,163,reverse,fuzzy
707.6555572330973,260,16,218,118,143,239,135,241,76,reverse,fuzzy
707.6753231458017,316,157,143,90,22,88,33,89,158,reverse,fuzzy
707.7760991999057,329,90,131,183,124,2,62,10,68,reverse,fuzzy
708.2760676627355,545,109,203,85,147,135,225,47,101,reverse,fuzzy
708.2855931632072,260,26,208,171,61,254,23,20,30,reverse,fuzzy
708.3061538423088,316,45,88,40,167,218,4,15,106,reverse,fuzzy
708.4062369284635,329,151,111,97,150,61,112,93,121,reverse,fuzzy
708.9059342962071,545,76,165,177,139,30,147,163,219,reverse,fuzzy
708.9152026792298,260,121,95,191,83,171,241,242,229,reverse,fuzzy
708.9351901249245,316,160,59,167,47,56,67,48,216,reverse,fuzzy
709.0353283446495,329,155,206,148,141,22,89,113,249,reverse,fuzzy
709.5348676551579,545,234,167,206,51,231,175,186,247,reverse,fuzzy
709.5446576464677,260,35,221,173,108,106,23,213,146,reverse,fuzzy
709.565236909339,316,223,212,22,24,10,110,85,218,reverse,fuzzy
709.6659386869392,329,170,102,31,113,254,209,97,15,reverse,fuzzy
710.1657089871579,545,232,54,123,130,59,178,232,28,reverse,fuzzy
710.1766460127213,260,117,29,67,232,86,30,34,178,reverse,fuzzy
710.1960598699717,316,248,174,58,19,4,161,211,211,reverse,fuzzy
710.2969780698111,329,32,123,75,60,49,125,70,163,reverse,fuzzy
710.7978278500715,545,207,128,236,29,117,178,76,35,reverse,fuzzy
710.8074142340124,260,96,44,218,231,0,131,27,184,reverse,fuzzy
710.8283879053207,316,200,35,165,110,251,1,12,139,reverse,fuzzy
710.9288526804503,329,73,162,165,114,38,30,168,195,reverse,fuzzy
711.4287975545685,545,19,204,111,229,159,67,238,1,reverse,fuzzy
711.438431190898,260,130,179,107,111,186,47,148,253,reverse,fuzzy
711.4577293984676,316,115,47,14,133,30,91,133,124,reverse,fuzzy
711.5576657736489,329,131,51,165,92,162,192,204,35,reverse,fuzzy
712.0584238086462,545,1,209,0,103,218,38,213,215,reverse,fuzzy
712.0681370590983,260,66,155,0,199,67,120,80,175,reverse,fuzzy
712.0882120735355,316,181,8,248,142,82,45,75,210,reverse,fuzzy
712.1879472421556,329,66,109,156,236,80,155,47,160,reverse,fuzzy
712.6888538952875,545,46,138,15,4,81,204,16,224,reverse,fuzzy
712.6998404607923,260,121,211,160,222,69,125,188,118,reverse,fuzzy
712.7193799426414,316,198,228,77,105,253,156,201,66,reverse,fuzzy
712.8197267132332,329,206,48,124,2,131,29,230,208,reverse,fuzzy
713.3203240634048,545,58,59,72,253,152,253,38,1,reverse,fuzzy
713.3298658726987,260,238,178,155,42,183,66,66,199,reverse,fuzzy
713.3496986479433,316,155,241,249,105,86,53,40,225,reverse,fuzzy
713.4497098028421,329,244,144,221,150,251,215,120,186,reverse,fuzzy
713.9502758810823,545,222,218,168,84,120,193,199,86,reverse,fuzzy
713.9608968510479,260,135,240,247,60,109,99,12,49,reverse,fuzzy
713.9809089355467,316,140,214,18,196,170,229,143,202,reverse,fuzzy
714.0802698003386,329,72,184,143,177,10,84,94,91,reverse,fuzzy
714.580149891715,545,136,199,30,13,157,109,90,139,reverse,fuzzy
714.5903390711287,260,144,168,164,118,117,179,26,155,reverse,fuzzy
714.6091317455998,316,147,185,109,124,56,170,219,55,reverse,fuzzy
714.7093530347388,329,58,152,230,190,132,253,110,88,reverse,fuzzy
715.2092637177791,545,74,121,125,157,71,204,4,67,reverse,fuzzy
715.218925261604,260,186,54,167,52,86,69,191,165,reverse,fuzzy
715.2397706884532,316,145,109,254,153,165,64,133,188,reverse,fuzzy
715.3399338691904,329,131,82,141,111,243,247,250,27,reverse,fuzzy
715.8400213520662,545,2,69,122,245,84,32,253,210,reverse,fuzzy
715.8506188181838,260,45,104,203,92,82,253,132,189,reverse,fuzzy
715.8713165192432,316,220,179,251,106,74,211,174,102,reverse,fuzzy
715.9709578065409,329,201,79,4,73,0,126,237,87,reverse,fuzzy
716.4700884145742,545,58,93,241,39,118,152,95,238,reverse,fuzzy
716.4799408797978,260,230,227,33,206,140,143,36,178,reverse,fuzzy
716.50082237487,316,90,57,61,67,120,82,1,0,reverse,fuzzy
716.6001763298077,329,120,228,200,41,102,27,233,37,reverse,fuzzy
717.1007707834573,545,97,155,121,217,199,66,97,176,reverse,fuzzy
717.1102738454169,260,71,118,234,158,169,164,236,13,reverse,fuzzy
717.1287770492546,316,142,38,10,86,164,121,116,170,reverse,fuzzy
717.231577214619,329,208,214,184,147,118,41,216,27,reverse,fuzzy
717.732545365183,545,166,169,1,41,148,192,79,217,reverse,fuzzy
717.7426933959342,260,47,171,123,193,102,75,163,218,reverse,fuzzy
717.7619422740211,316,91,199,232,217,58,64,176,184,reverse,fuzzy
717.8618525095947,329,225,246,148,78,71,162,111,250,reverse,fuzzy
718.3615532072357,545,7,189,177,54,114,253,184,121,reverse,fuzzy
718.3722357754827,260,181,86,155,90,132,201,80,172,reverse,fuzzy
718.3928023715237,316,228,40,86,221,107,143,72,47,reverse,fuzzy
718.4913645859891,329,244,66,170,171,111,69,102,108,reverse,fuzzy
718.9909408848367,545,197,156,73,243,81,136,53,97,reverse,fuzzy
719.0013257625415,260,209,211,20,14,107,211,37,65,reverse,fuzzy
719.0222444374958,316,244,189,190,247,53,201,60,230,reverse,fuzzy
719.1220225978295,329,162,38,200,3,176,184,184,186,reverse,fuzzy
719.6212445779338,545,45,203,91,156,172,91,116,77,reverse,fuzzy
719.6313608619829,260,135,24,113,0,64,125,173,180,reverse,fuzzy
719.6504741318747,316,175,198,247,222,236,15,205,70,reverse,fuzzy
719.7503185366094,329,185,138,213,14,110,155,105,62,reverse,fuzzy
720.249771208618,545,30,107,58,203,135,18,175,82,reverse,fuzzy
720.2588544530212,260,143,118,202,196,238,12,15,85,reverse,fuzzy
720.2797208617245,316,87,240,45,210,235,218,80,118,reverse,fuzzy
720.380014209007,329,118,82,15,94,169,83,235,86,reverse,fuzzy
720.8798305442283,545,120,107,213,59,125,214,73,242,reverse,fuzzy
720.8897887787274,260,2,111,84,172,89,59,22,179,reverse,fuzzy
720.9091189448285,316,182,197,95,162,74,22,18,179,reverse,fuzzy
721.0084652694363,329,43,58,75,210,115,138,219,97,reverse,fuzzy
721.508227010012,545,238,22,59,155,141,133,157,187,reverse,fuzzy
721.5190127051542,260,65,67,48,214,49,99,222,66,reverse,fuzzy
721.5387232650505,316,103,97,203,188,197,168,186,195,reverse,fuzzy
721.6382756953882,329,118,155,252,77,15,211,180,56,reverse,fuzzy
722.1389065406461,545,56,124,99,103,152,62,49,148,reverse,fuzzy
722.1491557755421,260,80,10,35,177,194,89,122,190,reverse,fuzzy
722.1690842844151,316,21,15,97,218,169,173,83,7,reverse,fuzzy
722.2697640556362,329,70,20,196,94,216,112,209,185,reverse,fuzzy
722.7699514445751,545,129,20,26,46,111,225,244,244,reverse,fuzzy
722.7794311131743,260,12,185,161,138,224,69,198,79,reverse,fuzzy
722.7994420174239,316,235,81,2,94,249,225,14,29,reverse,fuzzy
722.898926189207,329,56,24,163,240,113,33,227,116,reverse,fuzzy
723.398334783405,545,160,185,21,129,177,194,189,130,reverse,fuzzy
723.4105494896947,260,130,49,154,74,187,173,7,49,reverse,fuzzy
723.4298545033134,316,65,115,201,242,187,70,155,212,reverse,fuzzy
723.5306872939691,329,162,96,100,216,253,155,165,166,reverse,fuzzy
724.03001941663,545,53,219,216,61,28,190,2,222,reverse,fuzzy
724.0397252951119,260,240,15,55,245,134,121,186,197,reverse,fuzzy
724.0596983801165,316,88,131,219,156,70,193,111,14,reverse,fuzzy
724.1591381080868,329,49,229,81,235,25,132,3,194,reverse,fuzzy
724.6584888255089,545,182,189,191,165,15,43,19,44,reverse,fuzzy
724.6677296638462,260,94,226,166,156,240,232,83,8,reverse,fuzzy
724.6874040783416,316,87,241,64,1,153,35,161,34,reverse,fuzzy
724.7868117881173,329,122,236,151,202,63,29,226,192,reverse,fuzzy
725.2873690649818,545,81,9,86,117,39,15,6,66,reverse,fuzzy
725.2973039525195,260,159,172,31,181,162,190,190,230,reverse,fuzzy
725.3174251230162,316,84,198,234,4,52,249,125,218,reverse,fuzzy
725.4174945675038,329,107,119,69,223,65,202,68,77,reverse,fuzzy
725.9174756962234,545,158,100,119,57,137,116,107,234,reverse,fuzzy
725.9273431035808,260,45,96,46,241,154,115,20,133,reverse,fuzzy
725.9472239702111,316,201,175,253,178,217,59,125,57,reverse,fuzzy
726.0480329199215,329,40,208,154,106,162,192,201,32,reverse,fuzzy
726.547856272014,545,218,241,246,38,237,230,175,57,reverse,fuzzy
726.5578031852995,260,22,34,54,224,117,167,54,23,reverse,fuzzy
726.578417994639,316,16,188,141,2,126,245,249,74,reverse,fuzzy
726.6789932349654,329,121,129,174,233,20,224,180,144,reverse,fuzzy
727.1794686289825,545,205,104,143,56,239,241,146,71,reverse,fuzzy
727.1888564735979,260,109,233,158,81,232,213,189,95,reverse,fuzzy
727.2091514723302,316,129,88,149,116,108,42,115,72,reverse,fuzzy
727.310084616552,329,229,215,194,145,213,119,160,50,reverse,fuzzy
727.8108424190913,545,33,239,46,108,240,211,108,213,reverse,fuzzy
727.8203870803299,260,4,114,108,62,5,100,243,53,reverse,fuzzy
727.8407870685128,316,243,222,247,80,245,138,90,82,reverse,fuzzy
727.9410171957109,329,210,247,70,128,138,241,208,49,reverse,fuzzy
728.4415582812105,545,202,144,83,67,51,99,177,182,reverse,fuzzy
728.4523361988886,260,79,74,186,19,149,174,167,26,reverse,fuzzy
728.4722990731639,316,168,20,112,11,100,75,106,203,reverse,fuzzy
728.5723113825228,329,141,231,28,195,160,61,4,129,reverse,fuzzy
729.0716009825935,545,111,86,77,217,254,209,88,200,reverse,fuzzy
729.081390979937,260,170,166,159,15,21,205,5,177,reverse,fuzzy
729.1010604722891,316,148,83,221,151,86,224,82,124,reverse,fuzzy
729.2013433847544,329,85,228,14,61,82,124,245,18,reverse,fuzzy
729.7005779221441,545,136,91,56,214,229,34,222,40,reverse,fuzzy
729.7103967663995,260,122,34,146,111,69,100,116,84,reverse,fuzzy
729.7308675819721,316,139,169,61,195,88,52,220,166,reverse,fuzzy
729.8302184942878,329,41,243,163,163,115,5,117,39,reverse,fuzzy
730.3307627315501,545,170,41,101,213,226,224,65,128,reverse,fuzzy
730.3415089294966,260,232,125,1,81,60,103,115,191,reverse,fuzzy
730.3608796926193,316,244,45,59,128,104,199,129,252,reverse,fuzzy
730.4600690856903,329,93,79,152,17,155,167,76,137,reverse,fuzzy
730.9595345657744,545,249,53,99,215,228,35,8,0,reverse,fuzzy
730.9689994642762,260,57,188,239,175,3,21,82,135,reverse,fuzzy
730.9895062114149,316,96,19,24,203,209,46,121,49,reverse,fuzzy
731.0887878410462,329,88,45,124,212,205,45,109,219,reverse,fuzzy
731.5884035956079,545,177,107,118,243,245,59,70,228,reverse,fuzzy
731.5981830538902,260,67,98,60,85,245,151,175,218,reverse,fuzzy
731.6180162592611,316,176,158,97,147,178,188,52,102,reverse,fuzzy
731.717372888556,329,41,106,22,202,7,138,247,139,reverse,fuzzy
732.2181880376211,545,128,172,106,147,197,26,193,182,reverse,fuzzy
732.228689297533,260,170,84,19,131,12,0,91,194,reverse,fuzzy
732.2495091003498,316,80,78,83,105,121,161,233,250,reverse,fuzzy
732.3503626022119,329,134,20,87,124,216,54,79,23,reverse,fuzzy
732.8495128276375,545,130,232,150,169,90,247,137,7,reverse,fuzzy
732.8602470587166,260,43,43,41,125,32,248,33,228,reverse,fuzzy
732.8811386009171,316,240,123,199,84,40,245,113,43,reverse,fuzzy
732.9816311133495,329,217,128,168,73,152,49,97,48,reverse,fuzzy
733.4819209740896,545,166,16,66,32,134,205,83,59,reverse,fuzzy
733.4916528740534,260,209,71,13,32,25,144,3,146,reverse,fuzzy
733.5116122366198,316,217,29,132,129,227,207,56,60,reverse,fuzzy
733.6115201735431,329,166,29,28,82,47,93,244,109,reverse,fuzzy
734.1105762591706,545,235,212,29,97,2,67,29,188,reverse,fuzzy
734.1205625792427,260,216,210,69,42,252,155,20,227,reverse,fuzzy
734.1400109237914,316,172,49,238,41,145,54,61,67,reverse,fuzzy
734.2409158110007,329,78,116,51,109,86,219,104,174,reverse,fuzzy
734.7406254268088,545,162,118,142,147,152,94,245,160,reverse,fuzzy
734.749731630099,260,97,8,205,204,149,113,160,206,reverse,fuzzy
734.7701223171881,316,174,101,242,121,175,201,233,244,reverse,fuzzy
734.8692546408568,329,31,245,48,252,37,134,102,159,reverse,fuzzy
735.3696919698506,545,243,213,241,136,64,33,233,80,reverse,fuzzy
735.3787730734305,260,184,87,80,105,103,123,214,202,reverse,fuzzy
735.399511493494,316,60,2,77,193,86,249,105,127,reverse,fuzzy
735.4996569169796,329,90,156,52,151,94,137,234,209,reverse,fuzzy
735.9996057829168,545,91,86,107,195,155,77,70,97,reverse,fuzzy
736.0098010684184,260,106,122,176,107,173,98,222,88,reverse,fuzzy
736.030217229869,316,187,186,26,191,92,205,223,77,reverse,fuzzy
736.1310005224914,329,235,93,165,28,139,157,28,129,reverse,fuzzy
736.6305990192614,545,56,66,252,227,43,99,144,181,reverse,fuzzy
736.6410445839376,260,145,91,137,29,75,237,160,49,reverse,fuzzy
736.6618959394868,316,49,212,95,11,69,173,255,4,reverse,fuzzy
736.7616525355435,329,16,34,129,84,158,140,73,24,reverse,fuzzy
737.2623991035293,545,251,103,80,115,83,156,126,93,reverse,fuzzy
737.2723613759828,260,126,40,229,253,81,34,144,47,reverse,fuzzy
737.2931924108242,316,105,177,104,49,84,91,192,93,reverse,fuzzy
737.3924542030367,329,253,29,94,40,104,220,122,46,reverse,fuzzy
737.8924879338762,545,86,135,133,204,91,108,108,61,reverse,fuzzy
737.9017538920939,260,216,111,63,43,77,110,45,29,reverse,fuzzy
737.9212516642872,316,207,1,41,217,186,21,172,37,reverse,fuzzy
738.0212414262115,329,187,142,175,190,69,63,250,111,reverse,fuzzy
738.5217350330225,545,102,64,13,193,110,21,243,31,reverse,fuzzy
738.5320846039469,260,65,171,248,49,222,146,167,88,reverse,fuzzy
738.5527395645138,316,105,59,175,244,233,213,124,86,reverse,fuzzy
738.6527290298457,329,79,135,107,150,64,60,153,103,reverse,fuzzy
739.1536839781201,545,115,85,150,207,43,119,110,154,reverse,fuzzy
739.1638587149815,260,238,114,29,90,120,59,205,99,reverse,fuzzy
739.1829927184539,316,232,180,145,112,187,214,155,195,reverse,fuzzy
739.283119425958,329,139,25,137,8,133,50,2,0,reverse,fuzzy
739.7830890797416,545,81,0,4,65,183,242,91,71,reverse,fuzzy
739.7929320793601,260,106,173,29,128,86,100,48,148,reverse,fuzzy
739.812604580233,316,72,178,255,36,181,187,36,19,reverse,fuzzy
739.9130050449334,329,145,171,71,225,124,165,94,215,reverse,fuzzy
740.4133094904962,545,16,102,234,97,6,101,226,74,reverse,fuzzy
740.4228523856524,260,161,108,52,82,53,9,252,67,reverse,fuzzy
740.4436114971139,316,92,193,100,15,96,30,187,165,reverse,fuzzy
740.5428051180785,329,220,58,238,145,96,167,58,93,reverse,fuzzy
741.0424377747032,545,247,39,204,15,161,136,186,231,reverse,fuzzy
741.0515286196834,260,31,5,134,192,103,160,90,150,reverse,fuzzy
741.0708967146747,316,123,217,129,138,201,39,210,67,reverse,fuzzy
741.1708643739106,329,189,200,103,145,37,141,73,168,reverse,fuzzy
741.6701635177634,545,118,24,17,50,76,219,46,14,reverse,fuzzy
741.679697307207,260,83,106,216,49,107,62,183,211,reverse,fuzzy
741.6987929555598,316,28,126,220,113,71,66,127,16,reverse,fuzzy
741.7995495275264,329,82,216,24,18,56,181,100,123,reverse,fuzzy
742.2987941061012,545,98,11,232,231,220,15,236,98,reverse,fuzzy
742.3083631120417,260,93,128,180,162,235,121,7,82,reverse,fuzzy
742.3285181288173,316,81,14,25,96,176,144,232,198,reverse,fuzzy
742.4275811777853,329,58,191,38,100,51,110,41,188,reverse,fuzzy
742.9282102802999,545,127,192,112,232,60,12,176,35,reverse,fuzzy
742.9374044857904,260,234,159,133,190,11,118,252,225,reverse,fuzzy
742.9582442560693,316,31,186,182,153,104,160,75,164,reverse,fuzzy
743.0574124034247,329,33,26,78,62,16,25,59,205,reverse,fuzzy
743.5583119837419,545,19,144,73,245,96,164,151,95,reverse,fuzzy
743.5673355612805,260,214,236,224,9,48,180,97,225,reverse,fuzzy
743.5874843393067,316,79,127,148,50,119,180,46,138,reverse,fuzzy
743.6873490600236,329,255,179,224,58,139,97,103,173,reverse,fuzzy
744.1874999981335,545,224,26,110,169,147,91,33,101,reverse,fuzzy
744.1968693537494,260,36,46,77,168,149,157,119,164,reverse,fuzzy
744.217121324418,316,22,60,215,153,73,35,80,33,reverse,fuzzy
744.3180234562548,329,155,109,101,157,241,224,222,159,reverse,fuzzy
744.8186921414502,545,152,242,90,153,107,182,63,225,reverse,fuzzy
744.8290791542344,260,14,228,197,19,229,40,51,114,reverse,fuzzy
744.8495690706194,316,254,75,114,108,52,166,63,144,reverse,fuzzy
744.9486584370462,329,13,242,174,212,96,7,73,94,reverse,fuzzy
745.4491931826132,545,61,41,89,148,248,105,72,86,reverse,fuzzy
745.4591395607687,260,225,138,11,245,136,37,248,146,reverse,fuzzy
745.4782096485559,316,94,51,173,162,213,129,226,19,reverse,fuzzy
745.5778277522087,329,194,208,213,51,67,198,109,15,reverse,fuzzy
746.077538566607,545,2,122,52,79,185,124,1,220,reverse,fuzzy
746.0882978576318,260,140,53,195,205,128,233,141,14,reverse,fuzzy
746.107758399876,316,250,120,31,90,170,113,85,12,reverse,fuzzy
746.2070763414538,329,127,153,77,33,31,203,121,66,reverse,fuzzy
746.7065986903905,545,136,152,19,128,27,77,190,210,reverse,fuzzy
746.7173402554834,260,194,207,155,164,58,142,111,35,reverse,fuzzy
746.7376399833383,316,47,92,88,1,247,236,14,15,reverse,fuzzy
746.837109781768,329,238,160,238,239,234,134,160,255,reverse,fuzzy
747.3364488476137,545,79,85,90,59,184,10,51,120,reverse,fuzzy
747.3463853589504,260,252,242,105,166,173,125,163,27,reverse,fuzzy
747.3654569056589,316,204,182,129,238,161,243,22,153,reverse,fuzzy
747.465116208237,329,234,69,64,13,177,57,80,187,reverse,fuzzy
747.9643999584615,545,173,103,167,39,27,181,254,104,reverse,fuzzy
747.9736156334056,260,44,137,229,123,129,87,106,19,reverse,fuzzy
747.9930606017051,316,22,182,231,229,248,137,115,188,reverse,fuzzy
748.0938770498199,329,181,232,42,244,77,187,22,240,reverse,fuzzy
748.5946247364391,545,188,25,158,39,119,21,3,255,reverse,fuzzy
748.6043274828133,260,200,162,229,74,12,59,170,154,reverse,fuzzy
748.6246962816165,316,140,9,112,198,8,63,246,147,reverse,fuzzy
748.7255276597575,329,42,28,140,220,122,12,70,74,reverse,fuzzy
749.225764571908,545,245,103,223,117,235,169,67,140,reverse,fuzzy
749.2359314661066,260,207,54,249,165,254,229,102,133,reverse,fuzzy
749.2566878308635,316,131,111,175,192,82,216,175,77,reverse,fuzzy
749.3557061014818,329,57,215,253,109,115,148,240,95,reverse,fuzzy
749.8549239648453,545,200,205,201,180,201,170,215,169,reverse,fuzzy
749.8642497394983,260,152,136,157,249,218,207,194,123,reverse,fuzzy
749.8849673664973,316,196,39,201,182,240,58,164,253,reverse,fuzzy
749.9850912258544,329,28,59,186,39,250,125,234,255,reverse,fuzzy
750.4857190068553,545,167,248,188,79,63,127,170,162,reverse,fuzzy
750.4961847942354,260,3,82,42,214,99,142,250,227,reverse,fuzzy
750.5161847863795,316,132,64,135,91,2,169,20,214,reverse,fuzzy
750.6163605253446,329,77,68,78,25,60,190,35,16,reverse,fuzzy
751.1171137038995,545,250,9,118,77,0,25,186,0,reverse,fuzzy
751.1267508518494,260,37,87,66,38,221,19,122,66,reverse,fuzzy
751.145782009532,316,119,194,9,149,117,47,97,28,reverse,fuzzy
751.2453671320357,329,191,44,84,4,2,212,139,207,reverse,fuzzy
751.7444424493788,545,81,138,161,255,216,203,83,87,reverse,fuzzy
751.7550743468533,260,32,88,73,23,21,203,120,54,reverse,fuzzy
751.7745062852653,316,72,150,149,107,161,84,255,78,reverse,fuzzy
751.8749012949245,329,237,81,180,124,146,74,172,18,reverse,fuzzy
752.3742665731352,545,207,48,60,99,107,151,145,46,reverse,fuzzy
752.384696675295,260,218,213,104,235,73,61,248,24,reverse,fuzzy
752.4040210199869,316,39,188,177,189,200,123,73,159,reverse,fuzzy
752.5036865646211,329,112,203,203,128,107,70,227,141,reverse,fuzzy
753.0043022733515,545,178,249,198,170,127,162,14,122,reverse,fuzzy
753.0152350790756,260,212,103,3,254,192,119,38,208,reverse,fuzzy
753.0361347006794,316,251,53,20,58,84,86,207,123,reverse,fuzzy
753.1355628316408,329,111,122,129,35,100,139,215,199,reverse,fuzzy
753.6361231643156,545,80,116,114,169,164,56,149,212,reverse,fuzzy
753.6466579895119,260,19,8,101,105,81,36,88,60,reverse,fuzzy
753.667505686407,316,245,191,83,31,192,190,129,207,reverse,fuzzy
753.7682939362784,329,174,3,246,212,163,187,121,86,reverse,fuzzy
754.268689253727,545,214,24,236,160,251,247,164,24,reverse,fuzzy
754.278222347567,260,20,217,136,220,181,244,78,140,reverse,fuzzy
754.2982225982641,316,199,179,138,176,55,104,184,138,reverse,fuzzy
754.3976114121909,329,121,145,68,180,206,169,33,141,reverse,fuzzy
754.8974380567013,545,146,142,212,179,91,70,167,106,reverse,fuzzy
754.9068665251491,260,37,124,134,117,188,60,90,142,reverse,fuzzy
754.9263590139849,316,46,87,135,19,99,130,97,214,reverse,fuzzy
755.0273475785815,329,244,238,31,215,224,187,153,13,reverse,fuzzy
755.5275968496096,545,208,159,251,46,201,12,128,45,reverse,fuzzy
755.5379831072405,260,39,114,170,224,133,242,215,183,reverse,fuzzy
755.5579771124551,316,209,162,66,85,153,12,88,228,reverse,fuzzy
755.6588303700481,329,64,219,6,4,36,2,136,122,reverse,fuzzy
756.1592789711688,545,122,98,93,157,151,52,76,62,reverse,fuzzy
756.168724198423,260,217,25,7,170,111,64,21,119,idle,fuzzy
756.1884386624629,316,23,25,92,182,41,86,224,44,idle,fuzzy
756.2879594724626,329,58,155,15,16,185,105,44,189,idle,fuzzy
756.7886008771163,545,219,191,254,101,248,239,244,78,idle,fuzzy
756.7988436343794,260,39,199,242,94,47,73,155,78,idle,fuzzy
756.8194419639051,316,116,151,255,255,104,24,246,152,idle,fuzzy
756.9202158939837,329,36,76,137,53,77,138,114,242,idle,fuzzy
757.4195901913149,545,222,252,123,69,64,79,149,228,idle,fuzzy
757.4302210826017,260,246,37,82,129,47,209,115,193,idle,fuzzy
757.4505183559804,316,150,51,13,38,90,177,54,189,idle,fuzzy
757.5514805935043,329,212,214,43,235,202,97,29,208,idle,fuzzy
758.0511055812718,545,100,45,3,241,150,123,153,255,idle,fuzzy
758.0606370292603,260,212,245,45,199,199,247,40,242,idle,fuzzy
758.079687986943,316,62,185,226,198,254,43,0,198,idle,fuzzy
758.1787876932478,329,12,120,159,228,147,170,31,133,idle,fuzzy
758.679394543177,545,136,64,82,48,48,195,18,253,idle,fuzzy
758.6897576533937,260,246,20,50,151,66,213,167,57,idle,fuzzy
758.7093786520244,316,7,94,27,207,54,214,18,13,idle,fuzzy
758.8088133878618,329,77,24,234,91,177,214,60,148,idle,fuzzy
759.3084446320737,545,134,157,7,1,168,251,194,196,idle,fuzzy
759.3192881470376,260,78,90,223,31,170,67,191,147,idle,fuzzy
759.3385094393261,316,68,12,143,100,248,20,40,249,idle,fuzzy
759.4392251966884,329,229,56,7,141,113,92,52,187,idle,fuzzy
759.9390349576776,545,144,81,254,113,167,85,226,176,idle,fuzzy
759.9493712782793,260,197,232,151,164,161,235,254,139,idle,fuzzy
759.970089915137,316,1,247,213,168,182,172,58,63,idle,fuzzy
760.0699702163292,329,106,223,76,138,2,120,231,149,idle,fuzzy
760.5696469941497,545,18,105,102,154,49,185,94,141,idle,fuzzy
760.5787395560825,260,4,80,204,35,111,144,134,184,idle,fuzzy
760.598145231257,316,221,189,45,16,152,77,0,55,idle,fuzzy
760.6976525835391,329,21,31,180,8,59,146,246,171,idle,fuzzy
761.1971341723828,545,121,186,6,34,161,81,43,212,idle,fuzzy
761.2072188911513,260,21,148,126,0,117,251,141,66,idle,fuzzy
761.2276733201245,316,78,171,211,58,86,214,123,24,idle,fuzzy
761.3276976115105,329,74,194,144,89,26,53,162,208,idle,fuzzy
761.8275155735564,545,208,36,29,187,213,153,84,180,idle,fuzzy
761.8371227888409,260,52,99,108,41,83,228,58,212,idle,fuzzy
761.8562514145158,316,94,199,210,230,148,150,235,75,idle,fuzzy
761.9557785103285,329,186,81,178,65,81,191,240,20,idle,fuzzy
762.4557418850187,545,178,171,149,179,175,27,69,157,idle,fuzzy
762.4648208133856,260,188,213,204,112,113,80,1,120,idle,fuzzy
762.4843940950961,316,41,148,48,232,148,199,222,100,idle,fuzzy
762.5835682456167,329,222,180,64,216,31,197,191,141,idle,fuzzy
763.0833298315767,545,9,15,172,160,78,16,6,225,idle,fuzzy
763.0941472008697,260,7,200,14,253,26,116,126,94,idle,fuzzy
763.1131898087916,316,27,134,16,204,73,42,51,236,idle,fuzzy
763.2126649235579,329,123,239,158,231,144,175,37,116,idle,fuzzy
763.7126805181412,545,131,155,117,190,218,238,35,5,idle,fuzzy
763.7217004846729,260,38,127,26,150,103,94,3,138,idle,fuzzy
763.7415087753592,316,56,207,220,160,165,143,2,119,idle,fuzzy
763.8406597639973,329,53,11,229,195,6,182,210,130,idle,fuzzy
764.3413428052412,545,243,7,148,136,123,142,66,100,idle,fuzzy
764.3508948609327,260,7,222,224,106,160,0,52,17,idle,fuzzy
764.3707214933496,316,95,152,188,159,115,66,208,183,idle,fuzzy
764.4708921201105,329,168,40,61,114,155,60,250,76,idle,fuzzy
764.9712266840917,545,130,120,160,25,67,19,153,247,idle,fuzzy
764.9810906244359,260,143,162,181,225,182,51,198,114,idle,fuzzy
765.001514707794,316,92,117,168,167,131,61,54,99,idle,fuzzy
765.1015394379108,329,233,219,10,24,21,30,16,166,idle,fuzzy
765.6015435972521,545,51,82,27,189,69,135,153,84,idle,fuzzy
765.611044053537,260,64,242,81,56,128,78,192,175,idle,fuzzy
765.6307101067518,316,77,32,108,2,167,114,64,211,idle,fuzzy
765.7311322881375,329,99,215,211,48,90,207,49,34,idle,fuzzy
766.2321138264439,545,109,104,85,105,4,27,25,234,idle,fuzzy
766.2414876978193,260,232,27,59,137,37,96,139,239,idle,fuzzy
766.2619744056573,316,220,48,66,141,133,72,134,6,idle,fuzzy
766.3621553567339,329,78,8,214,246,87,134,184,44,idle,fuzzy
766.8627221254634,545,178,10,236,227,218,78,255,18,idle,fuzzy
766.8718592679276,260,12,76,92,141,207,89,176,205,idle,fuzzy
766.8917604154266,316,40,14,244,169,244,165,246,137,idle,fuzzy
766.992438543105,329,122,180,116,17,26,3,78,161,idle,fuzzy
767.4929628356642,545,37,156,20,156,165,193,238,225,idle,fuzzy
767.5020329343988,260,104,28,123,214,41,170,192,113,idle,fuzzy
767.5228871571396,316,35,76,118,117,254,183,250,207,idle,fuzzy
767.6229738732094,329,244,24,19,70,123,78,47,177,idle,fuzzy
768.1221402424368,545,6,48,96,76,0,182,147,252,idle,fuzzy
768.1327649109497,260,95,5,214,170,83,229,181,77,idle,fuzzy
768.152016857959,316,211,226,1,54,162,90,67,46,idle,fuzzy
768.2513169821129,329,167,224,155,254,63,82,55,106,idle,fuzzy
768.7522152984534,545,185,244,198,108,142,152,238,27,idle,fuzzy
768.7615632587856,260,68,241,179,223,181,249,4,114,idle,fuzzy
768.7825546256114,316,116,117,124,253,96,128,250,187,idle,fuzzy
768.8823844539047,329,13,67,140,219,243,121,163,35,idle,fuzzy
769.3825978080731,545,140,56,195,180,220,100,190,244,idle,fuzzy
769.3921870455126,260,109,189,195,51,86,61,107,189,idle,fuzzy
769.4119882390391,316,118,185,241,130,15,9,82,115,idle,fuzzy
769.5115746703528,329,249,252,168,175,151,164,135,208,idle,fuzzy
770.0106755509838,545,12,21,22,197,62,95,196,143,idle,fuzzy
770.021152602029,260,80,39,59,18,101,18,188,248,idle,fuzzy
770.04094431901,316,162,83,236,244,245,202,225,171,idle,fuzzy
770.1414006587626,329,174,198,171,208,198,196,203,6,idle,fuzzy
770.6407917572657,545,94,132,193,142,162,4,217,91,idle,fuzzy
770.6516885105004,260,190,32,91,120,19,127,229,205,idle,fuzzy
770.6725326023119,316,160,111,173,177,44,146,232,189,idle,fuzzy
770.7727174510403,329,213,226,124,227,110,7,73,176,idle,fuzzy
771.2722764637446,545,160,57,145,94,188,251,160,23,idle,fuzzy
771.2823027787554,260,107,215,14,39,1,160,137,64,idle,fuzzy
771.3028455671237,316,37,113,143,12,145,184,36,7,idle,fuzzy
771.4026640258174,329,77,238,97,229,93,46,212,180,idle,fuzzy
771.9030702518556,545,13,122,159,149,27,114,156,207,idle,fuzzy
771.9121093441579,260,97,69,81,60,4,127,122,109,idle,fuzzy
771.9322208436671,316,110,189,87,89,165,136,44,214,idle,fuzzy
772.0320050144473,329,170,94,252,119,29,85,161,231,idle,fuzzy
772.5312432007515,545,202,8,76,27,124,198,226,186,idle,fuzzy
772.5408099403744,260,53,11,153,34,80,58,180,54,idle,fuzzy
772.561530711895,316,230,183,174,165,168,102,6,159,idle,fuzzy
772.6614195456551,329,224,107,206,67,83,66,253,174,idle,fuzzy
773.1606143396457,545,0,103,238,115,162,122,169,228,idle,fuzzy
773.1696245500917,260,91,134,152,156,25,23,248,252,idle,fuzzy
773.1898986036944,316,62,36,89,123,58,241,105,200,idle,fuzzy
773.2892013265098,329,169,103,92,109,84,74,247,169,idle,fuzzy
773.7901508125456,545,30,208,177,218,127,33,154,7,idle,fuzzy
773.8005110991545,260,137,172,19,91,219,104,0,232,idle,fuzzy
773.8198634259045,316,77,194,144,216,187,206,230,205,idle,fuzzy
773.9199203709671,329,53,84,241,138,134,25,230,97,idle,fuzzy
774.4190772564081,545,121,122,148,121,206,23,213,200,idle,fuzzy
774.4299582143386,260,30,200,180,123,239,177,26,34,idle,fuzzy
774.4500103415639,316,62,135,14,142,97,109,63,40,idle,fuzzy
774.5508630828759,329,55,242,193,46,30,97,232,221,idle,fuzzy
775.051620004244,545,190,24,192,164,209,218,130,236,idle,fuzzy
775.0623681697489,260,241,162,98,113,203,50,6,147,idle,fuzzy
775.0824774466327,316,148,26,41,96,73,62,244,175,idle,fuzzy
775.1816769773193,329,66,45,144,94,208,81,125,239,idle,fuzzy
775.682251963071,545,247,207,0,88,240,237,229,120,idle,fuzzy
775.6912933230332,260,63,156,62,29,238,6,178,105,idle,fuzzy
775.7113801947252,316,201,150,201,183,117,199,119,97,idle,fuzzy
775.8108567385353,329,241,228,177,80,129,56,233,178,idle,fuzzy
776.3111612580774,545,133,144,189,123,188,194,12,75,idle,fuzzy
776.3213742368603,260,8,235,20,169,4,66,159,16,idle,fuzzy
776.3404895834656,316,74,65,173,221,73,227,86,2,idle,fuzzy
776.4402440650244,329,251,139,220,214,11,12,73,85,idle,fuzzy
776.9407942378529,545,28,25,80,16,48,60,127,174,idle,fuzzy
776.950818410171,260,184,144,234,246,209,209,91,149,idle,fuzzy
776.9718081291197,316,190,76,235,114,132,86,244,209,idle,fuzzy
777.071207196738,329,30,68,197,65,216,97,166,22,idle,fuzzy
777.5716535997259,545,153,247,20,227,61,246,226,175,idle,fuzzy
777.581898106712,260,16,27,54,234,133,201,20,85,idle,fuzzy
777.6028296428362,316,226,105,21,68,194,218,91,216,idle,fuzzy
777.7021117978563,329,36,207,34,61,42,85,178,69,idle,fuzzy
778.2026418676483,545,82,167,217,87,167,12,202,167,idle,fuzzy
778.2128796140288,260,253,27,232,154,143,45,18,226,idle,fuzzy
778.2330674205997,316,28,65,40,244,21,182,76,96,idle,fuzzy
778.3334524419639,329,56,60,163,230,156,16,74,94,idle,fuzzy
778.8325341708754,545,184,196,71,144,247,80,161,213,idle,fuzzy
778.8416163080835,260,94,23,157,47,201,50,53,206,idle,fuzzy
778.8619235335817,316,130,174,233,117,224,225,92,144,idle,fuzzy
778.9617522234088,329,28,171,172,211,107,0,141,217,idle,fuzzy
779.461992390775,545,189,185,216,44,13,147,139,40,idle,fuzzy
779.4712279089829,260,70,25,170,57,197,253,122,184,idle,fuzzy
779.4904274043953,316,104,191,96,204,160,26,39,87,idle,fuzzy
779.5894353215315,329,248,211,82,57,22,27,106,39,idle,fuzzy
780.0898267522604,545,149,57,62,242,178,80,25,6,idle,fuzzy
780.1003417854616,260,70,100,202,100,150,175,155,165,idle,fuzzy
780.1199023119797,316,99,79,39,39,25,113,255,251,idle,fuzzy
780.2199068619577,329,215,231,13,75,112,141,6,212,idle,fuzzy
780.7190770177715,545,2,126,78,111,30,104,41,90,idle,fuzzy
780.7284513746852,260,5,152,63,70,252,113,69,140,idle,fuzzy
780.7478528898424,316,201,137,74,169,206,100,40,137,idle,fuzzy
780.848851704309,329,202,194,251,178,67,217,35,108,idle,fuzzy
781.3493983770607,545,84,57,112,15,94,246,253,123,idle,fuzzy
781.3597585474926,260,239,133,104,4,68,197,190,189,idle,fuzzy
781.379638942025,316,100,10,122,69,101,103,82,254,idle,fuzzy
781.4791658124288,329,85,75,172,81,78,131,36,128,idle,fuzzy
781.9788066855979,545,187,247,162,252,94,151,219,164,idle,fuzzy
781.9888108819597,260,49,108,186,195,116,53,71,135,idle,fuzzy
782.0085595032559,316,126,157,238,68,245,15,160,194,idle,fuzzy
782.1078903644977,329,193,253,212,247,252,179,40,122,idle,fuzzy
782.6069819956222,545,109,219,207,222,124,34,50,239,idle,fuzzy
782.6164327711186,260,209,218,148,90,143,107,35,77,idle,fuzzy
782.6366867114762,316,245,114,46,237,182,125,25,37,idle,fuzzy
782.7357211468083,329,106,84,31,244,179,230,122,187,idle,fuzzy
783.2354619362492,545,148,213,187,240,144,24,109,174,idle,fuzzy
783.2447827030353,260,19,233,79,103,91,202,168,6,idle,fuzzy
783.2649615857204,316,211,77,253,1,37,192,254,239,idle,fuzzy
783.3657402161191,329,5,51,112,144,41,94,54,93,idle,fuzzy
783.8647966454348,545,183,117,93,208,35,159,198,171,idle,fuzzy
783.8746247321242,260,243,248,27,136,79,168,212,37,idle,fuzzy
783.894157211594,316,28,242,37,6,123,128,31,56,idle,fuzzy
783.9945523013795,329,169,197,254,213,41,230,133,51,idle,fuzzy
784.495228195866,545,154,118,233,18,120,83,89,14,idle,fuzzy
784.5059797857773,260,166,81,48,169,175,207,200,43,idle,fuzzy
784.5259039466767,316,79,223,143,152,212,146,183,33,idle,fuzzy
784.6258774801524,329,132,172,30,9,36,223,203,147,idle,fuzzy
785.1264708929768,545,185,107,91,103,241,118,76,199,idle,fuzzy
785.1369347592153,260,110,253,143,23,14,32,41,3,idle,fuzzy
785.1574342006583,316,81,203,40,147,83,20,76,37,idle,fuzzy
785.2576736194646,329,34,211,0,29,253,58,237,225,idle,fuzzy
785.7577949355999,545,76,114,5,143,112,139,77,145,idle,fuzzy
785.7679800408682,260,194,69,93,2,240,236,109,156,idle,fuzzy
785.7870780263214,316,15,140,6,156,136,119,41,92,idle,fuzzy
785.8870656411215,329,190,140,189,13,18,94,143,74,idle,fuzzy
786.3878342027039,545,134,71,169,86,61,123,90,87,idle,fuzzy
786.4007395953842,260,153,41,63,227,162,195,128,123,idle,fuzzy
786.4210232427376,316,146,182,127,229,11,113,89,243,idle,fuzzy
786.5200397402565,329,158,95,10,143,193,234,215,207,idle,fuzzy
787.0190808968613,545,252,216,38,16,189,237,69,110,idle,fuzzy
787.0292155364335,260,112,132,92,195,103,247,174,201,idle,fuzzy
787.0499423415525,316,173,4,85,71,210,181,21,79,idle,fuzzy
787.1494846006699,329,249,204,119,50,28,158,180,41,idle,fuzzy
787.6487249381813,545,133,137,105,193,179,166,128,127,idle,fuzzy
