timestamp,can_id,b0,b1,b2,b3,b4,b5,b6,b7,state,attack_type
0.009282657670586933,260,197,35,242,179,48,39,142,9,idle,fuzzy
0.030025547080188935,316,175,99,247,136,24,82,66,67,idle,fuzzy
0.13073209516256543,329,137,123,224,44,113,201,77,72,idle,fuzzy
0.6301871906115948,545,149,237,253,137,122,168,179,116,idle,fuzzy
0.6401383068008093,260,189,43,87,20,221,91,62,16,idle,fuzzy
0.6591669571136208,316,225,118,87,196,203,63,42,47,idle,fuzzy
0.7600386367188011,329,136,90,222,198,41,180,52,83,idle,fuzzy
1.260909216934432,545,178,192,106,55,246,95,232,140,idle,fuzzy
1.2718697904452418,260,138,75,70,235,207,199,110,252,idle,fuzzy
1.2910138984507589,316,80,206,175,154,0,95,225,76,idle,fuzzy
1.3912463628510818,329,49,180,230,200,185,43,90,129,idle,fuzzy
1.8920285837514172,545,98,187,94,173,140,101,105,48,idle,fuzzy
1.9012728920627422,260,210,35,141,209,35,38,165,254,idle,fuzzy
1.9210890280731014,316,75,99,98,231,65,103,100,255,idle,fuzzy
2.0208227495305238,329,166,195,139,24,89,196,1,174,idle,fuzzy
2.520412683330223,545,76,28,47,165,74,128,165,118,idle,fuzzy
2.5311815615147055,260,222,165,204,106,200,228,253,58,idle,fuzzy
2.551119322561244,316,126,169,217,168,171,66,178,70,idle,fuzzy
2.6504857712710117,329,190,83,69,2,100,192,166,167,idle,fuzzy
3.1513303062857165,545,223,5,131,174,179,37,61,162,idle,fuzzy
3.161262739705829,260,217,104,219,21,5,127,16,249,idle,fuzzy
3.1819103761086844,316,215,52,62,154,30,167,251,130,idle,fuzzy
3.281960703742816,329,61,151,185,73,163,61,45,235,idle,fuzzy
3.7814717655538144,545,23,54,64,58,88,78,223,217,idle,fuzzy
3.7912846830741085,260,55,185,159,247,19,32,90,135,idle,fuzzy
3.810840555308258,316,128,156,20,148,39,81,16,167,idle,fuzzy
3.91150578504528,329,227,56,233,119,229,109,20,149,idle,fuzzy
4.410578255798105,545,98,206,138,76,223,199,66,183,idle,fuzzy
4.421091764320714,260,150,57,247,220,239,244,43,77,idle,fuzzy
4.4409135819234,316,155,30,84,197,164,204,169,39,idle,fuzzy
4.541306682003847,329,159,253,15,64,127,170,158,2,idle,fuzzy
5.042149578501435,545,142,103,11,212,21,124,187,184,idle,fuzzy
5.052069814271755,260,234,98,212,155,180,185,46,187,idle,fuzzy
5.071438688694706,316,162,145,147,58,155,170,188,138,idle,fuzzy
5.172132713124303,329,242,145,222,95,128,6,8,54,idle,fuzzy
5.672188937304758,545,118,98,249,32,132,25,164,40,idle,fuzzy
5.681458870292902,260,117,30,226,130,39,85,130,0,idle,fuzzy
5.70196614920946,316,234,214,88,52,12,15,85,117,idle,fuzzy
5.802562210612177,329,104,46,133,233,126,17,100,80,idle,fuzzy
6.302383018313461,545,14,91,109,50,64,214,235,37,idle,fuzzy
6.3119911286309565,260,49,142,28,188,149,109,144,32,idle,fuzzy
6.331949182715927,316,19,63,66,227,145,153,225,120,idle,fuzzy
6.4318112817073105,329,188,106,185,51,229,161,221,188,idle,fuzzy
6.931663846568079,545,24,194,64,230,23,22,53,7,idle,fuzzy
6.94166889878021,260,226,141,98,19,144,134,101,202,idle,fuzzy
6.961160759828171,316,63,78,190,19,124,252,106,29,idle,fuzzy
7.060562468832905,329,111,111,122,84,180,176,208,97,idle,fuzzy
7.561495318982712,545,114,222,96,79,105,230,203,138,idle,fuzzy
7.571616843725144,260,52,247,112,132,242,190,78,181,idle,fuzzy
7.591871558207418,316,183,199,255,246,244,92,197,188,idle,fuzzy
7.692127349325837,329,216,234,66,108,133,2,23,236,idle,fuzzy
8.1913431885124,545,17,201,144,136,164,183,89,81,idle,fuzzy
8.200661825004318,260,99,92,202,170,17,157,224,5,idle,fuzzy
8.220470340249554,316,192,0,41,104,57,58,84,208,idle,fuzzy
8.319886700657001,329,26,125,235,224,157,22,96,132,idle,fuzzy
8.820048076217255,545,200,197,33,17,73,103,126,174,idle,fuzzy
8.829919310927412,260,52,199,128,179,89,174,246,81,idle,fuzzy
8.850760694660236,316,56,201,221,37,174,111,171,19,idle,fuzzy
8.950084398831898,329,15,127,201,88,182,90,251,42,idle,fuzzy
9.450896275439387,545,227,155,45,23,205,63,191,20,idle,fuzzy
9.46034716465932,260,29,12,186,234,233,207,225,250,idle,fuzzy
9.47844210125803,316,189,19,104,144,74,218,189,116,idle,fuzzy
9.577776256757454,329,200,21,231,40,233,210,49,213,idle,fuzzy
10.077876090574444,545,208,5,43,177,88,204,3,96,idle,fuzzy
10.088792357011162,260,171,72,75,214,192,78,231,64,idle,fuzzy
10.108768439295519,316,230,54,235,48,2,15,31,215,idle,fuzzy
10.209363718746173,329,42,237,254,152,59,36,33,70,idle,fuzzy
10.709239850770242,545,217,64,158,34,189,10,162,32,idle,fuzzy
10.719650363747158,260,173,192,48,230,92,183,201,7,idle,fuzzy
10.738693460181011,316,58,207,196,112,188,70,159,167,idle,fuzzy
10.839648880500976,329,76,157,223,155,44,20,67,198,idle,fuzzy
11.340039955338902,545,132,144,148,195,77,222,23,192,idle,fuzzy
11.350070567545952,260,184,43,147,3,184,12,91,181,idle,fuzzy
11.37090439866809,316,194,146,204,203,7,140,209,223,idle,fuzzy
11.470849187350707,329,38,249,118,235,177,18,213,186,idle,fuzzy
11.97156582246725,545,117,157,103,206,63,193,56,245,idle,fuzzy
11.98183632417941,260,243,228,17,48,143,250,181,67,idle,fuzzy
12.002674071919511,316,198,101,152,99,164,61,195,66,idle,fuzzy
12.102717388318846,329,203,222,86,132,196,184,111,212,idle,fuzzy
12.60294800489332,545,197,0,140,244,129,88,74,179,idle,fuzzy
12.612957622020367,260,133,128,232,67,234,43,198,88,idle,fuzzy
12.633527861066543,316,249,244,17,125,128,83,94,192,idle,fuzzy
12.734460976309581,329,1,174,58,197,166,193,228,170,idle,fuzzy
13.234156863216976,545,235,206,2,96,75,249,235,35,idle,fuzzy
13.244476874460053,260,59,247,229,71,80,123,208,96,idle,fuzzy
13.263506011742356,316,206,44,77,112,113,55,70,178,idle,fuzzy
13.363190743262086,329,165,239,74,155,236,64,118,10,idle,fuzzy
13.864027987878632,545,254,132,45,188,170,195,106,0,idle,fuzzy
13.873561766208686,260,55,37,61,133,22,167,120,3,idle,fuzzy
13.893391336315712,316,105,216,253,44,179,115,159,97,idle,fuzzy
13.993618829556238,329,46,241,36,129,100,87,223,223,idle,fuzzy
14.494199962629876,545,240,160,200,67,78,28,214,158,idle,fuzzy
14.504888592795954,260,131,17,38,168,16,201,39,238,idle,fuzzy
14.52411476988267,316,39,139,27,100,37,187,127,172,idle,fuzzy
14.624779157365024,329,50,27,48,147,250,221,139,238,idle,fuzzy
15.124131432823985,545,163,96,9,41,226,59,60,204,idle,fuzzy
15.13343687666011,260,44,79,14,30,213,197,9,172,idle,fuzzy
15.154064644621071,316,216,75,95,114,172,188,160,164,idle,fuzzy
15.254521153588403,329,26,95,103,254,41,164,54,60,idle,fuzzy
15.754691588265686,545,163,132,8,118,145,39,16,176,idle,fuzzy
15.764477337051964,260,163,208,91,39,204,188,63,111,idle,fuzzy
15.783784147558254,316,66,44,160,109,75,219,168,59,idle,fuzzy
15.88304714251292,329,183,224,186,105,120,46,7,228,idle,fuzzy
16.383017101504134,545,198,31,165,27,70,244,190,169,idle,fuzzy
16.393133868855454,260,34,43,152,39,82,212,47,40,idle,fuzzy
16.41255331977976,316,238,3,156,112,145,178,131,61,idle,fuzzy
16.512547121873766,329,136,236,236,41,135,170,116,249,idle,fuzzy
17.01160963861562,545,97,208,255,213,245,32,73,185,idle,fuzzy
17.022585646923478,260,189,134,131,94,62,82,236,45,idle,fuzzy
17.042704310109407,316,56,168,167,176,75,37,194,185,idle,fuzzy
17.1422896300254,329,178,85,220,20,254,89,7,225,idle,fuzzy
17.642825503700777,545,240,166,212,22,85,23,117,204,idle,fuzzy
17.652931567550777,260,214,38,75,222,115,121,52,196,idle,fuzzy
17.672895020379094,316,42,62,111,40,219,139,16,131,idle,fuzzy
17.772279861173903,329,83,130,54,225,198,195,136,18,idle,fuzzy
18.272458208985164,545,37,182,199,89,6,84,159,7,idle,fuzzy
18.282930047058585,260,152,61,194,188,54,76,21,111,idle,fuzzy
18.303330129396976,316,233,155,47,157,136,232,144,157,idle,fuzzy
18.402665805586707,329,162,171,215,109,4,95,241,82,idle,fuzzy
18.903574325843515,545,69,25,194,165,47,255,45,92,idle,fuzzy
18.91272983600642,260,252,54,207,91,131,29,149,81,idle,fuzzy
18.93199853812009,316,233,236,207,155,242,126,85,112,idle,fuzzy
19.031530966925164,329,205,191,161,240,121,143,182,216,idle,fuzzy
19.531589012870562,545,67,78,147,13,193,99,13,42,idle,fuzzy
19.541933683123684,260,145,242,237,184,24,154,223,199,idle,fuzzy
19.561538945803697,316,239,225,218,51,119,28,52,179,idle,fuzzy
19.662419186926257,329,31,242,251,8,151,208,62,38,idle,fuzzy
20.163030415055744,545,202,88,18,44,169,183,85,4,idle,fuzzy
20.17324051103857,260,216,150,13,115,134,151,225,56,idle,fuzzy
20.193971283589406,316,79,251,168,104,15,246,186,17,idle,fuzzy
20.293101762149643,329,115,33,220,170,95,187,194,71,idle,fuzzy
20.79375083529207,545,29,108,46,168,235,16,137,228,idle,fuzzy
20.802780436266215,260,187,55,179,63,174,120,228,171,idle,fuzzy
20.823313724017762,316,154,98,211,152,49,27,45,235,idle,fuzzy
20.923966530336507,329,231,57,106,136,42,27,66,99,idle,fuzzy
21.422983150532545,545,3,250,169,105,212,175,154,41,idle,fuzzy
21.433856889413992,260,127,155,112,149,114,247,11,27,idle,fuzzy
21.453684043834286,316,189,8,161,120,102,54,84,48,idle,fuzzy
21.552933279358754,329,151,209,138,22,67,41,84,141,idle,fuzzy
22.052827647130822,545,84,238,124,6,126,169,115,46,idle,fuzzy
22.06286996955117,260,147,139,207,237,193,191,44,127,idle,fuzzy
22.08341522804161,316,152,111,171,247,244,131,58,59,idle,fuzzy
22.18245205592293,329,43,127,51,211,249,145,235,24,idle,fuzzy
22.68179047298832,545,96,53,165,219,31,10,47,184,idle,fuzzy
22.69263839517939,260,34,221,2,116,69,208,100,139,idle,fuzzy
22.71325429243099,316,95,59,75,1,119,251,189,8,idle,fuzzy
22.81401378784294,329,43,61,66,222,150,12,202,249,idle,fuzzy
23.314902175254588,545,217,216,255,57,203,1,225,208,idle,fuzzy
23.324167112553912,260,232,84,186,147,200,30,156,158,idle,fuzzy
23.34512669682424,316,141,254,143,36,38,95,203,89,idle,fuzzy
23.445838401832116,329,102,61,110,134,62,140,5,209,idle,fuzzy
23.945299648224154,545,58,146,87,87,241,92,174,26,idle,fuzzy
23.95581706506418,260,165,42,237,159,163,22,38,5,idle,fuzzy
23.97492282892554,316,194,8,108,135,60,151,212,119,idle,fuzzy
24.074073915046792,329,214,209,117,233,233,212,191,149,idle,fuzzy
24.574158463609,545,69,44,181,57,50,155,207,33,idle,fuzzy
24.585049063425064,260,135,200,93,192,240,228,252,63,idle,fuzzy
24.605271959463316,316,172,190,137,124,182,180,129,173,idle,fuzzy
24.704726730693377,329,245,70,113,70,155,231,16,175,idle,fuzzy
25.20398985713278,545,251,118,193,51,85,121,123,133,idle,fuzzy
25.214542740802685,260,139,113,184,46,29,36,75,107,idle,fuzzy
25.23364934439524,316,203,169,21,77,146,221,180,173,idle,fuzzy
25.333835387693274,329,107,71,215,46,107,116,211,21,idle,fuzzy
25.834526375441282,545,218,62,141,82,138,137,7,128,idle,fuzzy
25.84507571980205,260,156,148,240,183,178,26,42,140,idle,fuzzy
25.864390608962673,316,104,233,41,57,192,138,76,220,idle,fuzzy
25.964384048560294,329,12,44,100,204,247,166,255,164,idle,fuzzy
26.464971221479644,545,183,45,176,4,195,191,93,207,idle,fuzzy
26.47421208113856,260,220,122,247,233,141,230,196,241,idle,fuzzy
26.49303732889229,316,245,145,204,159,116,54,230,139,idle,fuzzy
26.592805627448683,329,174,42,11,143,223,47,234,4,idle,fuzzy
27.092583758494467,545,183,223,126,141,244,121,145,148,idle,fuzzy
27.102546887279676,260,97,202,215,38,57,131,183,178,idle,fuzzy
27.122816800248454,316,222,114,58,101,129,182,94,241,idle,fuzzy
27.22325853488103,329,111,121,36,79,190,208,122,128,idle,fuzzy
27.723718574501536,545,25,8,206,64,172,81,18,165,idle,fuzzy
27.734584879801545,260,33,237,5,234,159,39,230,119,idle,fuzzy
27.75488478459335,316,146,76,19,96,209,47,36,250,idle,fuzzy
27.85517724516814,329,186,69,21,7,211,153,159,237,idle,fuzzy
28.35528734885025,545,87,24,88,208,237,101,35,99,idle,fuzzy
28.365484776212547,260,16,35,3,132,190,202,85,74,idle,fuzzy
28.384910294287966,316,95,1,173,112,117,247,252,25,idle,fuzzy
28.484970580354457,329,41,2,20,82,217,45,39,152,idle,fuzzy
28.9856702405608,545,77,76,245,58,244,242,29,192,idle,fuzzy
28.99590795111536,260,100,100,71,72,135,215,174,77,idle,fuzzy
29.01407869059608,316,157,202,110,71,184,35,7,50,idle,fuzzy
29.11371360894077,329,153,123,91,33,202,123,153,59,idle,fuzzy
29.613653202552,545,64,77,189,7,172,63,66,66,idle,fuzzy
29.62311870216268,260,129,251,229,99,237,137,106,59,idle,fuzzy
29.64095350252132,316,44,254,53,216,42,136,226,89,idle,fuzzy
29.741310834746947,329,62,59,236,30,20,201,214,204,idle,fuzzy
30.24031293735434,545,241,41,208,23,114,114,140,221,idle,fuzzy
30.24958541178899,260,16,16,46,129,8,57,164,85,idle,fuzzy
30.270335972735396,316,31,74,38,131,141,172,87,101,idle,fuzzy
30.37009642336234,329,128,143,133,120,64,104,132,175,idle,fuzzy
30.870494403115952,545,105,79,103,85,231,24,104,201,idle,fuzzy
30.880810724847628,260,67,53,59,55,147,146,198,204,idle,fuzzy
30.900710724650857,316,112,121,79,16,46,110,48,71,idle,fuzzy
30.99982277611833,329,80,222,52,70,52,170,163,177,idle,fuzzy
31.499487349460797,545,112,235,223,233,217,144,161,84,idle,fuzzy
31.509622885050756,260,175,151,149,178,248,62,242,191,idle,fuzzy
31.529172970527867,316,228,82,243,183,224,132,53,35,idle,fuzzy
31.628708564394337,329,132,110,185,76,142,147,8,79,idle,fuzzy
32.128177102306466,545,106,102,64,177,41,211,57,129,idle,fuzzy
32.13901874647086,260,117,255,195,29,254,205,28,80,idle,fuzzy
32.15979659084839,316,94,92,24,130,233,170,235,148,idle,fuzzy
32.259133228146645,329,206,19,65,32,3,19,221,10,idle,fuzzy
32.75900182870368,545,234,204,131,197,63,172,46,191,idle,fuzzy
32.768357280584056,260,164,46,83,53,248,5,115,241,idle,fuzzy
32.788145154430254,316,199,73,70,150,11,62,77,181,idle,fuzzy
32.88859174944325,329,164,134,151,243,51,152,22,55,idle,fuzzy
33.38903723551361,545,83,83,235,102,69,155,141,248,idle,fuzzy
33.398735432594,260,201,219,241,135,235,141,163,43,idle,fuzzy
33.419448097761304,316,236,92,218,33,156,156,86,145,idle,fuzzy
33.51955470097063,329,155,86,75,11,78,72,227,164,idle,fuzzy
34.018964908553954,545,224,71,108,59,96,147,127,179,idle,fuzzy
34.02883321279546,260,132,181,208,253,241,168,241,153,idle,fuzzy
34.04927344660923,316,204,163,126,147,161,61,243,207,idle,fuzzy
34.148983819949855,329,108,124,238,19,254,51,46,95,idle,fuzzy
34.649144224149836,545,232,253,140,158,169,236,13,123,idle,fuzzy
34.658782650030155,260,84,220,108,186,4,148,0,83,idle,fuzzy
34.67868290241573,316,39,108,136,117,98,193,41,182,idle,fuzzy
34.77838965026685,329,1,162,69,153,18,28,72,75,idle,fuzzy
35.2787608396526,545,90,210,143,125,212,130,150,98,idle,fuzzy
35.288334873505086,260,204,183,128,216,149,180,49,143,idle,fuzzy
35.30897735882658,316,227,215,122,233,182,170,37,76,idle,fuzzy
35.40819057892622,329,164,94,54,206,224,96,39,58,idle,fuzzy
35.907712718856395,545,223,183,242,157,113,95,86,223,idle,fuzzy
35.91677323289872,260,91,228,151,152,243,32,222,47,idle,fuzzy
35.93671707391751,316,101,246,239,232,147,152,105,64,idle,fuzzy
36.037357691712174,329,92,239,54,26,114,24,181,129,idle,fuzzy
36.53660890339266,545,130,185,241,37,234,14,41,243,idle,fuzzy
36.54684114023518,260,179,197,85,64,184,157,213,157,idle,fuzzy
36.56750324155268,316,195,233,155,223,76,156,130,187,idle,fuzzy
36.667335186189014,329,96,116,9,255,6,54,166,208,idle,fuzzy
37.166828059563144,545,5,251,131,168,76,201,211,134,idle,fuzzy
37.17697374538655,260,25,196,110,208,120,211,233,89,idle,fuzzy
37.19640115531528,316,109,180,169,115,161,121,159,179,idle,fuzzy
37.296747959365774,329,52,196,142,40,202,193,76,99,idle,fuzzy
37.797376585860455,545,10,45,238,227,86,219,184,147,idle,fuzzy
37.80815613299991,260,102,91,131,118,194,154,138,170,idle,fuzzy
37.82808000916242,316,169,121,25,92,174,104,80,101,idle,fuzzy
37.928248688966995,329,235,16,191,94,50,124,74,236,idle,fuzzy
38.427306889853874,545,24,3,199,170,169,212,47,120,idle,fuzzy
38.43699012469266,260,89,180,55,88,39,124,204,90,idle,fuzzy
38.456691468537436,316,184,253,70,165,77,126,32,254,idle,fuzzy
38.55667276349358,329,237,250,82,115,230,21,159,199,idle,fuzzy
39.05757621004718,545,158,64,1,210,192,26,227,204,idle,fuzzy
39.067063365685954,260,96,172,198,178,146,235,221,43,idle,fuzzy
39.086189658703816,316,101,21,14,108,79,227,14,161,idle,fuzzy
39.18541973277441,329,136,142,231,255,98,187,136,148,idle,fuzzy
39.684833293155535,545,225,64,168,248,4,124,182,81,idle,fuzzy
39.694079533344656,260,62,117,17,217,59,158,69,249,idle,fuzzy
39.71336751176457,316,143,81,100,225,23,225,239,21,idle,fuzzy
39.81363332903716,329,93,187,218,24,208,43,133,207,idle,fuzzy
40.31319331611702,545,3,213,207,106,110,218,90,199,idle,fuzzy
40.322515655339366,260,56,117,82,242,216,112,249,247,idle,fuzzy
40.34176503396754,316,117,242,62,20,197,207,50,219,idle,fuzzy
40.44217594308383,329,166,87,29,151,105,107,12,41,idle,fuzzy
40.94250546103055,545,143,88,162,35,202,74,111,157,idle,fuzzy
40.953139294855006,260,213,173,62,169,194,61,122,219,idle,fuzzy
40.97228673718522,316,53,40,146,219,23,137,255,137,idle,fuzzy
41.07318423848034,329,195,77,103,5,91,17,150,127,idle,fuzzy
41.57406983458426,545,93,195,35,235,207,204,13,67,idle,fuzzy
41.583776861205415,260,126,255,83,199,226,203,116,189,idle,fuzzy
41.60420439326872,316,253,210,125,8,42,58,139,67,idle,fuzzy
41.70491030024612,329,207,219,69,248,93,215,208,241,idle,fuzzy
42.205288819597506,545,95,4,93,94,115,195,88,242,idle,fuzzy
42.21543860946137,260,199,206,218,218,108,186,171,117,idle,fuzzy
42.23630489118088,316,148,197,112,46,154,237,201,156,idle,fuzzy
42.33611413891234,329,49,68,166,136,76,221,86,233,idle,fuzzy
42.83647307886377,545,58,182,157,126,239,202,178,223,idle,fuzzy
42.84699421518863,260,0,121,10,188,113,179,4,235,idle,fuzzy
42.86629896203959,316,69,76,41,2,143,175,159,147,idle,fuzzy
42.96573881751188,329,205,13,30,215,4,74,209,44,idle,fuzzy
43.46520172679409,545,171,237,65,233,116,229,169,89,idle,fuzzy
43.47496191237389,260,246,44,229,155,44,177,72,173,idle,fuzzy
43.49472486166801,316,210,170,205,191,240,97,18,99,idle,fuzzy
43.59571727228614,329,113,72,82,105,116,164,180,20,idle,fuzzy
44.09567285763873,545,18,181,116,33,25,180,214,216,idle,fuzzy
44.104823708898664,260,19,111,210,225,168,201,145,225,idle,fuzzy
44.125296899028896,316,40,179,204,99,44,2,212,148,idle,fuzzy
44.22569935752078,329,31,170,119,153,94,84,228,16,idle,fuzzy
44.7259025981913,545,51,241,105,6,214,7,186,96,idle,fuzzy
44.73574751559888,260,84,53,147,7,134,234,192,151,idle,fuzzy
44.754998582044024,316,51,220,129,129,215,26,102,145,idle,fuzzy
44.854324999854,329,59,82,169,40,127,64,24,221,idle,fuzzy
45.3550608151267,545,227,199,114,16,39,203,196,44,idle,fuzzy
45.36429872873011,260,152,82,160,46,69,17,244,207,idle,fuzzy
45.38460334560734,316,141,51,218,57,243,8,154,174,idle,fuzzy
45.48511073069029,329,151,245,115,84,53,65,83,167,idle,fuzzy
45.984258122475374,545,62,251,15,131,13,61,37,192,idle,fuzzy
45.99476721268517,260,249,160,181,119,229,200,118,94,idle,fuzzy
46.014715512798055,316,125,137,172,154,110,45,72,196,idle,fuzzy
46.114798468882256,329,251,167,50,153,202,66,9,67,idle,fuzzy
46.61473369013807,545,45,4,57,43,183,70,255,226,idle,fuzzy
46.62389898288743,260,150,58,11,100,88,40,70,146,idle,fuzzy
46.644406262959606,316,174,241,98,121,195,74,185,172,idle,fuzzy
46.743865206628634,329,226,110,190,76,42,80,61,238,idle,fuzzy
47.2440537755856,545,152,162,138,38,113,13,37,72,idle,fuzzy
47.25421725500929,260,151,201,60,100,130,107,72,223,idle,fuzzy
47.273736920649874,316,188,84,220,70,71,98,232,95,idle,fuzzy
47.373646692035024,329,212,99,7,243,81,27,175,238,idle,fuzzy
47.87440631038864,545,233,109,227,106,8,151,147,18,idle,fuzzy
47.88478234694516,260,152,172,198,200,190,212,201,229,idle,fuzzy
47.904898490840196,316,41,76,60,231,127,147,231,51,idle,fuzzy
48.00435739820417,329,169,46,132,82,82,95,0,176,idle,fuzzy
48.504342869403565,545,32,39,1,212,214,195,195,247,idle,fuzzy
48.514962673997964,260,43,189,60,221,234,86,32,170,idle,fuzzy
48.535542376251655,316,94,194,111,217,251,167,6,47,idle,fuzzy
48.63525430287435,329,193,252,128,237,229,208,134,218,idle,fuzzy
49.13431314590011,545,80,130,85,222,93,202,110,210,idle,fuzzy
49.14388777209193,260,53,80,62,203,162,103,28,192,idle,fuzzy
49.16409828856314,316,249,151,58,12,102,246,252,39,idle,fuzzy
49.26365346769786,329,41,196,130,4,65,11,13,179,idle,fuzzy
49.764548976338666,545,150,194,40,87,80,236,126,113,idle,fuzzy
49.77455893830484,260,94,122,27,149,219,251,170,86,idle,fuzzy
49.793653294866395,316,38,248,209,171,6,21,246,146,idle,fuzzy
49.893648699767965,329,145,180,31,233,103,161,86,164,idle,fuzzy
50.393415616165306,545,168,110,251,163,109,99,251,78,idle,fuzzy
50.40372641841344,260,104,216,92,18,102,255,32,132,idle,fuzzy
50.42404493652752,316,102,82,25,4,164,127,237,86,idle,fuzzy
50.5238511323412,329,55,199,95,201,57,248,19,62,idle,fuzzy
51.024720690178604,545,122,14,1,123,54,39,145,57,idle,fuzzy
51.03454327770368,260,250,172,251,102,138,242,92,43,idle,fuzzy
51.05407682330024,316,175,218,230,245,156,10,97,122,idle,fuzzy
51.15472370494551,329,228,56,188,170,113,255,210,50,idle,fuzzy
51.65570040295657,545,255,11,220,152,40,69,211,217,idle,fuzzy
51.66579224299564,260,113,71,19,147,18,229,216,64,idle,fuzzy
51.68666765409605,316,135,208,128,157,184,93,155,131,idle,fuzzy
51.787004036505756,329,87,179,45,55,180,222,127,237,idle,fuzzy
52.286953435594,545,32,16,17,208,177,58,115,209,idle,fuzzy
52.29703154289634,260,162,237,104,160,118,88,251,61,idle,fuzzy
52.31777427836417,316,190,116,66,166,135,24,83,5,idle,fuzzy
52.41761326981761,329,146,254,129,161,170,122,120,10,idle,fuzzy
52.91751087433666,545,24,180,255,141,196,228,154,213,idle,fuzzy
52.927301567339924,260,186,46,43,20,137,115,119,68,idle,fuzzy
52.94633292173699,316,192,217,126,240,206,103,156,104,idle,fuzzy
53.04574723238281,329,223,0,170,110,36,137,149,228,idle,fuzzy
53.54607127265936,545,185,206,239,108,40,191,191,120,idle,fuzzy
53.555518773760916,260,155,155,197,158,66,171,35,212,idle,fuzzy
53.57639078883819,316,80,9,19,65,89,160,175,131,idle,fuzzy
53.677088024671136,329,125,208,31,198,33,128,88,49,idle,fuzzy
54.17652876647415,545,86,85,8,84,222,55,127,144,idle,fuzzy
54.18642502974986,260,67,177,137,194,115,32,145,207,idle,fuzzy
54.20547569902124,316,183,114,163,158,66,25,248,33,idle,fuzzy
54.30534612095494,329,10,233,138,174,101,237,233,247,idle,fuzzy
54.80466577690572,545,84,203,250,151,36,45,47,253,idle,fuzzy
54.813947231541285,260,238,75,153,179,234,21,128,85,idle,fuzzy
54.83387003879046,316,76,206,141,166,25,127,205,168,idle,fuzzy
54.933843199034364,329,224,248,82,208,115,164,237,203,idle,fuzzy
55.433802730103594,545,19,35,36,108,159,241,125,247,idle,fuzzy
55.4434453178365,260,36,208,91,104,124,187,151,174,idle,fuzzy
55.46329459719522,316,181,138,53,8,179,243,255,53,idle,fuzzy
55.56308803359899,329,16,155,113,139,42,67,128,24,idle,fuzzy
56.06379409349102,545,227,139,81,7,252,250,183,84,idle,fuzzy
56.073693938764684,260,86,117,238,145,210,94,211,226,idle,fuzzy
56.09432232164125,316,83,139,127,52,163,68,146,192,idle,fuzzy
56.193594428444456,329,223,235,187,28,28,210,209,65,idle,fuzzy
56.69288805497966,545,62,98,243,217,59,60,72,195,idle,fuzzy
56.70457038626005,260,199,78,16,128,106,9,108,137,idle,fuzzy
56.7248947050934,316,3,100,146,133,147,122,91,1,idle,fuzzy
56.82501467398975,329,188,218,140,140,209,63,149,9,idle,fuzzy
57.32405348924291,545,1,196,236,120,184,60,91,63,idle,fuzzy
57.33472735780367,260,177,134,236,88,159,175,71,163,idle,fuzzy
57.35491698439615,316,153,201,49,106,203,207,52,191,idle,fuzzy
57.454663157013,329,193,41,94,211,130,117,5,114,idle,fuzzy
57.95487254834948,545,64,236,75,100,78,200,207,168,idle,fuzzy
57.96444764633763,260,2,209,19,98,229,24,91,222,idle,fuzzy
57.98495100596195,316,95,56,134,118,0,31,76,140,idle,fuzzy
58.085266343700376,329,139,110,121,184,99,40,58,106,idle,fuzzy
58.58562618514212,545,207,75,48,145,22,206,53,204,idle,fuzzy
58.59550979490699,260,63,42,8,40,115,143,58,153,idle,fuzzy
58.616183074878364,316,65,59,184,162,185,201,107,136,idle,fuzzy
58.715238384265874,329,83,65,1,183,20,103,106,130,idle,fuzzy
59.21568427411393,545,40,80,72,126,237,166,93,12,idle,fuzzy
59.2250361393202,260,132,167,97,146,46,88,37,62,idle,fuzzy
59.24571469472265,316,191,158,212,243,41,254,198,16,idle,fuzzy
59.34546984690733,329,57,88,36,117,152,57,41,180,idle,fuzzy
59.84569646544115,545,54,70,19,194,66,187,31,114,idle,fuzzy
59.85527817011713,260,147,160,109,217,74,105,73,237,idle,fuzzy
59.87459964038132,316,122,139,133,221,239,76,36,120,idle,fuzzy
59.97546442839656,329,248,76,173,26,141,219,140,144,idle,fuzzy
60.47643114203017,545,121,153,205,168,249,82,212,124,idle,fuzzy
60.485678866572854,260,211,70,208,102,84,214,153,206,idle,fuzzy
60.506403668106884,316,119,176,160,101,189,174,185,119,idle,fuzzy
60.6055301847089,329,101,122,86,179,134,120,43,118,idle,fuzzy
61.10528060011666,545,218,170,86,48,91,68,163,98,idle,fuzzy
61.115059136497784,260,193,249,177,44,243,111,166,244,idle,fuzzy
61.13484453088633,316,75,84,133,134,192,201,148,59,idle,fuzzy
61.235338064347026,329,190,212,255,0,32,34,37,43,idle,fuzzy
61.73627741456623,545,81,175,5,233,235,126,159,69,idle,fuzzy
61.746901786271046,260,136,236,4,38,30,176,190,121,idle,fuzzy
61.76620859196302,316,80,201,57,157,185,18,252,16,idle,fuzzy
61.86640688874357,329,239,233,48,91,20,133,64,124,idle,fuzzy
62.366509861215505,545,134,225,240,10,102,202,159,192,idle,fuzzy
62.37667856709666,260,193,199,22,4,166,231,175,23,idle,fuzzy
62.39766194951733,316,192,164,138,36,213,115,247,88,idle,fuzzy
62.49681963174913,329,255,130,11,86,164,20,152,170,idle,fuzzy
62.99629900464794,545,201,205,139,113,97,26,19,135,idle,fuzzy
63.006060362221056,260,109,93,226,102,220,5,124,42,idle,fuzzy
63.02692176877627,316,18,50,137,189,48,83,146,247,idle,fuzzy
63.1261757589962,329,193,57,35,203,213,159,17,59,idle,fuzzy
63.625461505045585,545,214,179,245,141,192,232,131,65,idle,fuzzy
63.636430090712906,260,230,182,53,42,230,234,52,219,idle,fuzzy
63.65670398152387,316,147,175,35,8,54,77,12,230,idle,fuzzy
63.7566809369729,329,215,208,97,95,217,158,2,40,idle,fuzzy
64.2575496448566,545,156,138,168,246,45,100,81,173,idle,fuzzy
64.26731685393324,260,150,189,19,208,217,9,112,180,idle,fuzzy
64.2869008005277,316,163,99,192,25,140,143,113,189,idle,fuzzy
64.38630609673989,329,20,3,19,141,90,226,28,187,idle,fuzzy
64.88693489609753,545,147,123,138,215,199,238,63,77,idle,fuzzy
64.89626344270073,260,38,141,189,33,35,109,81,121,idle,fuzzy
64.91552234148172,316,21,209,127,107,21,149,84,240,idle,fuzzy
65.0160857926179,329,147,66,74,36,211,151,45,145,idle,fuzzy
65.51607794626818,545,140,245,156,104,101,251,72,28,idle,fuzzy
65.52530800895315,260,130,115,170,110,62,26,194,189,idle,fuzzy
65.54533006244904,316,223,121,165,153,32,203,53,190,idle,fuzzy
65.64450963965214,329,245,184,159,142,200,247,95,89,idle,fuzzy
66.14420192335315,545,148,237,41,42,210,61,120,20,idle,fuzzy
66.15441667629698,260,132,208,20,78,99,179,73,254,idle,fuzzy
66.17520242185256,316,165,25,119,83,15,14,11,38,idle,fuzzy
66.27437068661716,329,192,19,139,139,68,134,152,137,idle,fuzzy
66.7752504627526,545,72,232,104,204,47,246,130,220,idle,fuzzy
66.78449646762154,260,54,57,82,83,43,30,155,76,idle,fuzzy
66.80429198207825,316,7,6,143,68,119,192,108,137,idle,fuzzy
66.90402770583192,329,154,173,162,106,220,112,60,150,idle,fuzzy
67.40461678742572,545,142,76,24,68,237,218,156,18,idle,fuzzy
67.41385225448298,260,249,93,209,227,30,62,216,191,idle,fuzzy
67.43357599743956,316,24,140,183,138,84,98,59,2,idle,fuzzy
67.53365857586444,329,119,253,159,6,228,201,244,118,idle,fuzzy
68.03465522470293,545,54,179,198,77,213,11,49,196,idle,fuzzy
68.04559860198505,260,92,172,137,246,34,42,87,113,idle,fuzzy
68.06566760140232,316,39,161,19,102,137,82,196,46,idle,fuzzy
68.16476920325098,329,226,163,85,90,202,12,71,135,idle,fuzzy
68.66529335895069,545,147,200,161,131,243,183,224,133,idle,fuzzy
68.6762133154434,260,11,36,107,69,39,229,230,152,idle,fuzzy
68.6966367491568,316,175,39,253,89,166,86,196,48,idle,fuzzy
68.79682640358597,329,148,95,118,129,30,67,114,198,idle,fuzzy
69.29708374570377,545,130,236,162,57,98,105,172,85,idle,fuzzy
69.30766615361169,260,128,38,199,114,181,202,224,164,idle,fuzzy
69.32731699340287,316,129,216,122,252,128,159,125,208,idle,fuzzy
69.42633283415911,329,74,102,39,98,96,203,132,22,idle,fuzzy
69.92557022522026,545,123,130,43,175,133,28,85,192,idle,fuzzy
69.93510478512822,260,110,133,134,140,144,11,6,226,idle,fuzzy
69.95593174984793,316,112,183,134,220,64,201,109,37,idle,fuzzy
70.05499125510987,329,142,37,144,236,70,186,68,1,idle,fuzzy
70.55536795501918,545,125,153,128,213,238,12,16,146,idle,fuzzy
70.5646420332019,260,136,128,86,45,1,235,173,172,idle,fuzzy
70.5842555522264,316,52,156,192,224,135,102,244,99,idle,fuzzy
70.6852075008831,329,39,155,40,23,163,88,46,148,idle,fuzzy
71.18545354862329,545,216,188,122,90,43,58,149,162,idle,fuzzy
71.19555174158472,260,160,103,99,22,73,57,131,138,idle,fuzzy
71.2164831864695,316,217,103,246,146,187,88,214,220,idle,fuzzy
71.31673117132861,329,47,247,237,11,114,122,204,0,idle,fuzzy
71.81660663699024,545,123,56,63,157,124,136,165,207,idle,fuzzy
71.82618950893212,260,65,228,208,129,10,138,35,217,idle,fuzzy
71.84690070052245,316,12,17,24,227,39,250,91,175,idle,fuzzy
71.94757127374741,329,72,105,74,192,192,23,220,177,idle,fuzzy
72.4466358508427,545,202,27,175,97,226,129,157,161,idle,fuzzy
72.45727839834355,260,143,56,198,138,17,116,46,251,idle,fuzzy
72.47647866728524,316,34,212,197,42,131,12,239,196,idle,fuzzy
72.57555165720046,329,102,246,240,223,52,4,95,75,idle,fuzzy
73.0749421437436,545,6,224,237,2,155,61,114,49,idle,fuzzy
73.08557087201041,260,122,191,3,244,93,194,73,199,idle,fuzzy
73.10574660644849,316,125,25,81,66,161,199,171,142,idle,fuzzy
73.20664512793725,329,74,12,10,224,162,31,85,164,idle,fuzzy
73.7068032343161,545,247,42,120,76,105,89,67,189,idle,fuzzy
73.71707254687635,260,97,153,128,205,237,41,234,217,idle,fuzzy
73.73644495604958,316,221,9,105,193,188,17,226,107,idle,fuzzy
73.8364441563143,329,173,188,24,11,181,183,92,189,idle,fuzzy
74.33581698744561,545,101,173,110,9,158,3,93,168,idle,fuzzy
74.34623977329444,260,60,25,113,199,170,164,220,193,idle,fuzzy
74.36683501640464,316,172,30,128,25,188,10,4,106,idle,fuzzy
74.46612877060326,329,159,129,65,194,144,88,195,115,idle,fuzzy
74.96554905966815,545,32,132,48,1,28,82,239,20,idle,fuzzy
74.97482279094469,260,58,12,76,125,158,46,69,90,idle,fuzzy
74.99413203136228,316,205,181,168,63,185,56,81,182,idle,fuzzy
75.0940404719676,329,9,70,116,78,191,43,119,153,idle,fuzzy
75.59447273047023,545,149,26,111,26,23,11,195,168,idle,fuzzy
75.60416331500612,260,87,123,18,122,21,182,170,83,idle,fuzzy
75.62402481509761,316,27,225,184,163,26,199,233,239,idle,fuzzy
75.72486811552723,329,93,0,1,95,231,39,34,35,idle,fuzzy
76.22452931980138,545,186,16,243,138,228,2,188,239,idle,fuzzy
76.23495807525404,260,227,183,87,195,116,248,189,164,idle,fuzzy
76.25573136138576,316,225,231,151,143,233,156,218,193,idle,fuzzy
76.35522738624557,329,20,96,169,221,124,196,171,247,idle,fuzzy
76.85610919920191,545,15,130,147,43,221,75,98,154,idle,fuzzy
76.8669039415293,260,73,225,122,228,196,2,16,237,idle,fuzzy
76.88762054892602,316,150,2,9,238,15,193,240,28,idle,fuzzy
76.9879227309294,329,233,250,254,227,154,84,181,92,idle,fuzzy
77.48789000437036,545,207,102,246,101,91,141,232,31,idle,fuzzy
77.49705745329913,260,74,255,162,245,161,178,192,98,idle,fuzzy
77.51632975993863,316,171,201,54,26,201,158,106,183,idle,fuzzy
77.61712154939222,329,208,153,7,13,200,51,197,228,idle,fuzzy
78.11767448783687,545,192,54,14,87,23,194,72,127,idle,fuzzy
78.12901282842886,260,149,220,198,229,197,68,105,162,idle,fuzzy
78.14988483472186,316,117,115,176,184,67,188,36,98,idle,fuzzy
78.24906487065651,329,232,204,165,181,78,235,128,171,idle,fuzzy
78.74967325313465,545,19,220,206,210,200,206,166,234,idle,fuzzy
78.75932314107395,260,220,134,179,9,41,122,228,150,idle,fuzzy
78.77930125916161,316,215,253,209,202,102,11,190,139,idle,fuzzy
78.87972733521659,329,240,70,58,1,253,210,82,109,idle,fuzzy
79.3799390789188,545,162,86,10,78,161,71,3,232,idle,fuzzy
79.38955808552998,260,25,45,61,234,29,213,80,76,idle,fuzzy
79.40862858971269,316,63,184,133,29,45,12,252,236,idle,fuzzy
79.50903901889697,329,16,158,240,32,45,252,209,244,idle,fuzzy
80.00825090558058,545,180,0,235,17,153,10,255,222,idle,fuzzy
80.018898536007,260,10,44,137,129,72,2,20,228,idle,fuzzy
80.03865336572801,316,7,170,109,113,180,11,178,185,idle,fuzzy
80.13953664549216,329,94,144,242,186,133,131,116,254,idle,fuzzy
80.63861808803568,545,49,201,52,83,218,106,180,123,idle,fuzzy
80.64890260810665,260,21,52,99,19,38,169,233,238,idle,fuzzy
80.66807118378487,316,239,255,63,247,47,80,185,88,idle,fuzzy
80.76712221491837,329,117,8,241,172,113,52,30,216,idle,fuzzy
81.26656456100322,545,59,171,133,215,10,25,207,164,idle,fuzzy
81.27736004737386,260,100,107,92,44,30,204,217,168,idle,fuzzy
81.29826562061824,316,68,73,174,177,76,132,189,15,idle,fuzzy
81.39728486335835,329,76,19,130,195,117,139,117,183,idle,fuzzy
81.89661437416173,545,190,168,200,122,171,60,21,224,idle,fuzzy
81.90758147791558,260,189,101,218,203,202,98,24,80,idle,fuzzy
81.92771622349771,316,133,164,105,211,151,178,251,71,idle,fuzzy
82.02699180527483,329,21,81,142,58,185,136,70,120,idle,fuzzy
82.52694386206917,545,148,145,69,151,255,120,203,4,idle,fuzzy
82.53646154725365,260,254,185,51,67,20,56,246,156,idle,fuzzy
82.55563106904668,316,98,181,217,42,9,148,124,176,idle,fuzzy
82.6558898614554,329,89,61,250,26,37,207,57,143,idle,fuzzy
83.15653281544418,545,47,213,83,230,97,57,164,200,idle,fuzzy
83.16730298933533,260,195,102,86,163,168,165,120,144,idle,fuzzy
83.1873174374858,316,124,5,54,53,6,78,207,31,idle,fuzzy
83.28679856869361,329,120,87,139,19,141,69,169,204,idle,fuzzy
83.7870048044489,545,124,141,21,24,209,33,116,224,idle,fuzzy
83.79631719769078,260,227,210,136,28,178,96,76,98,idle,fuzzy
83.81700925045595,316,30,45,234,154,204,90,101,54,idle,fuzzy
83.9162681984705,329,191,244,218,97,183,241,92,177,idle,fuzzy
84.41710414536998,545,17,101,110,159,246,57,211,150,idle,fuzzy
84.427395273314,260,59,139,155,153,188,195,20,203,idle,fuzzy
84.447012991559,316,170,237,103,90,156,104,140,228,idle,fuzzy
84.54657074683453,329,15,3,243,74,219,52,61,177,idle,fuzzy
85.04747059385204,545,184,170,154,84,41,72,186,156,idle,fuzzy
85.05750065610826,260,183,1,158,17,71,128,153,246,idle,fuzzy
85.07734412242273,316,175,134,211,133,93,55,118,193,idle,fuzzy
85.17704650054345,329,99,25,98,98,233,221,238,0,idle,fuzzy
85.67658991021348,545,2,38,194,61,88,145,59,204,idle,fuzzy
85.68601347448374,260,213,237,81,43,97,128,66,94,idle,fuzzy
85.70694495995909,316,108,217,170,43,19,71,250,202,idle,fuzzy
85.80684233103804,329,13,108,216,113,237,75,187,0,idle,fuzzy
86.30650808369721,545,120,180,162,117,109,71,174,75,idle,fuzzy
86.31690151279504,260,69,133,151,25,240,203,86,138,idle,fuzzy
86.3363250021237,316,40,97,77,134,94,28,147,221,idle,fuzzy
86.4358462689086,329,99,71,240,11,61,67,239,123,idle,fuzzy
86.93581020590825,545,59,195,77,200,59,218,66,63,idle,fuzzy
86.94677358489847,260,100,171,52,222,3,140,187,54,idle,fuzzy
86.96643929113091,316,215,129,69,207,201,113,163,242,idle,fuzzy
87.06608513989137,329,14,47,20,217,60,230,254,182,idle,fuzzy
87.56517167168883,545,43,7,241,233,22,78,221,22,idle,fuzzy
87.57494835288931,260,31,202,161,184,216,232,47,8,idle,fuzzy
87.59438857715547,316,181,56,197,10,249,136,152,247,idle,fuzzy
87.69422043416566,329,41,145,169,213,10,242,86,184,idle,fuzzy
88.19327601561065,545,186,166,42,183,114,176,164,33,idle,fuzzy
88.2035768852257,260,120,186,37,59,194,15,221,231,idle,fuzzy
88.22274012544024,316,194,136,204,101,89,167,90,95,idle,fuzzy
88.3237259434253,329,75,70,1,176,251,125,178,91,idle,fuzzy
88.82381012879566,545,68,214,101,128,41,51,89,73,idle,fuzzy
88.83452500886177,260,88,171,219,56,127,213,68,228,idle,fuzzy
88.85392681594408,316,44,251,158,118,13,236,52,37,idle,fuzzy
88.95461339343579,329,86,35,19,124,0,155,80,137,idle,fuzzy
89.45494184624764,545,184,104,244,73,106,58,251,32,idle,fuzzy
89.4647466048022,260,202,206,114,15,243,58,203,244,idle,fuzzy
89.48453915027434,316,5,18,211,132,14,51,132,38,idle,fuzzy
89.5853295128606,329,236,243,211,204,251,155,167,127,idle,fuzzy
90.08535675325301,545,170,63,186,198,178,72,87,150,idle,fuzzy
90.09595646357229,260,88,73,177,62,46,239,39,158,idle,fuzzy
90.11512393449166,316,46,166,19,149,25,44,162,218,idle,fuzzy
90.21534038111089,329,163,123,158,63,4,85,239,64,idle,fuzzy
90.7155267241758,545,198,246,220,242,68,90,128,121,idle,fuzzy
90.7257517534789,260,170,89,35,217,143,244,35,158,idle,fuzzy
90.74657750828882,316,131,39,179,188,201,155,253,127,idle,fuzzy
90.84674237910576,329,96,232,121,74,37,118,164,37,idle,fuzzy
91.34757077151183,545,74,200,202,187,124,195,17,210,idle,fuzzy
91.35788282076464,260,170,25,51,243,193,251,204,120,idle,fuzzy
91.37704159688073,316,201,47,15,187,213,203,141,211,idle,fuzzy
91.47757519091029,329,218,147,50,151,109,210,186,98,idle,fuzzy
91.9783745894827,545,54,207,177,184,44,168,113,174,idle,fuzzy
91.98790254330204,260,161,184,62,192,245,243,132,86,idle,fuzzy
92.00882536415278,316,164,132,194,230,177,23,211,42,idle,fuzzy
92.10978239618177,329,96,254,200,212,242,3,112,139,idle,fuzzy
92.60975904958103,545,59,58,161,132,89,36,140,51,idle,fuzzy
92.62038499060412,260,94,39,137,243,72,206,195,127,idle,fuzzy
92.6402681046128,316,94,124,77,150,21,199,248,21,idle,fuzzy
92.74069799169251,329,101,60,240,24,71,94,127,141,idle,fuzzy
93.24020526754423,545,71,50,108,219,241,90,234,210,idle,fuzzy
93.25092491860326,260,253,85,13,251,32,72,86,1,idle,fuzzy
93.27156448942486,316,181,73,15,117,103,12,134,163,idle,fuzzy
93.37190836931353,329,56,79,122,162,8,46,243,135,idle,fuzzy
93.8713944353331,545,126,100,121,82,10,163,252,60,idle,fuzzy
93.88233682300817,260,203,61,156,169,41,97,128,220,idle,fuzzy
93.90232841533822,316,216,190,191,223,173,178,136,8,idle,fuzzy
94.00219410617163,329,231,76,147,5,194,192,184,159,idle,fuzzy
94.5020867478899,545,4,63,65,199,25,222,172,3,idle,fuzzy
94.5100775380162,260,51,221,117,60,115,122,235,19,idle,fuzzy
94.53080288460416,316,222,22,7,139,182,91,236,255,idle,fuzzy
94.63135714614322,329,197,93,180,114,122,31,2,62,idle,fuzzy
95.13204429130315,545,247,91,181,220,117,34,68,63,idle,fuzzy
95.14145224172292,260,63,1,84,168,12,0,104,100,idle,fuzzy
95.16171371707023,316,19,10,69,173,193,47,54,220,idle,fuzzy
95.26218566833988,329,173,173,225,117,47,136,243,145,idle,fuzzy
95.76138515253842,545,190,181,20,52,202,73,253,127,idle,fuzzy
95.77074786920666,260,101,44,142,29,190,47,72,119,idle,fuzzy
95.79142967272523,316,239,31,152,104,205,20,186,157,idle,fuzzy
95.89241898366673,329,61,122,246,98,6,50,235,241,idle,fuzzy
96.3932834991409,545,183,1,91,40,171,15,221,35,idle,fuzzy
96.40407053343533,260,92,229,14,208,126,45,254,212,idle,fuzzy
96.42413493974036,316,243,167,16,55,180,54,13,100,idle,fuzzy
96.52376532631928,329,90,64,141,176,10,249,61,120,idle,fuzzy
97.02312240459237,545,182,75,212,5,80,103,9,104,idle,fuzzy
97.03328551245764,260,77,75,132,154,8,42,233,5,idle,fuzzy
97.05377553790949,316,6,85,249,135,6,200,121,127,idle,fuzzy
97.1543471134272,329,140,171,126,86,215,13,93,227,idle,fuzzy
97.65435414625783,545,31,0,123,200,195,7,182,153,idle,fuzzy
97.66510240429471,260,204,79,75,21,153,86,236,106,idle,fuzzy
97.6847858493478,316,85,75,88,37,33,87,235,90,idle,fuzzy
97.78533702226342,329,253,151,92,242,79,204,86,112,idle,fuzzy
98.28575671285076,545,64,33,95,80,156,189,35,177,idle,fuzzy
98.29606991516467,260,76,157,81,0,164,89,1,37,idle,fuzzy
98.31529813683463,316,55,36,13,135,139,140,63,22,idle,fuzzy
98.41513912207135,329,86,165,42,82,205,138,196,179,idle,fuzzy
98.9152533416844,545,102,107,103,53,119,154,190,162,idle,fuzzy
98.92547723472387,260,230,251,122,105,35,191,104,186,idle,fuzzy
98.94545168575902,316,119,147,40,158,79,18,253,162,idle,fuzzy
99.04480667332521,329,58,16,212,222,45,130,53,132,idle,fuzzy
99.54538468071486,545,138,246,114,234,209,120,70,5,idle,fuzzy
99.55507942835749,260,130,92,198,234,85,212,215,250,idle,fuzzy
99.57592519322438,316,185,88,38,159,167,134,36,149,idle,fuzzy
99.67659730299755,329,203,11,43,9,18,126,45,63,idle,fuzzy
100.17591651235163,545,207,227,234,235,108,165,61,31,idle,fuzzy
100.18511481979695,260,154,6,81,239,34,165,2,44,idle,fuzzy
100.20544722113907,316,216,163,138,218,215,218,73,202,idle,fuzzy
100.30566450489653,329,25,120,127,72,76,77,34,236,idle,fuzzy
100.80585318285402,545,178,13,241,199,138,23,109,36,idle,fuzzy
100.81554024916198,260,55,236,210,43,134,222,218,210,idle,fuzzy
100.83604441699815,316,197,63,165,215,151,77,184,162,idle,fuzzy
100.93579439643487,329,149,177,181,150,13,191,172,26,idle,fuzzy
101.43673157739057,545,73,99,178,105,244,100,23,75,idle,fuzzy
101.44653332926256,260,53,134,79,176,58,67,13,73,idle,fuzzy
101.465885398173,316,20,132,245,52,101,211,122,31,idle,fuzzy
101.56510562707388,329,194,41,28,96,127,220,8,52,idle,fuzzy
102.06453781537999,545,239,199,128,138,186,138,40,7,idle,fuzzy
102.07410468795815,260,230,3,248,132,140,38,105,190,idle,fuzzy
102.09452911973872,316,239,253,122,45,115,238,14,80,idle,fuzzy
102.19380461187716,329,198,72,136,91,251,82,198,141,idle,fuzzy
102.69369387672873,545,132,104,118,73,36,26,36,42,idle,fuzzy
102.7030514457406,260,193,210,164,55,59,20,153,164,idle,fuzzy
102.72372847979969,316,178,136,174,130,106,161,169,74,idle,fuzzy
102.8231674956406,329,49,0,96,99,211,46,104,115,idle,fuzzy
103.3236230692975,545,58,31,164,212,54,96,6,133,idle,fuzzy
103.33425732413237,260,107,128,37,141,113,149,246,156,idle,fuzzy
103.35371139868863,316,100,144,68,249,98,10,189,38,idle,fuzzy
103.45455355262138,329,21,186,185,74,164,179,79,173,idle,fuzzy
103.95425169614272,545,245,121,37,16,18,198,168,142,idle,fuzzy
103.96514740958126,260,184,83,66,95,7,77,218,47,idle,fuzzy
103.98496914419593,316,244,224,147,40,159,169,131,196,idle,fuzzy
104.08449469098342,329,205,162,250,185,159,40,222,35,idle,fuzzy
104.58441645115029,545,132,135,143,106,25,193,131,94,idle,fuzzy
104.59506789174364,260,96,5,130,139,245,239,209,25,idle,fuzzy
104.61565834212125,316,141,92,121,229,53,47,251,177,idle,fuzzy
104.71562067359584,329,15,43,85,178,59,228,75,145,idle,fuzzy
105.21652923101689,545,212,189,184,68,160,37,73,153,idle,fuzzy
105.22596845599531,260,167,109,112,91,29,41,93,140,idle,fuzzy
105.24647524603476,316,98,157,13,240,54,224,176,134,idle,fuzzy
105.34630585805348,329,0,106,151,11,235,160,253,43,idle,fuzzy
105.84554612633383,545,10,134,37,221,117,54,32,8,idle,fuzzy
105.8547518772991,260,182,99,207,236,20,178,177,135,idle,fuzzy
105.87379449283272,316,86,225,127,151,161,41,117,108,idle,fuzzy
105.973921267786,329,111,38,168,96,157,239,160,203,idle,fuzzy
106.47466336173783,545,191,131,68,208,128,163,77,228,idle,fuzzy
106.4856072327564,260,209,71,213,97,184,155,25,136,idle,fuzzy
106.50510544838032,316,92,143,74,109,26,214,46,70,idle,fuzzy
106.60603075064479,329,81,117,16,110,221,36,202,35,idle,fuzzy
107.10657175262497,545,26,223,75,214,83,39,232,197,idle,fuzzy
107.1172961131283,260,142,65,7,73,182,70,241,88,idle,fuzzy
107.13786939346438,316,124,255,237,30,8,237,193,99,idle,fuzzy
107.2382385364463,329,170,128,72,7,116,234,54,18,idle,fuzzy
107.73838968345493,545,97,199,208,70,103,52,149,41,idle,fuzzy
107.74923931993956,260,103,1,18,162,0,186,115,241,idle,fuzzy
107.7695069012034,316,98,75,150,40,103,181,116,24,idle,fuzzy
107.86889436442681,329,10,174,219,251,196,5,163,186,idle,fuzzy
108.36835214775802,545,75,184,60,46,123,123,87,184,idle,fuzzy
108.37881189787892,260,239,50,3,23,243,154,244,100,idle,fuzzy
108.39856110213512,316,191,175,211,96,235,22,30,197,idle,fuzzy
108.49822194046516,329,30,218,76,91,85,56,70,178,idle,fuzzy
108.99869108313578,545,88,61,196,39,214,116,71,154,idle,fuzzy
109.00918845020489,260,232,162,202,11,79,168,158,179,idle,fuzzy
109.0297520099208,316,88,55,122,134,250,174,146,27,idle,fuzzy
109.12920596410272,329,77,140,1,231,242,187,93,74,idle,fuzzy
109.62829875571494,545,170,148,52,127,209,102,163,70,idle,fuzzy
109.6373712636487,260,202,191,183,179,103,93,178,61,idle,fuzzy
109.65776015251336,316,251,131,75,68,162,148,126,14,idle,fuzzy
109.75782631209658,329,121,90,192,196,73,105,159,233,idle,fuzzy
110.25831597858954,545,42,142,14,82,221,164,70,255,idle,fuzzy
110.26788110905989,260,252,7,173,231,97,121,223,97,idle,fuzzy
110.28876021372008,316,17,240,27,184,200,60,64,241,idle,fuzzy
110.38833337113559,329,106,149,17,131,220,229,255,17,idle,fuzzy
110.88747549419861,545,110,147,235,147,179,232,11,242,idle,fuzzy
110.89738012989815,260,142,69,70,155,69,152,79,170,idle,fuzzy
110.91727053395601,316,129,236,127,63,147,120,136,21,idle,fuzzy
111.018250748051,329,61,29,66,12,255,71,188,200,idle,fuzzy
111.51728506382818,545,137,197,84,10,173,123,97,63,idle,fuzzy
111.52753206038533,260,177,187,8,96,147,94,24,173,idle,fuzzy
111.54748702201472,316,201,102,176,103,109,254,86,46,idle,fuzzy
111.64683033906834,329,176,117,251,223,177,159,30,62,idle,fuzzy
112.14648618591096,545,83,212,204,66,112,18,161,240,idle,fuzzy
112.1569528027459,260,86,29,47,13,106,194,85,99,idle,fuzzy
112.17612028271427,316,3,97,109,100,36,92,29,80,idle,fuzzy
112.27700424462581,329,191,35,174,84,130,244,197,25,idle,fuzzy
112.77737150475089,545,186,99,222,104,226,131,131,195,idle,fuzzy
112.78676469835916,260,134,15,77,6,174,224,39,69,idle,fuzzy
112.8064702887084,316,2,197,59,159,5,155,58,85,idle,fuzzy
112.90692824581826,329,109,213,63,6,4,251,20,182,idle,fuzzy
113.4060069726862,545,1,134,110,82,138,53,193,56,idle,fuzzy
113.41673766417028,260,165,231,104,86,74,242,206,223,idle,fuzzy
113.43703663462985,316,159,153,89,158,219,42,162,122,idle,fuzzy
113.5368531173407,329,144,0,113,106,53,71,44,81,idle,fuzzy
114.03644114555783,545,35,30,55,99,55,82,11,32,idle,fuzzy
114.04600428292429,260,21,143,145,132,157,148,90,206,idle,fuzzy
114.06621131024285,316,172,132,77,16,254,224,102,153,idle,fuzzy
114.16525386718773,329,243,11,203,208,202,97,144,188,idle,fuzzy
114.66589214273809,545,119,44,164,100,67,72,178,242,idle,fuzzy
114.6754799417171,260,62,211,199,54,207,141,243,188,idle,fuzzy
114.69500016428665,316,228,5,255,208,25,42,241,60,idle,fuzzy
114.79516049035223,329,57,54,129,36,190,161,30,128,idle,fuzzy
115.2944339552307,545,252,51,55,166,143,47,70,167,idle,fuzzy
115.3041123612618,260,101,151,3,183,179,204,11,244,idle,fuzzy
115.32449968364585,316,84,14,31,145,114,207,224,96,idle,fuzzy
115.42535880814143,329,81,145,50,215,114,72,236,166,idle,fuzzy
115.92621939798559,545,89,204,220,90,5,213,197,164,idle,fuzzy
115.93546074271374,260,101,94,161,34,168,0,228,187,idle,fuzzy
115.955023225705,316,129,49,63,220,17,6,246,198,idle,fuzzy
116.05534406456509,329,59,13,31,56,179,200,184,188,idle,fuzzy
116.55575779021375,545,141,98,69,126,157,12,160,172,idle,fuzzy
116.56593590231493,260,235,183,219,98,180,82,175,158,idle,fuzzy
116.58553392409488,316,136,243,193,82,200,42,134,19,idle,fuzzy
116.68485976802032,329,188,95,230,111,37,156,250,21,idle,fuzzy
117.1848847859172,545,154,105,117,216,195,126,29,35,idle,fuzzy
117.19502346581524,260,189,105,140,215,87,196,189,8,idle,fuzzy
117.21426094176579,316,175,144,131,205,161,152,248,110,idle,fuzzy
117.31478942716099,329,78,19,46,126,94,102,179,215,idle,fuzzy
117.81544485668658,545,52,216,55,105,68,39,252,38,idle,fuzzy
117.82528185783778,260,60,75,126,160,114,35,87,32,idle,fuzzy
117.84465318508084,316,173,10,37,238,41,235,157,149,idle,fuzzy
117.94528309429599,329,182,8,206,109,143,191,47,166,idle,fuzzy
118.44550664846872,545,182,138,255,239,229,201,185,51,idle,fuzzy
118.45545894077047,260,28,15,38,57,29,173,242,56,idle,fuzzy
118.47490201372423,316,112,128,103,12,171,219,214,234,idle,fuzzy
118.57392323763392,329,104,12,140,240,102,153,183,31,idle,fuzzy
119.07472738177333,545,0,62,117,37,243,246,79,139,idle,fuzzy
119.08479654401116,260,96,231,140,170,152,208,45,179,idle,fuzzy
119.1051459035218,316,248,228,149,57,239,100,225,86,idle,fuzzy
119.20547840423137,329,98,65,97,29,119,191,134,83,idle,fuzzy
119.70482660057125,545,249,217,202,113,77,252,46,88,idle,fuzzy
119.71426546103042,260,125,0,13,17,69,149,28,137,idle,fuzzy
119.73375046785979,316,68,130,29,160,106,13,188,225,idle,fuzzy
119.83328074923348,329,63,206,75,177,141,18,217,234,idle,fuzzy
120.33323859213596,545,231,130,114,7,229,107,34,178,idle,fuzzy
120.34380555362807,260,217,124,244,1,100,132,163,206,idle,fuzzy
120.36459835354184,316,203,163,246,178,22,144,142,164,idle,fuzzy
120.46548811964502,329,199,226,53,88,129,177,151,117,idle,fuzzy
120.96458218199767,545,26,30,236,194,171,153,148,174,idle,fuzzy
120.97433086203695,260,110,162,205,133,71,153,254,200,idle,fuzzy
120.99359169930271,316,235,116,213,33,184,98,134,219,idle,fuzzy
121.09380986872902,329,210,237,254,242,105,158,182,87,idle,fuzzy
121.59309162460066,545,247,99,251,6,126,5,53,132,idle,fuzzy
121.60283042613862,260,227,65,19,251,155,225,147,94,idle,fuzzy
121.62244812725827,316,203,76,249,102,106,239,209,195,idle,fuzzy
121.72242044701294,329,25,124,161,188,165,60,180,7,idle,fuzzy
122.22252735466634,545,6,24,233,187,252,89,250,79,idle,fuzzy
122.23212010274109,260,37,211,3,105,99,16,185,135,idle,fuzzy
122.25180067283895,316,155,47,33,137,158,154,196,37,idle,fuzzy
122.35186812979696,329,170,22,245,39,227,73,151,33,idle,fuzzy
122.85240369665945,545,179,150,108,205,148,247,196,102,idle,fuzzy
122.86231948973766,260,232,245,76,228,206,222,244,143,idle,fuzzy
122.88261078171146,316,236,131,234,219,192,43,133,196,idle,fuzzy
122.98241390015104,329,78,183,121,182,112,162,234,237,idle,fuzzy
123.48278056305587,545,200,155,211,108,165,107,107,190,idle,fuzzy
123.49333393758695,260,229,0,243,70,103,66,69,30,idle,fuzzy
123.51261662032373,316,2,150,81,1,225,102,11,19,idle,fuzzy
123.61336470273613,329,177,30,201,51,17,7,155,97,idle,fuzzy
124.11394655995718,545,148,202,222,177,247,243,166,7,idle,fuzzy
124.12445932988955,260,26,153,162,214,185,29,84,139,idle,fuzzy
124.14491534874377,316,216,8,252,44,252,15,196,190,idle,fuzzy
124.24557023283313,329,102,107,27,246,98,223,60,229,idle,fuzzy
124.74630613306253,545,48,181,138,239,233,166,236,41,idle,fuzzy
124.75611324807114,260,225,193,104,153,53,162,154,173,idle,fuzzy
124.77691206637324,316,22,32,173,68,139,224,10,75,idle,fuzzy
124.87756606481015,329,151,216,67,75,237,138,144,27,idle,fuzzy
125.37773313219374,545,3,149,189,127,108,57,160,193,idle,fuzzy
125.38796536703799,260,87,18,217,141,179,170,27,116,idle,fuzzy
125.40810683016929,316,55,17,96,8,51,41,203,180,idle,fuzzy
125.50758860752055,329,28,205,48,253,195,220,129,222,idle,fuzzy
126.00701699693938,545,208,57,174,96,45,100,12,245,idle,fuzzy
126.01663596134466,260,237,152,178,140,156,74,213,20,parking,fuzzy
126.03618303481583,316,52,140,153,84,13,169,181,142,parking,fuzzy
126.13536360332148,329,185,25,108,88,164,26,24,70,parking,fuzzy
126.63524728088692,545,190,6,26,246,164,18,54,223,parking,fuzzy
126.64617178399567,260,190,233,218,85,194,78,100,150,parking,fuzzy
126.6657368125097,316,129,236,251,124,151,154,251,45,parking,fuzzy
126.76666245406072,329,230,14,179,65,195,94,110,54,parking,fuzzy
127.26627573960344,545,106,209,176,91,110,130,89,116,parking,fuzzy
127.27671332200715,260,113,241,19,188,248,68,117,236,parking,fuzzy
127.29579627674255,316,32,40,187,26,96,70,141,1,parking,fuzzy
127.39572103471471,329,162,147,127,150,6,177,89,182,parking,fuzzy
127.89608182997517,545,15,55,245,169,41,233,245,64,parking,fuzzy
127.90687649912384,260,107,52,62,251,64,225,28,32,parking,fuzzy
127.92752081806792,316,3,106,65,75,228,40,33,129,parking,fuzzy
128.0274347768055,329,104,69,63,79,107,218,139,90,parking,fuzzy
128.52646659005413,545,248,250,26,243,196,144,53,69,parking,fuzzy
128.5367517198596,260,138,151,198,81,39,37,63,47,parking,fuzzy
128.5569014084407,316,147,254,19,191,78,1,197,195,parking,fuzzy
128.65619040862262,329,122,122,69,79,128,41,131,64,parking,fuzzy
129.15586948458576,545,220,212,123,137,184,225,70,221,parking,fuzzy
129.16628488103092,260,66,183,163,98,165,157,88,122,parking,fuzzy
129.18676347114956,316,210,149,192,243,200,195,95,213,parking,fuzzy
129.28703895751136,329,177,17,124,206,13,136,190,243,parking,fuzzy
129.7868579427702,545,220,187,104,240,120,76,100,153,parking,fuzzy
129.79601281150036,260,40,52,47,82,50,79,230,153,parking,fuzzy
129.8168712759359,316,188,233,184,19,150,189,82,207,parking,fuzzy
129.91760877061068,329,117,196,44,93,210,169,8,181,parking,fuzzy
130.41661623905364,545,178,253,196,56,16,45,220,179,parking,fuzzy
130.4265008250333,260,91,153,106,48,111,175,114,138,parking,fuzzy
130.44689615311893,316,9,227,168,198,125,210,209,71,parking,fuzzy
130.54693599864103,329,169,157,52,207,129,157,215,166,parking,fuzzy
131.04737307412913,545,170,3,108,49,221,244,194,160,parking,fuzzy
131.05727831063663,260,22,138,145,46,110,203,9,201,parking,fuzzy
131.07758455511646,316,72,124,121,43,110,117,91,254,parking,fuzzy
131.1771889114533,329,166,95,16,217,116,18,86,218,parking,fuzzy
131.67708032980065,545,68,97,195,171,237,147,57,154,parking,fuzzy
131.68769458920954,260,193,124,118,39,131,88,80,158,parking,fuzzy
131.70689170912735,316,14,38,117,85,2,251,124,211,parking,fuzzy
131.8059156759223,329,63,38,116,202,253,185,73,180,parking,fuzzy
132.30582210743313,545,144,198,62,234,49,236,23,181,parking,fuzzy
132.31680300588673,260,211,63,108,114,204,127,230,122,parking,fuzzy
132.33713618108067,316,164,92,38,101,95,252,38,225,parking,fuzzy
132.43913754372358,329,16,91,8,234,23,22,242,6,parking,fuzzy
132.9396886942924,545,36,109,31,112,3,0,188,101,parking,fuzzy
132.94897268630083,260,120,92,137,106,95,209,102,120,parking,fuzzy
132.96979932104642,316,178,138,73,83,216,97,75,9,parking,fuzzy
133.07060310371062,329,119,184,139,116,164,72,191,143,parking,fuzzy
133.5698611860163,545,80,113,65,120,95,215,44,19,parking,fuzzy
133.57897751341363,260,158,171,253,255,108,139,29,118,parking,fuzzy
133.59880426376895,316,148,189,42,164,214,190,130,10,parking,fuzzy
133.69920447589365,329,18,186,152,53,151,36,5,56,parking,fuzzy
134.20002126792892,545,53,20,94,93,40,111,168,177,parking,fuzzy
134.20993926037497,260,254,33,89,229,162,246,185,11,parking,fuzzy
134.22989762129922,316,174,164,175,73,97,198,37,183,parking,fuzzy
134.3308149548175,329,212,74,11,241,7,204,84,127,parking,fuzzy
134.83035371868243,545,32,67,222,68,252,146,252,229,parking,fuzzy
134.84047163597126,260,14,164,18,116,218,152,195,166,parking,fuzzy
134.8611879492287,316,119,82,145,149,218,228,181,6,parking,fuzzy
134.9614594333358,329,73,182,174,249,175,204,223,39,parking,fuzzy
135.4607736764186,545,172,103,199,18,210,142,214,74,parking,fuzzy
135.47100653782374,260,4,36,218,123,159,154,0,38,parking,fuzzy
135.4904329177142,316,69,19,123,63,16,117,222,226,parking,fuzzy
135.59095641886805,329,185,106,100,133,175,228,189,159,parking,fuzzy
136.09070548369294,545,237,139,157,130,130,238,249,185,parking,fuzzy
136.1014556666313,260,120,131,172,94,255,49,169,47,parking,fuzzy
136.1206260540723,316,164,237,17,179,6,162,121,233,parking,fuzzy
136.22044616135693,329,203,173,236,8,136,7,250,246,parking,fuzzy
136.72028184520198,545,129,55,231,204,34,232,211,88,parking,fuzzy
136.72984575824518,260,232,29,0,10,42,111,250,242,parking,fuzzy
136.74961579827362,316,240,139,82,54,101,154,13,162,parking,fuzzy
136.84905304299042,329,79,128,30,183,156,207,9,228,parking,fuzzy
137.34933041463339,545,128,229,234,42,52,48,199,243,parking,fuzzy
137.35837390092178,260,158,173,241,250,71,147,249,54,parking,fuzzy
137.3784084651489,316,182,33,252,189,217,114,145,95,parking,fuzzy
137.4781639634104,329,225,46,226,208,75,137,182,198,parking,fuzzy
137.97718956922324,545,90,237,245,87,151,26,40,92,parking,fuzzy
137.9872206374715,260,202,18,115,123,164,212,69,223,parking,fuzzy
138.00696095520033,316,184,24,120,217,162,34,146,183,parking,fuzzy
138.10715412127007,329,95,48,181,16,127,72,221,78,parking,fuzzy
138.60652354829236,545,184,236,49,141,216,43,244,72,parking,fuzzy
138.61662005143498,260,6,146,248,100,35,61,1,186,parking,fuzzy
138.63704594399098,316,229,82,119,50,1,141,13,5,parking,fuzzy
138.73654587058937,329,120,166,96,50,105,248,193,16,parking,fuzzy
139.23754172484536,545,108,145,202,109,193,190,244,196,parking,fuzzy
139.2469377056166,260,23,54,76,173,53,90,122,106,parking,fuzzy
139.2662694079456,316,9,112,166,180,119,6,214,186,parking,fuzzy
139.36534727412408,329,84,55,118,182,208,17,179,107,parking,fuzzy
139.86500635232215,545,53,218,130,251,229,37,136,206,parking,fuzzy
139.8747876727866,260,204,230,246,150,191,133,43,129,parking,fuzzy
139.89419236985276,316,174,80,175,192,92,224,82,209,parking,fuzzy
139.99449744805102,329,129,207,112,53,92,25,168,2,parking,fuzzy
140.4939138877006,545,7,236,249,0,157,37,128,6,parking,fuzzy
140.50452714192957,260,178,84,141,26,180,143,160,229,parking,fuzzy
140.52357544119272,316,198,199,222,161,54,134,99,56,parking,fuzzy
140.62349927582,329,123,242,109,149,89,169,36,152,parking,fuzzy
141.12377455000689,545,22,235,7,177,152,28,49,20,parking,fuzzy
141.13345341036117,260,103,145,96,168,67,164,25,46,parking,fuzzy
141.15289678687896,316,100,111,227,11,203,117,133,65,parking,fuzzy
141.25248565943292,329,255,176,228,56,164,239,190,9,parking,fuzzy
141.7531041768832,545,180,114,37,146,139,20,230,203,parking,fuzzy
141.76360839000245,260,52,137,204,12,52,231,56,203,parking,fuzzy
141.78311234454904,316,192,99,168,110,2,43,104,146,parking,fuzzy
141.88224767835732,329,63,146,217,250,150,97,70,44,parking,fuzzy
142.38283731323747,545,116,2,18,159,100,74,212,134,parking,fuzzy
142.39347496940871,260,129,36,141,223,73,153,108,191,parking,fuzzy
142.41329994394525,316,129,87,108,7,223,60,26,237,parking,fuzzy
142.51293026572705,329,154,23,163,215,151,76,72,117,parking,fuzzy
143.01268388038824,545,66,7,124,68,81,244,210,211,parking,fuzzy
143.02211891210266,260,172,140,78,123,196,101,71,88,parking,fuzzy
143.04149797024658,316,213,40,229,245,28,161,191,219,parking,fuzzy
143.14183047605232,329,142,121,204,92,71,6,84,20,parking,fuzzy
143.6416433916873,545,31,253,233,227,160,211,226,250,parking,fuzzy
143.65122468757627,260,113,117,7,238,186,224,52,155,parking,fuzzy
143.67192723323043,316,179,165,107,43,38,115,188,24,parking,fuzzy
143.77270584495892,329,246,22,199,93,231,214,149,238,parking,fuzzy
144.27269700038158,545,38,201,248,116,162,167,133,92,parking,fuzzy
144.28288766893013,260,48,216,43,40,207,113,78,4,parking,fuzzy
144.30373633366045,316,127,243,136,0,168,47,190,165,parking,fuzzy
144.40445895054214,329,113,115,249,113,21,251,49,127,parking,fuzzy
144.904075462617,545,61,10,178,224,235,203,109,246,parking,fuzzy
144.91365449759726,260,36,157,252,207,200,224,172,137,parking,fuzzy
144.93323846112372,316,68,153,117,72,31,116,234,201,parking,fuzzy
145.03384887012646,329,127,76,139,96,85,238,86,135,parking,fuzzy
145.53373301812917,545,0,26,139,220,51,13,198,162,parking,fuzzy
145.54441979353513,260,117,230,180,186,83,168,88,130,parking,fuzzy
145.56394799716898,316,71,83,38,222,102,37,120,75,parking,fuzzy
145.6644771041512,329,177,173,142,50,166,213,185,59,parking,fuzzy
146.16452324103454,545,39,34,151,162,173,213,68,98,parking,fuzzy
146.17537696224292,260,126,218,81,205,186,114,46,47,parking,fuzzy
146.19515407530383,316,85,29,183,34,215,155,62,3,parking,fuzzy
146.29505706982772,329,248,155,152,66,203,153,87,70,parking,fuzzy
146.79512253306362,545,114,57,159,30,236,233,78,126,parking,fuzzy
146.80533034040022,260,98,50,134,59,205,234,200,186,parking,fuzzy
146.82479101493757,316,57,30,105,180,130,114,181,181,parking,fuzzy
146.9249746417675,329,197,200,177,80,82,185,71,157,parking,fuzzy
147.4255814344797,545,67,1,160,140,255,224,199,204,parking,fuzzy
147.43534172517764,260,246,55,178,119,18,215,162,115,parking,fuzzy
147.45489285233174,316,53,24,131,10,188,206,238,182,parking,fuzzy
147.5540047232053,329,117,139,85,51,16,186,20,252,parking,fuzzy
148.0549079029938,545,132,180,49,6,19,213,86,49,parking,fuzzy
148.06547233865064,260,16,107,186,216,188,177,61,195,parking,fuzzy
148.08561751888865,316,205,11,37,218,24,16,9,245,parking,fuzzy
148.18503528542192,329,253,222,90,3,71,195,231,9,parking,fuzzy
148.6849469650871,545,20,23,178,50,83,238,89,202,parking,fuzzy
148.69425833777134,260,189,94,206,171,24,226,13,18,parking,fuzzy
148.7143785368199,316,192,221,189,225,38,58,24,110,parking,fuzzy
148.8139020483017,329,90,59,202,134,194,74,49,236,parking,fuzzy
149.31311072727448,545,222,112,71,172,11,124,200,138,parking,fuzzy
149.32294333180155,260,148,234,15,22,224,230,226,240,parking,fuzzy
149.3438266457323,316,164,19,199,246,222,142,190,3,parking,fuzzy
149.4434317833516,329,184,81,209,53,127,108,223,130,parking,fuzzy
149.9432062397037,545,102,7,114,2,87,125,212,144,parking,fuzzy
149.9527110758249,260,193,44,67,107,168,171,197,161,parking,fuzzy
149.97277901985893,316,227,227,91,69,100,71,241,189,parking,fuzzy
150.07297054833228,329,244,176,231,236,213,8,220,239,parking,fuzzy
150.57269726057737,545,119,40,215,112,219,227,127,251,parking,fuzzy
150.58298712286177,260,128,184,223,213,10,203,63,107,parking,fuzzy
150.60293913135615,316,234,103,33,236,152,184,226,212,parking,fuzzy
150.70355402117437,329,108,53,181,120,0,240,90,223,parking,fuzzy
151.2039475882672,545,36,118,66,117,164,209,173,75,parking,fuzzy
151.2133136048596,260,234,123,144,90,38,210,23,153,parking,fuzzy
151.23299349442192,316,178,200,60,255,120,172,78,124,parking,fuzzy
151.33291516540297,329,36,126,213,36,0,247,117,122,parking,fuzzy
151.83299029481455,545,49,220,12,143,37,0,93,156,parking,fuzzy
151.84343554221076,260,52,0,179,245,102,185,138,230,parking,fuzzy
151.86252359811022,316,98,129,29,186,167,2,126,33,parking,fuzzy
151.9617846955123,329,107,88,36,127,148,173,213,209,parking,fuzzy
152.46239807109575,545,154,235,24,114,90,229,245,96,parking,fuzzy
152.47273782419023,260,163,231,85,135,105,214,245,238,parking,fuzzy
152.492016670032,316,128,12,30,237,189,165,225,20,parking,fuzzy
152.59144038598117,329,6,66,125,147,34,170,32,137,parking,fuzzy
153.09097332362543,545,160,226,62,124,30,175,121,3,parking,fuzzy
153.10166594300068,260,19,144,91,129,187,156,201,96,parking,fuzzy
153.12164195530576,316,67,24,124,219,75,213,33,210,parking,fuzzy
153.22192230266256,329,61,199,2,148,82,123,69,116,parking,fuzzy
153.72208889166674,545,211,238,245,210,250,248,26,97,parking,fuzzy
153.73187138327953,260,174,239,197,25,231,167,53,50,parking,fuzzy
153.7508910083837,316,204,81,73,24,129,74,223,182,parking,fuzzy
153.85144931229493,329,162,128,13,253,240,114,21,128,parking,fuzzy
154.3515128349663,545,8,198,57,232,182,228,139,175,parking,fuzzy
154.36232670733523,260,28,131,131,59,215,245,129,84,parking,fuzzy
154.38363555081636,316,64,213,250,164,142,217,124,78,parking,fuzzy
154.48345182619505,329,255,99,189,158,210,175,128,185,parking,fuzzy
154.98340857851366,545,155,169,173,248,52,193,244,48,parking,fuzzy
154.99300217910883,260,48,177,73,238,118,214,182,92,parking,fuzzy
155.01247642013172,316,95,19,146,177,119,156,206,51,parking,fuzzy
155.11330189259317,329,47,207,42,143,41,38,143,71,parking,fuzzy
155.6137667641601,545,220,28,169,219,50,32,46,16,parking,fuzzy
155.622917103474,260,218,95,27,214,6,90,252,224,parking,fuzzy
155.64327982608435,316,40,139,189,122,219,10,216,143,parking,fuzzy
155.74305863788229,329,194,154,226,132,199,144,14,185,parking,fuzzy
156.24309236227674,545,198,153,64,97,246,142,157,55,parking,fuzzy
156.2523656129992,260,64,211,171,5,125,244,19,165,parking,fuzzy
156.271755889504,316,242,189,0,181,218,245,27,93,parking,fuzzy
156.3707889321737,329,231,223,151,248,88,6,130,240,parking,fuzzy
156.87163534183887,545,223,193,90,136,36,27,163,186,parking,fuzzy
156.88252592635072,260,36,188,124,7,182,250,24,209,parking,fuzzy
156.90230945182094,316,152,65,73,146,197,237,97,59,parking,fuzzy
157.00168256257163,329,31,114,75,166,129,163,169,157,parking,fuzzy
157.50087682759545,545,144,21,142,62,42,136,193,83,parking,fuzzy
157.5102330325206,260,239,14,67,229,93,235,249,133,parking,fuzzy
157.53040460442702,316,176,103,108,20,169,0,36,172,parking,fuzzy
157.63036004130444,329,190,222,150,175,33,11,93,179,parking,fuzzy
158.1307743170786,545,144,42,175,52,132,79,17,110,parking,fuzzy
158.14129713631627,260,88,153,28,246,119,179,212,204,parking,fuzzy
158.16195531125834,316,54,192,101,120,53,51,26,186,parking,fuzzy
158.26105959339972,329,229,222,200,3,211,143,246,126,parking,fuzzy
158.76209081011845,545,179,171,119,38,148,127,214,242,parking,fuzzy
158.77134456991192,260,60,168,103,65,0,137,229,89,parking,fuzzy
158.79043507494475,316,182,144,248,187,192,113,206,253,parking,fuzzy
158.88951707559394,329,185,21,192,178,240,142,52,96,parking,fuzzy
159.38986747761507,545,144,144,105,70,127,98,70,128,parking,fuzzy
159.39898169519657,260,205,203,180,64,224,1,48,67,parking,fuzzy
159.4190690204675,316,22,222,87,130,95,151,227,247,parking,fuzzy
159.51987515231025,329,138,145,77,244,147,37,126,233,parking,fuzzy
160.02063159008972,545,103,132,183,194,179,235,187,253,parking,fuzzy
160.03025133662655,260,199,66,186,170,217,173,208,237,parking,fuzzy
160.04955602168172,316,150,50,105,221,188,178,193,103,parking,fuzzy
160.1504638939604,329,144,99,25,64,146,88,84,56,parking,fuzzy
160.65115596228085,545,43,39,184,244,246,244,20,9,parking,fuzzy
160.66018382466066,260,71,192,80,121,55,72,99,222,parking,fuzzy
160.67940912293855,316,203,3,175,23,76,70,179,70,parking,fuzzy
160.7792470752668,329,212,239,39,85,231,110,10,167,parking,fuzzy
161.27953242069287,545,214,14,146,255,64,56,171,54,parking,fuzzy
161.2897046803535,260,186,142,181,109,75,255,102,194,parking,fuzzy
161.31005224677048,316,158,185,125,230,200,57,175,117,parking,fuzzy
161.410584568338,329,82,94,112,180,173,14,127,184,parking,fuzzy
161.91099035873293,545,175,79,155,34,217,53,114,225,parking,fuzzy
161.92061166614315,260,184,81,132,15,151,119,44,23,parking,fuzzy
161.94118959542354,316,71,172,239,112,151,28,19,52,parking,fuzzy
162.0409845111593,329,20,51,234,21,154,106,11,41,parking,fuzzy
162.5410068696555,545,248,180,103,44,66,100,194,1,parking,fuzzy
162.55151734797607,260,127,228,75,126,114,202,73,141,parking,fuzzy
162.57128947726525,316,81,194,145,62,107,24,78,91,parking,fuzzy
162.67205950923358,329,214,166,174,29,245,153,167,92,parking,fuzzy
163.17183020532445,545,166,164,172,60,220,125,208,110,parking,fuzzy
163.18224050532584,260,88,26,31,202,82,65,90,46,parking,fuzzy
163.2029388967175,316,160,140,40,105,120,51,16,127,parking,fuzzy
163.30275730847188,329,205,166,3,164,179,203,69,165,parking,fuzzy
163.80339318919297,545,248,236,98,86,186,24,233,203,parking,fuzzy
163.8138296448162,260,132,49,53,61,209,4,67,9,parking,fuzzy
163.8337513753911,316,39,168,218,93,206,208,222,196,parking,fuzzy
163.93319212545597,329,84,142,168,251,48,164,56,124,parking,fuzzy
164.4324072025512,545,55,122,57,225,246,80,240,237,parking,fuzzy
164.4433298286912,260,189,43,13,224,169,13,190,56,parking,fuzzy
164.46274069573394,316,232,28,163,107,222,222,32,111,parking,fuzzy
164.56200229805722,329,206,34,37,206,210,158,114,182,parking,fuzzy
165.06196690071536,545,108,142,94,65,203,26,193,38,parking,fuzzy
165.07168216412134,260,132,140,231,186,78,195,61,208,parking,fuzzy
165.09201386557748,316,39,208,19,51,192,179,116,234,parking,fuzzy
165.19300982337637,329,96,234,218,140,211,197,201,32,parking,fuzzy
165.69247342275483,545,85,12,2,141,163,193,78,207,parking,fuzzy
165.70174319813967,260,238,215,21,146,227,235,68,246,parking,fuzzy
165.7216678536087,316,135,29,87,231,86,93,141,154,parking,fuzzy
165.82111674050446,329,203,202,101,76,222,234,73,61,parking,fuzzy
166.32129609891328,545,241,71,10,1,22,239,17,89,parking,fuzzy
166.3317656404798,260,190,82,42,72,167,139,173,123,parking,fuzzy
166.35250050093907,316,39,254,193,33,183,47,224,92,parking,fuzzy
166.45215761911774,329,176,189,149,113,54,155,212,9,parking,fuzzy
166.95303125477855,545,15,234,127,15,29,61,106,177,parking,fuzzy
166.96263699228726,260,33,61,225,21,96,118,70,23,parking,fuzzy
166.98311587661536,316,200,126,110,23,89,161,114,243,parking,fuzzy
167.08425049039917,329,126,151,8,67,179,114,15,145,parking,fuzzy
167.584608231991,545,162,75,19,204,245,107,220,247,parking,fuzzy
167.59386977314236,260,118,26,54,149,150,107,252,109,parking,fuzzy
167.61405532310994,316,187,40,145,59,242,109,45,169,parking,fuzzy
167.7138004311618,329,117,39,68,140,165,197,109,245,parking,fuzzy
168.21306265615647,545,105,56,1,93,111,68,229,105,parking,fuzzy
168.22286466085336,260,84,124,188,7,184,255,8,167,parking,fuzzy
168.24252575385268,316,59,129,152,117,218,27,85,188,parking,fuzzy
168.34344136615343,329,118,82,227,185,186,113,149,122,parking,fuzzy
168.84413133782422,545,21,245,169,205,37,57,11,81,parking,fuzzy
168.85399748356585,260,84,48,216,96,182,117,222,200,parking,fuzzy
168.87347040206302,316,33,207,105,98,143,69,161,206,parking,fuzzy
168.97299628117563,329,11,51,144,47,230,207,5,18,parking,fuzzy
169.47307128110373,545,163,47,67,133,40,134,25,201,parking,fuzzy
169.48352312054936,260,86,33,189,113,242,144,17,214,parking,fuzzy
169.50378528470773,316,192,92,137,1,175,130,184,43,parking,fuzzy
169.6038687650986,329,28,122,185,155,83,175,122,58,parking,fuzzy
170.1033796932075,545,207,100,209,76,43,67,42,64,parking,fuzzy
170.11385883018423,260,228,221,251,66,171,26,205,119,parking,fuzzy
170.13362220871792,316,51,143,14,40,71,4,86,204,parking,fuzzy
170.23295674630995,329,211,77,57,203,43,113,191,86,parking,fuzzy
170.7331657987944,545,11,121,201,11,170,49,67,63,parking,fuzzy
170.74269781216915,260,25,37,201,15,109,159,42,107,parking,fuzzy
170.7623542689782,316,81,137,55,141,33,153,24,211,parking,fuzzy
170.86295263366884,329,184,121,208,119,5,232,241,206,parking,fuzzy
171.36232291943503,545,170,153,122,151,175,11,46,161,parking,fuzzy
171.37144152817305,260,251,7,237,75,114,223,35,229,parking,fuzzy
171.3921759110357,316,249,236,237,155,14,174,100,229,parking,fuzzy
171.49288525499358,329,251,38,11,251,72,93,197,166,parking,fuzzy
171.99374680620642,545,85,135,20,115,212,152,171,173,parking,fuzzy
172.00412703433383,260,94,115,119,12,193,65,180,3,parking,fuzzy
172.0244150131923,316,86,153,222,226,64,184,202,110,parking,fuzzy
172.12459874024972,329,250,30,132,222,65,160,31,44,parking,fuzzy
172.6244570668087,545,13,103,37,163,53,159,144,110,parking,fuzzy
172.63506913922663,260,83,210,69,105,85,21,8,6,parking,fuzzy
172.65503755383068,316,43,22,195,151,227,249,86,96,parking,fuzzy
172.75553567713143,329,130,89,176,140,121,244,17,136,parking,fuzzy
173.25558331397545,545,83,205,145,193,76,251,19,107,parking,fuzzy
173.2665512260238,260,41,102,189,172,168,58,82,205,parking,fuzzy
173.28644188567446,316,201,30,155,97,247,46,74,7,parking,fuzzy
173.38686991802157,329,237,39,0,66,34,198,192,208,parking,fuzzy
173.88665660462982,545,54,88,249,15,81,115,208,96,parking,fuzzy
173.89686506902362,260,194,164,219,173,170,238,139,247,parking,fuzzy
173.91742193134678,316,242,63,127,143,57,78,192,1,parking,fuzzy
174.0172758419141,329,36,157,172,169,1,48,68,35,parking,fuzzy
174.5162833250191,545,3,151,246,173,3,61,148,126,parking,fuzzy
174.52620594461087,260,235,251,18,190,24,172,93,3,parking,fuzzy
174.54639819014383,316,51,19,217,60,200,66,144,18,parking,fuzzy
174.6464831698094,329,98,176,105,122,158,210,181,101,parking,fuzzy
175.1466357750351,545,160,26,140,107,17,104,197,22,parking,fuzzy
175.15665363876064,260,111,149,131,67,151,75,124,134,parking,fuzzy
175.17653645692621,316,207,137,28,163,23,105,66,83,parking,fuzzy
175.27649050925774,329,21,3,154,115,126,235,141,59,parking,fuzzy
175.77572422065558,545,62,170,69,39,6,122,204,0,parking,fuzzy
175.7855847127316,260,112,89,104,58,213,246,161,80,parking,fuzzy
175.80477494697027,316,152,138,234,160,24,69,60,170,parking,fuzzy
175.90550279966436,329,159,210,212,234,186,234,123,140,parking,fuzzy
176.4046522648975,545,201,179,207,56,174,22,65,201,parking,fuzzy
176.41530284640677,260,115,141,94,16,31,10,131,27,parking,fuzzy
176.43594911769654,316,253,106,93,231,91,142,182,178,parking,fuzzy
176.5354810204765,329,167,92,9,9,170,79,45,9,parking,fuzzy
177.03503928447674,545,28,211,8,42,142,14,165,222,parking,fuzzy
177.0443169245262,260,34,215,144,247,127,127,204,76,parking,fuzzy
177.06375923037524,316,225,239,237,165,109,101,192,214,parking,fuzzy
177.16416323943125,329,91,96,187,222,21,98,187,93,parking,fuzzy
177.66325881514103,545,91,217,15,36,110,115,186,157,parking,fuzzy
177.67330238060504,260,220,222,153,210,249,94,113,253,parking,fuzzy
177.69256989418523,316,63,16,224,16,250,131,196,192,parking,fuzzy
177.79221070178193,329,228,241,161,125,207,7,103,19,parking,fuzzy
178.29258798964125,545,167,117,220,41,53,230,73,31,parking,fuzzy
178.30211302793427,260,52,210,251,33,168,70,74,188,parking,fuzzy
178.3230990643287,316,106,128,5,86,167,214,127,31,parking,fuzzy
178.42294783481984,329,138,0,123,137,107,78,181,84,parking,fuzzy
178.92383492521506,545,30,53,40,49,219,250,145,46,parking,fuzzy
178.93287831681383,260,206,229,49,249,26,165,158,68,parking,fuzzy
178.95325221219912,316,182,192,206,37,34,253,237,1,parking,fuzzy
179.05365651719893,329,168,73,203,211,158,34,253,15,parking,fuzzy
179.55307186874944,545,80,147,158,127,209,39,213,212,parking,fuzzy
179.56267574806458,260,191,13,235,109,99,134,157,239,parking,fuzzy
179.5817396569188,316,34,238,3,120,199,183,11,38,parking,fuzzy
179.68113328948266,329,178,85,57,163,160,157,253,33,parking,fuzzy
180.18172933034396,545,120,229,239,72,248,206,104,160,parking,fuzzy
180.19219030740257,260,143,136,83,196,243,138,25,76,parking,fuzzy
180.2129056506764,316,58,39,191,205,92,18,234,60,parking,fuzzy
180.31220763759683,329,159,207,191,19,22,120,244,42,parking,fuzzy
180.81243664884457,545,174,118,241,249,182,168,32,219,parking,fuzzy
180.82284289036613,260,118,163,133,16,17,130,204,160,parking,fuzzy
180.84318800294528,316,51,129,94,161,85,188,188,72,parking,fuzzy
180.94398194688833,329,45,253,84,22,28,238,200,20,parking,fuzzy
181.44391053037228,545,166,42,189,240,241,241,54,127,parking,fuzzy
181.45304139187928,260,230,125,91,137,31,208,82,226,parking,fuzzy
181.472803610755,316,0,85,29,20,35,116,198,55,parking,fuzzy
181.5728846222271,329,247,127,13,248,44,121,213,51,parking,fuzzy
182.07313117513422,545,46,241,19,101,249,210,11,221,parking,fuzzy
182.08304535378315,260,100,122,143,200,199,230,128,174,parking,fuzzy
182.10250410127728,316,27,249,135,149,185,227,224,27,parking,fuzzy
182.20233730505146,329,188,237,89,180,146,143,48,36,parking,fuzzy
182.7021110734925,545,218,183,100,115,39,43,112,160,parking,fuzzy
182.71255482136223,260,217,49,53,71,137,3,46,155,parking,fuzzy
182.7334857995315,316,220,37,38,218,94,77,233,226,parking,fuzzy
182.8330416499124,329,255,189,39,95,223,175,16,66,parking,fuzzy
183.33395779822578,545,41,93,236,141,138,92,181,194,parking,fuzzy
183.34494920399925,260,82,128,69,192,55,95,53,164,parking,fuzzy
183.3654099371078,316,90,152,111,131,15,24,49,133,parking,fuzzy
183.46448588011998,329,41,89,84,107,26,22,146,90,parking,fuzzy
183.9651157853377,545,9,203,17,152,176,1,208,14,parking,fuzzy
183.9741525447394,260,91,121,228,61,23,74,255,87,parking,fuzzy
183.99369696491715,316,88,124,80,86,88,224,159,164,parking,fuzzy
184.09311403345208,329,50,164,235,86,253,33,15,215,parking,fuzzy
184.59274295476175,545,117,151,163,137,95,69,190,244,parking,fuzzy
184.60320459472288,260,236,0,141,136,39,186,197,91,parking,fuzzy
184.62325658933048,316,196,189,9,178,228,203,200,224,parking,fuzzy
184.72314049820636,329,153,150,52,32,161,51,23,60,parking,fuzzy
185.22305460090823,545,59,156,27,189,163,211,203,45,parking,fuzzy
185.23379599005014,260,72,89,251,54,245,35,111,58,parking,fuzzy
185.25360907246255,316,54,95,245,132,86,158,25,117,parking,fuzzy
185.35328725249565,329,61,158,180,20,3,251,189,181,parking,fuzzy
185.85305862501792,545,241,82,22,19,19,78,199,172,parking,fuzzy
185.86329054927484,260,159,124,50,113,13,250,63,119,parking,fuzzy
185.88414309750317,316,187,185,62,73,102,28,238,174,parking,fuzzy
185.98453780547965,329,118,83,125,150,67,94,103,237,parking,fuzzy
186.48489882699477,545,114,126,92,149,197,171,93,98,parking,fuzzy
186.49468748665234,260,71,150,232,149,145,222,69,180,parking,fuzzy
186.51384836654987,316,231,87,169,226,244,103,50,108,parking,fuzzy
186.61383903222782,329,249,60,109,114,18,82,137,170,parking,fuzzy
187.11392153953227,545,63,178,206,155,149,81,234,206,parking,fuzzy
187.12292316517733,260,145,226,238,176,112,199,249,71,parking,fuzzy
187.14201701711423,316,7,180,137,54,14,133,47,240,parking,fuzzy
187.24128873105008,329,164,188,123,176,145,202,14,189,parking,fuzzy
187.74185285079776,545,171,48,80,255,231,25,140,30,parking,fuzzy
187.75211925312303,260,51,50,157,193,197,221,119,11,parking,fuzzy
187.77361700361325,316,95,213,232,112,9,192,84,213,parking,fuzzy
187.8740872771215,329,206,123,85,172,213,180,154,198,parking,fuzzy
188.3743262869277,545,22,192,192,53,212,18,114,143,parking,fuzzy
188.3847260908155,260,175,209,149,72,148,84,81,196,parking,fuzzy
188.4054782616713,316,129,224,31,191,7,121,78,52,parking,fuzzy
188.50489421656602,329,6,149,244,171,70,233,113,59,parking,fuzzy
189.00467933275343,545,58,29,28,130,167,194,241,209,parking,fuzzy
189.0148692987397,260,76,193,34,154,50,51,232,44,parking,fuzzy
189.0349875659597,316,50,9,68,25,153,16,192,239,parking,fuzzy
189.13464259003248,329,173,38,200,0,177,36,175,32,parking,fuzzy
189.63397207492736,545,14,136,200,17,145,61,224,20,parking,fuzzy
189.64437358119952,260,193,158,231,103,143,240,14,13,parking,fuzzy
189.66414910151647,316,179,49,209,146,89,18,131,104,parking,fuzzy
189.7642831704762,329,188,31,26,62,94,168,185,195,parking,fuzzy
190.2641154961356,545,225,13,99,241,178,213,8,133,parking,fuzzy
190.27419532995546,260,49,79,122,65,23,223,195,37,parking,fuzzy
190.29384542116654,316,206,249,9,251,193,154,187,8,parking,fuzzy
190.3928810812748,329,204,124,36,14,9,254,97,207,parking,fuzzy
190.8927600048518,545,164,238,84,177,12,8,213,205,parking,fuzzy
190.9036781907331,260,109,66,49,236,242,45,137,167,parking,fuzzy
190.92420219347025,316,189,51,253,188,39,185,225,31,parking,fuzzy
191.0239537209187,329,54,30,149,167,185,7,136,102,parking,fuzzy
191.52381746595736,545,246,122,3,10,70,153,64,232,parking,fuzzy
191.53447135615593,260,209,65,88,189,251,200,78,66,parking,fuzzy
191.5549516831821,316,8,155,240,57,233,151,243,61,parking,fuzzy
191.65562004682363,329,60,236,53,0,133,40,104,152,parking,fuzzy
192.15623418767137,545,100,92,127,103,73,59,56,50,parking,fuzzy
192.16576493563608,260,231,40,189,28,144,177,103,56,parking,fuzzy
192.18478739269054,316,53,133,31,170,56,192,94,92,parking,fuzzy
192.28389275609612,329,228,17,250,95,125,174,117,126,parking,fuzzy
192.78353027187924,545,145,123,85,248,89,70,221,116,parking,fuzzy
192.79388075821976,260,245,249,32,80,103,185,4,241,parking,fuzzy
192.81440527780603,316,194,120,38,239,97,103,129,133,parking,fuzzy
192.9152308487714,329,239,89,81,95,131,120,41,32,parking,fuzzy
193.4151416752147,545,127,17,159,255,96,61,238,10,parking,fuzzy
193.4253834760487,260,159,201,31,186,104,26,40,107,parking,fuzzy
193.44467792120656,316,169,179,41,195,139,50,39,187,parking,fuzzy
193.54494182199778,329,74,72,230,14,44,145,215,238,parking,fuzzy
194.04501346417013,545,157,78,25,214,20,193,28,175,parking,fuzzy
194.05466618508987,260,175,228,214,100,173,254,138,232,parking,fuzzy
194.07477738749256,316,219,106,184,194,22,51,102,214,parking,fuzzy
194.17390833990854,329,38,9,98,90,192,98,183,70,parking,fuzzy
194.67319720878143,545,217,243,70,152,90,69,166,220,parking,fuzzy
194.68266163625663,260,140,111,170,173,187,168,4,49,parking,fuzzy
194.7027598239335,316,37,97,248,64,53,152,38,192,parking,fuzzy
194.80333926047538,329,202,206,215,205,120,75,100,207,parking,fuzzy
195.3030170291524,545,240,219,207,252,23,47,67,72,parking,fuzzy
195.3137268727755,260,229,61,227,231,137,22,50,229,parking,fuzzy
195.3335925587375,316,111,137,208,20,111,111,137,163,parking,fuzzy
195.43376744840575,329,198,118,6,84,137,221,194,120,parking,fuzzy
195.93464265578507,545,68,58,33,110,152,234,220,148,parking,fuzzy
195.94557176036787,260,129,195,215,157,233,82,70,73,parking,fuzzy
195.96625540305692,316,249,12,136,215,106,70,86,99,parking,fuzzy
196.0656012242444,329,158,182,14,188,210,39,33,220,parking,fuzzy
196.56494473325137,545,206,112,20,206,197,174,117,97,parking,fuzzy
196.57472841639157,260,204,161,69,46,153,76,8,32,parking,fuzzy
196.5951499697823,316,40,58,92,153,85,106,251,78,parking,fuzzy
196.69567093406792,329,201,224,77,188,114,5,240,114,parking,fuzzy
197.1951637874663,545,139,175,202,146,175,124,179,243,parking,fuzzy
197.20604925905013,260,132,57,9,165,89,119,209,68,parking,fuzzy
197.2268965901244,316,181,48,142,214,67,154,66,193,parking,fuzzy
197.32616636563196,329,202,196,82,83,37,83,3,39,parking,fuzzy
197.82580601735552,545,208,199,6,56,42,88,154,52,parking,fuzzy
197.83534840308647,260,246,135,55,156,58,31,58,145,parking,fuzzy
197.8557124094364,316,107,40,29,13,147,112,176,8,parking,fuzzy
197.9555421927058,329,127,158,81,141,27,125,103,67,parking,fuzzy
198.45594005423774,545,14,17,179,191,207,4,70,168,parking,fuzzy
198.46635703237965,260,95,215,247,206,32,100,99,62,parking,fuzzy
198.4873277517634,316,210,104,133,222,154,86,181,78,parking,fuzzy
198.58550955826988,329,120,237,179,74,46,69,237,89,parking,fuzzy
199.08572425821936,545,79,70,98,128,11,75,246,53,parking,fuzzy
199.09567867225007,260,36,108,82,5,113,233,237,190,parking,fuzzy
199.11594381259195,316,5,112,26,163,159,228,141,129,parking,fuzzy
199.21532951423856,329,114,177,5,227,235,253,86,218,parking,fuzzy
199.71484590337116,545,202,173,77,37,25,223,231,132,parking,fuzzy
199.724999507692,260,61,193,234,60,196,190,97,73,parking,fuzzy
199.74489134967948,316,137,151,34,17,29,121,227,178,parking,fuzzy
199.84449736898853,329,233,211,220,36,166,160,50,196,parking,fuzzy
200.3451729022999,545,227,117,221,27,137,115,125,220,parking,fuzzy
200.35536699359005,260,143,202,162,68,78,90,8,159,parking,fuzzy
200.37614473565688,316,198,203,200,88,193,48,53,84,parking,fuzzy
200.47607777759168,329,76,9,158,230,56,33,162,245,parking,fuzzy
200.9754110034029,545,158,170,173,63,59,25,197,67,parking,fuzzy
200.98538638629722,260,153,224,8,30,147,175,61,147,parking,fuzzy
201.00495372451073,316,183,97,229,161,67,30,2,162,parking,fuzzy
201.10530406135643,329,76,86,13,114,176,71,168,243,parking,fuzzy
201.60520797632452,545,130,157,92,47,1,185,10,152,parking,fuzzy
201.6154429034124,260,10,179,104,255,134,40,168,66,parking,fuzzy
201.6345648921703,316,38,12,22,160,169,131,249,114,parking,fuzzy
201.73501795623775,329,40,6,113,126,160,27,91,255,parking,fuzzy
202.23569099583304,545,78,228,132,133,160,178,54,73,parking,fuzzy
202.24485245036965,260,76,152,188,182,59,16,41,28,parking,fuzzy
202.26452497508677,316,109,21,96,16,30,9,77,101,parking,fuzzy
202.36383431763198,329,107,24,83,27,124,202,197,236,parking,fuzzy
202.86416303327945,545,51,228,125,66,172,63,255,132,parking,fuzzy
202.87359856559956,260,213,76,178,72,193,9,203,186,parking,fuzzy
202.8941906485329,316,134,88,154,132,133,125,56,103,parking,fuzzy
202.99371645397443,329,39,247,45,78,136,64,208,196,parking,fuzzy
203.49313530561435,545,223,216,208,142,89,193,170,155,parking,fuzzy
203.503243141023,260,76,71,44,137,194,238,212,4,parking,fuzzy
203.52126619188314,316,105,196,203,183,146,121,6,138,parking,fuzzy
203.62112664603424,329,27,72,5,252,178,52,17,131,parking,fuzzy
204.12034868059473,545,101,132,39,139,136,37,35,229,parking,fuzzy
204.1299805332762,260,118,70,61,219,187,98,159,191,parking,fuzzy
204.15020335545398,316,166,216,120,73,115,22,198,144,parking,fuzzy
204.25101203437706,329,214,188,33,68,15,105,162,231,parking,fuzzy
204.75151369358608,545,11,118,166,97,142,160,151,254,parking,fuzzy
204.761820821796,260,2,148,238,12,27,99,83,177,parking,fuzzy
204.78152782255984,316,219,209,97,216,124,45,33,26,parking,fuzzy
204.88164909307446,329,119,55,246,72,81,165,164,50,parking,fuzzy
205.38099849272135,545,14,107,253,89,215,156,7,144,parking,fuzzy
205.39141008656813,260,59,160,69,172,95,115,169,214,parking,fuzzy
205.41044256657366,316,173,45,171,184,73,139,126,128,parking,fuzzy
205.5104785885463,329,156,40,144,124,50,123,222,140,parking,fuzzy
206.01001384108713,545,14,178,1,89,57,170,123,224,parking,fuzzy
206.02035528835333,260,183,61,34,214,3,94,159,199,parking,fuzzy
206.0400697444808,316,138,102,18,233,111,77,95,84,parking,fuzzy
206.1408090415192,329,232,194,149,178,238,208,90,57,parking,fuzzy
206.64066819807147,545,217,227,151,60,32,146,36,118,parking,fuzzy
206.6510870068589,260,96,108,166,237,98,51,169,111,parking,fuzzy
206.67120029917263,316,122,82,218,234,87,88,95,116,parking,fuzzy
206.7718913664465,329,74,199,25,160,233,211,54,186,parking,fuzzy
207.27288118190734,545,240,224,62,123,140,76,155,8,parking,fuzzy
207.28383105066152,260,77,154,9,143,46,225,65,60,parking,fuzzy
207.3031704089166,316,122,1,182,143,204,27,178,242,parking,fuzzy
207.40349161208934,329,166,38,104,136,96,209,51,170,parking,fuzzy
207.90275003428113,545,25,153,88,193,59,190,119,156,parking,fuzzy
207.9122473642994,260,132,69,133,213,116,39,78,207,parking,fuzzy
207.93134634381536,316,46,224,178,35,5,32,106,29,parking,fuzzy
208.03102964287226,329,86,253,213,134,128,34,99,93,parking,fuzzy
208.53029257048914,545,181,233,159,198,35,220,221,118,parking,fuzzy
208.53965889695917,260,61,207,134,204,43,5,127,39,parking,fuzzy
208.55984150719416,316,112,39,207,50,42,127,145,111,parking,fuzzy
208.65956150327264,329,87,116,254,143,190,189,201,14,parking,fuzzy
209.15932231503663,545,3,10,247,219,190,115,29,41,parking,fuzzy
209.16901232656983,260,160,121,235,243,13,139,180,158,parking,fuzzy
209.18809129102652,316,40,205,54,170,34,19,169,28,parking,fuzzy
209.28748796108,329,134,239,83,64,224,173,83,8,parking,fuzzy
209.78695380577486,545,147,41,208,175,40,9,158,221,parking,fuzzy
209.79749076312407,260,98,229,68,170,66,221,35,132,parking,fuzzy
209.81810338990672,316,162,121,210,129,20,64,241,43,parking,fuzzy
209.91801350476797,329,97,69,135,223,154,188,102,123,parking,fuzzy
210.4182011420008,545,229,101,123,132,179,208,172,12,parking,fuzzy
210.42840562952955,260,207,20,236,56,223,45,93,131,parking,fuzzy
210.44773961637034,316,36,205,42,112,121,190,112,153,parking,fuzzy
210.5486877222516,329,31,201,172,129,203,123,159,22,parking,fuzzy
211.0486345370434,545,250,207,150,168,206,155,0,196,parking,fuzzy
211.05809108719956,260,137,155,118,224,45,191,8,218,parking,fuzzy
211.0783232828194,316,215,83,239,140,226,195,80,83,parking,fuzzy
211.17877459365738,329,85,140,185,52,150,0,74,243,parking,fuzzy
211.67953943455018,545,188,117,93,23,21,44,201,88,parking,fuzzy
211.68859469325685,260,59,226,187,74,36,108,190,250,parking,fuzzy
211.70790621524918,316,56,133,147,92,178,33,30,161,parking,fuzzy
211.8077129508086,329,144,89,228,52,81,99,37,59,parking,fuzzy
212.3069280919731,545,178,227,158,143,20,89,140,25,parking,fuzzy
212.31702351441055,260,115,113,118,88,227,176,231,20,parking,fuzzy
212.33674381081718,316,199,254,34,200,246,198,76,248,parking,fuzzy
212.43744000371618,329,188,37,96,29,137,160,250,90,parking,fuzzy
212.93675889280598,545,91,54,207,45,244,187,18,165,parking,fuzzy
212.9473644791951,260,155,180,133,153,185,42,212,83,parking,fuzzy
212.96756846136995,316,120,99,109,230,196,54,111,94,parking,fuzzy
213.066737277126,329,37,226,38,56,57,198,227,205,parking,fuzzy
213.56693866822167,545,251,31,43,88,62,68,52,184,parking,fuzzy
213.57666383391924,260,72,114,218,129,67,155,222,172,parking,fuzzy
213.59672559723322,316,38,170,12,49,48,71,156,74,parking,fuzzy
213.69634172339423,329,202,118,175,105,233,151,208,255,parking,fuzzy
214.19681646648095,545,115,100,89,169,157,44,34,74,parking,fuzzy
214.20603086664548,260,156,15,43,164,172,100,198,204,parking,fuzzy
214.2253973527715,316,32,17,238,42,104,115,121,211,parking,fuzzy
214.3252209057442,329,137,208,149,200,44,65,52,63,parking,fuzzy
214.82473532222448,545,86,243,155,250,32,117,207,141,parking,fuzzy
214.83539645746347,260,102,64,82,77,75,74,175,135,parking,fuzzy
214.8552654157681,316,146,120,23,6,74,10,113,7,parking,fuzzy
214.95580314593835,329,179,74,199,60,17,235,154,150,parking,fuzzy
215.45521935522567,545,62,180,243,175,176,94,188,151,parking,fuzzy
215.46605119269842,260,173,75,78,5,23,153,206,106,parking,fuzzy
215.4865289976258,316,114,155,70,115,217,95,31,163,parking,fuzzy
215.58711688231006,329,17,189,221,199,89,38,15,113,parking,fuzzy
216.08707756673402,545,31,62,110,51,71,27,72,105,parking,fuzzy
216.09649933467927,260,83,192,46,189,48,99,188,22,parking,fuzzy
216.11647228578303,316,40,175,163,17,88,198,105,192,parking,fuzzy
216.2163562578685,329,129,129,144,34,80,52,70,54,parking,fuzzy
216.7171896239858,545,208,42,1,212,171,69,197,183,parking,fuzzy
216.72731795578437,260,228,34,227,52,37,254,100,156,parking,fuzzy
216.7475227369395,316,47,49,132,142,16,13,242,66,parking,fuzzy
216.84826594969144,329,152,109,213,213,4,28,131,205,parking,fuzzy
217.34868856750234,545,227,111,7,201,48,30,135,122,parking,fuzzy
217.3586580917951,260,164,0,28,182,162,19,178,122,parking,fuzzy
217.37957183085365,316,164,101,22,145,3,16,180,159,parking,fuzzy
217.48029202853195,329,219,105,95,101,2,114,136,132,parking,fuzzy
217.98122844916765,545,151,38,201,124,253,11,228,85,parking,fuzzy
217.99126413991416,260,28,146,187,138,125,51,34,26,parking,fuzzy
218.01157374367924,316,37,184,212,54,187,151,42,144,parking,fuzzy
218.11192869431227,329,74,172,179,187,63,167,249,245,parking,fuzzy
218.61115089918923,545,99,58,174,141,54,7,39,67,parking,fuzzy
218.62127516864777,260,109,39,52,190,53,167,117,248,parking,fuzzy
218.64137394699205,316,114,153,152,40,136,224,169,72,parking,fuzzy
218.74235082861142,329,24,34,137,112,70,97,82,134,parking,fuzzy
219.24331203906604,545,193,226,219,111,207,251,239,79,parking,fuzzy
219.253562471009,260,55,249,215,160,139,122,165,182,parking,fuzzy
219.27312923551642,316,120,131,111,28,243,2,23,86,parking,fuzzy
219.37277296057442,329,78,103,196,185,68,120,86,106,parking,fuzzy
219.87281615901068,545,103,198,245,31,90,236,154,24,parking,fuzzy
219.88192468625604,260,199,33,151,227,229,158,251,119,parking,fuzzy
219.90234350149052,316,54,10,4,94,193,87,122,8,parking,fuzzy
220.001688617476,329,121,216,49,65,232,86,203,3,parking,fuzzy
220.50205318538832,545,255,210,42,86,144,177,39,119,parking,fuzzy
220.51113250702565,260,26,87,192,31,76,79,89,246,parking,fuzzy
220.5302368503359,316,106,43,212,55,234,51,249,226,parking,fuzzy
220.6310402241604,329,36,148,194,209,199,136,14,56,parking,fuzzy
221.13138167189635,545,247,126,64,49,90,179,79,22,parking,fuzzy
221.14120618425014,260,251,158,42,36,43,42,92,9,parking,fuzzy
221.16027673382968,316,187,12,206,187,196,15,34,28,parking,fuzzy
221.2609878032055,329,245,12,93,210,30,133,58,171,parking,fuzzy
221.76114171873877,545,24,144,167,79,166,57,226,85,parking,fuzzy
221.7715381475761,260,120,110,16,155,250,178,139,60,parking,fuzzy
221.79124064047562,316,11,89,57,58,118,193,133,196,parking,fuzzy
221.8903992984098,329,90,48,40,35,58,190,141,72,parking,fuzzy
222.38992144106416,545,114,233,184,250,162,148,4,243,parking,fuzzy
222.40075151280567,260,12,196,195,124,144,28,181,226,parking,fuzzy
222.4205157308408,316,189,198,209,192,132,77,17,242,parking,fuzzy
222.52067292180507,329,8,114,250,30,246,33,65,28,parking,fuzzy
223.01994201220623,545,115,63,183,190,196,36,95,41,parking,fuzzy
223.02978591553483,260,238,221,155,232,90,228,36,142,parking,fuzzy
223.0492110796731,316,122,109,181,169,67,115,92,13,parking,fuzzy
223.1489878676157,329,218,80,199,42,168,182,247,123,parking,fuzzy
223.64821629284992,545,50,236,91,236,45,221,227,6,parking,fuzzy
223.6583346280848,260,114,96,194,188,183,180,79,51,parking,fuzzy
223.67744986727357,316,240,13,179,7,86,41,171,179,parking,fuzzy
223.7768302546651,329,11,35,178,222,161,224,124,30,parking,fuzzy
224.28019412395022,545,109,117,211,201,80,167,74,203,parking,fuzzy
224.2893442096388,260,27,193,47,171,22,30,117,181,parking,fuzzy
224.3088948754697,316,227,184,106,153,165,115,221,5,parking,fuzzy
224.40957413544638,329,49,178,129,164,61,149,136,132,parking,fuzzy
224.90906727691484,545,46,137,150,69,49,121,32,211,parking,fuzzy
224.9197263293983,260,107,188,99,51,190,110,223,69,parking,fuzzy
224.9390203925428,316,224,93,244,139,181,61,167,167,parking,fuzzy
225.0393119176062,329,215,43,207,174,26,80,114,59,parking,fuzzy
225.5397260358904,545,162,137,79,242,230,121,98,94,parking,fuzzy
225.5493760231225,260,22,186,15,157,32,191,193,59,parking,fuzzy
225.57012270282056,316,115,7,25,100,113,251,85,176,parking,fuzzy
225.66954481108883,329,0,64,72,23,214,16,85,39,parking,fuzzy
226.1695462987882,545,61,54,1,194,104,225,181,130,parking,fuzzy
226.17939877039888,260,189,218,247,175,92,47,200,148,parking,fuzzy
226.19912673529743,316,128,179,87,68,84,142,213,36,parking,fuzzy
226.29953507125873,329,10,239,37,169,104,76,225,172,parking,fuzzy
226.80018454966824,545,226,47,46,75,151,217,46,251,parking,fuzzy
226.80927868339754,260,64,128,129,122,141,66,11,33,parking,fuzzy
226.8300887142764,316,246,223,138,121,168,235,231,202,parking,fuzzy
226.93027058639217,329,104,204,213,250,103,36,97,44,parking,fuzzy
227.4294682970544,545,90,26,201,205,156,99,235,186,parking,fuzzy
227.43961821157907,260,60,43,105,195,206,74,218,215,parking,fuzzy
227.45905166761077,316,213,19,90,131,197,68,173,187,parking,fuzzy
227.5599909629499,329,219,166,16,252,190,233,162,177,parking,fuzzy
228.05935006268638,545,212,181,125,43,49,166,66,153,parking,fuzzy
228.06900589229346,260,201,182,20,121,195,221,6,191,parking,fuzzy
228.08809357403635,316,85,203,159,100,221,116,118,78,parking,fuzzy
228.18856116586036,329,209,42,174,73,91,153,168,214,parking,fuzzy
228.68891837560122,545,170,209,195,182,113,41,255,228,parking,fuzzy
228.6969304497996,260,32,242,40,171,62,151,3,18,parking,fuzzy
228.71648682391472,316,217,222,99,109,100,216,74,150,parking,fuzzy
228.81730749263502,329,124,233,2,75,10,54,204,122,parking,fuzzy
229.31700831161237,545,63,51,106,106,128,52,98,27,parking,fuzzy
229.32765396294386,260,234,206,101,28,108,212,85,219,parking,fuzzy
229.34843668388115,316,13,104,188,199,110,21,108,6,parking,fuzzy
229.4493561480577,329,202,239,144,152,206,66,72,81,parking,fuzzy
229.94899052426373,545,111,117,81,60,119,211,170,61,parking,fuzzy
229.9594123417828,260,41,17,71,177,24,75,15,131,parking,fuzzy
229.97858261715683,316,151,176,14,135,2,171,158,35,parking,fuzzy
230.07928877100724,329,23,124,89,202,90,180,142,18,parking,fuzzy
230.5788264745141,545,237,49,99,69,212,139,95,253,parking,fuzzy
230.5895521735467,260,68,144,49,218,228,192,85,24,parking,fuzzy
230.60891895385137,316,106,167,82,211,58,148,205,169,parking,fuzzy
230.70830466146882,329,51,236,76,84,117,196,94,106,parking,fuzzy
231.20770142433096,545,27,63,145,69,144,231,53,89,parking,fuzzy
231.216962867979,260,51,203,158,13,27,200,105,26,parking,fuzzy
231.23669198128064,316,173,202,163,239,236,187,32,29,parking,fuzzy
231.3368771061056,329,69,62,205,27,250,2,158,83,parking,fuzzy
231.8360681924206,545,36,96,229,125,62,253,73,114,parking,fuzzy
231.8467638329235,260,186,21,3,171,92,47,49,216,parking,fuzzy
231.86640865337455,316,51,64,30,101,7,81,209,10,parking,fuzzy
231.96635807373582,329,151,224,171,217,83,96,121,250,parking,fuzzy
232.46661578323207,545,212,206,220,104,181,51,161,155,parking,fuzzy
232.47610145125736,260,185,116,40,137,196,112,192,214,parking,fuzzy
232.49690631494877,316,219,159,149,183,71,143,30,194,parking,fuzzy
232.59730332900318,329,68,128,10,54,237,12,217,8,parking,fuzzy
233.09641368221963,545,210,138,255,113,230,195,163,211,parking,fuzzy
233.10696330325592,260,184,210,215,80,217,231,5,233,parking,fuzzy
233.1264437203845,316,216,97,106,193,195,245,62,173,parking,fuzzy
233.2271509408424,329,39,78,177,34,147,76,244,212,parking,fuzzy
233.72740763878042,545,68,134,55,106,203,12,114,30,parking,fuzzy
233.73801102648065,260,198,32,152,82,186,178,246,111,parking,fuzzy
233.75804398952508,316,132,25,112,130,204,240,134,75,parking,fuzzy
233.85833539057606,329,213,235,191,206,147,1,191,232,parking,fuzzy
234.35797890007382,545,33,242,246,195,38,188,90,190,parking,fuzzy
234.3673482630094,260,141,252,231,28,184,232,68,208,parking,fuzzy
234.3881655381974,316,90,140,128,146,81,17,193,61,parking,fuzzy
234.48869982713398,329,82,189,237,58,37,86,1,213,parking,fuzzy
234.98899606449217,545,202,8,127,132,180,20,250,117,parking,fuzzy
234.99922857431855,260,194,205,246,29,241,101,164,182,parking,fuzzy
235.0197430419378,316,213,146,1,147,113,146,98,193,parking,fuzzy
235.12030515355124,329,185,192,170,114,182,6,34,61,parking,fuzzy
235.61998610112468,545,234,141,215,95,158,63,149,205,parking,fuzzy
235.63048603722146,260,189,73,220,168,22,214,147,156,parking,fuzzy
235.64978388576145,316,149,5,23,86,161,235,12,106,parking,fuzzy
235.7499301149674,329,218,221,73,117,78,183,16,85,parking,fuzzy
236.24953003623048,545,223,188,248,126,5,251,6,1,parking,fuzzy
236.2602509606382,260,204,130,102,175,205,225,200,46,parking,fuzzy
236.28028097680368,316,170,163,156,150,19,102,247,91,parking,fuzzy
236.37951540240945,329,237,237,4,204,129,252,37,106,parking,fuzzy
236.88002981077844,545,178,252,207,88,123,244,247,154,parking,fuzzy
236.8891826700778,260,0,221,23,59,199,76,23,180,parking,fuzzy
236.90968653868816,316,251,22,51,79,67,167,109,77,parking,fuzzy
237.00956180135663,329,184,183,109,66,144,47,179,209,parking,fuzzy
237.5089218859655,545,52,92,229,52,173,155,120,128,parking,fuzzy
237.5193557200129,260,147,100,236,231,169,137,166,214,parking,fuzzy
237.5397060668379,316,152,210,93,195,134,250,42,86,parking,fuzzy
237.64026560241106,329,69,77,200,249,240,45,255,190,parking,fuzzy
238.1403008236356,545,61,63,210,95,181,24,8,187,parking,fuzzy
238.1499126923526,260,252,234,12,119,171,224,185,168,parking,fuzzy
238.1693974143524,316,39,208,207,250,93,199,190,66,parking,fuzzy
238.26877107606572,329,232,10,123,43,96,3,194,249,parking,fuzzy
238.76928762293065,545,219,7,90,48,41,114,2,228,parking,fuzzy
238.7795261608297,260,94,34,82,22,133,185,105,151,parking,fuzzy
238.79999444189565,316,79,151,47,161,202,204,17,221,parking,fuzzy
238.8990098651654,329,181,100,198,80,22,73,240,102,parking,fuzzy
239.39909292498808,545,33,170,219,1,66,190,181,139,parking,fuzzy
239.40820356093343,260,44,36,149,148,168,185,122,168,parking,fuzzy
239.42800516820702,316,41,215,22,52,182,223,48,80,parking,fuzzy
239.52876022687633,329,29,162,39,133,91,66,57,23,parking,fuzzy
240.0282042197608,545,7,175,250,120,134,85,232,40,parking,fuzzy
240.03869096063337,260,186,34,143,211,29,166,134,246,parking,fuzzy
240.05936148371444,316,151,237,143,66,44,185,33,231,parking,fuzzy
240.15947958449524,329,184,7,242,178,211,127,112,100,parking,fuzzy
240.65857834769315,545,249,104,80,1,66,137,128,214,parking,fuzzy
240.66867580870266,260,47,55,4,185,217,93,215,25,parking,fuzzy
240.68862589830056,316,69,4,129,62,171,31,150,20,parking,fuzzy
240.78880583088065,329,252,244,110,23,27,189,5,139,parking,fuzzy
241.2883866087992,545,52,118,147,227,214,168,130,128,parking,fuzzy
241.29822221731013,260,165,151,179,19,189,192,88,47,parking,fuzzy
241.31856431799164,316,181,79,108,89,207,5,156,72,parking,fuzzy
241.417994582969,329,154,229,210,255,163,246,30,101,parking,fuzzy
241.91888960997753,545,170,50,153,53,91,154,179,120,parking,fuzzy
241.928544796781,260,110,71,163,24,92,123,102,74,parking,fuzzy
241.9480545288733,316,130,23,81,195,29,92,243,13,parking,fuzzy
242.04833762329022,329,37,178,182,130,181,160,83,62,parking,fuzzy
242.5476237876501,545,178,155,58,98,2,153,229,138,parking,fuzzy
242.55843747263103,260,16,66,176,71,189,84,113,244,parking,fuzzy
242.57856627613725,316,245,244,28,46,171,159,61,42,parking,fuzzy
242.67802739417127,329,160,34,151,94,37,176,56,154,parking,fuzzy
243.17881271320866,545,29,38,206,159,49,98,84,173,parking,fuzzy
243.18829639417368,260,203,165,66,204,187,53,185,53,parking,fuzzy
243.20897932691923,316,239,50,203,234,143,132,46,50,parking,fuzzy
243.3080981109904,329,58,250,112,50,252,182,252,57,parking,fuzzy
243.80871183147391,545,119,238,12,47,57,80,139,235,parking,fuzzy
243.81851293816558,260,67,32,26,188,210,82,141,131,parking,fuzzy
243.83840718662498,316,222,181,116,190,188,89,48,5,parking,fuzzy
243.93802109560312,329,32,183,232,15,125,51,106,17,parking,fuzzy
244.43832682322534,545,59,57,26,46,121,204,121,76,parking,fuzzy
244.44784510402042,260,200,134,226,79,229,187,10,240,parking,fuzzy
244.46831760355354,316,96,223,81,206,81,105,37,219,parking,fuzzy
244.56839897763447,329,22,245,117,39,13,71,238,237,parking,fuzzy
245.0688189197637,545,157,198,108,196,51,121,55,161,parking,fuzzy
245.07960224824143,260,159,246,176,51,242,13,168,225,parking,fuzzy
245.10047361861788,316,42,95,59,32,93,85,92,123,parking,fuzzy
245.1998622975571,329,183,202,18,233,115,144,201,198,parking,fuzzy
245.6992583809607,545,187,193,107,136,185,107,92,144,parking,fuzzy
245.708887383511,260,15,234,9,188,144,114,124,64,parking,fuzzy
245.72864451080156,316,22,151,27,59,1,99,223,222,parking,fuzzy
245.82911221587386,329,119,178,139,247,114,102,210,8,parking,fuzzy
246.3293466602371,545,140,23,161,48,231,229,26,145,parking,fuzzy
246.33964434080227,260,165,81,232,118,97,178,161,186,parking,fuzzy
246.360094606563,316,231,15,160,126,184,244,241,170,parking,fuzzy
246.45927307660946,329,0,93,214,21,128,129,242,63,parking,fuzzy
246.9592606585508,545,67,180,121,191,73,174,32,62,parking,fuzzy
246.96956339963896,260,91,212,135,167,97,145,166,230,parking,fuzzy
246.989282337669,316,214,208,1,47,181,77,255,50,parking,fuzzy
247.08829438237763,329,179,170,117,237,157,131,44,235,parking,fuzzy
247.58782767043755,545,125,159,59,12,159,130,154,96,parking,fuzzy
247.59683708726524,260,125,139,47,227,29,82,163,3,parking,fuzzy
247.61750127145484,316,185,46,113,25,107,214,168,34,parking,fuzzy
247.71806124199958,329,200,213,250,233,180,100,77,151,parking,fuzzy
248.21765830847193,545,173,137,126,88,143,32,102,60,parking,fuzzy
248.2280759236948,260,235,110,3,180,156,93,245,59,parking,fuzzy
248.24863827383197,316,233,191,76,193,133,108,203,218,parking,fuzzy
248.34824719188296,329,58,115,53,10,197,11,15,227,parking,fuzzy
248.84782285894897,545,188,111,198,76,230,221,217,218,parking,fuzzy
248.85719117279578,260,50,249,209,38,150,201,193,215,parking,fuzzy
248.87781580849253,316,217,246,239,148,163,187,126,96,parking,fuzzy
248.9782433175255,329,168,19,195,108,151,253,146,142,parking,fuzzy
249.47883846357303,545,131,123,144,154,172,225,71,253,parking,fuzzy
249.48925640559955,260,186,78,100,73,105,0,37,252,parking,fuzzy
249.50963407868292,316,163,124,130,139,58,222,142,227,parking,fuzzy
249.6099387701398,329,78,182,208,206,195,221,68,255,parking,fuzzy
250.1090111750606,545,214,177,75,123,108,225,205,27,parking,fuzzy
250.11990714183872,260,222,233,61,201,164,26,66,205,parking,fuzzy
250.13997186998762,316,166,187,76,15,36,53,65,115,parking,fuzzy
250.23973218138917,329,41,188,68,52,70,0,41,124,parking,fuzzy
250.74037728304776,545,228,95,197,229,188,140,190,22,parking,fuzzy
250.75062471986826,260,136,113,156,244,61,202,201,127,parking,fuzzy
250.77091037361538,316,39,1,132,178,164,236,155,113,parking,fuzzy
250.87000878915313,329,243,123,197,129,220,227,25,172,parking,fuzzy
251.36932991498554,545,91,208,12,123,84,177,63,141,parking,fuzzy
251.37964646971065,260,180,174,237,66,226,207,84,181,parking,fuzzy
251.39896912097865,316,239,27,37,206,123,212,123,72,parking,fuzzy
251.4984255996181,329,195,215,127,212,97,151,255,105,parking,fuzzy
251.99799830959813,545,100,205,59,212,111,81,47,41,parking,fuzzy
252.00748030824667,260,211,128,3,11,109,28,86,251,city_driving,fuzzy
252.02758785080238,316,129,90,238,199,106,207,113,111,city_driving,fuzzy
252.12682169014778,329,58,185,39,26,176,93,119,172,city_driving,fuzzy
252.62695367914995,545,161,159,167,54,189,128,193,42,city_driving,fuzzy
252.6373106476349,260,118,2,118,123,90,105,179,83,city_driving,fuzzy
252.65743390219964,316,99,216,92,60,51,213,121,64,city_driving,fuzzy
252.75739206519094,329,44,133,220,107,65,46,44,209,city_driving,fuzzy
253.256708770007,545,171,63,194,24,22,13,154,98,city_driving,fuzzy
253.2666787387822,260,137,174,150,182,145,87,131,116,city_driving,fuzzy
253.28683336804872,316,188,186,124,194,205,247,209,235,city_driving,fuzzy
253.38618203426324,329,51,252,168,173,180,155,215,115,city_driving,fuzzy
253.88707005046237,545,85,204,227,131,191,12,19,97,city_driving,fuzzy
253.89686750970452,260,100,241,4,209,136,189,67,44,city_driving,fuzzy
253.9175075845415,316,209,57,124,16,52,61,213,101,city_driving,fuzzy
254.01688232228713,329,165,231,210,179,176,68,112,74,city_driving,fuzzy
254.5172521017721,545,200,87,85,143,221,184,235,85,city_driving,fuzzy
254.5271603639934,260,205,22,202,11,47,51,205,27,city_driving,fuzzy
254.54801768402237,316,33,219,125,100,176,48,67,249,city_driving,fuzzy
254.6472871975688,329,229,110,103,242,205,142,10,174,city_driving,fuzzy
255.1472490329382,545,199,39,179,71,77,52,122,0,city_driving,fuzzy
255.1563163386309,260,208,25,63,46,12,222,24,85,city_driving,fuzzy
255.1767795461411,316,142,56,239,60,118,239,117,216,city_driving,fuzzy
255.27748326274482,329,153,252,16,243,251,29,190,46,city_driving,fuzzy
255.77777676811877,545,115,110,198,246,76,43,184,89,city_driving,fuzzy
255.7869324105233,260,116,190,220,217,186,50,19,119,city_driving,fuzzy
255.80744445405614,316,77,135,196,146,41,112,46,249,city_driving,fuzzy
255.90704882029115,329,117,133,222,22,199,34,90,198,city_driving,fuzzy
256.40791516243337,545,223,227,221,6,11,45,161,184,city_driving,fuzzy
256.41728743089044,260,65,104,102,4,3,145,206,56,city_driving,fuzzy
256.43709585862035,316,118,236,15,147,27,211,154,10,city_driving,fuzzy
256.5366550534985,329,52,2,252,146,104,159,73,121,city_driving,fuzzy
257.03594830125394,545,139,2,142,201,12,85,47,87,city_driving,fuzzy
257.04550700569166,260,136,7,128,63,250,204,45,126,city_driving,fuzzy
257.0657791318923,316,155,207,110,196,246,67,113,14,city_driving,fuzzy
257.16653961400914,329,20,174,146,173,53,165,26,213,city_driving,fuzzy
257.66578432598624,545,158,28,115,248,58,212,238,234,city_driving,fuzzy
257.6761793235296,260,106,192,105,85,160,238,148,25,city_driving,fuzzy
257.6963231275515,316,111,70,198,66,134,250,168,190,city_driving,fuzzy
257.7963699396925,329,197,124,4,252,65,20,104,183,city_driving,fuzzy
258.2958106875054,545,245,107,61,188,143,62,33,225,city_driving,fuzzy
258.3048461993746,260,34,24,220,251,149,82,97,80,city_driving,fuzzy
258.3247006741104,316,150,232,103,140,131,154,108,157,city_driving,fuzzy
258.4238399101141,329,80,207,127,64,253,196,134,226,city_driving,fuzzy
258.9234163754261,545,158,162,19,196,194,127,136,109,city_driving,fuzzy
258.9325451727702,260,83,145,86,91,204,76,112,249,city_driving,fuzzy
258.9520498633985,316,8,134,126,38,19,163,219,165,city_driving,fuzzy
259.0530143399111,329,46,77,49,61,166,226,17,153,city_driving,fuzzy
259.55303248648875,545,42,26,224,209,12,227,153,199,city_driving,fuzzy
259.5629875262453,260,241,66,217,219,114,135,117,21,city_driving,fuzzy
259.5828354919454,316,10,31,116,238,167,1,94,114,city_driving,fuzzy
259.68473336770705,329,137,234,182,255,178,201,236,179,city_driving,fuzzy
260.185367840766,545,209,186,105,203,208,11,89,4,city_driving,fuzzy
260.1962562976708,260,124,148,171,245,89,8,176,147,city_driving,fuzzy
260.215451986222,316,226,113,164,252,173,15,29,180,city_driving,fuzzy
260.3159816607837,329,219,5,206,179,81,178,156,42,city_driving,fuzzy
260.81561580471924,545,38,253,221,177,7,179,24,249,city_driving,fuzzy
260.8253046587169,260,237,177,230,169,201,30,3,113,city_driving,fuzzy
260.8456071781106,316,115,200,136,182,95,101,36,39,city_driving,fuzzy
260.9462542350243,329,105,170,6,145,67,202,100,133,city_driving,fuzzy
261.4456581172432,545,157,173,18,149,239,6,35,17,city_driving,fuzzy
261.45560356026647,260,71,60,185,115,175,145,177,196,city_driving,fuzzy
261.47575460121294,316,20,151,195,153,42,121,129,78,city_driving,fuzzy
261.5762349106586,329,47,161,61,60,21,225,249,243,city_driving,fuzzy
262.07704552774726,545,107,138,245,24,249,254,132,134,city_driving,fuzzy
262.08781303561193,260,245,40,85,79,240,154,241,181,city_driving,fuzzy
262.1080592570644,316,54,5,114,36,2,231,110,155,city_driving,fuzzy
262.20719025121264,329,226,249,122,88,166,250,103,16,city_driving,fuzzy
262.7062648697207,545,231,109,127,163,45,90,209,25,city_driving,fuzzy
262.7165775493297,260,151,55,12,225,218,108,115,239,city_driving,fuzzy
262.73648205941896,316,79,14,127,225,1,2,191,64,city_driving,fuzzy
262.83685104371216,329,102,63,24,72,78,87,138,162,city_driving,fuzzy
263.3367250035778,545,224,183,28,3,241,21,98,78,city_driving,fuzzy
263.3459976936528,260,105,3,60,202,204,113,217,76,city_driving,fuzzy
263.36555836467676,316,252,95,51,21,176,137,232,125,city_driving,fuzzy
263.4654724337218,329,161,19,43,148,164,101,188,81,city_driving,fuzzy
263.9654251321289,545,37,208,167,198,0,20,34,98,city_driving,fuzzy
263.97487285166557,260,212,48,94,196,117,169,225,171,city_driving,fuzzy
263.9940434100086,316,144,187,195,131,74,64,222,170,city_driving,fuzzy
264.0933117563471,329,180,194,207,39,91,113,151,219,city_driving,fuzzy
264.59268837909036,545,160,119,15,135,54,18,40,189,city_driving,fuzzy
264.6019492912502,260,84,191,118,242,28,238,56,197,city_driving,fuzzy
264.62125556784184,316,50,116,133,243,200,125,9,51,city_driving,fuzzy
264.7217771684334,329,35,9,61,209,7,18,125,239,city_driving,fuzzy
265.2208806715503,545,148,234,231,10,43,170,173,56,city_driving,fuzzy
265.2301166398029,260,205,125,53,117,199,194,198,230,city_driving,fuzzy
265.24960055369854,316,75,111,146,19,199,75,55,202,city_driving,fuzzy
265.34889791791113,329,8,104,167,129,214,15,34,254,city_driving,fuzzy
265.8498116793926,545,162,3,101,151,98,67,144,32,city_driving,fuzzy
265.85909197182144,260,105,118,140,69,201,22,125,88,city_driving,fuzzy
265.8795083903844,316,123,3,74,95,16,104,61,185,city_driving,fuzzy
265.9786954706361,329,248,144,184,206,107,170,17,94,city_driving,fuzzy
266.47821820903425,545,112,50,84,90,182,205,148,90,city_driving,fuzzy
266.4874200555067,260,17,93,103,78,40,207,111,26,city_driving,fuzzy
266.50782413113166,316,162,239,85,4,153,112,182,26,city_driving,fuzzy
266.60711632337615,329,231,61,198,175,17,10,137,148,city_driving,fuzzy
267.1080339323061,545,166,200,30,1,125,153,106,142,city_driving,fuzzy
267.1183370987056,260,243,216,31,2,107,209,56,212,city_driving,fuzzy
267.137871093281,316,84,45,107,200,144,66,138,182,city_driving,fuzzy
267.23770102211034,329,167,87,169,182,169,166,194,116,city_driving,fuzzy
267.7370420623362,545,41,227,204,170,216,161,171,45,city_driving,fuzzy
267.74638636814115,260,199,146,80,96,106,41,51,163,city_driving,fuzzy
267.76655164853787,316,105,237,97,77,115,98,61,16,city_driving,fuzzy
267.86675918564123,329,249,129,169,99,189,70,30,225,city_driving,fuzzy
268.3664283603753,545,115,32,216,99,59,134,207,221,city_driving,fuzzy
268.3772302161818,260,64,125,198,169,254,12,245,29,city_driving,fuzzy
268.39817279989245,316,134,92,102,116,244,15,46,15,city_driving,fuzzy
268.49845380922113,329,92,227,228,16,69,9,160,76,city_driving,fuzzy
268.9977479626408,545,141,162,222,169,238,130,45,112,city_driving,fuzzy
269.00701551896987,260,231,84,82,215,196,56,231,148,city_driving,fuzzy
269.0268644058663,316,4,149,21,73,244,53,153,243,city_driving,fuzzy
269.12625535789863,329,44,246,97,156,192,222,153,119,city_driving,fuzzy
269.6272128122637,545,42,68,6,11,246,34,236,188,city_driving,fuzzy
269.6369672729955,260,120,127,149,251,130,11,86,11,city_driving,fuzzy
269.6562905773025,316,206,243,8,137,191,135,125,83,city_driving,fuzzy
269.75676803608144,329,27,77,133,98,47,184,62,1,city_driving,fuzzy
270.2571740409031,545,109,188,115,59,157,249,2,189,city_driving,fuzzy
270.26635545642966,260,2,170,96,233,230,37,96,16,city_driving,fuzzy
270.2858143628166,316,191,59,55,75,235,48,189,15,city_driving,fuzzy
270.38576305060485,329,94,130,205,44,1,1,43,104,city_driving,fuzzy
270.88539459118806,545,65,62,6,61,171,127,233,241,city_driving,fuzzy
270.895459681494,260,195,176,51,232,227,153,5,71,city_driving,fuzzy
270.91576088450245,316,75,171,168,115,180,119,103,54,city_driving,fuzzy
271.0162509349007,329,30,107,124,4,55,95,91,139,city_driving,fuzzy
271.5152615323346,545,51,48,84,91,128,161,184,117,city_driving,fuzzy
271.5256743566317,260,62,34,50,149,126,16,35,15,city_driving,fuzzy
271.5454426406555,316,166,232,152,69,238,230,47,249,city_driving,fuzzy
271.64490566055605,329,5,14,226,31,157,71,67,3,city_driving,fuzzy
272.144391773074,545,41,86,234,2,58,78,226,214,city_driving,fuzzy
272.1552969815741,260,24,167,44,155,194,210,95,47,city_driving,fuzzy
272.1760971725815,316,180,31,74,248,150,203,21,198,city_driving,fuzzy
272.2756212791545,329,239,226,27,137,37,218,67,162,city_driving,fuzzy
272.7746907752021,545,195,15,50,85,89,4,249,7,city_driving,fuzzy
272.78533194418816,260,140,2,57,89,109,242,133,241,city_driving,fuzzy
272.8055203816207,316,211,83,112,65,52,2,13,129,city_driving,fuzzy
272.9050830550241,329,85,34,161,162,163,46,242,127,city_driving,fuzzy
273.4056427813079,545,130,142,115,156,35,11,41,212,city_driving,fuzzy
273.41621007840496,260,77,124,160,57,191,149,243,246,city_driving,fuzzy
273.4361657284639,316,163,11,107,244,160,248,250,202,city_driving,fuzzy
273.53694205786394,329,60,209,91,19,37,60,46,207,city_driving,fuzzy
274.03667304454837,545,190,75,147,116,51,75,45,40,city_driving,fuzzy
274.04650579929796,260,145,93,88,227,96,2,14,88,city_driving,fuzzy
274.0671491875362,316,145,207,58,129,169,96,107,227,city_driving,fuzzy
274.1666643899058,329,134,205,141,118,164,117,141,212,city_driving,fuzzy
274.6667868349333,545,114,59,51,58,3,161,11,24,city_driving,fuzzy
274.6770459453209,260,30,137,168,77,116,127,244,60,city_driving,fuzzy
274.6972366031058,316,212,14,8,83,49,174,252,106,city_driving,fuzzy
274.79738956003496,329,94,29,84,234,51,230,127,34,city_driving,fuzzy
275.2975177066018,545,37,125,240,146,123,40,205,199,city_driving,fuzzy
275.3065992161108,260,197,251,117,59,201,122,8,211,city_driving,fuzzy
275.32679644157844,316,224,74,231,177,16,246,104,246,city_driving,fuzzy
275.42702535928595,329,163,19,128,128,85,88,62,136,city_driving,fuzzy
275.92744600445485,545,43,231,253,223,178,178,35,122,city_driving,fuzzy
275.936622873981,260,142,217,217,30,51,55,85,39,city_driving,fuzzy
275.9574970608702,316,29,26,211,61,213,217,34,106,city_driving,fuzzy
276.05780437822636,329,202,158,39,19,174,112,208,96,city_driving,fuzzy
276.558787923313,545,159,173,135,26,241,232,230,214,city_driving,fuzzy
276.5681039481347,260,88,176,126,246,98,29,161,225,city_driving,fuzzy
276.5882623390741,316,254,68,169,174,13,244,96,252,city_driving,fuzzy
276.68771818996794,329,190,36,238,10,224,16,65,99,city_driving,fuzzy
277.1881869649426,545,151,108,235,65,124,250,146,19,city_driving,fuzzy
277.19808452270854,260,106,105,0,137,85,219,48,52,city_driving,fuzzy
277.2174824964107,316,113,239,167,189,17,136,141,135,city_driving,fuzzy
277.31801037780167,329,31,127,114,171,133,191,190,34,city_driving,fuzzy
277.8185031234628,545,47,164,131,206,183,56,209,66,city_driving,fuzzy
277.82823826925835,260,146,153,29,239,225,25,127,12,city_driving,fuzzy
277.8474258494618,316,198,235,94,97,48,223,113,168,city_driving,fuzzy
277.9483409450862,329,39,70,130,46,7,57,16,160,city_driving,fuzzy
278.44802178101224,545,58,139,207,43,64,186,72,19,city_driving,fuzzy
278.457126647579,260,71,19,171,87,184,8,210,197,city_driving,fuzzy
278.4777727764899,316,142,160,206,206,182,40,243,80,city_driving,fuzzy
278.5776258543747,329,68,112,43,224,43,74,188,153,city_driving,fuzzy
279.0777641632584,545,91,122,159,168,108,46,132,121,city_driving,fuzzy
279.0884624232406,260,230,165,33,251,229,65,90,84,city_driving,fuzzy
279.1092154715998,316,196,141,129,232,205,88,133,40,city_driving,fuzzy
279.20890059486294,329,250,59,250,155,195,238,203,36,city_driving,fuzzy
279.7084158294398,545,68,141,1,206,12,66,91,97,city_driving,fuzzy
279.7193131197355,260,255,209,175,229,75,165,255,139,city_driving,fuzzy
279.73840324851113,316,140,92,250,126,72,152,12,99,city_driving,fuzzy
279.8385970044329,329,128,101,23,172,41,12,247,226,city_driving,fuzzy
280.3391543206541,545,228,16,255,189,236,219,232,124,city_driving,fuzzy
280.3482316885854,260,250,123,208,106,248,106,244,82,city_driving,fuzzy
280.3675598213778,316,136,125,232,170,2,134,2,42,city_driving,fuzzy
280.46779500756514,329,51,18,5,58,162,175,121,150,city_driving,fuzzy
280.9675294175699,545,163,140,64,32,50,176,174,10,city_driving,fuzzy
280.9766197166716,260,164,119,83,139,18,29,47,68,city_driving,fuzzy
280.99665585054106,316,150,123,148,180,175,74,126,124,city_driving,fuzzy
281.09726273083345,329,157,18,243,9,30,187,76,51,city_driving,fuzzy
281.5976923742854,545,189,208,55,168,66,238,193,71,city_driving,fuzzy
281.6071530976004,260,195,28,122,52,145,226,215,132,city_driving,fuzzy
281.62640728595363,316,158,91,44,225,183,14,179,77,city_driving,fuzzy
281.72694636999694,329,57,138,74,122,102,6,29,250,city_driving,fuzzy
282.2264905474112,545,149,43,179,247,106,165,7,113,city_driving,fuzzy
282.2370744728579,260,181,193,87,56,239,127,19,126,city_driving,fuzzy
282.2579961287846,316,177,26,199,148,169,32,222,29,city_driving,fuzzy
282.35718026995823,329,27,69,220,8,189,81,153,158,city_driving,fuzzy
282.8574718983488,545,146,160,165,8,160,209,36,136,city_driving,fuzzy
282.86761611583086,260,75,14,165,76,106,155,219,106,city_driving,fuzzy
282.88831061899776,316,232,177,42,56,142,66,248,253,city_driving,fuzzy
282.9879118642569,329,143,246,14,184,125,135,23,131,city_driving,fuzzy
283.48852028689464,545,182,189,241,10,105,71,39,66,city_driving,fuzzy
283.498894250859,260,68,128,181,113,180,187,115,221,city_driving,fuzzy
283.5197404878844,316,80,99,101,184,84,90,103,139,city_driving,fuzzy
283.61964725054514,329,14,170,0,183,146,118,203,14,city_driving,fuzzy
284.1195423988278,545,104,253,128,142,136,177,29,57,city_driving,fuzzy
284.129423244073,260,165,85,24,69,174,166,148,47,city_driving,fuzzy
284.1493108011707,316,49,167,226,153,170,157,123,177,city_driving,fuzzy
284.2501390262479,329,185,23,22,147,209,190,136,187,city_driving,fuzzy
284.7502758261577,545,242,190,16,226,88,229,205,217,city_driving,fuzzy
284.75951095893544,260,138,206,120,55,143,93,236,94,city_driving,fuzzy
284.77862909463516,316,60,158,79,153,93,55,163,69,city_driving,fuzzy
284.87883221116937,329,254,76,165,83,183,190,62,105,city_driving,fuzzy
285.378930461948,545,52,218,79,181,224,33,32,167,city_driving,fuzzy
285.3885479311898,260,34,163,113,63,174,54,193,30,city_driving,fuzzy
285.40761657582004,316,231,193,173,241,121,179,209,212,city_driving,fuzzy
285.50710158926603,329,53,175,176,113,34,159,78,177,city_driving,fuzzy
286.00646209268723,545,137,175,119,31,242,178,169,139,city_driving,fuzzy
286.0166140107547,260,137,30,132,247,133,237,131,172,city_driving,fuzzy
286.0365660858223,316,194,12,104,152,55,196,99,13,city_driving,fuzzy
286.1364347768551,329,243,173,19,178,88,195,180,122,city_driving,fuzzy
286.63582250371115,545,102,247,15,35,8,92,47,7,city_driving,fuzzy
286.6462030888991,260,148,64,248,42,8,127,34,58,city_driving,fuzzy
286.6659462705475,316,124,29,5,154,3,212,23,162,city_driving,fuzzy
286.7655901930602,329,142,240,224,57,195,72,49,124,city_driving,fuzzy
287.26599421906593,545,153,90,66,22,104,230,32,177,city_driving,fuzzy
287.27642317568245,260,23,96,227,177,196,166,125,81,city_driving,fuzzy
287.29682916318137,316,89,142,93,38,237,174,72,185,city_driving,fuzzy
287.3969876602743,329,210,196,168,162,67,38,57,209,city_driving,fuzzy
287.8967407569777,545,245,90,226,195,225,73,106,176,city_driving,fuzzy
287.9075643378693,260,120,248,63,137,182,111,30,53,city_driving,fuzzy
287.9276272252716,316,33,16,175,20,59,222,202,242,city_driving,fuzzy
288.0271493546027,329,211,155,204,78,185,98,140,42,city_driving,fuzzy
288.5268185344626,545,23,217,34,163,24,188,80,136,city_driving,fuzzy
288.53609218216656,260,230,220,174,202,188,86,63,248,city_driving,fuzzy
288.5562608977251,316,59,212,84,7,208,47,5,174,city_driving,fuzzy
288.6568358380112,329,238,80,221,170,206,179,47,31,city_driving,fuzzy
289.1571032953429,545,7,21,80,79,143,190,62,96,city_driving,fuzzy
289.16806580284737,260,40,98,35,15,174,97,186,142,city_driving,fuzzy
289.1870936079515,316,67,233,238,6,24,98,29,1,city_driving,fuzzy
289.2877771953723,329,240,33,140,213,184,56,111,126,city_driving,fuzzy
289.7884044145075,545,79,100,67,193,177,120,175,42,city_driving,fuzzy
289.798502827554,260,113,40,99,19,130,133,181,5,city_driving,fuzzy
289.8195004814695,316,23,163,151,206,169,14,44,208,city_driving,fuzzy
289.92049341775476,329,3,104,112,173,201,110,21,207,city_driving,fuzzy
290.420747805485,545,119,207,216,96,72,12,67,108,city_driving,fuzzy
290.4300378746321,260,221,72,240,97,166,126,130,102,city_driving,fuzzy
290.4494557321712,316,7,22,55,227,151,208,48,117,city_driving,fuzzy
290.5496260039583,329,205,152,252,125,143,66,147,83,city_driving,fuzzy
291.0504618855521,545,30,59,73,186,143,73,253,238,city_driving,fuzzy
291.0603434303817,260,182,176,107,87,182,30,117,76,city_driving,fuzzy
291.0807381396984,316,139,151,234,226,106,153,207,124,city_driving,fuzzy
291.1817043290584,329,75,52,66,89,172,89,224,50,city_driving,fuzzy
291.6814652130491,545,226,26,203,98,116,160,254,104,city_driving,fuzzy
291.69054997492395,260,112,246,148,225,116,233,74,156,city_driving,fuzzy
291.7113368338023,316,166,141,22,26,227,254,169,4,city_driving,fuzzy
291.8109993367713,329,74,240,148,161,112,246,5,114,city_driving,fuzzy
292.3105984504695,545,209,230,95,198,51,253,98,233,city_driving,fuzzy
292.32067048006115,260,254,111,14,47,19,75,56,0,city_driving,fuzzy
292.3414492034117,316,209,120,79,41,64,32,36,80,city_driving,fuzzy
292.4405233112051,329,155,26,148,62,30,211,189,246,city_driving,fuzzy
292.9407864471974,545,178,86,221,187,46,208,218,129,city_driving,fuzzy
292.94997180803796,260,187,227,218,84,237,45,221,139,city_driving,fuzzy
292.97063765102473,316,120,154,183,29,21,39,123,10,city_driving,fuzzy
293.0704502706673,329,104,103,200,242,186,135,225,81,city_driving,fuzzy
293.5709334759848,545,177,148,228,247,89,103,212,93,city_driving,fuzzy
293.5811839534354,260,134,94,253,67,169,26,187,156,city_driving,fuzzy
293.60067309488005,316,143,64,47,7,65,105,112,19,city_driving,fuzzy
293.7016627838984,329,145,109,77,108,0,224,91,201,city_driving,fuzzy
294.2016996407818,545,177,227,102,165,155,75,11,219,city_driving,fuzzy
294.2108386786199,260,195,5,237,201,148,243,207,142,city_driving,fuzzy
294.2315384571233,316,234,175,129,234,233,99,101,147,city_driving,fuzzy
294.33112370222466,329,152,251,49,137,46,146,102,21,city_driving,fuzzy
294.83103063029745,545,158,219,22,150,173,68,116,248,city_driving,fuzzy
294.83881526643614,260,30,174,74,120,208,13,199,165,city_driving,fuzzy
294.8596051993961,316,92,83,196,121,17,133,53,97,city_driving,fuzzy
294.959984313729,329,208,149,22,226,186,210,182,180,city_driving,fuzzy
295.460782859425,545,149,6,253,126,4,68,154,120,city_driving,fuzzy
295.4700289004259,260,1,26,59,127,229,134,121,218,city_driving,fuzzy
295.4896522091938,316,115,23,28,192,253,81,149,187,city_driving,fuzzy
295.59050173622995,329,24,36,154,63,199,6,170,233,city_driving,fuzzy
296.0914515747174,545,13,15,9,195,152,151,103,42,city_driving,fuzzy
296.10232551650483,260,191,90,57,67,229,22,139,160,city_driving,fuzzy
296.12189041072435,316,168,82,48,92,179,162,220,124,city_driving,fuzzy
296.2224917250861,329,98,235,76,179,89,8,208,131,city_driving,fuzzy
296.72240154934525,545,84,217,2,16,98,2,233,67,city_driving,fuzzy
296.7327868776173,260,15,108,184,144,108,76,83,245,city_driving,fuzzy
296.7522324126361,316,44,63,198,8,155,15,198,251,city_driving,fuzzy
296.8531661357162,329,33,16,37,38,217,124,129,75,city_driving,fuzzy
297.35397997425093,545,102,106,54,4,165,130,5,220,city_driving,fuzzy
297.36315875672017,260,221,138,35,111,82,150,155,146,city_driving,fuzzy
297.3824326235857,316,222,3,53,241,171,116,44,64,city_driving,fuzzy
297.47979369795416,329,70,18,168,91,66,63,154,34,city_driving,fuzzy
297.97990056313864,545,238,200,250,64,191,240,224,206,city_driving,fuzzy
297.99024994785316,260,90,188,187,83,210,157,235,18,city_driving,fuzzy
298.011173610884,316,184,213,209,54,101,155,97,199,city_driving,fuzzy
298.1106823067952,329,221,39,188,9,10,140,7,23,city_driving,fuzzy
298.6108026383425,545,46,102,181,30,199,106,179,232,city_driving,fuzzy
298.6202478962269,260,94,120,89,216,111,198,90,112,city_driving,fuzzy
298.6402386980707,316,26,156,90,209,158,230,179,8,city_driving,fuzzy
298.74056778293686,329,192,18,173,48,74,255,86,221,city_driving,fuzzy
299.2390329849535,545,29,158,70,43,29,207,199,32,city_driving,fuzzy
299.2486319342738,260,211,246,230,178,122,9,176,96,city_driving,fuzzy
299.26900702469936,316,134,198,177,70,158,35,26,174,city_driving,fuzzy
299.3692190861847,329,37,47,249,66,231,155,84,233,city_driving,fuzzy
299.8689740226884,545,89,128,150,45,217,45,218,158,city_driving,fuzzy
299.8781114610333,260,42,70,139,59,143,172,167,80,city_driving,fuzzy
299.89898265329487,316,12,114,99,112,113,204,1,157,city_driving,fuzzy
299.99898685430384,329,81,1,142,176,89,201,227,212,city_driving,fuzzy
300.4984112392875,545,117,78,52,179,57,94,84,144,city_driving,fuzzy
300.50907714891173,260,207,248,198,23,15,12,38,255,city_driving,fuzzy
300.52901654738025,316,194,137,221,114,70,123,194,133,city_driving,fuzzy
300.62855009470553,329,106,83,98,209,116,165,68,78,city_driving,fuzzy
301.12871368912164,545,174,15,197,109,235,14,58,44,city_driving,fuzzy
301.1388319744491,260,105,209,172,70,48,123,96,89,city_driving,fuzzy
301.1591046070208,316,77,193,83,3,28,80,211,185,city_driving,fuzzy
301.25860661666803,329,234,31,113,232,157,159,38,84,city_driving,fuzzy
301.758091527768,545,178,33,166,102,27,118,53,233,city_driving,fuzzy
301.7676179266884,260,187,70,246,63,108,123,63,45,city_driving,fuzzy
301.7874392975045,316,252,156,43,112,5,186,223,177,city_driving,fuzzy
301.8870779802225,329,65,64,228,81,111,197,179,68,city_driving,fuzzy
302.38795882459647,545,194,213,207,70,192,141,5,38,city_driving,fuzzy
302.39748097126807,260,148,121,157,144,154,25,226,166,city_driving,fuzzy
302.4173607815644,316,129,161,33,187,75,45,47,167,city_driving,fuzzy
302.5166194213948,329,151,237,63,110,23,245,41,41,city_driving,fuzzy
303.01737630781196,545,28,83,149,46,147,10,18,73,city_driving,fuzzy
303.02727968448806,260,250,49,99,129,49,106,15,240,city_driving,fuzzy
303.04785800343217,316,101,139,116,82,44,214,184,11,city_driving,fuzzy
303.14789245641293,329,133,167,229,112,83,211,131,60,city_driving,fuzzy
303.6482365722008,545,244,165,71,186,154,188,114,138,city_driving,fuzzy
303.65817716562987,260,59,72,55,173,36,8,133,216,city_driving,fuzzy
303.67789815556284,316,183,146,47,225,136,9,66,243,city_driving,fuzzy
303.777937333608,329,159,117,209,193,216,81,84,77,city_driving,fuzzy
304.2775673573676,545,138,251,250,44,144,101,179,162,city_driving,fuzzy
304.2870855245314,260,98,137,9,148,209,4,134,224,city_driving,fuzzy
304.30679288617694,316,94,153,58,247,21,147,22,157,city_driving,fuzzy
304.40765220315467,329,104,51,105,111,186,57,201,221,city_driving,fuzzy
304.9085303569858,545,225,152,44,178,98,133,62,22,city_driving,fuzzy
304.91800689869024,260,213,199,127,37,89,33,86,106,city_driving,fuzzy
304.9382984870097,316,210,226,190,247,209,184,187,6,city_driving,fuzzy
305.03868410820706,329,154,250,140,55,32,87,220,113,city_driving,fuzzy
305.53954067985575,545,113,78,187,145,238,190,231,243,city_driving,fuzzy
305.54964161932696,260,235,62,164,83,53,250,208,233,city_driving,fuzzy
305.56976539095814,316,223,236,223,172,245,216,86,43,city_driving,fuzzy
305.66985481025614,329,173,32,52,178,75,126,232,45,city_driving,fuzzy
306.17068405149126,545,71,165,37,70,112,157,182,20,city_driving,fuzzy
306.18120428362386,260,43,91,212,124,121,87,71,5,city_driving,fuzzy
306.2009614697642,316,107,228,214,59,101,201,190,241,city_driving,fuzzy
306.30066324297826,329,176,177,169,211,152,85,148,142,city_driving,fuzzy
306.80074072691554,545,12,253,136,35,38,42,158,226,city_driving,fuzzy
306.8109989545713,260,42,25,21,73,140,139,153,114,city_driving,fuzzy
306.8305659248292,316,116,237,87,214,235,184,65,44,city_driving,fuzzy
306.92988746195823,329,21,114,11,154,0,156,147,201,city_driving,fuzzy
307.4305441042366,545,253,115,12,190,63,187,109,152,city_driving,fuzzy
307.44137235392867,260,93,55,170,205,126,13,22,4,city_driving,fuzzy
307.4604176524269,316,217,159,64,181,10,205,141,141,city_driving,fuzzy
307.56101943350075,329,96,178,170,70,33,251,84,17,city_driving,fuzzy
308.06109222214207,545,107,162,143,127,77,70,122,220,city_driving,fuzzy
308.07091278791285,260,236,32,121,238,80,228,216,238,city_driving,fuzzy
308.0917413419603,316,3,151,118,93,107,41,6,210,city_driving,fuzzy
308.19121648548315,329,221,161,202,82,53,154,174,132,city_driving,fuzzy
308.6908714991167,545,86,22,185,45,255,63,40,23,city_driving,fuzzy
308.7000942032392,260,201,19,20,144,225,116,33,76,city_driving,fuzzy
308.7200341305521,316,228,67,28,18,38,41,132,88,city_driving,fuzzy
308.81946124698504,329,70,131,189,105,77,157,5,225,city_driving,fuzzy
309.3192310057945,545,70,145,103,60,134,58,125,61,city_driving,fuzzy
309.3289654160174,260,66,62,214,201,160,75,116,218,city_driving,fuzzy
309.34798430840783,316,223,50,75,227,98,41,216,66,city_driving,fuzzy
309.4469926862755,329,36,55,158,81,11,221,146,165,city_driving,fuzzy
309.94659974556004,545,206,62,31,156,66,71,116,251,city_driving,fuzzy
309.956792422991,260,0,87,96,149,193,242,161,59,city_driving,fuzzy
309.97737930384426,316,181,245,154,199,133,216,132,247,city_driving,fuzzy
310.0773303453913,329,99,1,216,2,224,90,143,244,city_driving,fuzzy
310.577201253564,545,162,34,205,158,247,248,242,137,city_driving,fuzzy
310.5873623248535,260,192,128,30,239,219,110,42,108,city_driving,fuzzy
310.6073836366324,316,189,68,44,235,224,215,47,131,city_driving,fuzzy
310.70742047581905,329,17,231,90,224,17,230,7,77,city_driving,fuzzy
311.20711088559545,545,57,153,166,251,74,75,179,127,city_driving,fuzzy
311.21735886701936,260,22,40,95,206,87,176,150,108,city_driving,fuzzy
311.23768490611747,316,198,156,82,235,251,64,53,103,city_driving,fuzzy
311.3380686273715,329,194,12,57,244,149,124,112,44,city_driving,fuzzy
311.8377318696398,545,49,42,140,228,99,82,34,202,city_driving,fuzzy
311.84719006191915,260,184,142,233,131,28,130,238,204,city_driving,fuzzy
311.8674868377283,316,70,175,69,6,75,16,198,87,city_driving,fuzzy
311.96772314386124,329,182,88,126,24,154,227,126,78,city_driving,fuzzy
312.46738973085183,545,174,224,174,54,160,108,167,187,city_driving,fuzzy
312.47787265539836,260,175,105,121,166,205,44,154,225,city_driving,fuzzy
312.4987265928209,316,85,85,113,104,57,130,72,29,city_driving,fuzzy
312.59959419166086,329,72,105,247,81,244,197,98,81,city_driving,fuzzy
313.0989124004911,545,154,127,40,197,113,217,162,198,city_driving,fuzzy
313.10908170441724,260,211,38,107,117,92,186,235,87,city_driving,fuzzy
313.12932634619625,316,171,12,185,87,12,188,34,91,city_driving,fuzzy
313.22999118855427,329,229,137,176,166,183,158,73,47,city_driving,fuzzy
313.7307122719864,545,171,237,71,139,8,103,150,34,city_driving,fuzzy
313.7399496999929,260,16,244,10,115,158,210,255,181,city_driving,fuzzy
313.75911237983644,316,77,170,200,55,219,72,52,242,city_driving,fuzzy
313.8591413269853,329,123,61,133,92,214,8,9,85,city_driving,fuzzy
314.3588805474752,545,191,129,136,39,26,152,24,153,city_driving,fuzzy
314.3694299183392,260,148,157,103,30,228,111,162,43,city_driving,fuzzy
314.38907597517675,316,166,181,100,135,78,91,70,38,city_driving,fuzzy
314.48814338199406,329,38,243,40,149,209,188,74,194,city_driving,fuzzy
314.9881090722703,545,115,211,111,251,247,88,58,219,city_driving,fuzzy
314.99686107162154,260,234,59,95,211,70,38,31,63,city_driving,fuzzy
315.0164584562206,316,250,226,110,18,224,238,74,120,city_driving,fuzzy
315.11669388710544,329,147,194,107,243,63,163,127,73,city_driving,fuzzy
315.6160654660977,545,219,204,99,184,55,172,163,96,city_driving,fuzzy
315.6252123583033,260,204,233,14,21,197,77,123,63,city_driving,fuzzy
315.6452185128266,316,49,103,142,73,55,100,145,55,city_driving,fuzzy
315.74610084325263,329,169,125,149,108,224,171,41,151,city_driving,fuzzy
316.24550777767985,545,154,239,60,106,80,10,127,107,city_driving,fuzzy
316.25473658379923,260,190,113,82,51,82,112,96,215,city_driving,fuzzy
316.2746543095616,316,167,19,216,250,130,1,115,103,city_driving,fuzzy
316.37512908983933,329,33,47,164,27,10,58,79,208,city_driving,fuzzy
316.87466709113636,545,190,206,117,160,228,207,228,78,city_driving,fuzzy
316.8851837925793,260,185,130,214,89,172,65,161,16,city_driving,fuzzy
316.9056743457968,316,252,137,60,65,138,249,246,174,city_driving,fuzzy
317.00539128294514,329,241,230,40,95,66,2,104,93,city_driving,fuzzy
317.50449409079295,545,113,22,218,228,87,121,155,215,city_driving,fuzzy
317.51397072563145,260,67,153,232,174,92,49,244,236,city_driving,fuzzy
317.53340666143293,316,87,182,203,255,71,126,8,46,city_driving,fuzzy
317.6339418312437,329,111,153,53,233,116,219,200,43,city_driving,fuzzy
318.13388666981166,545,40,237,53,247,146,3,207,78,city_driving,fuzzy
318.1419499686776,260,108,13,190,133,252,127,110,69,city_driving,fuzzy
318.16250901747924,316,197,11,236,177,46,36,139,154,city_driving,fuzzy
318.2627451535574,329,34,4,177,222,118,3,192,183,city_driving,fuzzy
318.76342928136137,545,137,99,181,0,121,165,161,151,city_driving,fuzzy
318.7736144393869,260,178,154,255,238,239,113,114,76,city_driving,fuzzy
318.79268751822445,316,205,182,135,222,153,100,119,253,city_driving,fuzzy
318.8921350739328,329,207,183,35,224,102,175,187,0,city_driving,fuzzy
319.39288469662654,545,40,56,94,91,142,80,223,17,city_driving,fuzzy
319.4034923932291,260,91,38,49,152,238,45,156,38,city_driving,fuzzy
319.42351855417,316,217,57,238,66,56,39,11,224,city_driving,fuzzy
319.52368178687294,329,113,54,118,123,222,64,86,152,city_driving,fuzzy
320.0230983519632,545,106,191,157,53,158,49,178,250,city_driving,fuzzy
320.03383294047404,260,152,82,81,31,117,47,182,67,city_driving,fuzzy
320.0544642646059,316,226,196,71,79,59,215,103,84,city_driving,fuzzy
320.1540164008409,329,112,115,169,17,202,93,63,99,city_driving,fuzzy
320.65365709849823,545,252,150,214,89,26,53,69,23,city_driving,fuzzy
320.6644616980472,260,253,202,0,167,156,196,11,40,city_driving,fuzzy
320.6852065789955,316,210,186,214,64,155,21,182,39,city_driving,fuzzy
320.78491383487426,329,212,14,232,148,202,223,186,93,city_driving,fuzzy
321.28472675278806,545,64,141,11,55,232,145,64,113,city_driving,fuzzy
321.295313379377,260,254,120,170,31,64,11,207,92,city_driving,fuzzy
321.3146781267897,316,120,176,161,154,128,252,25,179,city_driving,fuzzy
321.41524185450294,329,54,142,231,111,75,192,143,52,city_driving,fuzzy
321.91538063187915,545,70,151,252,191,135,142,108,207,city_driving,fuzzy
321.9244920119021,260,85,237,89,156,191,208,224,117,city_driving,fuzzy
321.9436713954489,316,10,23,125,25,87,146,49,55,city_driving,fuzzy
322.04456051917936,329,201,117,109,17,243,189,56,5,city_driving,fuzzy
322.54475524148063,545,18,52,144,241,29,61,17,241,city_driving,fuzzy
322.55534191538044,260,158,192,227,41,100,103,173,116,city_driving,fuzzy
322.57575907667473,316,89,179,96,8,114,165,180,76,city_driving,fuzzy
322.6752507508833,329,125,101,141,65,54,52,50,152,city_driving,fuzzy
323.17483980908344,545,108,200,196,216,193,134,113,58,city_driving,fuzzy
323.1846851975769,260,49,34,200,239,7,22,114,98,city_driving,fuzzy
323.20436578743096,316,168,82,146,108,173,202,87,155,city_driving,fuzzy
323.30378310301353,329,189,170,185,230,105,177,159,98,city_driving,fuzzy
323.8034994943113,545,222,160,229,167,179,112,72,44,city_driving,fuzzy
323.8144252356335,260,129,44,114,20,38,170,79,86,city_driving,fuzzy
323.83497999935963,316,146,126,43,48,178,81,235,152,city_driving,fuzzy
323.9355206964994,329,70,128,253,133,161,18,57,133,city_driving,fuzzy
324.4363202989518,545,208,230,3,45,165,130,124,198,city_driving,fuzzy
324.44620495017546,260,136,25,101,5,158,231,203,67,city_driving,fuzzy
324.46615333427764,316,142,17,244,196,124,137,222,115,city_driving,fuzzy
324.56676187819517,329,252,135,46,122,4,130,51,65,city_driving,fuzzy
325.06666985230163,545,53,92,113,128,250,136,199,220,city_driving,fuzzy
325.077121065041,260,50,89,250,187,208,225,123,249,city_driving,fuzzy
325.09649708608134,316,134,227,9,160,156,205,230,136,city_driving,fuzzy
325.19632423991413,329,164,82,127,181,199,136,229,94,city_driving,fuzzy
325.6965532724639,545,197,17,101,75,121,96,253,73,city_driving,fuzzy
325.7056713123347,260,130,153,59,16,37,203,127,86,city_driving,fuzzy
325.72528803125607,316,81,192,21,161,126,208,40,238,city_driving,fuzzy
325.8260201238325,329,3,198,31,127,39,23,209,147,city_driving,fuzzy
326.32603313169943,545,195,142,66,25,19,190,164,193,city_driving,fuzzy
326.33562659438473,260,37,3,159,76,6,194,49,135,city_driving,fuzzy
326.3561612137847,316,173,158,127,19,107,153,166,87,city_driving,fuzzy
326.456549685064,329,63,216,167,36,168,82,210,57,city_driving,fuzzy
326.9567503347498,545,165,124,227,236,13,201,198,102,city_driving,fuzzy
326.96597818833044,260,34,81,170,104,149,105,42,180,city_driving,fuzzy
326.98655570279493,316,44,34,104,162,21,240,40,222,city_driving,fuzzy
327.08683509776984,329,152,199,64,6,23,130,201,27,city_driving,fuzzy
327.5875769664513,545,128,103,23,165,22,4,16,117,city_driving,fuzzy
327.5977609232589,260,83,255,145,122,195,81,239,125,city_driving,fuzzy
327.61702431689497,316,243,213,40,166,106,221,172,149,city_driving,fuzzy
327.7171426810067,329,135,195,174,19,3,81,65,164,city_driving,fuzzy
328.2168805708926,545,129,217,158,192,10,36,51,238,city_driving,fuzzy
328.2276132565496,260,94,56,190,153,175,102,21,2,city_driving,fuzzy
328.2481707476834,316,204,10,122,238,126,180,49,224,city_driving,fuzzy
328.3486730954962,329,170,118,230,201,197,184,40,18,city_driving,fuzzy
328.84802246208665,545,217,87,100,227,10,133,29,160,city_driving,fuzzy
328.8581443325742,260,190,30,55,217,127,203,19,215,city_driving,fuzzy
328.87629372179816,316,215,140,103,45,40,246,114,161,city_driving,fuzzy
328.9759759490771,329,21,18,6,137,125,172,141,97,city_driving,fuzzy
329.4753501548821,545,27,83,236,133,212,201,4,184,city_driving,fuzzy
329.48590465719275,260,11,92,150,178,172,236,52,106,city_driving,fuzzy
329.50534822895474,316,118,144,221,46,210,147,97,169,city_driving,fuzzy
329.6054005688063,329,206,108,25,140,126,96,160,101,city_driving,fuzzy
330.10505338853187,545,126,135,4,128,14,79,165,139,city_driving,fuzzy
330.11531385365225,260,245,69,103,81,45,1,211,193,city_driving,fuzzy
330.13589696693083,316,166,189,220,85,138,128,214,148,city_driving,fuzzy
330.2363278237009,329,12,56,29,17,115,175,236,120,city_driving,fuzzy
330.73709393767234,545,142,118,200,37,179,224,21,173,city_driving,fuzzy
330.74703779773864,260,176,50,27,231,251,247,24,30,city_driving,fuzzy
330.76721257644493,316,159,178,151,211,2,113,89,124,city_driving,fuzzy
330.86641831468853,329,150,124,76,5,229,152,95,94,city_driving,fuzzy
331.36717282978464,545,13,114,68,54,240,29,199,20,city_driving,fuzzy
331.37744453464296,260,57,50,54,93,58,101,255,14,city_driving,fuzzy
331.39752868337104,316,150,45,115,213,226,163,78,116,city_driving,fuzzy
331.49750706427994,329,74,79,165,171,133,156,241,92,city_driving,fuzzy
331.9974846804037,545,168,52,194,233,226,51,171,159,city_driving,fuzzy
332.00814290413103,260,101,89,209,125,213,48,25,255,city_driving,fuzzy
332.02792994435526,316,112,171,183,231,241,31,251,152,city_driving,fuzzy
332.1288652898761,329,8,77,18,159,253,238,55,149,city_driving,fuzzy
332.6291292167469,545,80,184,183,220,249,90,169,29,city_driving,fuzzy
332.6382876854389,260,118,131,196,19,217,81,250,212,city_driving,fuzzy
332.6589925860322,316,245,139,229,46,206,114,61,27,city_driving,fuzzy
332.7583633132221,329,73,40,80,159,118,181,4,86,city_driving,fuzzy
333.2588533168801,545,19,162,102,249,146,76,199,155,city_driving,fuzzy
333.2687315503192,260,168,131,22,233,244,219,225,127,city_driving,fuzzy
333.289248220687,316,75,146,2,13,157,180,144,183,city_driving,fuzzy
333.3884473443401,329,109,48,193,255,215,11,191,181,city_driving,fuzzy
333.887473835502,545,160,15,119,45,38,232,56,224,city_driving,fuzzy
333.8971873655902,260,207,189,10,170,102,103,0,125,city_driving,fuzzy
333.917692126251,316,224,146,42,79,162,200,223,235,city_driving,fuzzy
334.01800950641507,329,46,232,127,98,190,118,80,121,city_driving,fuzzy
334.51717320606895,545,159,190,112,118,191,213,96,41,city_driving,fuzzy
334.5279648638025,260,99,61,126,174,235,252,210,175,city_driving,fuzzy
334.54803457956956,316,84,112,188,80,94,139,186,30,city_driving,fuzzy
334.6480395389752,329,103,25,124,174,125,72,64,239,city_driving,fuzzy
335.1481056477738,545,218,130,144,179,73,228,61,217,city_driving,fuzzy
335.15898223782125,260,195,249,170,248,153,164,26,25,city_driving,fuzzy
335.1790769071188,316,20,135,31,163,69,86,89,140,city_driving,fuzzy
335.27849130921845,329,0,48,199,58,79,114,17,183,city_driving,fuzzy
335.77769853211845,545,170,134,115,111,62,220,10,114,city_driving,fuzzy
335.7880596976968,260,212,105,190,253,81,137,71,144,city_driving,fuzzy
335.80767376693274,316,8,203,46,177,117,17,231,248,city_driving,fuzzy
335.9067520417679,329,27,230,86,137,6,105,170,159,city_driving,fuzzy
336.4055229349769,545,92,202,83,129,170,250,82,215,city_driving,fuzzy
336.41636031521404,260,90,121,88,203,92,180,115,233,city_driving,fuzzy
336.43602656955574,316,149,246,88,16,4,45,210,160,city_driving,fuzzy
336.53767604629456,329,155,113,6,54,136,91,2,17,city_driving,fuzzy
337.0376954332427,545,204,173,156,55,86,202,90,81,city_driving,fuzzy
337.0476790283853,260,179,117,7,37,159,173,150,137,city_driving,fuzzy
337.06668564780233,316,40,106,255,74,117,52,252,146,city_driving,fuzzy
337.1666045926926,329,90,66,167,176,21,235,28,25,city_driving,fuzzy
337.6661948186153,545,116,233,133,244,205,84,144,232,city_driving,fuzzy
337.67566030223503,260,4,215,148,151,103,197,50,57,city_driving,fuzzy
337.6951269519952,316,120,134,123,70,150,85,47,183,city_driving,fuzzy
337.79577398337534,329,195,157,160,84,32,182,48,187,city_driving,fuzzy
338.2957665208894,545,129,174,227,87,5,214,88,40,city_driving,fuzzy
338.3056380287227,260,106,156,19,216,121,96,245,98,city_driving,fuzzy
338.3254821664883,316,62,228,184,175,109,122,182,151,city_driving,fuzzy
338.42543003497883,329,133,107,109,38,102,254,57,16,city_driving,fuzzy
338.92569797665203,545,230,194,18,153,136,167,254,68,city_driving,fuzzy
338.9350403276911,260,252,247,194,189,220,15,12,128,city_driving,fuzzy
338.95566850918726,316,65,101,158,183,163,234,208,252,city_driving,fuzzy
339.05644458653023,329,68,242,162,239,180,150,199,225,city_driving,fuzzy
339.5563139798586,545,36,36,201,136,156,244,30,16,city_driving,fuzzy
339.56609340792403,260,204,114,251,38,159,228,8,177,city_driving,fuzzy
339.58522653860905,316,32,105,220,239,156,110,62,235,city_driving,fuzzy
339.6847463500833,329,79,73,127,237,121,96,53,7,city_driving,fuzzy
340.1854009114161,545,67,53,138,205,232,175,252,247,city_driving,fuzzy
340.1949664286482,260,150,69,148,134,88,100,251,228,city_driving,fuzzy
340.2142958689754,316,174,223,110,147,87,198,31,219,city_driving,fuzzy
340.3136381702744,329,235,105,8,154,110,248,10,88,city_driving,fuzzy
340.813505026853,545,212,28,217,106,209,124,124,84,city_driving,fuzzy
340.82375706121746,260,91,220,21,66,182,130,17,105,city_driving,fuzzy
340.84282673413236,316,90,71,208,183,158,45,250,58,city_driving,fuzzy
340.94274918877903,329,144,250,45,58,87,178,36,42,city_driving,fuzzy
341.4436283893624,545,249,14,130,208,72,209,74,153,city_driving,fuzzy
341.4543881716255,260,192,225,216,60,255,96,182,68,city_driving,fuzzy
341.47431969341636,316,203,179,75,73,183,31,50,152,city_driving,fuzzy
341.57427312568024,329,51,118,55,34,151,11,3,57,city_driving,fuzzy
342.0744862772441,545,156,131,141,136,255,75,74,172,city_driving,fuzzy
342.08404465409075,260,15,8,147,105,104,147,111,186,city_driving,fuzzy
342.10153848425955,316,182,252,47,123,5,131,43,235,city_driving,fuzzy
342.20210543647573,329,156,227,153,195,54,245,225,204,city_driving,fuzzy
342.7020590966169,545,55,126,143,171,60,192,7,71,city_driving,fuzzy
342.7120652749892,260,63,13,255,116,74,46,114,20,city_driving,fuzzy
342.7324581132028,316,192,41,114,143,95,219,145,111,city_driving,fuzzy
342.83332622309547,329,32,115,33,241,9,95,107,239,city_driving,fuzzy
343.3329060871511,545,148,52,94,221,14,58,169,176,city_driving,fuzzy
343.3437670120708,260,183,105,86,95,199,15,129,77,city_driving,fuzzy
343.36357756204785,316,226,119,228,185,160,172,39,59,city_driving,fuzzy
343.46264166906917,329,132,45,24,95,110,250,98,92,city_driving,fuzzy
343.96236892842825,545,72,221,37,147,208,16,243,26,city_driving,fuzzy
343.9716065683873,260,171,195,42,142,33,105,134,229,city_driving,fuzzy
343.9919557913606,316,251,185,250,90,16,121,145,23,city_driving,fuzzy
344.0926553791778,329,91,172,193,74,121,3,195,131,city_driving,fuzzy
344.5918780701443,545,60,91,243,230,50,78,207,137,city_driving,fuzzy
344.6025822474583,260,194,161,191,162,148,13,226,233,city_driving,fuzzy
344.62252789573785,316,124,64,160,1,53,13,56,37,city_driving,fuzzy
344.72177978673466,329,251,122,14,82,2,107,169,217,city_driving,fuzzy
345.2208054591249,545,26,104,243,241,231,191,160,157,city_driving,fuzzy
345.2313153366999,260,196,132,250,180,252,86,47,221,city_driving,fuzzy
345.2506373833881,316,228,46,95,45,46,13,67,89,city_driving,fuzzy
345.35033511669235,329,133,193,6,253,50,198,53,156,city_driving,fuzzy
345.85090016915194,545,113,103,153,135,136,250,193,149,city_driving,fuzzy
345.86169981592764,260,213,243,121,108,49,173,6,42,city_driving,fuzzy
345.88078809573125,316,247,86,154,244,152,185,118,253,city_driving,fuzzy
345.98004921663164,329,10,10,4,5,115,210,125,196,city_driving,fuzzy
346.48080454318665,545,236,174,147,210,40,94,246,88,city_driving,fuzzy
346.49110904844093,260,240,191,43,167,44,102,74,77,city_driving,fuzzy
346.51135968065955,316,63,167,127,250,71,126,62,58,city_driving,fuzzy
346.6116586998036,329,223,195,254,201,201,255,50,196,city_driving,fuzzy
347.11109601954064,545,66,243,147,3,98,220,137,157,city_driving,fuzzy
347.12134818922624,260,195,49,65,212,40,253,5,59,city_driving,fuzzy
347.14142264288216,316,19,100,231,192,232,45,12,124,city_driving,fuzzy
347.2422358965046,329,123,11,121,11,6,15,207,93,city_driving,fuzzy
347.7418820870477,545,208,89,222,73,147,100,27,230,city_driving,fuzzy
347.75275546961683,260,158,217,219,233,51,221,118,127,city_driving,fuzzy
347.77368815895727,316,17,226,145,172,32,127,133,211,city_driving,fuzzy
347.87333134063414,329,189,194,59,94,174,20,239,206,city_driving,fuzzy
348.37301189390814,545,234,220,186,155,187,83,159,84,city_driving,fuzzy
348.3821291146979,260,208,29,114,117,147,52,156,191,city_driving,fuzzy
348.40151846985265,316,112,15,244,51,131,79,18,154,city_driving,fuzzy
348.50225311980756,329,251,123,126,254,158,211,159,137,city_driving,fuzzy
349.00278001047394,545,113,138,155,191,197,22,36,162,city_driving,fuzzy
349.01343088567586,260,54,245,53,114,89,209,139,243,city_driving,fuzzy
349.0337086839676,316,88,43,51,117,87,210,62,72,city_driving,fuzzy
349.133588208405,329,165,241,126,81,76,20,218,82,city_driving,fuzzy
349.6337965807705,545,106,137,175,105,154,63,34,200,city_driving,fuzzy
349.6446508513252,260,20,36,243,103,26,185,126,177,city_driving,fuzzy
349.6644111467571,316,29,222,133,157,9,65,223,29,city_driving,fuzzy
349.76421811634384,329,68,232,77,101,242,148,188,87,city_driving,fuzzy
350.2635468549171,545,95,56,143,180,191,16,134,95,city_driving,fuzzy
350.27309149269456,260,98,181,219,76,38,203,20,176,city_driving,fuzzy
350.29373927029184,316,46,192,231,158,175,243,85,63,city_driving,fuzzy
350.3945794696651,329,185,237,133,1,114,172,98,46,city_driving,fuzzy
350.8950461558209,545,174,255,135,96,67,25,83,129,city_driving,fuzzy
350.9049086414289,260,38,51,106,26,46,209,193,167,city_driving,fuzzy
350.92434304761485,316,167,41,241,100,237,47,125,143,city_driving,fuzzy
351.0241128454198,329,55,74,155,77,156,109,68,93,city_driving,fuzzy
351.52360301279816,545,201,30,231,252,228,123,113,118,city_driving,fuzzy
351.53434384757867,260,34,89,119,80,233,166,176,116,city_driving,fuzzy
351.55429302383885,316,206,216,156,85,114,154,124,19,city_driving,fuzzy
351.6541776692099,329,47,146,156,245,66,33,93,245,city_driving,fuzzy
352.15467962947616,545,168,147,184,51,57,229,111,140,city_driving,fuzzy
352.16479527285685,260,18,46,26,42,244,105,196,120,city_driving,fuzzy
352.18479919576845,316,54,216,140,34,124,173,88,199,city_driving,fuzzy
352.2838534530733,329,154,247,30,193,75,199,84,248,city_driving,fuzzy
352.7844810485201,545,26,129,207,9,128,48,175,141,city_driving,fuzzy
352.7941037532771,260,163,112,174,12,164,215,52,193,city_driving,fuzzy
352.81456628825106,316,238,212,184,243,9,204,234,15,city_driving,fuzzy
352.91410886464394,329,99,132,133,30,157,32,151,145,city_driving,fuzzy
353.4143876987241,545,114,180,103,34,166,57,251,143,city_driving,fuzzy
353.4239479224794,260,129,92,160,104,161,57,78,5,city_driving,fuzzy
353.4440919511656,316,141,84,23,142,14,245,0,22,city_driving,fuzzy
353.5438451086706,329,30,155,119,224,243,48,6,65,city_driving,fuzzy
354.0434501010618,545,211,248,127,91,107,248,139,201,city_driving,fuzzy
354.0541930695617,260,66,11,59,205,248,255,32,80,city_driving,fuzzy
354.07347685975674,316,26,235,159,232,112,101,253,15,city_driving,fuzzy
354.17362133308137,329,250,218,93,107,144,137,115,14,city_driving,fuzzy
354.6732431140527,545,156,119,91,249,31,255,139,2,city_driving,fuzzy
354.68339619006616,260,224,134,120,40,137,89,16,231,city_driving,fuzzy
354.7028330210017,316,120,155,168,111,48,8,17,26,city_driving,fuzzy
354.80286790618504,329,195,125,247,146,199,144,172,29,city_driving,fuzzy
355.303210090676,545,37,229,38,12,215,38,8,226,city_driving,fuzzy
355.3141091981538,260,112,111,66,240,92,234,43,10,city_driving,fuzzy
355.3350183525409,316,96,118,227,44,162,218,113,4,city_driving,fuzzy
355.435650216443,329,80,139,132,168,80,101,109,94,city_driving,fuzzy
355.93612296101566,545,82,200,170,11,229,249,172,121,city_driving,fuzzy
355.9459326952344,260,9,224,239,43,153,143,57,139,city_driving,fuzzy
355.9662807911585,316,64,72,97,219,137,187,249,192,city_driving,fuzzy
356.0657234404879,329,195,15,3,151,146,52,245,121,city_driving,fuzzy
356.5662763411794,545,14,229,51,230,4,233,63,59,city_driving,fuzzy
356.5767299070703,260,83,125,164,57,205,109,240,134,city_driving,fuzzy
356.59614484225875,316,36,153,74,232,5,232,80,148,city_driving,fuzzy
356.6966009717454,329,47,202,151,67,126,142,139,108,city_driving,fuzzy
357.19705743096904,545,237,120,152,28,233,249,16,151,city_driving,fuzzy
357.20667561617205,260,9,173,180,72,56,249,249,104,city_driving,fuzzy
357.2265657425692,316,38,185,241,195,0,231,242,198,city_driving,fuzzy
357.3270722666539,329,73,42,217,105,162,205,201,18,city_driving,fuzzy
357.8268557819665,545,11,132,246,248,53,103,38,49,city_driving,fuzzy
357.83629778583725,260,109,32,150,2,196,234,141,70,city_driving,fuzzy
357.8556372835829,316,254,82,68,78,101,58,196,95,city_driving,fuzzy
357.9560863018411,329,213,204,91,95,170,149,47,200,city_driving,fuzzy
358.4550874751663,545,106,255,235,128,218,137,7,19,city_driving,fuzzy
358.46436646137767,260,94,80,192,68,133,115,222,182,city_driving,fuzzy
358.4846977083648,316,190,94,111,70,243,51,128,200,city_driving,fuzzy
358.58454309983824,329,178,24,9,235,176,19,23,229,city_driving,fuzzy
359.08499777381627,545,226,176,53,173,48,170,200,112,city_driving,fuzzy
359.0953438992866,260,169,190,225,113,141,130,213,60,city_driving,fuzzy
359.11562951498433,316,206,164,139,21,173,95,47,120,city_driving,fuzzy
359.2164070206567,329,184,179,186,246,23,77,198,20,city_driving,fuzzy
359.7165515538703,545,134,242,222,165,146,217,207,186,city_driving,fuzzy
359.72572431996167,260,218,65,143,224,39,116,203,196,city_driving,fuzzy
359.74480068458337,316,31,231,100,245,183,163,246,251,city_driving,fuzzy
359.8449282931743,329,185,148,89,43,184,197,17,181,city_driving,fuzzy
360.3443000060715,545,129,137,61,91,171,142,216,251,city_driving,fuzzy
360.35397519694527,260,231,67,166,114,173,19,7,123,city_driving,fuzzy
360.37485901200705,316,33,208,254,161,208,245,69,122,city_driving,fuzzy
360.473949248095,329,173,114,150,230,47,111,220,119,city_driving,fuzzy
360.97366866189765,545,51,13,237,52,13,247,122,54,city_driving,fuzzy
360.9830892735476,260,152,115,108,12,5,92,222,48,city_driving,fuzzy
361.00369971632824,316,170,243,188,204,150,188,152,205,city_driving,fuzzy
361.1028335347657,329,113,45,148,74,121,201,56,177,city_driving,fuzzy
361.6019972369239,545,151,62,79,150,159,191,13,153,city_driving,fuzzy
361.61287573953615,260,90,209,248,129,33,244,202,22,city_driving,fuzzy
361.63325023978007,316,208,118,51,76,164,35,103,246,city_driving,fuzzy
361.73243325290906,329,191,234,116,151,125,133,239,92,city_driving,fuzzy
362.23174301963905,545,63,152,191,136,171,9,154,106,city_driving,fuzzy
362.2416465760087,260,208,92,251,119,132,69,241,58,city_driving,fuzzy
362.26216633669566,316,126,130,100,247,219,209,115,104,city_driving,fuzzy
362.3625501410142,329,243,244,86,194,213,87,102,255,city_driving,fuzzy
362.862258680446,545,101,224,22,127,4,196,97,205,city_driving,fuzzy
362.8721286751348,260,92,98,173,184,117,108,175,55,city_driving,fuzzy
362.8911802146384,316,226,240,198,170,139,152,137,121,city_driving,fuzzy
362.9909167668325,329,188,210,231,41,122,11,79,195,city_driving,fuzzy
363.49153104565437,545,50,137,251,52,119,145,118,22,city_driving,fuzzy
363.5025221457283,260,168,103,196,223,142,212,109,178,city_driving,fuzzy
363.52349447316845,316,238,129,68,68,181,177,18,67,city_driving,fuzzy
363.6227148803519,329,155,78,69,185,205,252,214,17,city_driving,fuzzy
364.12352157724916,545,158,37,82,0,114,39,2,62,city_driving,fuzzy
364.13451221315205,260,170,240,13,120,186,129,248,128,city_driving,fuzzy
364.1549384953244,316,56,48,81,109,75,178,238,252,city_driving,fuzzy
364.25577701295043,329,137,11,190,76,50,158,220,235,city_driving,fuzzy
364.7559798337165,545,106,129,212,23,119,29,226,144,city_driving,fuzzy
364.76514765031914,260,44,45,194,83,237,97,14,56,city_driving,fuzzy
364.7841844110577,316,123,140,45,72,207,154,101,191,city_driving,fuzzy
364.884737729129,329,102,0,126,119,107,252,152,234,city_driving,fuzzy
365.3856868308184,545,159,86,42,200,5,31,80,35,city_driving,fuzzy
365.3957890483561,260,211,217,173,155,115,154,178,55,city_driving,fuzzy
365.4150853325538,316,109,192,147,201,89,127,95,208,city_driving,fuzzy
365.5155210520464,329,138,117,224,83,63,29,37,54,city_driving,fuzzy
366.01626892606214,545,193,175,201,123,186,33,140,164,city_driving,fuzzy
366.0267349960791,260,154,121,52,226,37,165,98,168,city_driving,fuzzy
366.04719428271983,316,213,72,93,193,16,120,250,231,city_driving,fuzzy
366.1495536107533,329,232,136,185,59,190,207,220,216,city_driving,fuzzy
366.6492541363319,545,222,184,30,109,131,37,203,129,city_driving,fuzzy
366.65999277939267,260,130,219,94,42,16,111,92,24,city_driving,fuzzy
366.6791139623954,316,213,245,185,169,131,185,176,153,city_driving,fuzzy
366.778144537907,329,79,221,223,213,255,50,60,117,city_driving,fuzzy
367.27871179402206,545,85,127,59,42,157,190,115,163,city_driving,fuzzy
367.28779797743096,260,60,233,49,172,48,157,94,127,city_driving,fuzzy
367.3071791297685,316,82,98,199,218,149,114,168,105,city_driving,fuzzy
367.4068407168733,329,163,107,41,46,128,221,158,235,city_driving,fuzzy
367.9058473000522,545,245,95,195,139,99,135,212,65,city_driving,fuzzy
367.9149455286727,260,0,117,51,104,202,249,221,185,city_driving,fuzzy
367.9341869065341,316,226,144,195,228,72,113,53,176,city_driving,fuzzy
368.0343113777886,329,38,228,247,75,24,213,80,76,city_driving,fuzzy
368.533780399461,545,109,71,187,27,174,243,171,62,city_driving,fuzzy
368.54359060025195,260,209,21,36,180,147,230,108,224,city_driving,fuzzy
368.5640927078855,316,62,195,217,136,205,49,46,18,city_driving,fuzzy
368.664833308677,329,24,161,96,198,90,208,212,27,city_driving,fuzzy
369.1657884608118,545,71,209,226,164,27,72,76,245,city_driving,fuzzy
369.1760704387929,260,238,154,157,153,252,10,188,17,city_driving,fuzzy
369.19693376362926,316,155,200,196,93,39,56,49,11,city_driving,fuzzy
369.29786889982074,329,209,162,76,248,218,198,216,14,city_driving,fuzzy
369.79883929173894,545,38,175,193,112,10,92,204,242,city_driving,fuzzy
369.8096237733561,260,213,165,118,133,247,124,92,155,city_driving,fuzzy
369.8302703437953,316,196,101,190,1,58,206,28,55,city_driving,fuzzy
369.9297737502411,329,34,24,179,223,89,163,145,20,city_driving,fuzzy
370.4290929249205,545,24,80,128,218,174,117,76,175,city_driving,fuzzy
370.4386815669399,260,19,223,232,144,47,24,216,78,city_driving,fuzzy
370.45821057055053,316,194,74,15,164,51,186,248,172,city_driving,fuzzy
370.5581879522761,329,144,110,123,105,10,0,186,101,city_driving,fuzzy
371.0572893161204,545,86,31,202,189,30,248,96,104,city_driving,fuzzy
371.06655126467706,260,246,5,19,163,162,232,43,142,city_driving,fuzzy
371.08597180275586,316,27,28,232,104,38,145,237,161,city_driving,fuzzy
371.1863322009008,329,82,167,217,77,161,76,107,76,city_driving,fuzzy
371.6855143077005,545,152,60,203,126,211,250,142,81,city_driving,fuzzy
371.695389999152,260,112,189,214,161,200,189,214,250,city_driving,fuzzy
371.7156686527852,316,16,8,221,88,96,29,61,134,city_driving,fuzzy
371.8161745083565,329,78,154,21,146,217,157,209,45,city_driving,fuzzy
372.3165719377634,545,130,39,114,151,18,182,26,23,city_driving,fuzzy
372.3261856959318,260,47,243,238,129,141,192,109,161,city_driving,fuzzy
372.3461583588575,316,172,29,78,2,254,114,126,36,city_driving,fuzzy
372.44541817353974,329,50,26,107,33,25,91,215,76,city_driving,fuzzy
372.9446024615874,545,5,170,184,233,31,33,43,67,city_driving,fuzzy
372.953654857541,260,213,7,27,147,95,46,155,108,city_driving,fuzzy
372.9736235106012,316,143,117,184,89,44,192,187,178,city_driving,fuzzy
373.0738120413946,329,71,179,20,133,177,238,105,149,city_driving,fuzzy
373.57305085803415,545,175,221,136,224,63,10,157,28,city_driving,fuzzy
373.5836494280886,260,113,157,238,24,49,26,234,252,city_driving,fuzzy
373.6045540777779,316,141,84,228,46,174,233,138,41,city_driving,fuzzy
373.7054521920825,329,201,213,7,183,24,24,225,134,city_driving,fuzzy
374.2063162889193,545,81,200,82,195,13,130,58,169,city_driving,fuzzy
374.21571560612927,260,56,41,144,33,169,161,52,172,city_driving,fuzzy
374.23472424306783,316,69,97,45,29,163,87,27,220,city_driving,fuzzy
374.33537495971086,329,141,59,215,205,190,157,241,27,city_driving,fuzzy
374.8363342564385,545,179,81,203,175,205,191,245,118,city_driving,fuzzy
374.8455416184942,260,131,246,91,2,80,251,117,182,city_driving,fuzzy
374.8657826760201,316,192,176,215,200,200,113,98,20,city_driving,fuzzy
374.9653902096609,329,142,213,204,123,83,227,238,108,city_driving,fuzzy
375.4663119500496,545,172,76,245,167,231,83,157,43,city_driving,fuzzy
375.4765856420423,260,71,213,53,36,39,195,95,25,city_driving,fuzzy
375.4975677876434,316,102,23,209,20,207,228,108,53,city_driving,fuzzy
375.59753902153744,329,24,225,227,108,240,240,62,22,city_driving,fuzzy
376.09824121235624,545,244,64,174,174,201,80,139,78,city_driving,fuzzy
376.10875843540293,260,211,229,194,209,128,242,41,52,city_driving,fuzzy
376.1281058657804,316,57,229,16,79,56,243,102,61,city_driving,fuzzy
376.22789613834954,329,114,12,35,114,207,134,16,38,city_driving,fuzzy
376.7276289266897,545,12,116,107,221,11,46,160,239,city_driving,fuzzy
376.7366583933669,260,166,168,240,36,187,22,38,156,city_driving,fuzzy
376.75642347449457,316,92,150,206,92,254,98,207,238,city_driving,fuzzy
376.8558225683305,329,36,188,108,182,234,221,132,219,city_driving,fuzzy
377.35489788259434,545,49,183,150,221,160,117,223,32,city_driving,fuzzy
377.3639920025088,260,15,135,154,89,7,175,184,62,city_driving,fuzzy
377.38319894606246,316,199,48,85,79,201,171,189,218,city_driving,fuzzy
377.48255589937753,329,20,248,68,5,175,109,173,19,city_driving,fuzzy
377.98215770582755,545,83,126,225,160,13,77,143,95,city_driving,fuzzy
377.9912699865764,260,213,80,173,43,213,127,100,197,highway,fuzzy
378.0107012616452,316,98,132,31,115,32,105,72,181,highway,fuzzy
378.1116042726145,329,211,238,52,159,167,113,150,217,highway,fuzzy
378.6123466026616,545,238,130,96,194,111,255,112,58,highway,fuzzy
378.62191602579816,260,81,46,73,24,206,121,60,105,highway,fuzzy
378.6419217711173,316,224,12,215,79,64,12,70,205,highway,fuzzy
378.741487027232,329,203,4,159,140,133,22,101,117,highway,fuzzy
379.2414234181041,545,39,182,90,150,227,38,22,89,highway,fuzzy
379.25219377691826,260,63,209,79,202,108,240,46,76,highway,fuzzy
379.27172916554485,316,188,96,188,163,213,26,102,176,highway,fuzzy
379.3709911851876,329,147,37,111,115,43,51,181,12,highway,fuzzy
379.8702725743547,545,82,48,70,16,36,191,125,95,highway,fuzzy
379.88021649227124,260,101,146,66,83,97,81,165,184,highway,fuzzy
379.90106235265,316,70,21,194,40,163,89,197,150,highway,fuzzy
380.0003815772813,329,167,180,107,54,159,129,124,79,highway,fuzzy
380.5004321475733,545,181,207,134,247,157,123,125,107,highway,fuzzy
380.5109424756982,260,119,195,195,95,115,103,239,42,highway,fuzzy
380.5309458820235,316,232,237,88,232,223,108,202,47,highway,fuzzy
380.63081362209914,329,204,70,171,155,220,115,225,10,highway,fuzzy
381.1302186743698,545,205,137,88,196,101,100,182,10,highway,fuzzy
381.1407430314921,260,186,3,34,244,36,120,149,202,highway,fuzzy
381.1603525667107,316,100,239,5,186,187,120,186,123,highway,fuzzy
381.26126630927973,329,214,113,212,72,35,88,110,6,highway,fuzzy
381.7606216432009,545,41,175,205,27,41,74,48,34,highway,fuzzy
381.77019882602843,260,230,175,169,64,125,111,87,195,highway,fuzzy
381.790850445594,316,99,35,171,67,234,213,68,87,highway,fuzzy
381.8917771013259,329,96,161,140,153,198,195,95,26,highway,fuzzy
382.3926255014894,545,248,48,128,200,250,125,196,145,highway,fuzzy
382.4018545599157,260,218,96,136,185,180,229,87,45,highway,fuzzy
382.4228234271303,316,230,59,209,176,84,149,130,145,highway,fuzzy
382.52274847661016,329,21,146,102,178,86,6,135,64,highway,fuzzy
383.02316070721724,545,12,3,243,109,246,135,95,105,highway,fuzzy
383.03351169884496,260,184,39,210,120,160,141,86,115,highway,fuzzy
383.0541666211329,316,184,128,72,68,213,233,187,187,highway,fuzzy
383.1546420578425,329,86,65,63,21,88,212,12,220,highway,fuzzy
383.6556291616598,545,222,196,1,230,123,193,252,8,highway,fuzzy
383.6659731922727,260,36,82,20,148,7,70,59,123,highway,fuzzy
383.68510290454077,316,96,170,178,96,254,120,133,174,highway,fuzzy
383.78569263745703,329,146,198,17,161,123,151,98,196,highway,fuzzy
384.28556946478506,545,212,108,220,247,222,71,152,142,highway,fuzzy
384.2952108929819,260,202,113,200,230,197,85,54,145,highway,fuzzy
384.3154753302978,316,50,108,54,195,83,166,18,236,highway,fuzzy
384.41645415824877,329,49,17,36,45,171,150,183,236,highway,fuzzy
384.91635584516393,545,33,2,91,21,143,210,158,138,highway,fuzzy
384.9271854359747,260,220,2,7,191,240,101,43,220,highway,fuzzy
384.94642846291,316,40,37,145,125,3,230,250,43,highway,fuzzy
385.0454492953243,329,69,152,99,109,64,76,141,223,highway,fuzzy
385.54452965819223,545,35,239,203,62,216,49,128,190,highway,fuzzy
385.55425277969255,260,12,158,213,168,213,96,168,236,highway,fuzzy
385.5751695521355,316,163,174,183,243,228,220,53,58,highway,fuzzy
385.67611193915644,329,216,243,140,243,209,221,31,22,highway,fuzzy
386.1767310888152,545,65,85,58,45,124,203,73,12,highway,fuzzy
386.1873149108392,260,119,233,57,249,151,156,178,8,highway,fuzzy
386.20817756775074,316,241,233,205,229,237,68,3,157,highway,fuzzy
386.30876841608216,329,130,176,8,204,135,115,219,149,highway,fuzzy
386.80907735322126,545,152,79,82,27,216,248,174,128,highway,fuzzy
386.81938264885014,260,111,189,141,208,233,218,169,112,highway,fuzzy
386.83903944549127,316,143,148,227,47,31,90,2,85,highway,fuzzy
386.9393464362548,329,42,195,34,11,218,50,107,89,highway,fuzzy
387.43890043524976,545,252,155,226,181,193,26,230,223,highway,fuzzy
387.4498019825065,260,112,101,91,90,169,110,74,6,highway,fuzzy
387.4690665637538,316,19,59,247,181,196,141,173,79,highway,fuzzy
387.56984692795703,329,19,171,190,182,114,66,212,201,highway,fuzzy
388.07067629794767,545,158,24,225,78,50,73,167,85,highway,fuzzy
388.0797159457463,260,248,146,20,96,72,12,177,38,highway,fuzzy
388.1007025141555,316,23,177,157,19,32,59,46,32,highway,fuzzy
388.19974163806825,329,136,65,35,78,102,129,46,97,highway,fuzzy
388.70072963341255,545,228,243,6,43,242,203,31,7,highway,fuzzy
388.7107337996569,260,174,86,37,161,71,177,21,249,highway,fuzzy
388.7298547393568,316,218,253,73,239,26,225,255,46,highway,fuzzy
388.8300410959563,329,57,44,185,144,180,46,200,57,highway,fuzzy
389.33040805607357,545,183,150,166,199,253,8,12,82,highway,fuzzy
389.3394887705767,260,32,89,14,6,83,35,198,231,highway,fuzzy
389.3600864736199,316,31,65,94,122,38,1,194,101,highway,fuzzy
389.46037058714444,329,170,216,32,111,175,159,37,108,highway,fuzzy
389.96119022125316,545,0,98,98,177,106,51,148,230,highway,fuzzy
389.9718507545892,260,164,198,73,230,255,21,208,180,highway,fuzzy
389.9921616479139,316,67,250,171,225,241,217,5,129,highway,fuzzy
390.09248152301836,329,180,150,243,253,216,106,149,57,highway,fuzzy
390.5915629961363,545,191,48,239,159,61,94,100,242,highway,fuzzy
390.6013337868684,260,92,28,21,68,0,18,28,20,highway,fuzzy
390.62179767861176,316,41,90,179,253,254,241,109,94,highway,fuzzy
390.7224415674342,329,88,83,61,224,3,241,98,190,highway,fuzzy
391.2228787753159,545,104,150,194,45,64,213,56,176,highway,fuzzy
391.23241855345555,260,65,252,249,160,96,86,187,49,highway,fuzzy
391.25334081993464,316,70,157,253,212,181,253,47,32,highway,fuzzy
391.35262247486503,329,119,142,211,234,172,8,222,68,highway,fuzzy
391.852293478442,545,252,95,23,237,171,88,73,167,highway,fuzzy
391.86231921353516,260,226,55,39,79,12,70,202,30,highway,fuzzy
391.8831842432177,316,201,90,252,91,242,109,87,38,highway,fuzzy
391.98285882981355,329,70,180,90,239,112,105,63,80,highway,fuzzy
392.4831186799461,545,12,74,121,63,58,10,153,166,highway,fuzzy
392.4940523146387,260,65,193,143,210,186,17,247,225,highway,fuzzy
392.5135935343098,316,57,78,69,124,251,178,118,131,highway,fuzzy
392.6132656375612,329,107,95,214,12,111,32,0,30,highway,fuzzy
393.11365028783575,545,169,92,134,53,203,174,201,97,highway,fuzzy
393.12290422217177,260,61,38,100,238,7,109,54,228,highway,fuzzy
393.14246812702635,316,210,213,204,78,132,204,244,101,highway,fuzzy
393.2419928391333,329,182,169,131,37,100,31,21,249,highway,fuzzy
393.74171373324066,545,132,233,190,131,110,160,62,225,highway,fuzzy
393.7525085722127,260,62,197,174,207,11,173,182,16,highway,fuzzy
393.772535378586,316,221,247,12,38,51,158,206,36,highway,fuzzy
393.8723294540662,329,133,62,8,107,61,110,144,92,highway,fuzzy
394.3721495543743,545,156,207,203,38,76,136,191,206,highway,fuzzy
394.38151354319115,260,163,51,172,105,38,249,246,184,highway,fuzzy
394.4006779905541,316,244,171,236,8,242,117,186,163,highway,fuzzy
394.5015301010493,329,20,212,84,244,191,175,37,205,highway,fuzzy
395.001674064944,545,152,97,84,225,179,19,201,145,highway,fuzzy
395.0122613352643,260,235,220,26,97,154,130,155,143,highway,fuzzy
395.0320831208523,316,159,29,189,119,103,112,29,48,highway,fuzzy
395.13198644166124,329,204,150,129,15,236,45,74,164,highway,fuzzy
395.6318859882478,545,135,65,206,53,56,237,121,138,highway,fuzzy
395.64232670411616,260,150,154,118,63,177,39,228,208,highway,fuzzy
395.6627623399792,316,255,205,76,93,60,20,217,81,highway,fuzzy
395.7619769571698,329,165,167,136,162,20,220,243,59,highway,fuzzy
396.26151822481194,545,222,228,207,75,9,229,49,61,highway,fuzzy
396.2712475534315,260,18,61,42,211,69,131,239,152,highway,fuzzy
396.29185577380434,316,135,154,84,187,255,54,168,54,highway,fuzzy
396.39169305470256,329,50,114,124,165,35,197,47,166,highway,fuzzy
396.891943064307,545,239,12,162,79,221,170,126,255,highway,fuzzy
396.90298589828524,260,192,94,95,244,73,245,242,81,highway,fuzzy
396.9238057011455,316,98,104,81,230,217,236,229,157,highway,fuzzy
397.0238122938654,329,207,128,12,48,56,179,200,163,highway,fuzzy
397.5233715248704,545,125,51,239,110,51,90,170,211,highway,fuzzy
397.5338085713683,260,173,169,234,87,21,236,35,222,highway,fuzzy
397.55469662338515,316,133,117,114,253,90,120,14,10,highway,fuzzy
397.65459273443673,329,118,122,61,81,214,173,192,250,highway,fuzzy
398.1550117226674,545,252,149,102,55,220,242,93,136,highway,fuzzy
398.1655740681507,260,121,248,23,83,125,140,224,151,highway,fuzzy
398.18537389671036,316,59,7,189,6,49,200,177,177,highway,fuzzy
398.28466425602977,329,103,40,1,110,22,131,199,245,highway,fuzzy
398.78537537647605,545,145,222,170,198,171,133,7,175,highway,fuzzy
398.79467455349914,260,107,23,175,233,204,41,135,183,highway,fuzzy
398.81428988909454,316,12,213,87,113,91,215,42,208,highway,fuzzy
398.91394354003734,329,179,159,251,135,242,189,34,52,highway,fuzzy
399.414820476219,545,95,158,203,215,190,8,226,113,highway,fuzzy
399.4249955250245,260,195,202,32,214,166,30,225,130,highway,fuzzy
399.44418027267045,316,59,83,95,238,206,175,133,49,highway,fuzzy
399.5441400996237,329,152,93,216,249,171,109,125,7,highway,fuzzy
400.04349318036975,545,173,49,61,88,224,159,16,63,highway,fuzzy
400.0532563568763,260,213,150,30,132,226,111,82,51,highway,fuzzy
400.07392729051844,316,32,101,209,124,214,1,60,117,highway,fuzzy
400.173662109036,329,115,253,67,240,240,28,95,78,highway,fuzzy
400.6732238739292,545,159,134,29,112,134,105,254,125,highway,fuzzy
400.6823651319926,260,78,72,254,100,52,66,39,71,highway,fuzzy
400.70242429480425,316,63,149,111,203,186,174,134,235,highway,fuzzy
400.8030351724742,329,131,53,105,239,15,49,194,164,highway,fuzzy
401.3022315099131,545,72,76,8,121,164,173,195,177,highway,fuzzy
401.3125419618602,260,7,168,142,4,49,129,22,186,highway,fuzzy
401.33165832000054,316,101,14,81,222,140,195,204,148,highway,fuzzy
401.43085697853724,329,36,34,244,23,102,179,103,158,highway,fuzzy
401.9294518529471,545,47,235,217,168,204,66,42,10,highway,fuzzy
401.9386245128702,260,142,251,4,65,21,100,123,115,highway,fuzzy
401.9593278684464,316,47,79,203,192,88,180,114,116,highway,fuzzy
402.0595798133127,329,45,244,225,115,63,93,94,174,highway,fuzzy
402.5598717760428,545,13,177,5,142,206,137,122,248,highway,fuzzy
402.5681557022814,260,168,163,40,168,32,32,156,186,highway,fuzzy
402.5875370084849,316,165,148,87,248,168,119,191,105,highway,fuzzy
402.68848436925947,329,250,55,162,233,103,163,19,139,highway,fuzzy
403.1882953337145,545,8,49,86,103,101,71,195,27,highway,fuzzy
403.19899164024264,260,80,219,189,48,139,243,254,19,highway,fuzzy
403.2181600150801,316,156,111,86,178,121,89,230,179,highway,fuzzy
403.3176715170171,329,61,42,168,47,93,195,243,82,highway,fuzzy
403.817152227332,545,230,195,131,220,101,136,107,252,highway,fuzzy
403.8281294955461,260,135,138,128,154,203,69,61,218,highway,fuzzy
403.8490187591586,316,9,122,53,121,239,155,64,133,highway,fuzzy
403.94858230828777,329,126,246,210,43,66,80,136,101,highway,fuzzy
404.44807807292227,545,42,7,121,103,152,228,222,183,highway,fuzzy
404.45906052901313,260,216,52,76,21,112,49,226,149,highway,fuzzy
404.4790792859541,316,28,177,127,195,144,120,16,48,highway,fuzzy
404.57853456759017,329,139,196,71,249,69,153,88,17,highway,fuzzy
405.0778105066747,545,32,23,103,148,202,200,192,232,highway,fuzzy
405.087834684082,260,100,239,201,165,10,197,106,62,highway,fuzzy
405.10732757096935,316,24,174,38,130,99,20,232,177,highway,fuzzy
405.20721598505816,329,174,0,207,187,41,40,39,50,highway,fuzzy
405.7073352586269,545,153,163,24,56,84,91,149,90,highway,fuzzy
405.7167231445387,260,70,247,236,85,233,235,226,147,highway,fuzzy
405.73757889828886,316,179,184,81,25,209,213,94,141,highway,fuzzy
405.836762216843,329,233,108,248,180,233,79,122,95,highway,fuzzy
406.33645899965575,545,100,205,128,24,36,195,249,41,highway,fuzzy
406.3468263311971,260,252,90,79,210,208,112,215,166,highway,fuzzy
406.36603889404626,316,148,42,156,73,183,232,160,7,highway,fuzzy
406.4666376228023,329,169,126,27,217,118,116,159,236,highway,fuzzy
406.96568448221944,545,29,227,162,71,48,212,205,134,highway,fuzzy
406.97517662440725,260,243,53,218,24,228,48,186,115,highway,fuzzy
406.9946589119379,316,244,161,126,69,69,238,104,113,highway,fuzzy
407.0940892717539,329,198,197,99,42,84,147,132,70,highway,fuzzy
407.59498880582424,545,115,97,226,60,180,10,51,236,highway,fuzzy
407.6046848583812,260,224,153,46,107,32,110,39,100,highway,fuzzy
407.62559577359355,316,62,20,91,221,199,144,231,32,highway,fuzzy
407.72561668088235,329,113,51,144,187,97,161,41,235,highway,fuzzy
408.22630024369437,545,125,16,165,181,247,5,201,60,highway,fuzzy
408.2354640032478,260,75,48,27,174,21,167,213,151,highway,fuzzy
408.2549073136868,316,114,26,206,184,213,193,192,244,highway,fuzzy
408.3543063925175,329,19,88,161,27,159,192,240,83,highway,fuzzy
408.8537626144789,545,163,55,165,6,127,212,131,56,highway,fuzzy
408.86455562342957,260,50,210,189,170,86,98,216,25,highway,fuzzy
408.88371938991673,316,33,50,64,54,203,40,243,189,highway,fuzzy
408.9830173523855,329,122,28,72,30,154,56,220,7,highway,fuzzy
409.4834183759075,545,58,182,97,119,205,74,208,5,highway,fuzzy
409.4933644942464,260,62,198,5,56,148,216,142,55,highway,fuzzy
409.5128490962821,316,189,158,211,88,252,221,254,60,highway,fuzzy
409.61263048030537,329,80,200,15,79,133,1,235,221,highway,fuzzy
410.11359912910217,545,105,47,88,223,112,143,132,83,highway,fuzzy
410.12386535361605,260,210,190,221,249,59,253,175,232,highway,fuzzy
410.1434208420456,316,77,167,178,16,171,40,81,167,highway,fuzzy
410.2442724875786,329,78,29,202,127,207,190,127,75,highway,fuzzy
410.7435495898368,545,85,216,201,76,69,151,200,44,highway,fuzzy
410.75280106066356,260,51,37,73,206,219,43,184,148,highway,fuzzy
410.7721180957716,316,155,70,219,87,138,138,148,118,highway,fuzzy
410.8726935676095,329,181,104,213,178,140,105,137,8,highway,fuzzy
411.37310597338586,545,98,227,202,127,122,145,192,93,highway,fuzzy
411.38275444056376,260,81,209,0,207,153,29,56,30,highway,fuzzy
411.4031693527526,316,135,253,108,22,122,119,28,169,highway,fuzzy
411.50261804281985,329,44,33,124,181,213,110,40,106,highway,fuzzy
412.00346613756983,545,74,25,4,82,184,252,167,159,highway,fuzzy
412.01354989226814,260,13,167,16,37,82,248,200,127,highway,fuzzy
412.03346622592034,316,153,47,53,189,235,244,216,52,highway,fuzzy
412.13280685753665,329,82,63,158,202,241,148,32,164,highway,fuzzy
412.6337081832973,545,100,127,206,103,117,236,213,161,highway,fuzzy
412.6446851626654,260,174,195,136,255,43,32,147,254,highway,fuzzy
412.66434749580446,316,140,3,245,101,208,176,202,16,highway,fuzzy
412.7647894293633,329,20,130,124,233,145,36,81,18,highway,fuzzy
413.2646380153945,545,117,89,131,14,82,203,119,216,highway,fuzzy
413.27493747454616,260,162,162,225,164,192,4,13,72,highway,fuzzy
413.2956162216285,316,31,63,181,18,188,152,4,150,highway,fuzzy
413.39603071831067,329,53,214,96,4,13,150,39,235,highway,fuzzy
413.89598292341043,545,207,158,222,3,161,37,172,53,highway,fuzzy
413.9058948340643,260,116,97,26,144,161,40,151,249,highway,fuzzy
413.9251308376635,316,87,171,6,18,27,69,159,23,highway,fuzzy
414.0254606915911,329,239,72,197,150,209,255,132,43,highway,fuzzy
414.5258161687254,545,71,97,188,5,88,88,106,220,highway,fuzzy
414.53588966553457,260,245,67,222,139,78,119,143,242,highway,fuzzy
414.55676522331277,316,122,247,236,32,72,27,23,251,highway,fuzzy
414.6568379509751,329,24,209,110,171,41,80,177,162,highway,fuzzy
415.15831587438703,545,151,188,83,51,223,214,167,98,highway,fuzzy
415.1678827178782,260,128,18,58,101,233,2,107,149,highway,fuzzy
415.1884553108169,316,105,164,115,215,76,247,16,238,highway,fuzzy
415.2885846635529,329,6,64,30,229,222,160,250,232,highway,fuzzy
415.7890869177573,545,143,137,172,241,216,207,42,182,highway,fuzzy
415.79834946414763,260,95,183,202,9,27,61,181,176,highway,fuzzy
415.8188836293124,316,170,26,87,190,54,163,232,107,highway,fuzzy
415.91972546203334,329,146,51,8,95,92,137,253,2,highway,fuzzy
416.4194938776172,545,3,196,109,2,200,21,156,146,highway,fuzzy
416.4288976684971,260,93,109,185,49,119,252,93,118,highway,fuzzy
416.44798639565175,316,56,68,125,21,185,245,174,166,highway,fuzzy
416.5487159591986,329,106,207,90,3,72,103,190,52,highway,fuzzy
417.04929492829785,545,207,221,244,74,164,172,192,226,highway,fuzzy
417.0584117715911,260,154,50,171,146,237,93,26,56,highway,fuzzy
417.0787916316434,316,158,1,151,169,159,190,75,116,highway,fuzzy
417.1783081300338,329,57,209,144,252,60,186,188,47,highway,fuzzy
417.6791674842413,545,25,71,240,60,56,34,37,103,highway,fuzzy
417.6899251321688,260,130,197,136,235,41,204,99,49,highway,fuzzy
417.7100734906402,316,79,210,93,223,128,141,131,65,highway,fuzzy
417.81012096781603,329,92,98,90,135,170,57,230,44,highway,fuzzy
418.30995777494627,545,238,248,214,76,100,38,208,219,highway,fuzzy
418.3201115277368,260,106,240,51,255,29,53,149,161,highway,fuzzy
418.3398049271491,316,245,198,151,186,213,200,205,136,highway,fuzzy
418.4401627879847,329,198,12,138,18,184,214,49,45,highway,fuzzy
418.9399617548511,545,26,167,22,136,190,123,36,225,highway,fuzzy
418.949582504249,260,128,176,160,244,137,233,2,115,highway,fuzzy
418.9687403114088,316,135,220,83,47,23,128,148,142,highway,fuzzy
419.06866236370115,329,55,238,211,106,57,54,187,78,highway,fuzzy
419.5696170486817,545,28,242,115,193,55,24,197,18,highway,fuzzy
419.57970508919425,260,17,152,143,140,245,229,231,178,highway,fuzzy
419.60000636849765,316,54,205,66,79,89,112,22,170,highway,fuzzy
419.7001324931392,329,215,121,2,124,45,78,60,211,highway,fuzzy
420.20070097072255,545,26,32,253,135,115,119,91,186,highway,fuzzy
420.2109746917908,260,222,98,201,68,255,200,186,232,highway,fuzzy
420.23144870295727,316,173,44,210,152,52,229,68,169,highway,fuzzy
420.331703569089,329,201,169,199,11,149,51,66,210,highway,fuzzy
420.8310094613917,545,251,67,225,108,202,106,61,1,highway,fuzzy
420.84197211133824,260,72,66,72,135,118,77,248,29,highway,fuzzy
420.86249856644065,316,143,210,71,230,142,131,137,87,highway,fuzzy
420.96329342289465,329,146,98,117,131,63,15,120,72,highway,fuzzy
421.4632134552161,545,30,150,112,136,219,125,214,76,highway,fuzzy
421.4723584664357,260,162,232,130,11,166,38,187,69,highway,fuzzy
421.4932819904414,316,19,244,248,98,74,214,120,168,highway,fuzzy
421.59279466940853,329,141,26,149,167,9,178,170,160,highway,fuzzy
422.0925711860307,545,129,112,98,243,79,104,231,212,highway,fuzzy
422.10236818017785,260,202,240,1,92,6,39,189,97,highway,fuzzy
422.1220299400434,316,113,8,125,178,235,199,5,250,highway,fuzzy
422.22200484460313,329,122,210,236,243,81,202,229,102,highway,fuzzy
422.7217926945285,545,154,169,253,155,36,85,119,84,highway,fuzzy
422.7313095671225,260,106,147,217,23,110,0,187,42,highway,fuzzy
422.7517191957818,316,187,142,161,77,220,26,183,122,highway,fuzzy
422.8511564151002,329,69,99,156,9,147,130,77,214,highway,fuzzy
423.35179868852885,545,200,167,171,187,146,50,131,237,highway,fuzzy
423.3609775762037,260,255,127,112,166,202,96,128,2,highway,fuzzy
423.3804925617456,316,153,71,203,144,15,61,226,124,highway,fuzzy
423.48132916156084,329,142,144,252,253,156,86,155,16,highway,fuzzy
423.98187018222546,545,44,227,135,71,113,60,130,1,highway,fuzzy
423.9914911645508,260,243,163,124,138,72,31,11,129,highway,fuzzy
424.01118188505234,316,46,45,213,206,65,89,235,163,highway,fuzzy
424.1105098737912,329,156,163,250,140,149,213,99,7,highway,fuzzy
424.61117895032055,545,241,83,146,33,74,38,253,87,highway,fuzzy
424.62215337567545,260,75,220,165,117,147,138,57,221,highway,fuzzy
424.64181499940764,316,253,55,216,161,160,177,173,171,highway,fuzzy
424.74209605177407,329,168,174,28,198,11,214,113,39,highway,fuzzy
425.2429276037053,545,160,14,135,212,184,120,143,56,highway,fuzzy
425.25311785818417,260,8,188,70,112,41,32,52,14,highway,fuzzy
425.27299391738035,316,170,230,113,142,36,188,173,45,highway,fuzzy
425.3723660484774,329,34,2,51,126,251,66,31,156,highway,fuzzy
425.8733288726898,545,208,53,89,59,74,195,30,25,highway,fuzzy
425.8838757420518,260,163,30,7,172,26,65,80,121,highway,fuzzy
425.90415450876856,316,12,197,44,35,199,63,126,177,highway,fuzzy
426.0035793427939,329,17,97,159,138,46,128,245,167,highway,fuzzy
426.5036725928632,545,76,136,226,194,101,117,66,17,highway,fuzzy
426.51338586367933,260,35,52,76,25,206,99,166,214,highway,fuzzy
426.533994369669,316,70,100,111,246,203,155,110,86,highway,fuzzy
426.6346062139711,329,189,242,128,225,207,187,165,173,highway,fuzzy
427.134974978741,545,168,116,57,236,231,157,151,214,highway,fuzzy
427.14457765391666,260,158,253,242,51,159,137,150,111,highway,fuzzy
427.16516411985685,316,250,206,41,97,59,115,159,229,highway,fuzzy
427.2654544582608,329,139,242,20,164,125,37,87,43,highway,fuzzy
427.7647388744978,545,24,141,71,184,1,32,179,247,highway,fuzzy
427.7755694708441,260,36,168,136,72,156,140,253,36,highway,fuzzy
427.79559568516845,316,100,95,99,135,93,57,109,106,highway,fuzzy
427.89547244280385,329,158,145,237,133,103,7,150,192,highway,fuzzy
428.3947224215383,545,201,27,52,197,32,211,124,81,highway,fuzzy
428.4054704173496,260,145,24,93,32,212,199,143,77,highway,fuzzy
428.42543760707935,316,203,252,35,182,92,118,41,212,highway,fuzzy
428.5252186442414,329,192,20,238,155,95,251,143,241,highway,fuzzy
429.02606210744625,545,212,202,35,185,63,76,73,23,highway,fuzzy
429.0356738063653,260,161,171,255,172,37,185,95,108,highway,fuzzy
429.05639909939964,316,16,37,231,149,1,227,115,30,highway,fuzzy
429.1571132294742,329,212,122,144,160,238,24,208,173,highway,fuzzy
429.65808590854164,545,62,99,66,44,36,7,49,226,highway,fuzzy
429.6686383117527,260,232,67,206,84,161,17,72,189,highway,fuzzy
429.68777593409516,316,72,79,147,36,125,208,114,190,highway,fuzzy
429.78809142266783,329,245,179,27,122,4,132,213,234,highway,fuzzy
430.28753057607486,545,35,158,83,160,224,241,177,149,highway,fuzzy
430.30029670624157,260,199,91,211,132,6,51,176,171,highway,fuzzy
430.32015647937567,316,154,153,104,248,29,164,203,16,highway,fuzzy
430.4210085231454,329,140,44,36,3,0,182,36,169,highway,fuzzy
430.92162577800326,545,86,38,240,255,78,131,126,36,highway,fuzzy
430.9324307571734,260,229,15,40,48,154,84,194,223,highway,fuzzy
430.9523165328907,316,51,169,220,79,215,47,72,191,highway,fuzzy
431.0529057838472,329,114,133,13,253,36,208,253,104,highway,fuzzy
431.55262371920384,545,67,59,209,11,111,88,255,77,highway,fuzzy
431.5628756623594,260,119,113,0,98,2,16,130,48,highway,fuzzy
431.5833870572475,316,167,3,7,254,20,152,240,121,highway,fuzzy
431.68378520816583,329,81,150,172,221,250,125,47,161,highway,fuzzy
432.1843314489135,545,72,40,2,80,118,83,165,134,highway,fuzzy
432.19365610702204,260,33,226,183,235,74,196,64,215,highway,fuzzy
432.21439428592305,316,196,28,88,220,210,67,118,152,highway,fuzzy
432.31428833107714,329,215,13,72,165,29,177,190,14,highway,fuzzy
432.81357802624984,545,164,235,112,194,97,165,192,29,highway,fuzzy
432.82284672507575,260,227,64,108,115,110,144,223,123,highway,fuzzy
432.8427505955984,316,114,17,112,158,121,101,232,89,highway,fuzzy
432.9424932609396,329,252,142,70,140,65,23,147,226,highway,fuzzy
433.44297150945636,545,159,100,71,71,229,226,218,180,highway,fuzzy
433.4525769295794,260,195,176,162,65,118,143,50,70,highway,fuzzy
433.4728794675414,316,185,214,165,202,188,145,252,216,highway,fuzzy
433.5712234993819,329,5,67,138,1,61,132,53,192,highway,fuzzy
434.07050689185843,545,86,63,124,203,135,187,137,166,highway,fuzzy
434.08131926932657,260,14,159,13,92,45,79,99,235,highway,fuzzy
434.1010028907768,316,62,226,184,111,46,77,110,232,highway,fuzzy
434.2010779736058,329,59,195,158,191,52,147,196,188,highway,fuzzy
434.70153164729663,545,62,56,187,60,122,19,5,166,highway,fuzzy
434.7107462427908,260,45,232,67,185,84,119,55,43,highway,fuzzy
434.7312478935096,316,240,44,162,100,247,211,94,175,highway,fuzzy
434.83203643395905,329,34,152,131,32,233,114,158,112,highway,fuzzy
435.33231449740845,545,126,123,102,15,83,138,165,210,highway,fuzzy
435.3430507323028,260,51,38,178,150,164,28,27,12,highway,fuzzy
435.36208219812863,316,91,208,173,68,244,185,140,215,highway,fuzzy
435.4613834538082,329,26,238,155,87,94,220,71,166,highway,fuzzy
435.96234025186664,545,83,242,12,137,250,144,82,114,highway,fuzzy
435.97278463057285,260,58,105,34,124,91,229,70,73,highway,fuzzy
435.9925187286262,316,235,237,143,177,106,87,152,23,highway,fuzzy
436.0928196740911,329,205,113,101,62,187,224,97,8,highway,fuzzy
436.5929872707842,545,144,145,213,25,0,213,91,17,highway,fuzzy
436.60375767686264,260,140,6,49,111,197,120,224,223,highway,fuzzy
436.6232101484079,316,212,69,182,227,16,200,84,208,highway,fuzzy
436.72278497331837,329,69,114,233,75,212,155,248,198,highway,fuzzy
437.22241345698603,545,141,145,27,185,205,161,21,247,highway,fuzzy
437.2330382453902,260,2,90,225,122,183,236,19,132,highway,fuzzy
437.2524808621396,316,51,250,156,228,3,52,36,34,highway,fuzzy
437.35200795911527,329,216,178,86,3,242,146,24,42,highway,fuzzy
437.85174114069065,545,133,234,49,19,156,198,155,65,highway,fuzzy
437.86187590731976,260,212,193,138,52,206,40,96,101,highway,fuzzy
437.8820883177629,316,167,63,46,3,93,74,19,103,highway,fuzzy
437.98232453793054,329,164,251,76,49,24,162,96,175,highway,fuzzy
438.4827807168906,545,44,180,43,189,9,5,62,132,highway,fuzzy
438.49363089354523,260,126,101,157,137,127,177,25,110,highway,fuzzy
438.5128222513231,316,147,185,67,157,169,18,131,21,highway,fuzzy
438.61562237859175,329,211,53,205,15,239,105,119,5,highway,fuzzy
439.11469086288014,545,234,95,136,0,180,65,157,95,highway,fuzzy
439.1249455311065,260,111,212,38,89,188,105,94,224,highway,fuzzy
439.1446241220886,316,9,151,22,67,135,233,106,54,highway,fuzzy
439.24365381411315,329,155,230,133,190,99,215,164,21,highway,fuzzy
439.74269087524925,545,225,251,194,76,168,157,216,80,highway,fuzzy
439.7530275920387,260,155,48,247,18,144,134,185,148,highway,fuzzy
439.7739802840342,316,204,42,105,38,87,85,83,103,highway,fuzzy
439.87448915989864,329,45,234,123,159,235,226,214,33,highway,fuzzy
440.3747022506191,545,7,88,130,211,161,213,80,229,highway,fuzzy
440.3846765599613,260,201,177,214,190,31,45,228,154,highway,fuzzy
440.4048001279333,316,200,157,52,119,4,37,91,56,highway,fuzzy
440.503826170335,329,112,198,58,44,224,136,155,107,highway,fuzzy
441.0047583504782,545,223,200,78,194,55,90,221,9,highway,fuzzy
441.01423060455505,260,61,212,2,67,243,84,23,129,highway,fuzzy
441.03465103489384,316,116,1,12,77,30,66,109,147,highway,fuzzy
441.1353501827245,329,244,66,202,188,21,49,80,175,highway,fuzzy
441.63617848019095,545,61,32,188,68,69,135,113,37,highway,fuzzy
441.64611497922846,260,87,38,166,49,100,71,86,195,highway,fuzzy
441.666270554422,316,70,144,113,109,156,17,24,0,highway,fuzzy
441.7655537565792,329,212,74,108,35,28,62,250,168,highway,fuzzy
442.26327436976476,545,47,111,202,165,168,74,69,124,highway,fuzzy
442.27373201675744,260,139,233,83,246,64,117,150,75,highway,fuzzy
442.29288688381905,316,128,66,230,60,227,142,121,232,highway,fuzzy
442.3928735327667,329,255,121,88,105,123,82,219,197,highway,fuzzy
442.8934123046255,545,52,85,34,153,241,140,119,222,highway,fuzzy
442.90327985335745,260,31,101,28,124,135,39,213,211,highway,fuzzy
442.92416805857226,316,155,10,197,133,152,137,125,114,highway,fuzzy
443.0240113901024,329,219,103,116,211,209,155,175,200,highway,fuzzy
443.5232445487839,545,239,186,32,108,69,244,21,153,highway,fuzzy
443.5340013200051,260,47,238,106,186,205,224,199,132,highway,fuzzy
443.5545770748757,316,246,253,78,140,70,176,57,117,highway,fuzzy
443.6555548060749,329,0,137,182,118,242,213,65,212,highway,fuzzy
444.1562680452833,545,138,164,200,158,126,61,246,248,highway,fuzzy
444.16556153050664,260,4,173,148,144,10,5,101,166,highway,fuzzy
444.18561424474564,316,99,14,89,227,82,247,37,115,highway,fuzzy
444.28647188292985,329,203,132,211,168,69,225,182,37,highway,fuzzy
444.78628842316175,545,169,187,214,29,138,186,64,146,highway,fuzzy
444.7963027494857,260,228,92,80,47,193,29,230,164,highway,fuzzy
444.81640220827177,316,179,94,189,150,77,169,243,135,highway,fuzzy
444.9157290874925,329,251,207,33,92,12,223,75,22,highway,fuzzy
445.4153293851538,545,177,45,55,28,68,43,196,221,highway,fuzzy
445.4262301070942,260,208,236,168,23,60,175,61,101,highway,fuzzy
445.44633940858085,316,117,63,222,108,42,89,238,63,highway,fuzzy
445.5454406007379,329,79,55,4,39,143,122,107,141,highway,fuzzy
446.0449046543887,545,73,217,244,130,186,213,140,50,highway,fuzzy
446.0558570654028,260,252,161,121,56,249,52,147,70,highway,fuzzy
446.0761870643959,316,138,19,87,32,129,10,251,130,highway,fuzzy
446.1771018139334,329,77,217,142,35,173,28,64,82,highway,fuzzy
446.6775069993453,545,1,249,115,164,131,208,141,26,highway,fuzzy
446.686784695524,260,86,74,107,151,161,53,17,126,highway,fuzzy
446.707281963206,316,32,197,108,93,129,40,1,124,highway,fuzzy
446.8076143110701,329,22,88,48,99,174,113,118,103,highway,fuzzy
447.30708080708644,545,160,219,137,208,158,131,153,128,highway,fuzzy
447.3175916333673,260,106,90,208,100,68,83,164,252,highway,fuzzy
447.33856523365574,316,147,175,230,89,170,95,98,75,highway,fuzzy
447.43826255076306,329,49,132,190,120,90,93,207,211,highway,fuzzy
447.9386293374732,545,113,54,144,7,41,196,200,121,highway,fuzzy
447.94886615015776,260,12,89,20,203,8,168,145,204,highway,fuzzy
447.96931533881474,316,180,160,44,93,244,200,12,137,highway,fuzzy
448.070139894224,329,217,114,229,227,253,6,203,7,highway,fuzzy
448.57109638118567,545,215,196,254,69,95,131,96,53,highway,fuzzy
448.58206187440635,260,233,203,69,207,186,179,213,57,highway,fuzzy
448.6013662911015,316,17,1,89,135,72,21,24,30,highway,fuzzy
448.70066073602396,329,50,87,7,134,86,204,89,43,highway,fuzzy
449.2016273134375,545,53,167,36,191,187,229,16,96,highway,fuzzy
449.2107108303239,260,72,194,232,0,211,248,246,81,highway,fuzzy
449.23165054888733,316,57,34,84,203,103,205,237,91,highway,fuzzy
449.329029858533,329,12,200,44,43,192,131,184,155,highway,fuzzy
449.8288472730723,545,58,64,89,45,252,56,178,217,highway,fuzzy
449.8390148146218,260,53,177,166,26,34,229,27,101,highway,fuzzy
449.8586080558733,316,213,174,48,56,99,78,224,161,highway,fuzzy
449.9576862551434,329,84,206,210,33,155,48,193,116,highway,fuzzy
450.45697966101466,545,146,133,247,208,13,38,98,155,highway,fuzzy
450.4676116922308,260,85,29,34,21,248,16,203,113,highway,fuzzy
450.4873179310318,316,180,231,120,53,231,219,113,228,highway,fuzzy
450.5881805587677,329,61,11,218,55,10,10,87,174,highway,fuzzy
451.0880578304402,545,15,17,174,194,50,64,49,9,highway,fuzzy
451.0989002143038,260,226,242,214,204,51,158,18,160,highway,fuzzy
451.1188190643154,316,79,108,213,110,106,185,40,220,highway,fuzzy
451.2201527263729,329,161,29,115,18,183,49,253,228,highway,fuzzy
451.7203984705414,545,238,72,76,172,241,180,42,200,highway,fuzzy
451.731233744879,260,38,7,253,238,38,36,227,163,highway,fuzzy
451.75126541183306,316,36,236,149,149,19,197,4,35,highway,fuzzy
451.85125074806706,329,178,21,86,166,151,236,66,183,highway,fuzzy
452.3519278881625,545,206,162,103,93,198,43,1,180,highway,fuzzy
452.36187558908864,260,77,252,202,66,155,128,144,123,highway,fuzzy
452.3826320044495,316,198,104,132,89,243,223,79,132,highway,fuzzy
452.48248773736896,329,82,112,207,182,118,63,113,87,highway,fuzzy
452.98212671039846,545,70,185,174,113,29,89,176,62,highway,fuzzy
452.992991828881,260,200,56,123,52,142,17,197,162,highway,fuzzy
453.0120354999039,316,208,9,90,73,252,138,4,186,highway,fuzzy
453.11142119228475,329,115,221,66,21,72,203,41,107,highway,fuzzy
453.61073473055893,545,115,15,65,117,12,55,201,130,highway,fuzzy
453.6207936424349,260,255,242,167,77,214,39,66,207,highway,fuzzy
453.64052766422697,316,93,174,247,104,146,210,53,112,highway,fuzzy
453.73998273372075,329,176,244,120,161,253,101,123,73,highway,fuzzy
454.2396565634663,545,135,55,117,49,171,37,37,162,highway,fuzzy
454.2488686375996,260,42,174,197,31,54,83,222,156,highway,fuzzy
454.26952903793466,316,190,165,5,66,187,219,63,88,highway,fuzzy
454.36912808225355,329,54,124,36,27,8,169,84,74,highway,fuzzy
454.8684623680709,545,41,40,230,138,226,61,233,89,highway,fuzzy
454.878176157984,260,159,78,53,17,79,75,14,184,highway,fuzzy
454.898441445176,316,235,50,237,136,136,244,21,119,highway,fuzzy
454.9984417951584,329,153,129,47,220,201,210,206,133,highway,fuzzy
455.49760275441304,545,7,147,121,248,235,41,4,104,highway,fuzzy
455.5068387307162,260,29,36,81,16,166,211,223,2,highway,fuzzy
455.5270174896951,316,233,183,211,95,125,71,18,121,highway,fuzzy
455.62704669811285,329,165,179,26,120,221,184,133,31,highway,fuzzy
456.12688374461624,545,93,50,175,71,172,16,34,98,highway,fuzzy
456.13669218634703,260,75,78,88,115,109,38,128,239,highway,fuzzy
456.1565902465397,316,107,133,47,132,224,121,79,1,highway,fuzzy
456.25637349105585,329,200,79,195,83,232,176,120,56,highway,fuzzy
456.7559898422482,545,93,185,14,168,126,168,122,57,highway,fuzzy
456.7668086080889,260,233,186,74,16,137,253,82,9,highway,fuzzy
456.78739589322794,316,253,66,120,26,242,160,240,131,highway,fuzzy
456.88751792236025,329,188,98,140,183,3,176,14,94,highway,fuzzy
457.3878174456434,545,155,241,201,143,74,243,138,90,highway,fuzzy
457.3982445259292,260,77,254,107,250,180,178,11,78,highway,fuzzy
457.41923078680423,316,117,217,81,73,174,80,82,167,highway,fuzzy
457.5187571474374,329,174,249,106,112,51,100,106,119,highway,fuzzy
458.0186135049217,545,37,38,165,127,167,89,181,99,highway,fuzzy
458.0287498717917,260,57,126,170,155,217,166,183,155,highway,fuzzy
458.04948720713975,316,244,236,4,186,131,254,82,6,highway,fuzzy
458.14941707675507,329,63,73,135,5,144,57,28,237,highway,fuzzy
458.6499563265757,545,53,87,189,169,56,19,206,245,highway,fuzzy
458.6608655665296,260,115,177,146,95,173,38,88,184,highway,fuzzy
458.68046793192946,316,22,165,13,147,139,247,255,207,highway,fuzzy
458.78016117217476,329,94,46,245,227,32,209,59,214,highway,fuzzy
459.2801695191563,545,123,49,224,174,23,9,223,220,highway,fuzzy
459.2893561488775,260,158,134,244,112,254,19,153,128,highway,fuzzy
459.3099870015335,316,14,171,48,118,222,32,37,7,highway,fuzzy
459.4099350728111,329,68,172,190,56,255,175,198,49,highway,fuzzy
459.9109022169073,545,173,170,96,169,184,124,103,129,highway,fuzzy
459.92057877896843,260,26,226,72,165,7,110,60,42,highway,fuzzy
459.94134284372694,316,53,189,198,63,147,134,172,39,highway,fuzzy
460.0405734146318,329,77,19,112,249,40,50,33,248,highway,fuzzy
460.541051427056,545,155,132,199,82,163,160,45,81,highway,fuzzy
460.5518341995685,260,179,85,85,83,93,115,127,172,highway,fuzzy
460.5708442944465,316,163,126,185,139,62,132,234,147,highway,fuzzy
460.67048460756433,329,15,8,88,1,198,69,10,204,highway,fuzzy
461.1701626421839,545,74,146,234,106,164,205,88,39,highway,fuzzy
461.1793301278021,260,111,189,222,88,233,207,20,221,highway,fuzzy
461.1984839680278,316,26,179,254,249,151,97,205,112,highway,fuzzy
461.29946723159236,329,252,237,179,145,218,174,148,220,highway,fuzzy
461.79868817990274,545,50,207,54,57,48,4,254,160,highway,fuzzy
461.8086591063638,260,45,167,169,188,66,46,123,197,highway,fuzzy
461.82842737545974,316,107,100,47,207,220,227,128,55,highway,fuzzy
461.92936836933404,329,42,57,33,206,77,33,219,16,highway,fuzzy
462.4303235733166,545,234,117,253,202,130,2,207,216,highway,fuzzy
462.44059192697847,260,102,186,228,122,26,241,220,167,highway,fuzzy
462.4613963965503,316,178,185,101,108,5,4,221,95,highway,fuzzy
462.5617139977057,329,123,152,154,187,190,62,180,104,highway,fuzzy
463.06086054170027,545,249,169,36,155,129,192,13,253,highway,fuzzy
463.0701595663942,260,106,138,101,131,61,83,37,215,highway,fuzzy
463.0900252590502,316,74,168,212,127,134,207,204,223,highway,fuzzy
463.18980302845193,329,157,73,224,193,249,118,82,134,highway,fuzzy
463.68979731969205,545,9,184,150,83,49,182,58,7,highway,fuzzy
463.698986773631,260,49,184,148,110,25,16,67,211,highway,fuzzy
463.71801430891315,316,110,30,222,110,199,244,189,144,highway,fuzzy
463.8175294309507,329,124,218,234,126,52,114,47,95,highway,fuzzy
464.3182074490197,545,126,173,137,28,162,107,74,237,highway,fuzzy
464.3274124372397,260,168,146,191,198,63,11,198,36,highway,fuzzy
464.34821215623407,316,5,114,234,51,40,226,74,222,highway,fuzzy
464.4481386961864,329,144,17,231,46,100,119,89,174,highway,fuzzy
464.94805615681616,545,125,238,82,94,103,204,244,61,highway,fuzzy
464.9576553753909,260,81,37,13,35,9,140,76,253,highway,fuzzy
464.9776270162905,316,127,114,149,63,202,121,95,66,highway,fuzzy
465.07696588688606,329,176,96,226,2,63,74,130,188,highway,fuzzy
465.576378773804,545,188,136,187,170,108,98,255,17,highway,fuzzy
465.58580192402076,260,14,209,127,37,134,120,129,196,highway,fuzzy
465.60677256175455,316,239,253,250,154,195,137,193,119,highway,fuzzy
465.7064468378731,329,92,111,52,243,84,132,158,181,highway,fuzzy
466.2066261248758,545,243,238,36,215,43,92,70,216,highway,fuzzy
466.21590208702406,260,73,13,237,82,234,20,64,66,highway,fuzzy
466.2354647676435,316,43,9,73,235,67,48,25,181,highway,fuzzy
466.3345882756658,329,217,63,144,198,58,241,7,32,highway,fuzzy
466.8334658277014,545,137,45,44,206,24,159,55,52,highway,fuzzy
466.842965238523,260,227,159,29,214,115,154,84,151,highway,fuzzy
466.86216677931566,316,76,9,47,38,87,73,172,202,highway,fuzzy
466.9629397970249,329,151,72,183,242,157,8,112,126,highway,fuzzy
467.4638947551223,545,177,143,203,134,131,231,42,186,highway,fuzzy
467.4739129109695,260,234,194,102,128,52,56,185,7,highway,fuzzy
467.49392382215194,316,231,224,1,205,79,4,84,141,highway,fuzzy
467.5932303732725,329,185,197,62,186,179,252,222,227,highway,fuzzy
468.0930020039859,545,172,154,154,239,162,98,77,237,highway,fuzzy
468.10244940823685,260,163,28,204,217,69,133,252,185,highway,fuzzy
468.1220659627286,316,181,47,145,91,8,192,219,2,highway,fuzzy
468.2223299900033,329,161,96,176,54,80,25,149,203,highway,fuzzy
468.7217813036434,545,58,167,76,162,55,196,16,177,highway,fuzzy
468.7311128263079,260,65,225,69,127,83,100,69,199,highway,fuzzy
468.7518619150979,316,26,162,87,82,43,230,168,233,highway,fuzzy
468.8524206641859,329,93,96,10,156,153,58,241,75,highway,fuzzy
469.35299730077776,545,155,227,250,203,58,163,68,160,highway,fuzzy
469.3620444304299,260,54,202,89,101,83,139,223,160,highway,fuzzy
469.3827356442144,316,148,151,223,166,202,47,8,205,highway,fuzzy
469.4824255573217,329,12,165,150,25,42,8,229,155,highway,fuzzy
469.98252808219775,545,15,231,131,230,80,69,22,197,highway,fuzzy
469.99244694276956,260,255,8,101,78,58,163,207,50,highway,fuzzy
470.0131685979065,316,209,132,23,64,232,66,171,67,highway,fuzzy
470.1137153577658,329,186,156,7,254,243,152,29,166,highway,fuzzy
470.6139224762912,545,220,14,154,176,227,75,248,237,highway,fuzzy
470.62343933727726,260,201,108,226,40,229,211,90,212,highway,fuzzy
470.64433312153295,316,65,91,136,53,243,204,224,101,highway,fuzzy
470.74530075944165,329,254,80,58,217,55,52,189,181,highway,fuzzy
471.24455410701773,545,117,147,150,202,162,170,168,113,highway,fuzzy
471.2537580002164,260,199,11,195,168,8,9,131,11,highway,fuzzy
471.2739541702919,316,82,234,4,136,115,90,139,15,highway,fuzzy
471.37412350977496,329,15,212,154,174,19,95,143,17,highway,fuzzy
471.87378399987415,545,210,97,28,116,76,236,82,188,highway,fuzzy
471.8836095235413,260,38,4,104,135,21,55,213,211,highway,fuzzy
471.9042470756957,316,160,219,169,252,11,53,138,177,highway,fuzzy
472.00432747957547,329,185,165,148,67,136,126,21,172,highway,fuzzy
472.5038031853585,545,42,118,122,63,93,200,247,206,highway,fuzzy
472.51281199605233,260,83,227,159,132,10,18,135,169,highway,fuzzy
472.53238409502455,316,177,132,34,30,166,170,229,112,highway,fuzzy
472.63147558576475,329,251,88,64,118,99,69,246,18,highway,fuzzy
473.13176608703446,545,171,13,179,211,218,216,201,221,highway,fuzzy
473.1426995771824,260,237,21,107,102,42,207,167,5,highway,fuzzy
473.1628621397188,316,74,153,18,120,181,234,233,183,highway,fuzzy
473.2636645937467,329,67,30,144,201,143,108,82,33,highway,fuzzy
473.76385939302446,545,106,122,110,14,232,172,126,172,highway,fuzzy
473.7733995791569,260,133,84,10,121,242,217,223,152,highway,fuzzy
473.79418911897443,316,14,61,242,236,147,125,187,11,highway,fuzzy
473.8937458544644,329,75,112,147,139,75,128,157,238,highway,fuzzy
474.3931974169312,545,117,71,103,138,71,56,164,238,highway,fuzzy
474.4034540587091,260,194,117,160,152,49,22,14,229,highway,fuzzy
474.42434972991583,316,2,129,95,54,65,48,109,43,highway,fuzzy
474.5243257562319,329,28,77,161,232,166,159,21,184,highway,fuzzy
475.02378968704363,545,138,31,18,25,56,77,251,209,highway,fuzzy
475.03370012454263,260,107,233,159,104,33,5,226,168,highway,fuzzy
475.054395944353,316,204,50,87,94,63,229,180,186,highway,fuzzy
475.1540600185331,329,98,84,151,13,199,19,29,93,highway,fuzzy
475.65395323412554,545,32,241,190,75,22,37,40,238,highway,fuzzy
475.6641701180748,260,63,106,64,201,45,133,36,247,highway,fuzzy
475.6846773180063,316,150,7,235,235,37,79,10,223,highway,fuzzy
475.7850640476031,329,255,46,29,227,186,104,143,70,highway,fuzzy
476.28439789919065,545,92,82,92,47,70,80,12,204,highway,fuzzy
476.2937813574678,260,38,159,103,54,248,146,216,113,highway,fuzzy
476.31384858394546,316,251,14,6,11,228,75,123,51,highway,fuzzy
476.4145416856314,329,80,64,70,70,151,118,146,39,highway,fuzzy
476.91539637314946,545,196,238,56,93,126,203,250,206,highway,fuzzy
476.928416396526,260,105,160,203,6,239,183,203,149,highway,fuzzy
476.94865793078327,316,243,91,209,19,97,107,116,141,highway,fuzzy
477.0477669636629,329,222,156,216,217,31,66,171,87,highway,fuzzy
477.55027620613515,545,73,167,72,56,15,125,117,3,highway,fuzzy
477.55947682609775,260,63,159,255,131,48,242,34,35,highway,fuzzy
477.5800745312938,316,183,161,154,20,159,112,32,169,highway,fuzzy
477.6799587660072,329,192,221,86,62,132,194,197,41,highway,fuzzy
478.1791419201081,545,231,114,204,15,150,234,41,92,highway,fuzzy
478.1899695589597,260,240,223,26,28,41,40,15,68,highway,fuzzy
478.21061421008113,316,103,122,166,236,206,216,215,197,highway,fuzzy
478.3099238219758,329,178,163,84,49,225,6,103,248,highway,fuzzy
478.8108459531258,545,48,141,193,196,120,175,99,178,highway,fuzzy
478.82047476601286,260,151,117,113,32,21,118,160,2,highway,fuzzy
478.8398525992112,316,223,172,246,242,56,133,227,188,highway,fuzzy
478.9397822981886,329,193,238,220,64,125,140,252,11,highway,fuzzy
479.43965793913947,545,226,98,17,228,214,11,18,113,highway,fuzzy
479.4503230353513,260,43,234,119,245,105,72,91,52,highway,fuzzy
479.4710521101627,316,22,21,40,41,247,6,153,10,highway,fuzzy
479.57033337804853,329,219,68,6,123,233,156,108,172,highway,fuzzy
480.0696662825325,545,185,231,27,79,11,168,30,241,highway,fuzzy
480.0804905425469,260,15,16,173,58,74,237,191,145,highway,fuzzy
480.1005764249482,316,229,175,182,59,23,241,199,42,highway,fuzzy
480.2004712353856,329,142,146,250,252,155,236,230,243,highway,fuzzy
480.70020018984326,545,43,87,61,169,72,68,180,183,highway,fuzzy
480.7097668460076,260,220,114,57,120,209,212,109,112,highway,fuzzy
480.73002329209277,316,211,115,76,241,93,76,194,83,highway,fuzzy
480.8301443712228,329,135,216,133,222,6,67,35,242,highway,fuzzy
481.3297183058178,545,239,124,67,206,97,150,163,248,highway,fuzzy
481.3400854486116,260,6,52,9,52,101,99,28,110,highway,fuzzy
481.3603228681221,316,175,248,97,27,206,123,59,78,highway,fuzzy
481.4608935600798,329,189,13,129,35,80,2,32,197,highway,fuzzy
481.96184941614246,545,110,221,153,136,76,6,132,104,highway,fuzzy
481.9712427900208,260,202,125,246,237,200,28,151,120,highway,fuzzy
481.9906084585635,316,229,18,88,129,200,176,60,62,highway,fuzzy
482.0900163364185,329,170,243,171,129,246,60,69,110,highway,fuzzy
482.5895776174285,545,195,215,55,232,214,50,59,250,highway,fuzzy
482.5960802866773,260,47,157,194,45,232,238,80,49,highway,fuzzy
482.6165126842173,316,214,134,151,65,6,212,5,31,highway,fuzzy
482.71652180898883,329,236,246,246,157,192,38,4,106,highway,fuzzy
483.2165994823708,545,5,208,170,43,231,219,57,111,highway,fuzzy
483.22677475038216,260,201,5,247,35,234,77,162,56,highway,fuzzy
483.2466092664202,316,206,71,59,149,4,231,228,233,highway,fuzzy
483.34577887426275,329,133,22,175,28,190,253,240,20,highway,fuzzy
483.8451655319277,545,194,224,181,79,154,52,229,193,highway,fuzzy
483.8546602145545,260,168,12,161,147,219,40,111,10,highway,fuzzy
483.87394035729034,316,209,152,220,169,21,150,213,64,highway,fuzzy
483.9748760689714,329,109,181,58,34,186,151,153,146,highway,fuzzy
484.4752484953424,545,196,239,222,30,0,249,76,126,highway,fuzzy
484.4842613937061,260,157,238,114,165,33,143,195,155,highway,fuzzy
484.5051985327118,316,106,15,172,24,58,10,196,248,highway,fuzzy
484.60487973394385,329,69,153,27,32,139,187,89,178,highway,fuzzy
485.10430269218847,545,109,123,186,217,44,148,128,77,highway,fuzzy
485.11401529569815,260,105,196,176,177,178,160,72,25,highway,fuzzy
485.13374521394496,316,237,11,247,115,33,136,133,230,highway,fuzzy
485.2347428245513,329,223,120,90,252,194,54,187,236,highway,fuzzy
485.73554211697814,545,112,108,203,40,18,216,115,255,highway,fuzzy
485.74572516920273,260,56,21,108,93,178,119,52,44,highway,fuzzy
485.7657228684723,316,66,136,231,223,109,254,129,170,highway,fuzzy
485.86507593354196,329,88,95,158,8,201,196,246,238,highway,fuzzy
486.36514403832575,545,137,180,30,31,205,120,54,155,highway,fuzzy
486.3758421593878,260,132,126,130,35,139,105,195,154,highway,fuzzy
486.3949122607846,316,61,220,195,159,89,149,189,31,highway,fuzzy
486.49463523695584,329,122,241,238,111,107,133,251,226,highway,fuzzy
486.9954351592603,545,174,240,63,74,38,66,242,50,highway,fuzzy
487.0054304415663,260,45,152,74,166,129,138,239,47,highway,fuzzy
487.02564608755637,316,34,247,111,168,84,174,153,173,highway,fuzzy
487.12614117032604,329,110,110,12,231,71,144,82,172,highway,fuzzy
487.6263347106303,545,237,119,75,23,156,171,255,252,highway,fuzzy
487.63533534395015,260,224,73,63,36,209,188,174,241,highway,fuzzy
487.6548411464634,316,54,178,16,24,40,147,47,24,highway,fuzzy
487.7553293027351,329,48,0,160,56,145,46,28,242,highway,fuzzy
488.2562162619328,545,176,60,184,176,36,216,248,235,highway,fuzzy
488.2657985796131,260,3,239,28,109,73,11,240,22,highway,fuzzy
488.2864553047578,316,235,114,107,230,61,169,85,213,highway,fuzzy
488.38565998375486,329,128,85,57,215,31,139,104,1,highway,fuzzy
488.88614188171306,545,147,221,238,48,69,178,17,31,highway,fuzzy
488.89690249212964,260,238,84,143,105,83,32,210,139,highway,fuzzy
488.91768194984525,316,146,94,100,85,174,62,179,133,highway,fuzzy
489.0174262851037,329,222,122,127,0,61,244,91,129,highway,fuzzy
489.51724590953836,545,120,73,113,27,191,81,29,170,highway,fuzzy
489.5281569754352,260,194,26,146,42,93,95,199,63,highway,fuzzy
489.54863854633237,316,97,54,109,108,107,125,191,221,highway,fuzzy
489.64848075180976,329,81,47,246,253,219,104,40,186,highway,fuzzy
490.1489598442482,545,56,241,54,21,222,134,141,175,highway,fuzzy
490.15852466979925,260,10,83,207,49,253,215,81,149,highway,fuzzy
490.178497887649,316,142,112,103,242,232,173,232,99,highway,fuzzy
490.27769035295944,329,78,226,217,102,188,238,182,165,highway,fuzzy
490.7773786012971,545,13,169,213,9,241,4,227,111,highway,fuzzy
490.7877701846054,260,48,152,199,15,134,209,2,226,highway,fuzzy
490.8076609971585,316,17,93,233,123,50,160,215,32,highway,fuzzy
490.90716235704224,329,117,62,251,211,32,43,50,71,highway,fuzzy
491.4076362936282,545,187,59,181,241,40,41,203,57,highway,fuzzy
491.4180826713761,260,16,65,75,75,161,183,59,21,highway,fuzzy
491.43752983625564,316,132,227,81,247,136,186,164,63,highway,fuzzy
491.53844257715855,329,5,151,154,8,214,127,180,209,highway,fuzzy
492.037561790809,545,162,54,23,136,227,164,59,247,highway,fuzzy
492.04770027427236,260,128,129,18,143,75,219,14,189,highway,fuzzy
492.06747450472295,316,11,63,153,111,58,102,207,206,highway,fuzzy
492.16674181195447,329,244,228,38,46,253,228,71,231,highway,fuzzy
492.6662565267896,545,45,163,119,54,95,58,45,94,highway,fuzzy
492.67528987133215,260,155,204,201,139,236,138,62,128,highway,fuzzy
492.69608431486324,316,36,134,254,239,108,252,235,35,highway,fuzzy
492.79540132241624,329,145,192,5,177,67,145,213,198,highway,fuzzy
493.2946133440215,545,151,201,138,165,28,236,55,200,highway,fuzzy
493.30514566618353,260,185,225,231,43,27,196,9,195,highway,fuzzy
493.32480636914596,316,52,60,17,208,24,117,51,131,highway,fuzzy
493.4246169266915,329,90,155,214,185,173,142,3,193,highway,fuzzy
493.92368555623017,545,103,143,31,57,99,46,129,160,highway,fuzzy
493.932861955228,260,182,242,115,197,220,26,111,42,highway,fuzzy
493.95349937790184,316,201,133,153,21,108,37,150,192,highway,fuzzy
494.052685771698,329,182,182,51,171,165,236,112,79,highway,fuzzy
494.5517510789904,545,202,196,228,14,157,57,157,206,highway,fuzzy
494.5619448705391,260,81,244,231,229,116,22,166,175,highway,fuzzy
494.58151156137393,316,60,74,116,188,187,159,213,1,highway,fuzzy
494.6822796256322,329,250,254,26,22,40,215,65,152,highway,fuzzy
495.18305106960986,545,200,175,93,228,117,22,190,198,highway,fuzzy
495.19252407134417,260,129,216,199,234,216,234,49,103,highway,fuzzy
495.2115421968623,316,40,50,72,176,149,194,221,178,highway,fuzzy
495.3107261446117,329,25,206,68,109,144,3,74,152,highway,fuzzy
495.8107615007058,545,188,188,136,92,128,228,145,4,highway,fuzzy
495.82027944975886,260,253,157,216,34,60,126,7,114,highway,fuzzy
495.83819767331556,316,116,148,206,204,252,222,27,13,highway,fuzzy
495.9387673940748,329,14,143,236,22,163,100,104,24,highway,fuzzy
496.43863756072074,545,153,131,100,86,126,149,133,149,highway,fuzzy
496.44905893356975,260,79,244,56,27,119,57,190,105,highway,fuzzy
496.46927753515746,316,225,229,111,48,0,246,224,174,highway,fuzzy
496.5702201691565,329,224,176,101,29,145,13,28,194,highway,fuzzy
497.0703079925798,545,62,72,40,57,193,165,241,224,highway,fuzzy
497.0804947660795,260,131,157,226,100,79,50,144,182,highway,fuzzy
497.10143396678563,316,173,0,197,137,201,202,80,45,highway,fuzzy
497.2006492805571,329,232,231,204,57,225,179,242,172,highway,fuzzy
497.701227762588,545,96,70,54,235,21,225,90,201,highway,fuzzy
497.71063497262776,260,18,223,122,62,147,207,177,45,highway,fuzzy
497.7312403276311,316,176,208,185,71,94,90,22,87,highway,fuzzy
497.83036276115155,329,224,23,40,219,110,181,190,92,highway,fuzzy
498.3310544519735,545,151,180,52,42,83,37,244,11,highway,fuzzy
498.34056777843085,260,252,236,1,52,73,213,113,88,highway,fuzzy
498.3596581183292,316,143,43,75,90,197,221,69,39,highway,fuzzy
498.45962957835627,329,86,119,147,46,26,58,173,41,highway,fuzzy
498.95890431066107,545,86,163,144,137,117,154,185,250,highway,fuzzy
498.9681320551127,260,220,120,201,137,11,100,58,252,highway,fuzzy
498.98727292495255,316,209,78,137,174,15,145,54,120,highway,fuzzy
499.0871029473369,329,206,164,60,135,182,203,106,154,highway,fuzzy
499.5873235078788,545,86,216,249,138,217,70,9,34,highway,fuzzy
499.598195525353,260,34,35,140,69,254,226,60,117,highway,fuzzy
499.61778227048904,316,111,40,117,14,186,10,223,254,highway,fuzzy
499.71811633018865,329,125,31,100,1,235,207,45,71,highway,fuzzy
500.2172929250336,545,62,240,148,251,118,192,172,102,highway,fuzzy
500.2271546257603,260,213,49,69,101,183,72,34,107,highway,fuzzy
500.24808394657333,316,222,128,183,241,98,254,117,105,highway,fuzzy
500.3478445075377,329,194,2,21,218,44,185,158,112,highway,fuzzy
500.84690362125536,545,230,118,72,42,13,16,105,184,highway,fuzzy
500.8574267295524,260,82,11,62,14,237,6,53,165,highway,fuzzy
500.87646544030247,316,21,33,64,82,134,187,98,229,highway,fuzzy
500.9763642658521,329,245,200,144,193,31,111,100,193,highway,fuzzy
501.4764149803137,545,39,49,63,39,251,131,87,99,highway,fuzzy
501.48584694887927,260,227,98,162,241,89,188,241,207,highway,fuzzy
501.5057875894676,316,57,119,191,90,92,180,57,232,highway,fuzzy
501.606117273337,329,143,142,255,231,70,7,129,98,highway,fuzzy
502.1070002740533,545,167,89,27,236,77,209,215,88,highway,fuzzy
502.1173566041485,260,54,150,25,43,57,239,9,128,highway,fuzzy
502.1380527753501,316,163,9,180,108,65,115,134,141,highway,fuzzy
502.2377213183762,329,168,97,80,167,88,47,50,67,highway,fuzzy
502.73802756897095,545,121,143,145,231,74,16,34,53,highway,fuzzy
502.7472450164783,260,217,66,85,123,229,70,3,157,highway,fuzzy
502.76787127155774,316,108,82,38,90,202,19,22,79,highway,fuzzy
502.8684417543253,329,26,109,95,252,113,171,52,241,highway,fuzzy
503.3689375709858,545,117,160,131,47,255,164,136,175,highway,fuzzy
503.37901954100386,260,185,120,25,163,223,134,109,187,highway,fuzzy
503.39988656680646,316,6,207,164,109,172,182,187,58,highway,fuzzy
503.49970059307856,329,23,18,97,184,213,145,218,87,highway,fuzzy
504.0002327307123,545,234,136,10,0,10,133,156,129,highway,fuzzy
504.0107612231246,260,225,208,134,83,118,188,219,81,braking,fuzzy
504.030175364844,316,115,210,125,114,3,145,175,208,braking,fuzzy
504.12969652154817,329,29,44,66,75,66,114,11,112,braking,fuzzy
504.6296659121006,545,155,192,248,231,235,93,22,193,braking,fuzzy
504.6392135349519,260,39,182,209,116,191,176,114,0,braking,fuzzy
504.6601997550926,316,82,132,209,52,21,81,98,230,braking,fuzzy
504.7597907236743,329,72,174,92,86,51,134,24,229,braking,fuzzy
505.25984078165436,545,106,54,181,86,216,27,69,247,braking,fuzzy
505.26938486534925,260,91,155,243,255,45,208,48,94,braking,fuzzy
505.28977237296306,316,197,120,231,193,252,63,253,34,braking,fuzzy
505.3889639956936,329,175,184,197,245,119,24,25,76,braking,fuzzy
505.88882778655005,545,58,158,163,139,111,33,152,220,braking,fuzzy
505.89835923141436,260,93,104,229,246,13,160,20,9,braking,fuzzy
505.91909394729345,316,232,5,148,224,149,185,151,2,braking,fuzzy
506.01995054987395,329,58,136,93,153,101,70,178,229,braking,fuzzy
506.5204895894482,545,8,92,219,210,99,212,161,100,braking,fuzzy
506.52996556463376,260,152,59,88,160,7,119,149,115,braking,fuzzy
506.5508797455869,316,216,169,16,60,48,214,34,206,braking,fuzzy
506.65165168536885,329,62,223,92,5,250,158,175,180,braking,fuzzy
507.1519560421042,545,171,139,18,92,192,153,105,35,braking,fuzzy
507.1614209934043,260,134,229,33,139,231,168,187,56,braking,fuzzy
507.1816866659687,316,98,248,156,43,205,201,254,219,braking,fuzzy
507.2820791959308,329,92,128,209,236,112,172,122,227,braking,fuzzy
507.78132568912014,545,175,209,19,208,218,158,180,215,braking,fuzzy
507.7911255645375,260,131,181,148,8,91,43,243,158,braking,fuzzy
507.8107546482178,316,203,252,40,107,164,10,68,83,braking,fuzzy
507.91016159774284,329,39,1,134,254,220,175,88,164,braking,fuzzy
508.4107453684117,545,196,22,46,66,74,161,58,150,braking,fuzzy
508.4199391068757,260,115,172,87,100,7,194,75,32,braking,fuzzy
508.4390716945011,316,86,192,46,138,198,53,243,140,braking,fuzzy
508.5383961872726,329,133,35,201,169,212,6,108,22,braking,fuzzy
509.0386645467495,545,48,224,9,117,192,86,23,12,braking,fuzzy
509.04843908029756,260,18,253,226,200,40,43,118,109,braking,fuzzy
509.0675638077114,316,244,144,166,238,8,216,191,233,braking,fuzzy
509.16767733205484,329,223,69,138,74,15,245,129,104,braking,fuzzy
509.66802850333386,545,108,225,47,110,255,67,227,215,braking,fuzzy
509.6770502872754,260,201,218,113,41,158,121,61,238,braking,fuzzy
509.69713744129285,316,140,159,217,230,41,255,4,195,braking,fuzzy
509.7965611818081,329,18,160,213,151,162,245,92,16,braking,fuzzy
510.295760686599,545,131,110,195,194,135,229,91,59,braking,fuzzy
510.30667363048,260,220,151,67,240,183,181,195,202,braking,fuzzy
510.3269850030888,316,239,134,100,64,152,122,250,130,braking,fuzzy
510.42792131449824,329,64,20,165,221,114,69,19,205,braking,fuzzy
510.9278356168522,545,98,28,176,208,244,137,136,5,braking,fuzzy
510.9374404813894,260,97,136,255,40,222,97,143,109,braking,fuzzy
510.9566105530429,316,221,185,136,52,255,88,188,156,braking,fuzzy
511.05575134776865,329,101,201,254,227,250,160,127,180,braking,fuzzy
511.55486796218946,545,108,248,52,89,203,219,123,28,braking,fuzzy
511.5640901085379,260,57,246,87,4,37,244,181,35,braking,fuzzy
511.58317764597706,316,17,117,84,219,13,105,138,86,braking,fuzzy
511.68385303912623,329,184,51,87,101,138,204,15,119,braking,fuzzy
512.1830335857882,545,68,247,72,154,86,136,68,95,braking,fuzzy
512.1936972080974,260,193,84,36,174,205,186,191,218,braking,fuzzy
512.2144796231279,316,220,54,90,233,235,149,14,176,braking,fuzzy
512.3153146751779,329,142,130,194,116,62,170,54,164,braking,fuzzy
512.8161341447427,545,165,156,30,88,103,101,187,62,braking,fuzzy
512.8251525520767,260,6,94,228,79,128,69,143,135,braking,fuzzy
512.8454398767607,316,56,224,156,139,83,255,12,11,braking,fuzzy
512.9448201055112,329,19,52,112,173,255,34,228,184,braking,fuzzy
513.4455124235834,545,60,46,79,43,228,22,197,153,braking,fuzzy
513.4560186124155,260,238,178,153,142,228,203,229,76,braking,fuzzy
513.4747983817929,316,21,133,65,253,28,204,255,109,braking,fuzzy
513.5751821365003,329,167,207,245,176,238,206,5,13,braking,fuzzy
514.0760752582676,545,57,140,180,127,245,100,198,81,braking,fuzzy
514.0857673216285,260,71,52,197,133,206,3,227,242,braking,fuzzy
514.1061444394048,316,71,118,124,163,248,44,161,70,braking,fuzzy
514.2066378776087,329,68,128,196,99,180,254,158,203,braking,fuzzy
514.7060710931596,545,6,247,208,48,98,159,55,62,braking,fuzzy
514.7166529579064,260,27,156,210,143,130,66,242,119,braking,fuzzy
514.7358945273446,316,123,29,166,17,225,74,129,115,braking,fuzzy
514.8378710600916,329,209,130,143,129,144,251,159,222,braking,fuzzy
515.3374725740566,545,51,142,195,250,45,190,250,20,braking,fuzzy
515.347259350802,260,186,87,156,77,162,40,192,157,braking,fuzzy
515.3679901144905,316,86,224,76,221,54,123,167,58,braking,fuzzy
515.4682734477512,329,176,0,84,145,176,118,193,5,braking,fuzzy
515.9679832162888,545,254,78,86,186,110,246,39,149,braking,fuzzy
515.9777132215756,260,179,96,108,5,221,168,242,60,braking,fuzzy
515.9969995701503,316,77,206,46,124,242,58,61,233,braking,fuzzy
516.0966594853176,329,73,98,180,69,168,68,107,139,braking,fuzzy
516.5959680245932,545,44,73,40,25,244,116,100,233,braking,fuzzy
516.6050722089803,260,97,92,117,107,207,127,60,96,braking,fuzzy
516.6246812623872,316,202,205,123,91,211,85,202,230,braking,fuzzy
516.7249262042201,329,37,181,129,112,143,164,207,215,braking,fuzzy
517.2244715316559,545,63,11,212,109,135,132,64,82,braking,fuzzy
517.234218449762,260,192,89,40,92,121,229,251,135,braking,fuzzy
517.2543055434081,316,229,81,170,174,18,211,115,1,braking,fuzzy
517.3550088039505,329,24,91,235,13,192,85,41,105,braking,fuzzy
517.8559588069345,545,117,139,101,210,51,236,175,28,braking,fuzzy
517.8661002711547,260,150,196,89,226,246,231,5,134,braking,fuzzy
517.8860664232567,316,216,172,76,217,87,73,123,38,braking,fuzzy
517.985396525918,329,155,159,176,224,246,70,182,137,braking,fuzzy
518.4858734817549,545,5,119,240,179,106,195,217,191,braking,fuzzy
518.4961406702687,260,70,88,187,115,226,120,251,157,braking,fuzzy
518.5167744697613,316,27,11,39,200,115,52,15,217,braking,fuzzy
518.6167786262365,329,223,241,87,42,91,173,225,81,braking,fuzzy
519.1163700672184,545,29,223,78,115,187,146,184,122,braking,fuzzy
519.126782705281,260,48,1,150,158,45,139,19,227,braking,fuzzy
519.1469393920964,316,93,153,49,33,108,16,170,152,braking,fuzzy
519.2478071276634,329,12,227,162,157,113,215,32,126,braking,fuzzy
519.7482019231546,545,152,189,97,40,84,177,38,168,braking,fuzzy
519.7588886461501,260,95,28,0,148,238,236,198,232,braking,fuzzy
519.7783179176745,316,217,39,3,78,199,238,171,149,braking,fuzzy
519.8793165256346,329,117,246,15,13,63,90,33,140,braking,fuzzy
520.3791895458003,545,87,141,160,170,209,79,142,176,braking,fuzzy
520.3893734675174,260,171,187,90,92,233,250,70,176,braking,fuzzy
520.409143987708,316,228,205,81,230,235,242,79,95,braking,fuzzy
520.5083060524054,329,84,152,202,65,85,18,86,229,braking,fuzzy
521.0092968474995,545,224,215,176,95,55,218,89,185,braking,fuzzy
521.0189637959667,260,242,181,179,211,213,7,175,71,braking,fuzzy
521.0380997080933,316,174,153,119,80,114,9,81,182,braking,fuzzy
521.1374892589745,329,21,143,84,67,226,9,57,38,braking,fuzzy
521.6375226271819,545,65,114,14,46,181,113,72,65,braking,fuzzy
521.6469216256029,260,219,131,47,182,155,193,114,18,braking,fuzzy
521.6662351924338,316,112,132,14,133,76,149,198,30,braking,fuzzy
521.7657080087902,329,212,15,159,247,158,19,22,254,braking,fuzzy
522.2667050259006,545,194,172,213,162,52,77,139,201,braking,fuzzy
522.2762030622147,260,43,85,20,50,144,38,20,142,braking,fuzzy
522.2969379490495,316,56,207,132,247,231,104,101,206,braking,fuzzy
522.397526525829,329,101,207,60,236,183,13,13,5,braking,fuzzy
522.8978372553888,545,225,221,246,173,85,60,234,44,braking,fuzzy
522.9076386148541,260,11,48,189,83,57,79,35,234,braking,fuzzy
522.9278034590839,316,135,160,24,171,25,6,246,123,braking,fuzzy
523.027927890315,329,191,213,73,56,124,47,134,200,braking,fuzzy
523.5279354295053,545,55,118,97,59,179,152,172,232,braking,fuzzy
523.5389168196701,260,159,193,148,3,77,223,202,58,braking,fuzzy
523.5594481135829,316,222,180,189,216,34,222,123,173,braking,fuzzy
523.6595210638993,329,180,215,113,36,203,151,147,69,braking,fuzzy
524.1594345219551,545,203,52,17,123,98,243,153,120,braking,fuzzy
524.1692866277648,260,143,239,232,42,94,27,213,203,braking,fuzzy
524.1929902167217,316,228,174,123,145,104,193,13,89,braking,fuzzy
524.293706330125,329,115,53,150,77,159,175,171,135,braking,fuzzy
524.7934906918136,545,240,193,234,151,131,171,191,146,braking,fuzzy
524.8044768491261,260,86,149,105,93,193,191,147,24,braking,fuzzy
524.8254687851822,316,35,228,120,69,42,3,139,14,braking,fuzzy
524.9261477740839,329,240,95,99,74,97,86,130,214,braking,fuzzy
525.4255879510843,545,153,37,91,245,24,58,53,210,braking,fuzzy
525.4365230315291,260,15,97,136,93,128,54,172,153,braking,fuzzy
525.4567509685448,316,110,14,213,24,102,196,232,243,braking,fuzzy
525.5564710615741,329,204,227,86,230,121,18,189,170,braking,fuzzy
526.0571447074796,545,211,207,253,6,36,164,84,82,braking,fuzzy
526.0676001508649,260,92,109,129,213,129,243,62,9,braking,fuzzy
526.0868744203515,316,121,91,235,23,174,224,103,69,braking,fuzzy
526.1870972891601,329,112,36,75,222,95,202,143,88,braking,fuzzy
526.6875494881652,545,89,104,199,102,117,83,112,14,braking,fuzzy
526.6967913508097,260,23,30,88,244,11,236,236,63,braking,fuzzy
526.7159502363756,316,225,113,237,55,5,187,61,61,braking,fuzzy
526.8161066676598,329,76,127,156,14,142,241,68,229,braking,fuzzy
527.3152707722027,545,160,103,176,236,106,18,145,150,braking,fuzzy
527.3253049197588,260,183,32,140,234,96,235,84,64,braking,fuzzy
527.3456202261285,316,212,166,81,125,81,115,250,87,braking,fuzzy
527.4463568396594,329,29,48,122,159,95,69,148,127,braking,fuzzy
527.9473060428745,545,153,57,197,88,84,210,2,255,braking,fuzzy
527.9577436528497,260,69,53,181,46,154,51,95,121,braking,fuzzy
527.9782396950874,316,4,20,254,161,147,53,200,123,braking,fuzzy
528.0792222926369,329,41,52,174,173,125,184,245,169,braking,fuzzy
528.5787996051233,545,89,153,65,108,193,30,25,79,braking,fuzzy
528.5893559883203,260,39,120,185,226,186,87,199,255,braking,fuzzy
528.608963693181,316,127,176,181,13,80,137,252,67,braking,fuzzy
528.7099583885932,329,249,70,70,20,24,22,108,202,braking,fuzzy
529.2098223484737,545,129,103,28,165,251,18,71,62,braking,fuzzy
529.2200766193974,260,25,23,171,220,55,176,188,53,braking,fuzzy
529.2405085111197,316,88,172,87,52,192,206,191,71,braking,fuzzy
529.3410174319853,329,122,125,101,252,78,24,209,0,braking,fuzzy
529.8416150149662,545,206,200,53,81,187,235,64,170,braking,fuzzy
529.851584794964,260,2,153,38,139,211,231,252,243,braking,fuzzy
529.870734425799,316,29,221,55,196,254,215,206,147,braking,fuzzy
529.9716594842248,329,119,253,234,18,79,88,239,133,braking,fuzzy
530.4716902748986,545,109,241,6,73,3,64,65,26,braking,fuzzy
530.4814283573344,260,92,110,52,131,48,237,194,226,braking,fuzzy
530.5009891617412,316,62,110,205,175,204,199,154,128,braking,fuzzy
530.601147188427,329,2,144,141,241,45,32,134,154,braking,fuzzy
531.100828865315,545,191,224,32,238,136,253,223,211,braking,fuzzy
531.1097671249994,260,81,61,21,50,184,106,7,225,braking,fuzzy
531.1302378282691,316,218,251,14,195,212,145,185,24,braking,fuzzy
531.2292908640513,329,221,120,172,233,203,23,181,127,braking,fuzzy
531.7292513360868,545,204,121,243,242,75,211,72,53,braking,fuzzy
531.7388545139927,260,190,176,148,232,249,12,200,6,braking,fuzzy
531.7587514639127,316,18,90,131,202,22,163,155,197,braking,fuzzy
531.8596709422204,329,147,40,93,11,183,145,158,150,braking,fuzzy
532.3589170585522,545,70,105,206,132,23,161,33,21,braking,fuzzy
532.3691855788719,260,38,49,106,81,131,80,31,137,braking,fuzzy
532.3883448433622,316,55,95,14,24,226,249,161,6,braking,fuzzy
532.4881416008153,329,242,96,183,76,214,91,98,51,braking,fuzzy
532.9883701897896,545,90,63,94,20,153,131,190,12,braking,fuzzy
532.9985507482672,260,220,43,116,136,27,55,144,36,braking,fuzzy
533.0181868636349,316,219,147,124,76,98,239,40,119,braking,fuzzy
533.1185250197909,329,147,192,121,245,239,106,247,125,braking,fuzzy
533.6189000549382,545,44,171,44,233,125,89,185,65,braking,fuzzy
533.6286465227882,260,97,12,245,23,225,26,211,132,braking,fuzzy
533.6496040156404,316,199,212,70,185,64,78,171,82,braking,fuzzy
533.7496604141833,329,199,190,109,169,207,60,253,226,braking,fuzzy
534.2504914084823,545,147,99,182,97,123,130,102,197,braking,fuzzy
534.259769857599,260,13,94,47,42,129,247,121,117,braking,fuzzy
534.2802947427055,316,94,35,101,216,160,129,209,246,braking,fuzzy
534.3798086596337,329,60,125,248,85,99,93,175,118,braking,fuzzy
534.8789084589481,545,167,228,215,150,142,30,241,165,braking,fuzzy
534.8886048450225,260,171,73,126,169,116,155,41,80,braking,fuzzy
534.9081705289939,316,209,124,45,185,62,105,161,22,braking,fuzzy
535.0077230893941,329,37,17,174,78,169,64,176,203,braking,fuzzy
535.5086226050736,545,21,250,69,4,4,107,192,22,braking,fuzzy
535.518875324807,260,58,190,181,74,201,1,85,85,braking,fuzzy
535.5395485513649,316,93,95,153,34,8,10,208,51,braking,fuzzy
535.6386615715013,329,129,203,27,190,239,211,87,61,braking,fuzzy
536.1390751059353,545,100,111,75,32,197,159,178,110,braking,fuzzy
536.1482674487237,260,117,242,6,230,66,114,200,70,braking,fuzzy
536.168732639139,316,145,196,242,151,47,17,69,66,braking,fuzzy
536.2689793596456,329,45,176,170,249,129,6,151,118,braking,fuzzy
536.7680023313517,545,87,64,74,63,174,22,122,88,braking,fuzzy
536.7782399275451,260,134,187,181,93,102,106,58,155,braking,fuzzy
536.7973237351041,316,128,216,112,185,161,237,110,81,braking,fuzzy
536.8964628193257,329,189,1,87,165,225,245,124,64,braking,fuzzy
537.396204793417,545,99,163,173,225,152,26,22,87,braking,fuzzy
537.405247656747,260,164,36,98,120,188,122,215,119,braking,fuzzy
537.4247515353478,316,173,122,105,143,180,121,250,253,braking,fuzzy
537.5244721802078,329,239,48,147,103,175,132,22,96,braking,fuzzy
538.0239947765025,545,10,27,205,15,216,145,73,99,braking,fuzzy
538.0341415877614,260,118,201,184,27,111,239,1,46,braking,fuzzy
538.0547873621416,316,218,126,96,135,29,90,194,52,braking,fuzzy
538.1551671903774,329,200,143,138,105,10,24,48,31,braking,fuzzy
538.6542604146882,545,196,254,7,155,116,167,157,67,braking,fuzzy
538.6646139134042,260,180,72,177,206,221,27,201,204,braking,fuzzy
538.6847063612751,316,213,18,165,133,209,84,86,98,braking,fuzzy
538.7840985889052,329,97,195,177,63,30,185,180,32,braking,fuzzy
539.2837637678949,545,60,199,234,112,217,209,78,147,braking,fuzzy
539.2935156717302,260,153,168,6,157,23,4,16,234,braking,fuzzy
539.3132644986005,316,193,64,151,183,89,120,141,174,braking,fuzzy
539.4139661999786,329,117,108,61,243,125,60,229,104,braking,fuzzy
539.9134660012146,545,192,145,98,255,171,31,19,192,braking,fuzzy
539.9232119000112,260,221,48,186,110,112,73,180,201,braking,fuzzy
539.9430826636751,316,58,178,251,75,139,236,152,33,braking,fuzzy
540.043982850031,329,137,175,172,40,176,120,54,225,braking,fuzzy
540.5449148625441,545,177,236,153,6,53,195,183,126,braking,fuzzy
540.5543771743334,260,84,107,242,78,251,33,229,26,braking,fuzzy
540.5743958312835,316,63,153,94,155,130,189,127,179,braking,fuzzy
540.6740023298283,329,101,5,80,127,33,187,83,30,braking,fuzzy
541.1734655070256,545,125,127,49,229,3,75,233,191,braking,fuzzy
541.1839593790413,260,81,15,45,178,93,183,207,91,braking,fuzzy
541.2046530083022,316,191,246,255,45,63,17,223,28,braking,fuzzy
541.3050389984875,329,88,80,189,94,97,154,16,61,braking,fuzzy
541.8040977003567,545,180,227,149,116,215,65,216,146,braking,fuzzy
541.8135859755175,260,139,72,34,134,117,156,76,112,braking,fuzzy
541.8342312693756,316,152,97,71,202,243,71,127,232,braking,fuzzy
541.9346583821653,329,219,152,99,224,54,25,0,93,braking,fuzzy
542.4354869035458,545,183,176,187,151,22,161,213,146,braking,fuzzy
542.4449737538858,260,138,133,128,214,60,17,221,27,braking,fuzzy
542.4655646309845,316,187,68,208,128,97,80,179,138,braking,fuzzy
542.565937907877,329,53,75,39,150,177,181,137,143,braking,fuzzy
543.0665170959282,545,223,26,54,172,137,77,137,226,braking,fuzzy
543.076783283716,260,79,7,240,223,132,166,72,154,braking,fuzzy
543.0967563120131,316,186,89,2,253,6,209,194,35,braking,fuzzy
543.195875505935,329,209,62,85,132,117,21,215,198,braking,fuzzy
543.6952538318426,545,206,60,216,251,49,21,242,255,braking,fuzzy
543.7053033784825,260,95,112,185,186,201,98,28,227,braking,fuzzy
543.7254401901533,316,117,252,198,152,83,145,206,55,braking,fuzzy
543.8254597545966,329,203,82,88,143,104,44,214,182,braking,fuzzy
544.3250790139103,545,220,59,148,172,204,101,90,4,braking,fuzzy
544.335904240515,260,167,4,111,93,91,31,60,69,braking,fuzzy
544.3560479506999,316,104,180,147,214,110,224,74,132,braking,fuzzy
544.4570272050374,329,192,238,253,128,23,80,180,130,braking,fuzzy
544.9563129245084,545,11,201,218,205,196,189,229,198,braking,fuzzy
544.9653732945732,260,232,148,217,153,43,149,87,204,braking,fuzzy
544.9853854702397,316,71,123,230,79,173,41,104,183,braking,fuzzy
545.0852978163917,329,134,190,221,27,206,163,203,102,braking,fuzzy
545.5858411926268,545,174,136,30,232,62,204,78,237,braking,fuzzy
545.5957052126822,260,212,192,190,7,157,207,130,164,braking,fuzzy
545.6154955269238,316,155,225,69,249,161,132,199,117,braking,fuzzy
545.7153126336475,329,247,5,164,168,39,216,65,118,braking,fuzzy
546.2151590683834,545,62,103,98,28,79,190,63,179,braking,fuzzy
546.2246471044677,260,35,162,33,200,251,246,10,114,braking,fuzzy
546.2449498998633,316,195,60,213,153,244,216,106,196,braking,fuzzy
546.3445450907825,329,236,80,134,217,163,226,29,17,braking,fuzzy
546.8455131517744,545,225,198,200,252,124,57,9,79,braking,fuzzy
546.8531809937504,260,40,98,190,184,107,198,170,23,braking,fuzzy
546.8730043563801,316,234,101,75,164,17,0,74,167,braking,fuzzy
546.9737888880537,329,12,127,152,244,174,144,192,98,braking,fuzzy
547.4738631073258,545,28,132,150,247,155,84,129,192,braking,fuzzy
547.4847655093502,260,209,176,240,194,169,41,23,1,braking,fuzzy
547.5044699025082,316,89,120,4,82,246,117,198,159,braking,fuzzy
547.6050388600312,329,10,127,96,115,111,251,176,29,braking,fuzzy
548.1045173996636,545,171,215,220,77,222,246,65,48,braking,fuzzy
548.1148130567213,260,188,151,53,88,207,253,171,60,braking,fuzzy
548.1341726506662,316,168,10,15,100,116,112,0,161,braking,fuzzy
548.2338758188789,329,42,222,129,223,215,59,3,62,braking,fuzzy
548.7341034024338,545,112,216,2,4,167,90,157,17,braking,fuzzy
548.7434548350077,260,107,80,82,222,118,127,138,188,braking,fuzzy
548.762940477496,316,181,192,207,61,59,119,239,213,braking,fuzzy
548.8635921155703,329,150,115,249,195,88,74,65,225,braking,fuzzy
549.3639205147962,545,6,24,97,254,23,140,4,10,braking,fuzzy
549.3737750059398,260,198,36,130,97,51,205,70,244,braking,fuzzy
549.3937081945709,316,49,87,115,41,74,61,77,242,braking,fuzzy
549.4938842476258,329,194,60,19,18,237,228,222,43,braking,fuzzy
549.9930008452196,545,92,138,136,26,74,225,177,45,braking,fuzzy
550.0038136970431,260,133,153,90,172,132,119,195,210,braking,fuzzy
550.0241922486262,316,184,121,140,123,61,73,82,27,braking,fuzzy
550.1232763732592,329,142,145,238,229,137,91,44,210,braking,fuzzy
550.6224804027714,545,131,230,30,111,167,105,253,41,braking,fuzzy
550.6333464503612,260,206,69,39,241,36,8,69,194,braking,fuzzy
550.6524740129627,316,120,117,176,34,108,173,217,224,braking,fuzzy
550.7528514524057,329,114,156,201,32,221,191,200,75,braking,fuzzy
551.2535995620933,545,41,228,195,40,199,220,141,174,braking,fuzzy
551.2645154274778,260,239,169,92,195,221,39,244,96,braking,fuzzy
551.2845306543272,316,138,207,150,217,240,107,10,95,braking,fuzzy
551.3835894832004,329,40,109,180,123,179,40,133,182,braking,fuzzy
551.8845253634755,545,175,221,72,112,14,70,194,168,braking,fuzzy
551.8950101888204,260,105,235,251,19,206,65,89,154,braking,fuzzy
551.9156559278135,316,177,208,8,39,77,140,160,105,braking,fuzzy
552.0152653602053,329,158,50,243,155,161,241,144,246,braking,fuzzy
552.5157144314735,545,7,191,17,165,57,30,238,218,braking,fuzzy
552.5256497462433,260,145,209,179,170,209,31,162,117,braking,fuzzy
552.5463788358637,316,127,218,111,3,229,4,105,30,braking,fuzzy
552.6488972704057,329,69,207,158,53,5,127,24,124,braking,fuzzy
553.1489047485982,545,163,72,226,226,223,134,193,125,braking,fuzzy
553.1581479725098,260,104,73,220,76,174,11,147,191,braking,fuzzy
553.1772573464156,316,81,12,182,165,153,218,93,142,braking,fuzzy
553.277565998376,329,18,233,118,243,249,181,195,255,braking,fuzzy
553.7781734883129,545,109,34,84,222,57,172,218,53,braking,fuzzy
553.7872330994638,260,124,239,112,94,234,180,32,59,braking,fuzzy
553.8067222151112,316,151,187,68,34,168,105,9,1,braking,fuzzy
553.9074942739023,329,52,130,127,101,76,239,234,18,braking,fuzzy
554.4066928742036,545,21,20,150,254,48,222,148,162,braking,fuzzy
554.4171333840346,260,140,169,171,59,201,245,92,134,braking,fuzzy
554.4362459666257,316,126,140,98,88,102,164,186,179,braking,fuzzy
554.5368128943145,329,157,97,253,224,84,111,182,225,braking,fuzzy
555.0372144718813,545,63,166,139,51,54,122,172,157,braking,fuzzy
555.0478328887777,260,13,11,186,144,41,197,127,151,braking,fuzzy
555.0679977747981,316,143,154,163,107,90,39,191,146,braking,fuzzy
555.1684390614558,329,24,208,190,206,4,34,244,128,braking,fuzzy
555.6675745253468,545,148,155,193,239,252,133,238,182,braking,fuzzy
555.6775979860183,260,25,182,212,118,43,134,67,80,braking,fuzzy
555.6985289683057,316,77,93,134,95,207,147,104,35,braking,fuzzy
555.799204999961,329,245,186,25,54,14,169,156,81,braking,fuzzy
556.3000201186809,545,166,178,222,113,57,155,249,81,braking,fuzzy
556.3098544879663,260,84,235,187,113,11,214,253,51,braking,fuzzy
556.3295767692733,316,62,70,139,217,227,178,88,209,braking,fuzzy
556.4304477837118,329,224,220,167,155,100,43,180,33,braking,fuzzy
556.9303583684068,545,158,80,186,19,124,99,183,180,braking,fuzzy
556.9406358431195,260,127,215,117,235,80,213,0,0,braking,fuzzy
556.9609989564455,316,36,32,154,249,156,196,200,103,braking,fuzzy
557.0607662047055,329,149,91,254,12,168,211,36,129,braking,fuzzy
557.5615529346808,545,57,147,70,218,165,149,232,85,braking,fuzzy
557.5711671827837,260,227,103,40,88,129,117,235,119,braking,fuzzy
557.5909740675474,316,136,179,208,183,160,97,200,93,braking,fuzzy
557.690069038114,329,215,169,46,197,30,123,161,144,braking,fuzzy
558.189352206191,545,6,127,27,3,3,188,50,203,braking,fuzzy
558.1995424803351,260,64,249,72,245,158,172,228,26,braking,fuzzy
558.2197861090326,316,130,16,219,45,134,108,234,0,braking,fuzzy
558.3193883410798,329,133,5,176,227,96,185,34,255,braking,fuzzy
558.8200172490224,545,2,137,106,9,82,230,132,76,braking,fuzzy
558.8296830801976,260,139,121,53,90,146,66,177,252,braking,fuzzy
558.8498391504492,316,162,246,80,186,236,13,119,67,braking,fuzzy
558.9494440677639,329,9,241,229,33,206,59,138,59,braking,fuzzy
559.4484978287442,545,224,172,22,247,220,49,244,19,braking,fuzzy
559.4587568810932,260,3,152,129,140,116,163,13,70,braking,fuzzy
559.4787600360413,316,117,103,245,82,60,99,22,55,braking,fuzzy
559.5788932426927,329,207,134,49,26,225,23,45,208,braking,fuzzy
560.0790077645042,545,213,178,109,255,213,39,93,215,braking,fuzzy
560.0894691402082,260,205,38,19,194,135,39,134,249,braking,fuzzy
560.1090974822237,316,138,41,101,172,15,74,185,67,braking,fuzzy
560.209384490763,329,167,161,179,198,182,89,146,106,braking,fuzzy
560.7086010166147,545,44,95,11,220,191,125,201,136,braking,fuzzy
560.7191967877109,260,72,59,133,160,35,143,19,68,braking,fuzzy
560.7386350949118,316,154,74,137,191,120,42,126,99,braking,fuzzy
560.8393280252601,329,18,214,42,36,70,120,14,215,braking,fuzzy
561.3394358373841,545,188,251,128,1,64,143,171,48,braking,fuzzy
561.3487222563513,260,66,125,221,66,157,46,153,94,braking,fuzzy
561.3688576951422,316,61,193,113,150,236,3,122,138,braking,fuzzy
561.468777096004,329,43,107,119,16,206,19,74,45,braking,fuzzy
561.9696214087091,545,168,155,11,101,66,178,39,97,braking,fuzzy
561.9794697931212,260,116,125,188,80,181,24,63,249,braking,fuzzy
561.9992266724222,316,204,197,79,151,251,246,42,139,braking,fuzzy
562.0996494714711,329,122,186,160,87,102,155,244,94,braking,fuzzy
562.6004368115103,545,222,216,56,199,83,236,245,113,braking,fuzzy
562.6102658644219,260,193,251,178,134,183,161,106,61,braking,fuzzy
562.6310446079663,316,226,136,114,197,104,233,46,115,braking,fuzzy
562.7302221510366,329,98,186,114,31,198,197,188,138,braking,fuzzy
563.2310142622955,545,23,13,6,121,137,27,238,241,braking,fuzzy
563.2400936001791,260,128,92,153,100,5,115,250,159,braking,fuzzy
563.259956786474,316,136,160,214,6,134,254,200,92,braking,fuzzy
563.3602050921742,329,104,3,49,39,120,69,109,218,braking,fuzzy
563.8593747225622,545,176,4,158,232,150,124,183,171,braking,fuzzy
563.8693811889669,260,39,56,112,55,162,18,66,167,braking,fuzzy
563.8889291895207,316,159,130,94,192,241,187,186,223,braking,fuzzy
563.988388252786,329,93,212,102,109,2,104,36,85,braking,fuzzy
564.4884840738799,545,16,6,77,223,186,33,247,126,braking,fuzzy
564.4988575357859,260,205,240,8,155,43,184,57,35,braking,fuzzy
564.5184974949938,316,238,68,178,165,242,134,218,132,braking,fuzzy
564.6177403933658,329,114,78,91,60,249,167,34,61,braking,fuzzy
565.1182038337157,545,53,215,52,7,76,139,142,154,braking,fuzzy
565.1281355936101,260,36,24,63,46,88,165,211,52,braking,fuzzy
565.1490305198037,316,49,75,191,115,200,226,20,122,braking,fuzzy
565.2488194765991,329,5,138,135,246,4,74,160,250,braking,fuzzy
565.7480729381699,545,158,63,72,63,15,112,72,255,braking,fuzzy
565.7583837585104,260,66,45,46,36,154,87,25,70,braking,fuzzy
565.7784138097892,316,238,110,192,43,96,96,188,191,braking,fuzzy
565.8787021582497,329,103,139,164,193,64,232,226,225,braking,fuzzy
566.3793408541167,545,160,18,212,155,234,148,207,235,braking,fuzzy
566.3887660500043,260,41,66,49,130,140,109,156,19,braking,fuzzy
566.4086434792819,316,45,172,163,141,95,121,115,158,braking,fuzzy
566.508366306417,329,53,109,15,52,151,255,79,96,braking,fuzzy
567.0080068116224,545,169,65,82,107,41,138,240,97,braking,fuzzy
567.0181531869172,260,156,183,139,211,85,50,62,176,braking,fuzzy
567.0373859039255,316,196,142,10,206,208,30,229,243,braking,fuzzy
567.1377949290177,329,86,72,120,202,159,98,113,20,braking,fuzzy
567.6383588934123,545,205,134,237,225,218,99,224,25,braking,fuzzy
567.6485087481673,260,89,137,51,97,42,47,223,240,braking,fuzzy
567.6692851799439,316,191,79,137,230,121,17,252,147,braking,fuzzy
567.7700048028255,329,75,169,115,89,12,97,59,204,braking,fuzzy
568.2690693813615,545,157,178,246,70,49,102,217,4,braking,fuzzy
568.2788891252793,260,80,33,87,0,54,202,59,55,braking,fuzzy
568.2980042974948,316,93,135,53,20,169,153,116,210,braking,fuzzy
568.398016413807,329,229,203,242,61,20,232,57,111,braking,fuzzy
568.8988237931065,545,233,171,78,146,219,2,143,246,braking,fuzzy
568.9095938087154,260,88,89,133,231,254,7,205,69,braking,fuzzy
568.9300678890002,316,131,100,55,53,51,62,15,77,braking,fuzzy
569.0300364064045,329,245,36,49,74,106,144,25,38,braking,fuzzy
569.5290025719527,545,0,230,137,191,136,91,63,250,braking,fuzzy
569.5381756279264,260,52,187,130,241,177,215,192,138,braking,fuzzy
569.5579245389437,316,128,37,63,107,86,151,145,202,braking,fuzzy
569.657621725873,329,103,77,27,191,180,26,74,178,braking,fuzzy
570.1578071109808,545,156,17,188,175,185,97,129,36,braking,fuzzy
570.1683940604968,260,83,105,147,86,205,62,237,189,braking,fuzzy
570.187179868904,316,209,250,179,65,26,60,172,40,braking,fuzzy
570.2864154771592,329,52,226,152,200,210,127,80,250,braking,fuzzy
570.7883427858882,545,253,216,217,165,175,90,167,202,braking,fuzzy
570.7992093989677,260,117,225,8,18,1,244,39,60,braking,fuzzy
570.819973461044,316,63,150,89,159,98,72,215,86,braking,fuzzy
570.9191857149799,329,169,62,185,178,16,169,156,149,braking,fuzzy
571.4194216279778,545,196,60,211,133,202,210,118,87,braking,fuzzy
571.4293998283233,260,228,56,48,161,41,248,253,160,braking,fuzzy
571.4486171396587,316,88,7,174,248,124,214,62,187,braking,fuzzy
571.5482966636209,329,29,102,236,192,143,25,237,44,braking,fuzzy
572.0476838631532,545,78,77,41,255,136,192,56,10,braking,fuzzy
572.0583058864266,260,89,89,209,201,70,249,124,107,braking,fuzzy
572.0789831908444,316,162,47,105,103,250,199,215,193,braking,fuzzy
572.1799197351565,329,8,23,208,96,104,66,41,7,braking,fuzzy
572.6794395165947,545,249,88,225,49,118,224,198,16,braking,fuzzy
572.6895925402822,260,79,53,26,136,253,209,194,52,braking,fuzzy
572.7090189560346,316,7,31,185,234,198,216,198,195,braking,fuzzy
572.808168162595,329,194,76,170,85,111,72,108,110,braking,fuzzy
573.3072325213928,545,79,98,163,30,66,70,87,111,braking,fuzzy
573.3168287668624,260,212,10,204,213,16,232,92,32,braking,fuzzy
573.3378162404017,316,175,129,115,126,224,142,89,245,braking,fuzzy
573.4374496244704,329,191,245,51,228,219,60,50,0,braking,fuzzy
573.9374551326413,545,13,160,181,54,119,255,69,47,braking,fuzzy
573.946999491068,260,203,68,116,155,208,208,20,166,braking,fuzzy
573.9676685692125,316,117,221,194,59,67,170,72,61,braking,fuzzy
574.0681838261156,329,194,95,101,211,176,41,193,80,braking,fuzzy
574.5674365497491,545,42,51,16,99,62,40,141,78,braking,fuzzy
574.577281369367,260,102,71,219,11,66,174,29,115,braking,fuzzy
574.5975465325904,316,42,154,179,235,227,106,211,143,braking,fuzzy
574.6973732501802,329,55,4,212,87,143,20,162,20,braking,fuzzy
575.1982207661162,545,54,38,78,199,206,83,144,109,braking,fuzzy
575.2089547706996,260,154,191,86,62,26,246,195,118,braking,fuzzy
575.2283012684013,316,58,66,13,126,94,22,218,211,braking,fuzzy
575.3273602918869,329,214,192,164,244,123,104,244,124,braking,fuzzy
575.8269307211159,545,228,236,34,115,125,235,212,120,braking,fuzzy
575.8360721036507,260,243,119,233,34,45,159,193,251,braking,fuzzy
575.8570114355384,316,181,15,35,74,93,224,181,234,braking,fuzzy
575.9563835365917,329,233,57,45,194,18,163,167,71,braking,fuzzy
576.4569744173751,545,235,233,125,119,165,216,132,131,braking,fuzzy
576.4673393434609,260,227,84,5,145,31,84,19,1,braking,fuzzy
576.487186556032,316,170,83,86,86,133,4,215,168,braking,fuzzy
576.5875911492591,329,169,250,180,176,53,25,170,23,braking,fuzzy
577.0872808447286,545,224,143,57,45,192,219,233,154,braking,fuzzy
577.0980136593555,260,68,14,184,165,41,86,109,125,braking,fuzzy
577.117902780639,316,94,115,205,50,31,255,196,76,braking,fuzzy
577.2172209676307,329,60,112,80,7,244,173,212,140,braking,fuzzy
577.7179633356427,545,234,136,226,181,138,145,207,247,braking,fuzzy
577.7278453115847,260,142,85,11,175,152,10,199,3,braking,fuzzy
577.7461977599498,316,178,70,61,225,87,63,119,203,braking,fuzzy
577.8458714393097,329,107,150,174,3,112,230,12,205,braking,fuzzy
578.3462066302369,545,61,99,63,38,241,207,241,198,braking,fuzzy
578.3562636939369,260,207,51,140,70,251,217,177,53,braking,fuzzy
578.3766621146762,316,118,215,23,111,26,154,107,4,braking,fuzzy
578.4774126782229,329,73,115,8,96,12,145,110,70,braking,fuzzy
578.9775181413372,545,166,28,46,93,6,197,215,3,braking,fuzzy
578.9874151460446,260,93,63,46,116,156,18,194,73,braking,fuzzy
579.0069355389842,316,146,5,8,100,36,196,125,68,braking,fuzzy
579.1077899545736,329,26,25,172,12,9,47,124,207,braking,fuzzy
579.6073961815872,545,234,17,247,87,251,202,119,179,braking,fuzzy
579.6171010883758,260,196,5,62,245,64,221,214,154,braking,fuzzy
579.6378441374881,316,249,227,82,162,193,249,117,17,braking,fuzzy
579.7382030135326,329,126,77,161,29,70,56,249,93,braking,fuzzy
580.2392027060488,545,235,151,213,104,162,16,164,204,braking,fuzzy
580.248283881521,260,206,185,248,101,111,170,120,38,braking,fuzzy
580.2673771762018,316,138,247,250,25,120,209,103,160,braking,fuzzy
580.3668921276701,329,143,211,233,96,73,196,61,218,braking,fuzzy
580.8673021365895,545,149,96,88,247,207,191,87,74,braking,fuzzy
580.8769822841128,260,176,99,51,247,177,236,175,98,braking,fuzzy
580.8977302228955,316,138,5,229,152,242,73,80,19,braking,fuzzy
580.997953967658,329,127,202,113,176,6,168,24,133,braking,fuzzy
581.4978031670504,545,234,167,31,208,62,169,165,142,braking,fuzzy
581.5085385471858,260,4,120,91,150,127,209,190,136,braking,fuzzy
581.5284594923578,316,33,3,87,147,246,246,64,251,braking,fuzzy
581.6289330389216,329,141,240,209,172,2,89,159,158,braking,fuzzy
582.1285566068834,545,27,238,58,65,245,7,178,218,braking,fuzzy
582.1369312157619,260,76,223,239,89,3,51,6,24,braking,fuzzy
582.1578618278567,316,21,61,218,83,106,204,191,58,braking,fuzzy
582.2580646582273,329,42,6,215,128,114,210,65,60,braking,fuzzy
582.7587550353369,545,198,182,1,227,133,190,199,188,braking,fuzzy
582.768010397568,260,202,10,114,178,187,239,19,211,braking,fuzzy
582.7875135146109,316,59,131,170,144,171,148,30,0,braking,fuzzy
582.8868041533921,329,137,251,177,138,90,10,31,118,braking,fuzzy
583.3870136726854,545,126,111,179,146,36,195,243,35,braking,fuzzy
583.3980123348989,260,71,243,229,242,241,33,28,144,braking,fuzzy
583.4185349546086,316,231,219,100,105,218,226,97,249,braking,fuzzy
583.518764167278,329,23,100,71,215,164,26,239,111,braking,fuzzy
584.0190482122147,545,3,109,107,157,12,105,113,48,braking,fuzzy
584.0293164654481,260,190,140,44,248,168,253,90,25,braking,fuzzy
584.0484743764387,316,108,103,188,228,124,171,110,218,braking,fuzzy
584.1484251636036,329,146,50,65,28,250,202,217,79,braking,fuzzy
584.6486874232784,545,86,170,211,91,218,13,76,223,braking,fuzzy
584.6581356820661,260,178,145,222,254,255,255,57,170,braking,fuzzy
584.6781872770763,316,249,224,5,54,187,14,223,18,braking,fuzzy
584.7791355288754,329,84,0,244,45,198,76,216,31,braking,fuzzy
585.2784324028197,545,104,10,36,48,164,156,220,79,braking,fuzzy
585.2881963631106,260,214,168,131,224,185,228,95,79,braking,fuzzy
585.3089365072237,316,217,126,73,219,48,215,159,245,braking,fuzzy
585.4091300535179,329,155,114,231,153,20,132,219,227,braking,fuzzy
585.9088897893073,545,102,71,31,6,201,126,46,201,braking,fuzzy
585.9189811491623,260,221,35,75,158,74,95,91,58,braking,fuzzy
585.9398738125847,316,91,214,155,27,174,248,66,24,braking,fuzzy
586.0392272791883,329,246,19,179,244,113,52,75,227,braking,fuzzy
586.5390297504532,545,47,153,7,95,6,77,251,103,braking,fuzzy
586.5491164031425,260,29,16,24,143,188,255,132,246,braking,fuzzy
586.5685307636825,316,190,40,130,63,148,240,40,238,braking,fuzzy
586.6687595314422,329,13,95,79,92,142,194,88,66,braking,fuzzy
587.1678425416318,545,199,99,245,77,49,215,63,53,braking,fuzzy
587.178037821748,260,173,244,247,56,150,222,162,213,braking,fuzzy
587.1979943967715,316,8,185,227,107,242,205,40,198,braking,fuzzy
587.2978479117942,329,166,252,214,156,20,208,151,188,braking,fuzzy
587.7980728602879,545,1,223,196,72,122,228,10,11,braking,fuzzy
587.8080346104991,260,254,147,198,179,17,172,174,222,braking,fuzzy
587.8270809018355,316,154,51,69,197,148,96,161,45,braking,fuzzy
587.9279899435755,329,6,166,1,59,172,63,36,199,braking,fuzzy
588.4282958344073,545,66,225,183,29,64,194,112,100,braking,fuzzy
588.4373438298569,260,164,79,54,180,148,209,36,58,braking,fuzzy
588.4570201295853,316,220,47,141,64,96,234,181,133,braking,fuzzy
588.5565543085272,329,165,229,157,27,101,167,21,140,braking,fuzzy
589.056071529156,545,252,137,188,129,135,31,108,27,braking,fuzzy
589.066140943047,260,244,151,216,111,230,230,167,237,braking,fuzzy
589.0854938464595,316,192,174,167,184,247,201,101,145,braking,fuzzy
589.1845096509676,329,185,215,248,9,155,238,84,198,braking,fuzzy
589.6841670983713,545,61,30,223,173,1,167,9,131,braking,fuzzy
589.6932646811546,260,30,158,71,97,163,176,13,215,braking,fuzzy
589.7128959111111,316,140,69,179,57,225,0,90,136,braking,fuzzy
589.8132353576617,329,192,91,63,79,240,198,81,196,braking,fuzzy
590.3141144600605,545,229,48,33,3,162,10,190,236,braking,fuzzy
590.3243272574434,260,44,236,182,253,148,54,51,220,braking,fuzzy
590.3443365132681,316,157,180,150,48,21,49,55,215,braking,fuzzy
590.443598780548,329,237,77,217,203,111,235,238,89,braking,fuzzy
590.9443543509122,545,190,212,30,188,70,28,221,222,braking,fuzzy
590.9547659956014,260,201,87,249,135,250,238,172,151,braking,fuzzy
590.9749328087627,316,5,74,68,13,59,250,108,25,braking,fuzzy
591.0758559681343,329,251,237,108,174,119,231,35,116,braking,fuzzy
591.5751569310535,545,89,101,61,68,13,30,28,129,braking,fuzzy
591.5854042329528,260,95,228,1,230,120,201,243,153,braking,fuzzy
591.6057907390893,316,42,234,21,167,175,235,124,99,braking,fuzzy
591.709106453667,329,111,220,159,255,233,145,212,82,braking,fuzzy
592.2085167424385,545,188,206,131,94,226,143,144,1,braking,fuzzy
592.2193668237986,260,254,98,223,176,245,78,98,28,braking,fuzzy
592.238801089369,316,127,203,236,212,108,193,12,130,braking,fuzzy
592.3384701700862,329,63,76,43,48,13,102,147,25,braking,fuzzy
592.8379343057236,545,66,16,99,148,192,240,194,198,braking,fuzzy
592.8475581875232,260,2,194,132,47,205,244,94,205,braking,fuzzy
592.868197683555,316,109,239,194,254,241,173,42,48,braking,fuzzy
592.9677202547932,329,114,5,184,94,125,140,228,223,braking,fuzzy
593.4684025063696,545,171,157,229,213,102,156,106,186,braking,fuzzy
593.4776146703324,260,104,220,244,97,128,76,112,124,braking,fuzzy
593.4981667999705,316,67,231,170,134,240,36,72,20,braking,fuzzy
593.5978448885245,329,40,40,195,233,31,189,159,81,braking,fuzzy
594.0971930354589,545,190,220,161,61,147,179,165,168,braking,fuzzy
594.1078877066969,260,169,146,133,78,82,251,200,251,braking,fuzzy
594.1275313572075,316,172,5,211,57,240,167,103,159,braking,fuzzy
594.2275167767951,329,7,132,146,5,188,5,64,21,braking,fuzzy
594.7278101389817,545,126,83,68,247,231,42,9,110,braking,fuzzy
594.7374455061679,260,251,62,134,87,228,242,156,189,braking,fuzzy
594.7584173399068,316,14,110,186,239,30,254,244,46,braking,fuzzy
594.8584061826034,329,69,232,101,127,132,217,54,62,braking,fuzzy
595.3582819431888,545,10,98,162,235,179,210,132,170,braking,fuzzy
595.3689995916146,260,242,95,236,125,95,205,140,36,braking,fuzzy
595.388901615448,316,206,74,66,24,92,55,238,221,braking,fuzzy
595.4897483082589,329,233,191,168,5,186,100,28,209,braking,fuzzy
595.9893199880287,545,30,119,54,21,93,54,205,196,braking,fuzzy
596.0000781872519,260,121,248,171,233,211,252,77,161,braking,fuzzy
596.0205739917238,316,35,141,119,4,208,32,1,57,braking,fuzzy
596.1213297373342,329,135,189,12,27,29,233,5,54,braking,fuzzy
596.6203301824706,545,30,193,159,181,126,191,241,147,braking,fuzzy
596.6303161491625,260,148,73,49,199,96,128,161,130,braking,fuzzy
596.6500278634264,316,2,84,185,49,53,226,94,161,braking,fuzzy
596.7505384889555,329,42,203,49,147,249,189,77,4,braking,fuzzy
597.250978956908,545,15,175,85,109,2,30,122,187,braking,fuzzy
597.2611458600538,260,143,93,8,12,38,143,155,130,braking,fuzzy
597.2816640326316,316,203,20,33,203,4,141,154,163,braking,fuzzy
597.3813326413989,329,13,37,232,197,83,169,31,245,braking,fuzzy
597.8813580902005,545,48,140,158,79,140,153,146,120,braking,fuzzy
597.8904495260041,260,185,229,137,35,123,93,149,243,braking,fuzzy
597.9094808052567,316,243,236,152,193,61,156,242,37,braking,fuzzy
598.009719811528,329,107,213,179,204,84,43,124,149,braking,fuzzy
598.510001825014,545,120,88,203,170,113,70,87,249,braking,fuzzy
598.5203743161322,260,7,86,2,242,131,205,136,235,braking,fuzzy
598.5406152098886,316,38,161,148,62,94,94,76,87,braking,fuzzy
598.6403548784194,329,77,122,124,212,46,144,87,11,braking,fuzzy
599.139919240214,545,223,204,120,207,11,243,109,130,braking,fuzzy
599.149795891988,260,29,26,255,222,103,60,75,130,braking,fuzzy
599.1690126981342,316,215,215,31,24,171,161,134,46,braking,fuzzy
599.2686353908897,329,55,250,59,124,89,63,50,185,braking,fuzzy
599.7686351160582,545,184,44,213,232,210,109,95,91,braking,fuzzy
599.7794058310278,260,243,253,57,59,62,173,52,2,braking,fuzzy
599.8003150859383,316,100,220,23,218,87,89,85,132,braking,fuzzy
599.9000110356087,329,135,80,50,38,32,222,148,85,braking,fuzzy
600.4006451861513,545,159,224,138,2,52,10,14,105,braking,fuzzy
600.4100086555303,260,228,218,172,210,166,76,127,142,braking,fuzzy
600.4306391115346,316,53,15,115,28,185,80,90,68,braking,fuzzy
600.531583671015,329,126,41,73,3,115,121,200,239,braking,fuzzy
601.0322529257342,545,223,130,27,221,185,143,200,45,braking,fuzzy
601.0432213767549,260,155,88,199,74,97,68,130,204,braking,fuzzy
601.0625325568433,316,252,45,101,230,47,247,111,187,braking,fuzzy
601.1625970646788,329,212,174,9,66,153,42,86,155,braking,fuzzy
601.6635357955917,545,250,146,229,90,223,46,32,172,braking,fuzzy
601.6742404006752,260,127,7,15,7,157,173,51,149,braking,fuzzy
601.695150687319,316,18,226,50,172,118,253,30,141,braking,fuzzy
601.7956505745409,329,63,187,100,223,157,197,142,69,braking,fuzzy
602.2963500385259,545,6,213,222,168,5,36,0,72,braking,fuzzy
602.3065737760185,260,240,10,52,0,37,236,145,52,braking,fuzzy
602.3262801755179,316,171,22,241,137,17,69,182,27,braking,fuzzy
602.4270316518084,329,110,162,93,139,168,55,176,52,braking,fuzzy
602.9266643957186,545,143,144,46,3,169,135,229,155,braking,fuzzy
602.9370975614625,260,236,46,6,5,211,55,234,122,braking,fuzzy
602.9571910561482,316,222,192,191,84,181,97,71,52,braking,fuzzy
603.0573655960688,329,164,232,110,94,141,61,6,15,braking,fuzzy
603.5579386731786,545,129,203,141,249,200,224,6,26,braking,fuzzy
603.5687707997073,260,225,95,175,135,99,94,67,83,braking,fuzzy
603.588690787755,316,85,153,60,214,104,61,84,11,braking,fuzzy
603.6896880547381,329,190,40,77,215,60,107,220,217,braking,fuzzy
604.1905770067798,545,194,212,72,173,239,188,168,204,braking,fuzzy
604.1996809754312,260,139,175,245,90,219,130,255,176,braking,fuzzy
604.2190203334122,316,134,69,169,239,228,190,186,88,braking,fuzzy
604.319151636387,329,173,193,63,209,54,70,154,131,braking,fuzzy
604.8195765897805,545,26,28,124,68,66,126,238,33,braking,fuzzy
604.8296866900546,260,130,166,116,194,141,145,116,68,braking,fuzzy
604.8498393276592,316,154,59,126,76,190,227,3,153,braking,fuzzy
604.949723024673,329,1,169,199,33,74,63,87,164,braking,fuzzy
605.4505811946539,545,71,72,147,251,158,151,88,80,braking,fuzzy
605.4610670415277,260,190,244,156,74,192,38,217,17,braking,fuzzy
605.4813802526837,316,140,9,128,8,177,115,200,237,braking,fuzzy
605.5823029540417,329,76,18,122,48,215,41,141,205,braking,fuzzy
606.081381870522,545,148,113,210,17,154,187,75,52,braking,fuzzy
606.0916007473542,260,41,79,24,182,241,248,34,211,braking,fuzzy
606.1120964124466,316,85,66,200,57,224,237,97,126,braking,fuzzy
606.2116011548774,329,102,29,159,166,121,197,133,79,braking,fuzzy
606.7115447848586,545,18,24,248,131,101,93,137,49,braking,fuzzy
606.7222133058389,260,98,149,38,224,66,100,98,134,braking,fuzzy
606.7414558457876,316,222,238,38,135,2,66,147,239,braking,fuzzy
606.8417058911747,329,249,41,3,47,232,67,92,145,braking,fuzzy
607.3411205606776,545,192,34,254,117,121,87,168,202,braking,fuzzy
607.3509755976389,260,226,101,5,127,220,149,181,177,braking,fuzzy
607.3694897260041,316,223,38,32,24,154,65,118,147,braking,fuzzy
607.4687828293954,329,85,28,150,247,100,231,191,68,braking,fuzzy
607.9691966746168,545,223,73,191,210,118,241,220,86,braking,fuzzy
607.9791183826258,260,39,175,27,252,118,104,113,140,braking,fuzzy
607.999991116843,316,116,95,200,226,119,2,162,24,braking,fuzzy
608.0993409528013,329,72,60,145,217,174,231,109,92,braking,fuzzy
608.5993080707584,545,204,173,2,31,206,103,43,172,braking,fuzzy
608.6089535571674,260,163,180,255,8,188,147,20,128,braking,fuzzy
608.6286762251397,316,188,78,232,43,26,216,193,81,braking,fuzzy
608.7284529814415,329,247,91,178,30,80,21,209,85,braking,fuzzy
609.2281343593063,545,226,208,223,161,201,205,119,11,braking,fuzzy
609.2374574194425,260,61,199,244,60,99,182,79,26,braking,fuzzy
609.2574055598169,316,127,76,20,94,120,243,199,89,braking,fuzzy
609.3569476421619,329,162,63,227,16,16,161,97,86,braking,fuzzy
609.8573386791847,545,18,233,144,150,114,162,166,246,braking,fuzzy
609.866678311363,260,109,217,129,119,18,251,37,7,braking,fuzzy
609.8869523875993,316,116,56,26,146,200,110,84,150,braking,fuzzy
609.9869839627255,329,116,244,157,235,24,226,219,35,braking,fuzzy
610.4879459756265,545,112,220,36,52,36,246,155,58,braking,fuzzy
610.4978797707511,260,194,168,242,66,180,91,155,120,braking,fuzzy
610.5171904008974,316,120,119,224,59,176,48,76,128,braking,fuzzy
610.6163851390954,329,83,72,81,239,32,45,86,55,braking,fuzzy
611.1155780118414,545,2,141,153,254,159,107,142,253,braking,fuzzy
611.1250453363175,260,204,180,254,49,252,102,64,74,braking,fuzzy
611.1449166654286,316,226,36,64,88,82,251,86,153,braking,fuzzy
611.2446209652103,329,70,243,149,123,203,74,54,232,braking,fuzzy
611.7447853776139,545,239,54,158,116,127,167,17,161,braking,fuzzy
611.7555245715058,260,137,65,29,205,33,118,47,250,braking,fuzzy
611.7754715129319,316,12,246,68,225,135,131,201,91,braking,fuzzy
611.8749024168151,329,7,46,26,145,235,157,3,210,braking,fuzzy
612.3754056291848,545,94,31,20,58,177,21,195,160,braking,fuzzy
612.3858393491665,260,186,183,187,104,170,104,162,172,braking,fuzzy
612.4063526752371,316,56,42,220,62,100,157,234,23,braking,fuzzy
612.5058224740706,329,102,169,224,20,227,244,227,13,braking,fuzzy
613.0050066184984,545,99,30,142,115,74,208,242,1,braking,fuzzy
613.0152125743019,260,45,183,137,195,13,233,82,231,braking,fuzzy
613.0351234905555,316,81,131,223,231,81,180,206,164,braking,fuzzy
613.1359668372061,329,49,71,243,12,200,62,196,109,braking,fuzzy
613.6363264748388,545,128,134,85,253,81,37,195,50,braking,fuzzy
613.6459264549418,260,253,208,46,226,186,54,129,225,braking,fuzzy
613.6664692541108,316,12,177,197,104,116,151,59,16,braking,fuzzy
613.7662988885593,329,131,36,244,105,13,241,130,48,braking,fuzzy
614.2662300790122,545,52,14,109,245,194,108,233,36,braking,fuzzy
614.2767560318864,260,82,46,170,103,30,67,225,25,braking,fuzzy
614.2967731735041,316,78,64,140,252,6,142,27,99,braking,fuzzy
614.396529109769,329,32,58,25,67,88,217,193,6,braking,fuzzy
614.8955566819291,545,19,46,70,95,188,236,29,35,braking,fuzzy
614.9058657167901,260,63,186,187,239,139,50,22,230,braking,fuzzy
614.9260211980805,316,184,244,227,247,164,19,170,43,braking,fuzzy
615.0254669578126,329,146,84,221,182,43,16,239,243,braking,fuzzy
615.525166582254,545,93,158,67,47,136,248,20,89,braking,fuzzy
615.5358668456387,260,118,136,135,117,110,59,184,27,braking,fuzzy
615.555807558901,316,16,194,186,90,55,136,227,29,braking,fuzzy
615.6548618858369,329,154,176,11,124,125,5,80,84,braking,fuzzy
616.1553527419912,545,167,137,53,49,77,168,247,147,braking,fuzzy
616.1662015884664,260,165,241,37,185,94,93,233,201,braking,fuzzy
616.1859518977174,316,85,179,218,38,38,121,212,80,braking,fuzzy
616.2858460601558,329,34,205,21,58,222,234,243,147,braking,fuzzy
616.7852201765083,545,175,13,176,62,146,215,7,213,braking,fuzzy
616.7961740487688,260,128,98,156,210,220,64,190,59,braking,fuzzy
616.8169374336389,316,120,109,82,86,156,71,179,209,braking,fuzzy
616.9173562836371,329,17,26,181,220,169,124,151,227,braking,fuzzy
617.4166235126166,545,156,187,215,121,22,93,94,228,braking,fuzzy
617.4261877672077,260,141,254,26,53,79,86,245,15,braking,fuzzy
617.4464398416507,316,223,1,22,237,126,29,95,106,braking,fuzzy
617.5464084015666,329,171,252,23,135,85,97,16,62,braking,fuzzy
618.0459842511781,545,131,217,169,160,63,15,203,146,braking,fuzzy
618.0550996693274,260,76,111,249,133,134,106,228,4,braking,fuzzy
618.0759291793009,316,108,136,145,147,178,140,134,44,braking,fuzzy
618.1757250970875,329,118,173,175,147,120,16,207,119,braking,fuzzy
618.6747389277283,545,247,38,123,202,246,249,47,8,braking,fuzzy
618.6839159108245,260,226,147,250,218,133,91,121,24,braking,fuzzy
618.7045338536071,316,135,134,245,169,110,20,2,92,braking,fuzzy
618.8048762838195,329,211,219,106,188,227,17,224,34,braking,fuzzy
619.3051913587868,545,121,213,170,51,51,168,82,128,braking,fuzzy
619.3147513621217,260,163,222,85,63,20,240,81,58,braking,fuzzy
619.3349245140176,316,240,172,184,155,15,122,172,201,braking,fuzzy
619.434928945065,329,214,241,130,121,95,10,252,253,braking,fuzzy
619.9348822581272,545,94,241,226,251,8,152,18,98,braking,fuzzy
619.9444965988199,260,109,249,87,233,107,121,227,181,braking,fuzzy
619.9648043930391,316,193,208,61,49,86,63,230,84,braking,fuzzy
620.0650471116263,329,45,125,138,150,135,108,136,255,braking,fuzzy
620.565842471468,545,119,10,63,126,94,185,66,201,braking,fuzzy
620.5766473551763,260,140,77,41,255,120,74,50,102,braking,fuzzy
620.5972750371516,316,192,115,204,59,165,123,235,223,braking,fuzzy
620.6975507722107,329,19,49,57,64,220,188,181,151,braking,fuzzy
621.1978053856026,545,206,71,88,196,15,109,89,197,braking,fuzzy
621.2079969177338,260,83,91,26,241,231,242,173,94,braking,fuzzy
621.2281418319053,316,164,233,224,90,107,231,55,61,braking,fuzzy
621.3275975279797,329,167,27,26,165,20,3,184,110,braking,fuzzy
621.8267518780531,545,39,246,31,201,28,234,42,83,braking,fuzzy
621.8370922572163,260,89,121,193,37,4,18,254,158,braking,fuzzy
621.8574362533411,316,115,49,150,116,110,174,152,138,braking,fuzzy
621.9571932299851,329,205,163,131,196,99,19,9,231,braking,fuzzy
622.4574768841761,545,153,94,153,24,155,141,35,249,braking,fuzzy
622.4667902016629,260,92,82,99,168,18,25,250,206,braking,fuzzy
622.4866933783667,316,31,12,47,213,89,244,244,179,braking,fuzzy
622.5865089926016,329,232,101,62,214,72,128,228,230,braking,fuzzy
623.0857984530752,545,168,156,21,0,169,157,62,206,braking,fuzzy
623.0964056993229,260,20,223,119,74,13,76,156,136,braking,fuzzy
623.1166238519661,316,58,3,102,18,216,176,158,178,braking,fuzzy
623.2172132553312,329,170,234,51,156,41,232,3,190,braking,fuzzy
623.717542631502,545,194,238,65,74,235,180,45,66,braking,fuzzy
623.727282346084,260,6,186,173,152,155,48,174,72,braking,fuzzy
623.748094709815,316,71,160,130,134,202,245,46,7,braking,fuzzy
623.8490487353556,329,80,2,52,159,128,230,101,240,braking,fuzzy
624.3514124031103,545,237,95,191,38,102,203,103,148,braking,fuzzy
624.3604127140178,260,83,223,98,254,224,226,18,222,braking,fuzzy
624.3813643222679,316,150,146,178,36,147,104,149,112,braking,fuzzy
624.482967034162,329,212,37,4,0,123,157,241,93,braking,fuzzy
624.9835288149371,545,234,128,74,96,203,195,242,198,braking,fuzzy
624.993788755296,260,79,15,141,140,123,198,251,118,braking,fuzzy
625.0145437040635,316,121,115,249,82,169,145,149,108,braking,fuzzy
625.1149339804682,329,183,50,109,143,227,29,133,199,braking,fuzzy
625.6157033418518,545,90,1,1,183,127,132,21,236,braking,fuzzy
625.6251444291702,260,124,90,113,208,92,220,188,76,braking,fuzzy
625.6450280834488,316,99,175,226,245,46,101,77,113,braking,fuzzy
625.7449722668291,329,182,156,84,67,209,220,52,110,braking,fuzzy
626.2456154480425,545,84,14,108,36,72,197,204,73,braking,fuzzy
626.2561474456255,260,107,242,170,154,68,51,120,69,braking,fuzzy
626.2754701445386,316,253,45,51,27,226,164,25,113,braking,fuzzy
626.3756239533674,329,145,61,102,125,221,190,146,242,braking,fuzzy
626.8764385923162,545,254,173,204,161,68,165,222,97,braking,fuzzy
626.8864705666992,260,51,150,56,163,186,30,95,216,braking,fuzzy
626.9063786691659,316,245,113,174,47,216,252,6,11,braking,fuzzy
627.0053803941214,329,113,185,109,11,141,87,136,11,braking,fuzzy
627.5051106238909,545,92,207,165,51,63,68,185,72,braking,fuzzy
627.5156315202257,260,199,173,160,167,45,142,115,132,braking,fuzzy
627.5347080547192,316,130,25,48,22,134,129,255,153,braking,fuzzy
627.6346757531695,329,246,58,200,89,52,244,186,182,braking,fuzzy
628.1349561370557,545,144,145,103,53,85,125,99,76,braking,fuzzy
628.145738273836,260,2,140,213,73,48,191,131,121,braking,fuzzy
628.1652514784573,316,85,241,30,209,113,165,201,64,braking,fuzzy
628.2657174794083,329,178,190,156,53,194,36,182,114,braking,fuzzy
628.7663176502832,545,196,208,171,18,21,160,169,27,braking,fuzzy
628.7757318029246,260,202,154,200,239,199,59,175,150,braking,fuzzy
628.7948057388118,316,165,75,50,122,121,15,56,108,braking,fuzzy
628.8958026079083,329,248,203,149,251,242,123,215,145,braking,fuzzy
629.3964864142888,545,207,211,241,67,45,161,124,186,braking,fuzzy
629.4062065596979,260,66,119,252,206,73,121,207,208,braking,fuzzy
629.4265011085974,316,205,232,216,255,52,35,137,1,braking,fuzzy
629.5266987343664,329,118,106,25,16,240,161,138,251,braking,fuzzy
630.026774206464,545,93,141,224,170,136,61,186,137,braking,fuzzy
630.0369499451431,260,151,77,159,21,55,65,57,45,reverse,fuzzy
630.0569740571682,316,133,148,3,235,201,35,190,87,reverse,fuzzy
630.15759499773,329,88,16,178,74,11,189,15,37,reverse,fuzzy
630.6577476847878,545,122,69,86,234,136,235,77,12,reverse,fuzzy
630.6667921257026,260,61,144,49,122,37,130,45,33,reverse,fuzzy
630.6868164538489,316,155,176,194,27,49,143,143,27,reverse,fuzzy
630.7860784936769,329,101,122,246,84,90,55,228,48,reverse,fuzzy
631.2886368852857,545,151,76,198,75,111,3,2,159,reverse,fuzzy
631.2992311996303,260,159,90,223,80,247,19,111,150,reverse,fuzzy
631.3186747316004,316,250,193,112,129,219,244,41,174,reverse,fuzzy
631.4177434840535,329,157,134,22,49,163,174,16,205,reverse,fuzzy
631.9175136942596,545,246,78,88,112,32,186,167,34,reverse,fuzzy
631.9282338243352,260,37,193,23,132,34,159,61,154,reverse,fuzzy
631.9485447347031,316,26,101,190,122,253,213,107,10,reverse,fuzzy
632.0476269237813,329,54,94,22,7,72,187,176,11,reverse,fuzzy
632.5469079054592,545,221,228,231,203,66,212,60,192,reverse,fuzzy
632.5566799821564,260,110,55,105,144,224,112,239,127,reverse,fuzzy
632.5758726530388,316,40,181,47,231,197,250,107,28,reverse,fuzzy
632.6763976157968,329,151,66,220,189,117,180,171,227,reverse,fuzzy
633.1758446890886,545,70,212,35,40,64,58,21,0,reverse,fuzzy
633.1856467467273,260,89,144,157,133,97,202,221,246,reverse,fuzzy
633.2066113035855,316,39,108,132,155,136,98,251,218,reverse,fuzzy
633.3075273982201,329,248,198,209,63,56,121,148,254,reverse,fuzzy
633.806959347188,545,250,230,26,103,48,249,190,176,reverse,fuzzy
633.8173372931807,260,235,185,145,61,156,209,55,52,reverse,fuzzy
633.8377022532412,316,124,187,86,225,223,171,48,70,reverse,fuzzy
633.9379420171572,329,3,245,104,158,7,238,223,44,reverse,fuzzy
634.4376827518724,545,66,38,102,115,251,103,76,116,reverse,fuzzy
634.447353132996,260,139,111,69,89,53,172,230,134,reverse,fuzzy
634.4675533897337,316,220,170,161,46,55,201,175,155,reverse,fuzzy
634.5675953155809,329,183,245,43,146,47,5,169,243,reverse,fuzzy
635.0678479665476,545,46,112,223,19,132,57,167,223,reverse,fuzzy
635.0780177362661,260,171,199,16,11,6,67,237,166,reverse,fuzzy
635.097752265547,316,152,125,174,248,204,195,206,102,reverse,fuzzy
635.1967616574701,329,231,146,135,101,54,190,76,62,reverse,fuzzy
635.6976387405549,545,158,238,14,178,68,4,234,57,reverse,fuzzy
635.7085076369561,260,214,155,94,149,2,194,128,108,reverse,fuzzy
635.7294601738918,316,187,157,227,226,109,166,239,163,reverse,fuzzy
635.8297997551851,329,246,186,57,7,45,110,120,104,reverse,fuzzy
636.3289393254682,545,204,245,10,254,253,25,200,45,reverse,fuzzy
636.3389898938286,260,31,183,45,252,149,220,26,135,reverse,fuzzy
636.3580132978262,316,21,4,203,56,46,155,116,1,reverse,fuzzy
636.4586357781798,329,56,142,38,55,125,183,38,166,reverse,fuzzy
636.9577599793492,545,4,125,7,48,181,79,208,224,reverse,fuzzy
636.9682528893023,260,32,175,49,35,27,169,4,85,reverse,fuzzy
636.9885298786344,316,89,231,236,31,227,118,151,27,reverse,fuzzy
637.0886215671443,329,30,14,41,172,16,198,36,218,reverse,fuzzy
637.5888292599582,545,235,39,113,220,124,241,142,169,reverse,fuzzy
637.5983550381442,260,7,24,56,157,63,178,179,77,reverse,fuzzy
637.6180431228269,316,202,202,32,80,156,106,222,18,reverse,fuzzy
637.7184698218587,329,231,37,219,90,205,239,251,143,reverse,fuzzy
638.2181573038476,545,169,172,210,249,174,132,177,28,reverse,fuzzy
638.227927175689,260,245,253,44,97,72,113,164,117,reverse,fuzzy
638.2485067581879,316,113,201,243,172,75,125,180,26,reverse,fuzzy
638.3493285204719,329,80,135,5,151,181,60,230,187,reverse,fuzzy
638.8495095405528,545,213,28,37,162,38,239,33,230,reverse,fuzzy
638.8588855687486,260,109,7,92,30,208,173,157,56,reverse,fuzzy
638.8786415769948,316,141,104,67,48,57,63,192,237,reverse,fuzzy
638.978170689179,329,141,150,35,130,60,28,244,240,reverse,fuzzy
639.4790565104138,545,187,53,44,219,60,141,213,123,reverse,fuzzy
639.4898516172879,260,215,152,161,70,250,23,57,229,reverse,fuzzy
639.5104089753913,316,47,183,21,247,8,58,213,126,reverse,fuzzy
639.6113543993384,329,143,222,79,96,113,7,11,15,reverse,fuzzy
640.1110797253397,545,160,214,41,6,28,92,200,133,reverse,fuzzy
640.1218012654206,260,248,206,30,166,75,50,3,96,reverse,fuzzy
640.1411313260493,316,123,156,86,247,78,23,219,16,reverse,fuzzy
640.2403102464197,329,173,117,177,67,114,92,122,128,reverse,fuzzy
640.740708938313,545,192,91,58,175,15,213,159,117,reverse,fuzzy
640.750193346841,260,28,29,217,171,28,101,217,227,reverse,fuzzy
640.7704563612064,316,153,203,245,126,23,232,236,71,reverse,fuzzy
640.8695771091253,329,0,134,107,225,235,206,76,35,reverse,fuzzy
641.3694395543803,545,30,156,37,53,163,143,193,163,reverse,fuzzy
641.3788051679533,260,8,111,223,152,216,174,39,12,reverse,fuzzy
641.3995075100956,316,101,18,193,155,43,156,4,151,reverse,fuzzy
641.499552199713,329,238,82,9,149,131,220,28,92,reverse,fuzzy
641.9994179996642,545,99,144,21,44,93,84,69,185,reverse,fuzzy
642.0089929042384,260,44,235,122,215,34,250,196,173,reverse,fuzzy
642.0280203799701,316,204,166,9,203,176,109,131,162,reverse,fuzzy
642.1284178016713,329,121,79,163,57,93,253,240,192,reverse,fuzzy
642.6281100192124,545,219,88,45,228,68,149,165,118,reverse,fuzzy
642.6384948998908,260,11,39,219,203,136,70,26,212,reverse,fuzzy
642.6577523031178,316,157,183,209,155,243,140,188,56,reverse,fuzzy
642.7568595437493,329,131,131,173,27,5,157,160,184,reverse,fuzzy
643.2560183281917,545,73,69,182,243,243,19,47,143,reverse,fuzzy
643.2668577286429,260,30,94,205,202,115,65,253,144,reverse,fuzzy
643.2873842746045,316,243,213,60,58,189,143,53,14,reverse,fuzzy
643.3870485620598,329,152,222,8,208,245,125,32,123,reverse,fuzzy
643.8892111824318,545,69,179,248,165,174,8,154,136,reverse,fuzzy
643.8989642216044,260,225,87,102,227,241,247,58,36,reverse,fuzzy
643.9195417312144,316,8,5,116,134,65,245,112,168,reverse,fuzzy
644.0189693542002,329,175,164,118,54,71,250,240,195,reverse,fuzzy
644.5186710154074,545,36,201,16,82,132,133,216,43,reverse,fuzzy
644.5283928756395,260,18,161,132,105,122,211,156,241,reverse,fuzzy
644.549303595812,316,6,155,211,123,195,47,116,166,reverse,fuzzy
644.6501203228469,329,66,83,33,179,102,11,5,87,reverse,fuzzy
645.1499451896279,545,235,255,225,226,74,44,226,18,reverse,fuzzy
645.1600197277604,260,231,178,80,42,221,207,42,154,reverse,fuzzy
645.179346309192,316,215,240,161,33,197,122,13,108,reverse,fuzzy
645.2796505466508,329,89,5,17,164,24,65,115,124,reverse,fuzzy
645.7803540838731,545,251,205,176,166,204,147,145,233,reverse,fuzzy
645.7910726009679,260,136,49,232,203,7,194,204,35,reverse,fuzzy
645.8105093682823,316,164,188,48,202,8,56,39,189,reverse,fuzzy
645.9114929291196,329,211,50,189,221,5,161,158,151,reverse,fuzzy
646.411450672931,545,189,141,25,179,74,200,121,246,reverse,fuzzy
646.4223002536422,260,216,117,244,36,111,175,139,160,reverse,fuzzy
646.4418618755413,316,71,35,243,50,155,237,182,127,reverse,fuzzy
646.5426340584936,329,124,250,23,61,238,98,190,45,reverse,fuzzy
647.0418500376979,545,1,76,49,227,251,198,132,115,reverse,fuzzy
647.0526331513154,260,179,143,127,212,61,248,176,22,reverse,fuzzy
647.0719017090854,316,91,224,154,171,238,115,125,132,reverse,fuzzy
647.1712533012947,329,61,152,224,9,236,7,100,137,reverse,fuzzy
647.6716821672566,545,249,248,99,95,218,202,72,185,reverse,fuzzy
647.6817150607927,260,37,204,155,165,66,212,180,196,reverse,fuzzy
647.7010693151148,316,61,161,169,77,190,44,203,186,reverse,fuzzy
647.8011274119706,329,244,115,67,138,145,127,246,182,reverse,fuzzy
648.3003686048346,545,239,36,72,107,79,171,150,205,reverse,fuzzy
648.3101598507099,260,229,171,33,185,167,220,219,126,reverse,fuzzy
648.3303728062253,316,177,65,10,253,24,182,37,124,reverse,fuzzy
648.4294748947901,329,23,143,128,245,219,110,87,139,reverse,fuzzy
648.9303142959005,545,18,50,172,178,140,118,228,229,reverse,fuzzy
648.9407698053309,260,160,53,196,169,141,133,149,229,reverse,fuzzy
648.9611886739374,316,149,252,61,121,117,44,28,211,reverse,fuzzy
649.0607252988805,329,203,87,189,148,136,55,148,218,reverse,fuzzy
649.5632213418978,545,113,118,173,127,155,122,89,142,reverse,fuzzy
649.5726044394517,260,158,34,184,153,204,18,111,48,reverse,fuzzy
649.5924765828242,316,190,65,36,169,189,132,214,88,reverse,fuzzy
649.6931291599607,329,142,83,29,220,55,128,52,63,reverse,fuzzy
650.1929056585456,545,95,230,92,79,219,158,138,68,reverse,fuzzy
650.2033173157895,260,195,185,131,142,2,10,130,227,reverse,fuzzy
650.2233633484624,316,251,161,8,232,128,67,82,198,reverse,fuzzy
650.3220272093397,329,62,90,159,165,228,142,206,228,reverse,fuzzy
650.8222928052993,545,196,35,130,72,180,49,169,69,reverse,fuzzy
650.8327246553729,260,254,205,129,225,201,232,229,165,reverse,fuzzy
650.8522747133933,316,243,154,109,87,207,128,41,210,reverse,fuzzy
650.9529100609309,329,169,124,81,136,43,69,150,254,reverse,fuzzy
651.4536253748289,545,250,62,243,223,144,26,101,125,reverse,fuzzy
651.46273486268,260,133,171,198,110,13,243,217,140,reverse,fuzzy
651.4823391920388,316,103,170,36,173,143,107,55,86,reverse,fuzzy
651.5821287289307,329,103,99,41,92,235,163,143,182,reverse,fuzzy
652.082307728813,545,122,69,209,77,22,249,208,239,reverse,fuzzy
652.0922814553365,260,140,184,253,94,179,246,119,105,reverse,fuzzy
652.1130291219854,316,76,202,186,210,15,68,197,211,reverse,fuzzy
652.212893571417,329,248,85,25,254,127,247,134,211,reverse,fuzzy
652.7134890835114,545,143,60,141,118,195,153,126,161,reverse,fuzzy
652.7240435964264,260,219,69,250,126,227,194,94,58,reverse,fuzzy
652.7435815743221,316,85,86,73,33,232,254,174,37,reverse,fuzzy
652.8429803125166,329,205,163,46,54,57,14,198,245,reverse,fuzzy
653.342151371255,545,78,27,129,195,16,122,126,181,reverse,fuzzy
653.3517543830995,260,102,104,169,74,0,255,252,66,reverse,fuzzy
653.370964080407,316,199,180,29,212,154,149,193,183,reverse,fuzzy
653.4700111393742,329,74,152,24,58,206,59,196,70,reverse,fuzzy
653.9697253817159,545,105,243,9,227,235,38,221,153,reverse,fuzzy
653.9788952176542,260,45,56,180,221,97,125,94,208,reverse,fuzzy
653.9995200239875,316,116,232,128,190,13,51,84,48,reverse,fuzzy
654.0993421935401,329,172,10,235,207,196,89,138,136,reverse,fuzzy
654.5988278766495,545,98,154,54,28,39,153,164,217,reverse,fuzzy
654.6089865292115,260,28,53,235,40,147,90,94,76,reverse,fuzzy
654.6287857484858,316,52,153,88,96,206,100,73,54,reverse,fuzzy
654.7286480812224,329,221,132,119,39,17,118,189,67,reverse,fuzzy
655.2293619038501,545,35,219,44,194,252,188,6,100,reverse,fuzzy
655.2400938526877,260,42,138,136,187,95,196,201,188,reverse,fuzzy
655.2597367075459,316,117,3,178,48,105,126,86,108,reverse,fuzzy
655.3600838960915,329,100,82,189,209,59,71,170,122,reverse,fuzzy
655.8591770643776,545,147,43,70,213,162,144,6,105,reverse,fuzzy
655.8686178290343,260,86,49,30,161,92,80,251,232,reverse,fuzzy
655.8891168370652,316,72,254,204,135,90,49,83,28,reverse,fuzzy
655.9888596677872,329,178,104,194,174,99,58,57,123,reverse,fuzzy
656.4885038876482,545,27,90,117,80,178,98,9,61,reverse,fuzzy
656.4992092501793,260,250,1,208,60,22,12,174,67,reverse,fuzzy
656.5196526782653,316,162,35,166,90,169,222,231,248,reverse,fuzzy
656.6193654349289,329,18,137,137,90,63,186,201,72,reverse,fuzzy
657.119741829107,545,94,52,243,218,33,74,143,27,reverse,fuzzy
657.1299609581419,260,152,20,103,80,219,193,59,27,reverse,fuzzy
657.1491996333182,316,145,114,229,12,206,245,235,107,reverse,fuzzy
657.2496662332201,329,185,133,91,96,219,180,25,225,reverse,fuzzy
657.7494318702791,545,168,186,193,120,30,249,45,112,reverse,fuzzy
657.7602420561805,260,65,87,122,124,37,136,206,246,reverse,fuzzy
657.7795047594271,316,63,21,71,180,201,218,38,246,reverse,fuzzy
657.8798995032911,329,102,67,254,26,239,99,152,142,reverse,fuzzy
658.3796818537186,545,79,78,112,16,194,194,45,168,reverse,fuzzy
658.3899192910128,260,117,71,152,12,127,233,0,232,reverse,fuzzy
658.4097221133126,316,71,94,128,185,252,175,189,33,reverse,fuzzy
658.5099672032762,329,215,219,11,230,95,73,138,84,reverse,fuzzy
659.0104372096259,545,180,190,219,186,53,41,41,93,reverse,fuzzy
659.021031534285,260,37,70,69,167,240,200,92,210,reverse,fuzzy
659.040325402277,316,170,28,108,21,193,196,250,227,reverse,fuzzy
659.1407146653286,329,49,153,3,42,147,56,97,122,reverse,fuzzy
659.6410731284396,545,105,162,155,30,39,76,103,244,reverse,fuzzy
659.6510008259087,260,109,252,104,74,20,113,140,76,reverse,fuzzy
659.6704712685934,316,215,4,180,240,112,153,243,176,reverse,fuzzy
659.7704351402059,329,187,90,205,46,20,70,80,192,reverse,fuzzy
660.2711956597753,545,202,138,173,41,76,227,177,79,reverse,fuzzy
660.2806239426295,260,179,219,41,216,190,169,244,66,reverse,fuzzy
660.3007378939814,316,216,82,182,192,204,227,27,82,reverse,fuzzy
660.4008733082879,329,115,243,81,53,79,48,214,110,reverse,fuzzy
660.8994351065701,545,123,199,72,175,17,242,47,158,reverse,fuzzy
660.9090708094494,260,109,2,119,189,103,110,238,106,reverse,fuzzy
660.9295854817165,316,155,31,215,3,137,245,104,150,reverse,fuzzy
661.0285871661497,329,187,123,159,150,31,229,212,98,reverse,fuzzy
661.528797092752,545,134,222,182,48,120,5,223,32,reverse,fuzzy
661.5396139929536,260,51,38,247,172,143,0,83,169,reverse,fuzzy
661.5595596859804,316,84,84,192,133,131,51,4,197,reverse,fuzzy
661.6596667446959,329,158,104,20,67,131,39,212,35,reverse,fuzzy
662.160186455743,545,11,54,15,203,197,15,35,32,reverse,fuzzy
662.1692643597274,260,143,120,23,228,210,223,108,18,reverse,fuzzy
662.1885028675379,316,111,155,144,153,74,61,35,161,reverse,fuzzy
662.28860450216,329,20,67,77,150,181,242,249,27,reverse,fuzzy
662.7882291606563,545,55,129,224,137,230,111,0,91,reverse,fuzzy
662.7976632070366,260,94,198,143,171,241,71,110,46,reverse,fuzzy
662.8184300768885,316,116,164,148,108,252,75,180,204,reverse,fuzzy
662.9182056196734,329,107,150,145,17,209,77,42,205,reverse,fuzzy
663.4190198809245,545,30,171,94,179,224,17,52,93,reverse,fuzzy
663.4288158991725,260,131,159,151,135,54,255,76,242,reverse,fuzzy
663.4479520717596,316,193,180,252,29,29,181,93,182,reverse,fuzzy
663.5474304001935,329,40,250,70,205,135,198,101,233,reverse,fuzzy
664.0475544832751,545,170,94,22,118,200,168,155,114,reverse,fuzzy
664.0566279460804,260,234,244,202,173,66,113,132,142,reverse,fuzzy
664.0764944119065,316,213,105,227,61,236,153,68,76,reverse,fuzzy
664.1756755015518,329,94,7,98,130,195,75,220,223,reverse,fuzzy
664.6761577403504,545,39,189,81,145,120,219,34,93,reverse,fuzzy
664.6862937050826,260,113,83,239,105,121,142,221,2,reverse,fuzzy
664.7068213446787,316,81,207,72,185,19,3,62,187,reverse,fuzzy
664.8068330579022,329,152,71,127,57,204,134,203,161,reverse,fuzzy
665.3062792652062,545,25,51,66,8,50,215,124,178,reverse,fuzzy
665.3153904663293,260,236,80,196,130,179,195,248,227,reverse,fuzzy
665.3344542404353,316,69,106,166,213,254,234,69,127,reverse,fuzzy
665.4350288963976,329,53,137,212,116,0,76,28,116,reverse,fuzzy
665.935825569441,545,42,19,25,220,199,20,251,97,reverse,fuzzy
665.9465130307857,260,186,154,63,133,168,129,247,58,reverse,fuzzy
665.9661765399871,316,10,253,225,160,248,21,32,175,reverse,fuzzy
666.0664362320631,329,236,119,171,35,108,114,185,226,reverse,fuzzy
666.5673961622282,545,199,27,12,32,172,225,188,106,reverse,fuzzy
666.5774353249564,260,99,149,27,67,66,8,154,239,reverse,fuzzy
666.597231432356,316,194,134,224,209,100,20,117,164,reverse,fuzzy
666.6966692064232,329,56,3,250,183,247,237,222,118,reverse,fuzzy
667.1962288006199,545,178,25,31,114,16,65,143,46,reverse,fuzzy
667.2061882534955,260,18,246,230,42,187,224,64,211,reverse,fuzzy
667.2269867816467,316,183,189,206,219,214,213,13,16,reverse,fuzzy
667.3266818336773,329,252,112,33,191,39,95,142,62,reverse,fuzzy
667.829270220699,545,206,83,139,93,220,99,102,160,reverse,fuzzy
667.8383887235012,260,80,228,8,180,175,46,37,162,reverse,fuzzy
667.858639343227,316,20,105,72,161,166,20,9,227,reverse,fuzzy
667.9586230730956,329,163,218,251,18,231,204,37,108,reverse,fuzzy
668.4589105946604,545,248,0,133,110,35,186,109,140,reverse,fuzzy
668.4681650490911,260,166,142,177,60,100,81,4,213,reverse,fuzzy
668.4876179507537,316,148,158,237,127,66,18,151,62,reverse,fuzzy
668.5883396670378,329,193,159,12,180,160,38,221,30,reverse,fuzzy
669.0876129990834,545,14,74,98,106,35,182,169,196,reverse,fuzzy
669.0976658153845,260,15,225,201,10,104,125,72,180,reverse,fuzzy
669.1172360274269,316,241,35,13,84,88,84,8,222,reverse,fuzzy
669.2180212871035,329,61,53,107,68,95,165,93,158,reverse,fuzzy
669.7179331642178,545,144,37,191,63,218,54,100,144,reverse,fuzzy
669.727220312279,260,107,217,186,79,242,237,237,76,reverse,fuzzy
669.7480220088237,316,213,72,115,82,180,18,87,234,reverse,fuzzy
669.847584746655,329,244,191,37,161,236,173,190,210,reverse,fuzzy
670.3477646902215,545,168,234,71,1,172,25,237,133,reverse,fuzzy
670.3582630281561,260,85,119,209,195,164,115,127,138,reverse,fuzzy
670.3789965164216,316,18,179,148,229,254,223,4,227,reverse,fuzzy
670.4785034551211,329,233,139,92,129,15,84,90,36,reverse,fuzzy
670.9789219212003,545,88,169,253,122,152,46,51,223,reverse,fuzzy
670.9885596532642,260,179,4,140,89,62,206,32,43,reverse,fuzzy
671.0095206127934,316,65,100,184,165,3,109,67,169,reverse,fuzzy
671.1086349876795,329,181,138,132,163,73,18,201,141,reverse,fuzzy
671.609396490933,545,154,65,48,206,205,136,73,191,reverse,fuzzy
671.6195191353457,260,216,135,219,169,15,168,55,46,reverse,fuzzy
671.6390269711978,316,49,190,131,73,38,13,95,95,reverse,fuzzy
671.7399098533903,329,63,148,156,27,70,210,160,25,reverse,fuzzy
672.2406020190783,545,34,41,54,130,251,69,34,158,reverse,fuzzy
672.2509726002843,260,74,206,205,64,30,66,77,60,reverse,fuzzy
672.2718896933648,316,74,105,37,133,254,164,144,249,reverse,fuzzy
672.3724503084636,329,145,52,195,187,14,65,31,131,reverse,fuzzy
672.8718113936114,545,168,230,72,200,184,154,147,164,reverse,fuzzy
672.8818966540925,260,88,172,164,133,166,181,246,110,reverse,fuzzy
672.9012165842382,316,216,105,120,60,213,9,245,104,reverse,fuzzy
673.0018169597575,329,12,181,66,133,123,246,220,195,reverse,fuzzy
673.5022904975258,545,41,249,167,235,243,176,222,229,reverse,fuzzy
673.5120636289234,260,103,154,35,125,35,114,65,159,reverse,fuzzy
673.5329252047705,316,89,81,142,81,64,168,36,81,reverse,fuzzy
673.6333175287352,329,59,154,183,187,231,89,228,196,reverse,fuzzy
674.1338018436412,545,149,95,94,201,84,70,195,154,reverse,fuzzy
674.1430304144887,260,35,46,51,6,11,109,179,158,reverse,fuzzy
674.1626853323531,316,187,169,154,81,215,124,173,41,reverse,fuzzy
674.2626153498647,329,179,15,123,28,2,18,147,77,reverse,fuzzy
674.7622657073043,545,177,138,232,179,148,43,161,62,reverse,fuzzy
674.7729385358634,260,251,207,133,233,248,5,253,254,reverse,fuzzy
674.7927193530497,316,80,182,96,205,104,47,253,108,reverse,fuzzy
674.8922851604425,329,124,162,166,82,166,233,153,99,reverse,fuzzy
675.3923355557291,545,161,214,241,88,18,65,172,99,reverse,fuzzy
675.4027805187236,260,27,103,251,184,123,15,144,178,reverse,fuzzy
675.4220251564589,316,123,73,69,3,20,63,26,30,reverse,fuzzy
675.5218555054213,329,70,116,153,150,155,153,2,88,reverse,fuzzy
676.0227528103574,545,3,33,220,40,100,255,139,213,reverse,fuzzy
676.0335497987511,260,92,42,13,182,88,67,193,78,reverse,fuzzy
676.0528362720326,316,199,146,90,102,131,49,102,173,reverse,fuzzy
676.1529200578577,329,125,81,247,195,62,167,158,158,reverse,fuzzy
676.6526814840714,545,45,247,33,98,16,65,30,164,reverse,fuzzy
676.6631068343355,260,85,57,212,92,232,154,143,208,reverse,fuzzy
676.6839098232053,316,201,36,116,227,253,95,248,227,reverse,fuzzy
676.7836991678515,329,219,119,33,31,158,136,247,162,reverse,fuzzy
677.2833705599965,545,191,75,232,92,210,221,193,223,reverse,fuzzy
677.2931321194612,260,214,196,59,90,132,171,207,73,reverse,fuzzy
677.3139841029036,316,88,221,140,75,7,196,69,208,reverse,fuzzy
677.4131562224851,329,184,188,229,138,102,129,223,39,reverse,fuzzy
677.9129895368275,545,27,69,6,37,188,123,197,103,reverse,fuzzy
677.9225717302334,260,48,84,173,45,253,173,234,150,reverse,fuzzy
677.9416194399699,316,125,154,225,67,170,29,40,49,reverse,fuzzy
678.0418364241925,329,108,8,228,119,238,37,184,107,reverse,fuzzy
678.5426863897984,545,25,168,82,117,136,199,128,201,reverse,fuzzy
678.5533259296056,260,181,102,85,48,83,163,123,25,reverse,fuzzy
678.5735953464141,316,102,115,214,5,64,240,173,232,reverse,fuzzy
678.673131328774,329,233,67,85,133,206,168,172,48,reverse,fuzzy
679.173032819456,545,47,195,1,112,64,38,95,92,reverse,fuzzy
679.1835941245523,260,14,80,101,252,197,203,92,101,reverse,fuzzy
679.204248616014,316,63,2,0,159,89,41,149,99,reverse,fuzzy
679.3034767662731,329,68,64,214,202,121,85,168,137,reverse,fuzzy
679.8043799326429,545,205,241,55,127,74,74,96,33,reverse,fuzzy
679.8142148718817,260,98,122,149,61,167,110,11,249,reverse,fuzzy
679.8316478759634,316,132,61,238,37,92,17,56,9,reverse,fuzzy
679.931784254065,329,76,222,250,196,216,26,54,224,reverse,fuzzy
680.4308973927199,545,120,60,191,239,91,243,90,54,reverse,fuzzy
680.4414929792529,260,65,113,106,175,126,176,83,9,reverse,fuzzy
680.461499289554,316,236,156,238,104,60,153,228,8,reverse,fuzzy
680.5605595145734,329,9,32,25,184,52,118,137,56,reverse,fuzzy
681.0606248062172,545,97,74,61,205,93,34,9,2,reverse,fuzzy
681.0697517528396,260,213,15,70,233,64,248,148,167,reverse,fuzzy
681.0905807084822,316,0,192,231,58,27,146,182,243,reverse,fuzzy
681.1896389484368,329,65,0,68,206,38,74,151,115,reverse,fuzzy
681.6886751070886,545,117,221,23,234,18,37,181,185,reverse,fuzzy
681.6981685778497,260,117,78,11,65,227,63,149,107,reverse,fuzzy
681.717753439559,316,38,234,197,161,251,253,169,142,reverse,fuzzy
681.8183330939663,329,131,209,133,146,114,223,221,156,reverse,fuzzy
682.3187228305383,545,100,46,177,166,205,206,126,185,reverse,fuzzy
682.3287786267326,260,38,79,33,88,194,169,160,165,reverse,fuzzy
682.3486348770637,316,112,2,168,138,144,59,208,110,reverse,fuzzy
682.4490641288874,329,58,106,224,102,49,147,152,131,reverse,fuzzy
682.9481928570214,545,126,99,139,139,153,216,102,150,reverse,fuzzy
682.9573646883132,260,104,166,1,92,177,47,68,103,reverse,fuzzy
682.9775044500655,316,199,248,50,151,31,111,195,190,reverse,fuzzy
683.0767774328925,329,168,11,40,26,15,75,67,175,reverse,fuzzy
683.5738855231982,545,78,38,43,24,171,111,62,163,reverse,fuzzy
683.5847057614708,260,191,221,206,63,145,15,39,240,reverse,fuzzy
683.6044776694172,316,43,149,13,133,169,12,223,249,reverse,fuzzy
683.7035596481505,329,5,187,35,189,143,36,102,210,reverse,fuzzy
684.2030042128334,545,14,22,113,233,85,80,211,157,reverse,fuzzy
684.2125469481515,260,150,68,57,135,71,170,210,210,reverse,fuzzy
684.2324966873994,316,219,125,237,255,27,66,154,72,reverse,fuzzy
684.331993072564,329,130,22,147,233,226,141,72,116,reverse,fuzzy
684.8320920721212,545,91,194,238,93,186,208,178,247,reverse,fuzzy
684.841891396006,260,24,84,136,133,79,195,5,89,reverse,fuzzy
684.8624804963126,316,116,72,222,159,221,99,65,217,reverse,fuzzy
684.962191124939,329,155,224,166,156,195,228,244,127,reverse,fuzzy
685.4619186292999,545,178,17,124,21,6,135,99,205,reverse,fuzzy
685.4695347202297,260,243,84,64,231,1,92,192,164,reverse,fuzzy
685.4890061219132,316,105,82,216,39,205,225,182,98,reverse,fuzzy
685.5883593146912,329,29,205,200,193,106,47,111,198,reverse,fuzzy
686.0874419873089,545,77,49,252,61,153,192,159,103,reverse,fuzzy
686.0972803092207,260,55,204,104,127,157,194,17,76,reverse,fuzzy
686.1176807998578,316,188,253,163,126,245,194,4,244,reverse,fuzzy
686.2167866976565,329,96,251,48,173,224,99,5,45,reverse,fuzzy
686.7160987783818,545,151,215,40,120,100,233,214,153,reverse,fuzzy
686.7263582928537,260,131,30,191,40,191,168,137,149,reverse,fuzzy
686.7459704879437,316,161,169,152,190,250,58,122,222,reverse,fuzzy
686.8453073889043,329,73,107,220,248,247,22,118,37,reverse,fuzzy
687.345981776899,545,85,192,29,191,86,15,128,231,reverse,fuzzy
687.356464475032,260,69,138,20,216,160,105,148,129,reverse,fuzzy
687.3755647977083,316,207,72,1,136,97,154,41,95,reverse,fuzzy
687.4764313023258,329,176,27,51,246,187,18,82,50,reverse,fuzzy
687.9755918481063,545,45,179,37,174,238,118,62,29,reverse,fuzzy
687.9854266387174,260,207,77,201,148,178,4,75,201,reverse,fuzzy
688.0057653413054,316,24,158,181,70,166,119,42,91,reverse,fuzzy
688.1064261753738,329,223,209,58,244,39,140,87,239,reverse,fuzzy
688.6068684252791,545,239,206,233,205,22,68,50,194,reverse,fuzzy
688.6176694075076,260,70,47,189,113,215,197,31,4,reverse,fuzzy
688.6367949687422,316,162,208,3,16,151,65,243,75,reverse,fuzzy
688.7365679243709,329,247,240,122,111,143,164,121,218,reverse,fuzzy
689.2373223596999,545,225,34,234,170,246,254,94,246,reverse,fuzzy
689.2480610587992,260,167,173,159,134,110,142,132,0,reverse,fuzzy
689.2690316954157,316,15,73,96,189,101,40,25,20,reverse,fuzzy
689.3690527234311,329,106,93,241,251,129,27,29,31,reverse,fuzzy
689.8693950745455,545,170,223,18,194,232,148,80,29,reverse,fuzzy
689.8784954322816,260,245,34,66,237,148,123,238,74,reverse,fuzzy
689.8985697591786,316,73,79,66,192,118,55,178,133,reverse,fuzzy
689.9976590719043,329,24,105,248,156,175,31,160,73,reverse,fuzzy
690.4986098889933,545,86,142,102,224,198,252,195,255,reverse,fuzzy
690.5081536470332,260,210,78,191,135,216,105,83,195,reverse,fuzzy
690.5288453773096,316,101,184,34,179,150,57,177,247,reverse,fuzzy
690.6279271324121,329,112,50,15,234,105,191,118,34,reverse,fuzzy
691.1274962979521,545,252,90,215,66,87,177,16,40,reverse,fuzzy
691.1368705224367,260,20,60,158,20,179,123,36,83,reverse,fuzzy
691.156030665224,316,141,80,115,196,114,22,38,163,reverse,fuzzy
691.2553141571756,329,98,32,63,236,243,236,101,107,reverse,fuzzy
691.7548485220148,545,94,97,35,163,55,101,6,134,reverse,fuzzy
691.7641128158459,260,225,67,59,164,151,187,247,151,reverse,fuzzy
691.784220194211,316,87,244,46,0,141,47,20,207,reverse,fuzzy
691.885164816778,329,11,197,203,151,120,72,81,39,reverse,fuzzy
692.38465599871,545,23,152,198,161,239,239,243,25,reverse,fuzzy
692.3938655637438,260,144,64,223,21,181,95,125,47,reverse,fuzzy
692.414327884355,316,203,125,149,22,36,155,26,139,reverse,fuzzy
692.5146288756774,329,84,111,3,51,172,215,198,255,reverse,fuzzy
693.0145723204718,545,139,186,198,136,44,102,120,74,reverse,fuzzy
693.0253301874003,260,52,168,219,246,201,213,166,53,reverse,fuzzy
693.046150034935,316,169,97,153,155,134,181,250,116,reverse,fuzzy
693.1467491774879,329,243,160,105,217,56,58,161,3,reverse,fuzzy
693.646540017156,545,235,73,252,102,205,26,104,187,reverse,fuzzy
693.6555591919476,260,188,143,123,103,143,149,153,129,reverse,fuzzy
693.6761466564988,316,130,146,172,129,116,168,162,192,reverse,fuzzy
693.7760522647898,329,253,83,18,182,42,206,227,64,reverse,fuzzy
694.275826383443,545,154,16,198,207,209,48,80,83,reverse,fuzzy
694.285778578176,260,53,18,61,127,156,147,163,102,reverse,fuzzy
694.3061173382571,316,246,181,161,175,55,252,116,253,reverse,fuzzy
694.406146798229,329,139,110,207,96,100,108,75,66,reverse,fuzzy
694.90541616043,545,103,188,94,12,105,43,199,224,reverse,fuzzy
694.9163602619773,260,207,95,39,150,225,33,134,55,reverse,fuzzy
694.9365180459396,316,108,19,95,182,48,245,223,100,reverse,fuzzy
695.0360138461009,329,179,6,140,189,130,143,188,235,reverse,fuzzy
695.5360501480003,545,3,94,67,70,66,183,51,76,reverse,fuzzy
695.5458639669469,260,138,202,65,202,247,224,127,78,reverse,fuzzy
695.5657984800696,316,131,92,47,105,7,208,199,19,reverse,fuzzy
695.6660187406147,329,141,58,194,224,186,130,94,194,reverse,fuzzy
696.1653046038365,545,177,14,2,85,40,102,224,21,reverse,fuzzy
696.1748211490307,260,76,247,87,70,116,170,116,2,reverse,fuzzy
696.194199926056,316,118,236,23,27,30,76,140,136,reverse,fuzzy
696.2949856167288,329,98,105,38,133,20,88,204,133,reverse,fuzzy
696.7942333991654,545,45,198,55,162,246,41,98,114,reverse,fuzzy
696.8038136729788,260,139,223,86,92,50,19,217,102,reverse,fuzzy
696.8234117323165,316,81,46,233,65,45,101,152,55,reverse,fuzzy
696.9240092722087,329,53,194,29,48,176,69,103,9,reverse,fuzzy
697.4248407308235,545,45,23,168,164,53,209,139,33,reverse,fuzzy
697.4346538790268,260,62,0,162,242,158,62,117,248,reverse,fuzzy
697.454808344137,316,160,93,243,55,72,130,64,54,reverse,fuzzy
697.5542264683213,329,127,45,79,5,18,147,128,51,reverse,fuzzy
698.0540245777487,545,165,113,89,70,162,170,138,213,reverse,fuzzy
698.0646703096734,260,203,85,246,58,105,66,40,115,reverse,fuzzy
698.0852499186124,316,245,27,137,152,225,96,52,209,reverse,fuzzy
698.1846440884634,329,124,159,109,160,6,100,251,241,reverse,fuzzy
698.683924588136,545,60,200,195,182,156,108,226,138,reverse,fuzzy
698.6936324728664,260,144,184,189,34,13,140,209,253,reverse,fuzzy
698.7138667334514,316,65,130,175,127,216,125,138,148,reverse,fuzzy
698.8145420904798,329,222,226,125,91,147,33,105,242,reverse,fuzzy
699.3154907385394,545,248,76,163,155,217,156,252,212,reverse,fuzzy
699.3259037448937,260,58,91,105,10,158,12,254,118,reverse,fuzzy
699.3461895669559,316,45,89,237,171,18,180,58,17,reverse,fuzzy
699.4460431194376,329,11,236,79,70,17,136,7,95,reverse,fuzzy
699.9461895330242,545,62,115,7,137,30,235,164,75,reverse,fuzzy
699.9556104789573,260,190,204,8,201,97,11,68,198,reverse,fuzzy
699.9755598669553,316,110,60,80,158,188,102,235,68,reverse,fuzzy
700.0763897917368,329,139,165,39,85,33,194,122,249,reverse,fuzzy
700.5757378278779,545,249,14,53,182,128,171,74,98,reverse,fuzzy
700.5852400747362,260,23,102,46,104,102,71,136,55,reverse,fuzzy
700.6051468427808,316,131,129,149,190,152,247,152,66,reverse,fuzzy
700.7053496952186,329,222,102,189,148,91,32,1,145,reverse,fuzzy
701.2057306491149,545,3,97,151,112,87,58,23,222,reverse,fuzzy
701.2167283924008,260,189,66,231,28,12,185,191,135,reverse,fuzzy
701.2361570571919,316,183,32,57,103,157,146,121,237,reverse,fuzzy
701.336366144791,329,20,31,212,255,35,234,147,33,reverse,fuzzy
701.8372464601498,545,78,243,13,73,204,200,233,100,reverse,fuzzy
701.848020291636,260,59,151,194,178,246,93,92,26,reverse,fuzzy
701.868267271013,316,5,61,205,198,214,242,190,90,reverse,fuzzy
701.9679826427198,329,244,18,199,183,214,67,103,154,reverse,fuzzy
702.4678012600417,545,99,89,54,136,110,127,128,134,reverse,fuzzy
702.4780189840983,260,155,207,53,76,51,139,244,190,reverse,fuzzy
702.4973483710266,316,254,152,214,227,222,241,193,75,reverse,fuzzy
702.5982282199344,329,168,24,131,36,37,252,94,56,reverse,fuzzy
703.0977046079352,545,204,76,189,139,39,153,187,63,reverse,fuzzy
703.1082530482529,260,177,141,230,40,174,81,209,19,reverse,fuzzy
703.1278330584697,316,74,182,152,48,187,17,174,33,reverse,fuzzy
703.2282776673212,329,9,248,28,125,201,56,217,159,reverse,fuzzy
703.7280437026249,545,255,31,115,244,120,207,94,110,reverse,fuzzy
703.7374526424952,260,130,152,65,109,13,5,185,36,reverse,fuzzy
703.7574804607364,316,32,152,6,198,192,122,145,186,reverse,fuzzy
703.8580210327676,329,157,103,242,197,67,170,146,76,reverse,fuzzy
704.3575955706779,545,251,53,124,67,34,114,163,17,reverse,fuzzy
704.3669406017968,260,202,33,161,251,97,164,37,144,reverse,fuzzy
704.3875277659365,316,75,20,59,60,230,22,128,149,reverse,fuzzy
704.4878311491497,329,36,131,73,194,191,196,6,75,reverse,fuzzy
704.9887612745779,545,98,113,83,45,126,64,136,170,reverse,fuzzy
704.9984460989966,260,80,141,187,73,65,230,20,220,reverse,fuzzy
705.0182879198122,316,234,105,29,71,48,152,210,58,reverse,fuzzy
705.118657900376,329,102,138,62,93,118,141,57,148,reverse,fuzzy
705.6185329059292,545,201,170,9,206,45,229,33,236,reverse,fuzzy
705.6292214973269,260,41,16,6,234,214,242,52,24,reverse,fuzzy
705.6488131619419,316,205,89,66,28,188,130,149,195,reverse,fuzzy
705.7492285203662,329,241,216,37,114,64,21,244,60,reverse,fuzzy
706.2487922863635,545,158,24,77,178,234,14,11,136,reverse,fuzzy
706.258255034657,260,15,147,35,172,188,108,179,49,reverse,fuzzy
706.277502256773,316,189,239,249,115,241,225,126,197,reverse,fuzzy
706.3775262814756,329,159,239,168,254,202,123,56,51,reverse,fuzzy
706.8774550548407,545,130,120,166,168,160,141,209,218,reverse,fuzzy
706.8875012717781,260,80,250,108,188,21,5,231,101,reverse,fuzzy
706.9073908596706,316,129,237,146,132,32,15,5,225,reverse,fuzzy
707.0071294918527,329,117,168,5,15,56,115,73,189,reverse,fuzzy
707.5067503959384,545,111,103,238,11,186,193,220,67,reverse,fuzzy
707.5174024687618,260,231,110,15,182,149,137,16,89,reverse,fuzzy
707.5368555244454,316,190,65,192,137,166,189,230,251,reverse,fuzzy
707.6364719852832,329,250,150,35,28,122,226,234,30,reverse,fuzzy
708.1360091810191,545,121,198,165,13,53,226,252,59,reverse,fuzzy
708.145998173873,260,218,190,176,12,1,94,117,164,reverse,fuzzy
708.1659112657633,316,67,203,247,159,30,206,88,209,reverse,fuzzy
708.2657657279977,329,223,242,116,77,49,102,249,74,reverse,fuzzy
708.7662675944881,545,36,144,129,215,244,178,17,56,reverse,fuzzy
708.7768495454651,260,55,232,252,154,99,165,161,198,reverse,fuzzy
708.7976839107546,316,129,203,82,249,6,48,131,166,reverse,fuzzy
708.8979268608347,329,214,117,173,199,73,137,140,91,reverse,fuzzy
709.3981554251015,545,91,195,144,173,254,154,189,139,reverse,fuzzy
709.4072338273497,260,41,75,46,222,128,34,187,45,reverse,fuzzy
709.4264645447769,316,224,20,233,226,16,165,87,144,reverse,fuzzy
709.5264842996622,329,67,119,197,125,4,150,13,104,reverse,fuzzy
710.0269756768884,545,227,10,44,163,5,125,107,174,reverse,fuzzy
710.0374874187546,260,97,140,205,148,198,39,38,95,reverse,fuzzy
710.0575732243029,316,216,249,57,180,15,239,34,177,reverse,fuzzy
710.1570924501394,329,0,163,245,116,205,216,23,6,reverse,fuzzy
710.6566127397609,545,252,215,162,83,58,148,119,126,reverse,fuzzy
710.6665912596168,260,1,178,107,52,157,156,106,23,reverse,fuzzy
710.6857666805967,316,251,49,231,210,159,5,27,115,reverse,fuzzy
710.7859861524624,329,44,226,171,18,79,201,161,142,reverse,fuzzy
711.2861875600547,545,123,12,124,115,111,75,124,177,reverse,fuzzy
711.2953563618705,260,79,190,203,254,217,94,76,98,reverse,fuzzy
711.3151302514074,316,28,148,112,133,35,32,133,8,reverse,fuzzy
711.415976316016,329,27,167,223,200,28,39,235,236,reverse,fuzzy
711.9150700618121,545,232,231,223,91,36,17,50,71,reverse,fuzzy
711.9246586597995,260,214,50,93,30,33,56,39,84,reverse,fuzzy
711.9448168101189,316,72,216,21,171,145,114,18,238,reverse,fuzzy
712.0455084100186,329,68,87,107,26,229,202,105,66,reverse,fuzzy
712.5462902480764,545,190,173,11,55,142,79,106,124,reverse,fuzzy
712.5556296905946,260,207,50,229,170,31,236,7,61,reverse,fuzzy
712.5759470170665,316,136,133,178,12,60,173,161,54,reverse,fuzzy
712.6755320473889,329,166,171,5,61,137,126,151,178,reverse,fuzzy
713.1747602635386,545,24,251,238,141,207,82,196,225,reverse,fuzzy
713.1841138165753,260,49,199,38,99,240,151,249,17,reverse,fuzzy
713.2033679754318,316,194,189,121,24,241,86,15,183,reverse,fuzzy
713.3026866280821,329,242,87,204,42,71,118,107,233,reverse,fuzzy
713.8029632758892,545,73,148,102,138,184,214,224,121,reverse,fuzzy
713.8138581346163,260,211,164,156,181,255,189,241,150,reverse,fuzzy
713.8332958474599,316,216,214,108,6,246,163,11,238,reverse,fuzzy
713.9335807406061,329,160,38,236,13,93,224,171,95,reverse,fuzzy
714.4341638134825,545,103,3,148,104,125,154,139,58,reverse,fuzzy
714.4448054053289,260,35,9,247,74,229,7,160,148,reverse,fuzzy
714.4643483060013,316,67,180,33,59,254,141,151,82,reverse,fuzzy
714.5652836667223,329,30,228,222,99,102,59,183,120,reverse,fuzzy
715.06437840794,545,175,140,189,109,218,38,19,151,reverse,fuzzy
715.0747793938472,260,52,189,6,203,186,68,52,202,reverse,fuzzy
715.0945459451447,316,115,52,113,178,104,251,231,83,reverse,fuzzy
715.1936830425688,329,181,72,153,30,51,27,0,19,reverse,fuzzy
715.6931377491047,545,37,118,189,215,55,56,237,52,reverse,fuzzy
715.7037034400905,260,232,167,8,126,40,209,171,111,reverse,fuzzy
715.7242324021528,316,64,143,113,89,255,18,2,247,reverse,fuzzy
715.8243786830521,329,154,233,113,176,83,216,179,9,reverse,fuzzy
716.3252583660553,545,10,152,99,196,93,70,48,9,reverse,fuzzy
716.3358711813923,260,142,55,213,160,210,203,35,174,reverse,fuzzy
716.3564419603704,316,6,13,131,149,196,57,69,59,reverse,fuzzy
716.4559495806028,329,20,73,172,174,31,171,237,16,reverse,fuzzy
716.9555509270001,545,37,249,12,126,159,202,14,109,reverse,fuzzy
716.9653711206473,260,132,207,196,249,224,28,208,3,reverse,fuzzy
716.9855343530966,316,110,200,70,111,165,67,154,188,reverse,fuzzy
717.0856246052554,329,61,209,125,27,182,144,83,190,reverse,fuzzy
717.5862918551595,545,196,204,76,123,163,231,84,16,reverse,fuzzy
717.5968103060674,260,67,28,68,30,153,82,91,207,reverse,fuzzy
717.6176060329663,316,131,98,156,98,167,235,165,180,reverse,fuzzy
717.7169727307474,329,255,111,251,75,247,128,176,172,reverse,fuzzy
718.2170791827772,545,214,127,180,62,25,21,10,177,reverse,fuzzy
718.2268381271725,260,202,35,133,213,114,49,244,240,reverse,fuzzy
718.2476493950735,316,24,125,136,185,191,197,91,186,reverse,fuzzy
718.3485958848926,329,28,167,128,27,2,125,109,51,reverse,fuzzy
718.8483353914665,545,52,188,139,52,81,215,206,0,reverse,fuzzy
718.8582120446341,260,5,189,43,117,164,83,203,235,reverse,fuzzy
718.8779540356458,316,204,101,136,4,100,250,177,21,reverse,fuzzy
718.9783142212607,329,180,85,126,233,202,199,91,61,reverse,fuzzy
719.4787403628153,545,185,74,215,10,201,193,155,21,reverse,fuzzy
719.4895331958529,260,162,157,53,91,217,85,96,95,reverse,fuzzy
719.5096482141198,316,98,216,157,248,8,10,138,162,reverse,fuzzy
719.6089812188682,329,49,32,163,1,184,73,212,19,reverse,fuzzy
720.1085128349265,545,159,150,221,94,79,232,181,52,reverse,fuzzy
720.1189451576919,260,201,120,111,238,173,69,131,152,reverse,fuzzy
720.1396477326314,316,236,72,96,220,21,236,218,236,reverse,fuzzy
720.2387431190559,329,186,62,54,150,74,165,148,122,reverse,fuzzy
720.7389495317516,545,224,46,163,71,78,142,57,36,reverse,fuzzy
720.7488648310543,260,165,30,77,93,121,253,227,55,reverse,fuzzy
720.7681171669218,316,59,17,182,135,242,86,180,94,reverse,fuzzy
720.8674008870624,329,121,236,162,96,12,160,166,174,reverse,fuzzy
721.3666782668556,545,167,116,30,122,206,241,177,43,reverse,fuzzy
721.3767075330992,260,104,219,218,46,51,181,93,196,reverse,fuzzy
721.3963919470182,316,62,210,41,212,7,99,32,17,reverse,fuzzy
721.4967216311906,329,128,85,227,96,186,19,84,194,reverse,fuzzy
721.9960425835733,545,195,220,147,180,69,250,116,232,reverse,fuzzy
722.005193630631,260,137,184,210,225,128,245,122,74,reverse,fuzzy
722.0260606175666,316,245,53,184,183,70,76,239,116,reverse,fuzzy
722.1264854850028,329,22,251,165,230,175,235,159,245,reverse,fuzzy
722.6267576381833,545,60,184,177,59,199,15,87,186,reverse,fuzzy
722.6357784697093,260,27,12,171,72,57,27,8,125,reverse,fuzzy
722.6557786513652,316,169,232,67,120,148,13,40,82,reverse,fuzzy
722.7557380222887,329,175,212,79,223,218,147,25,25,reverse,fuzzy
723.2563831498513,545,150,52,226,158,63,198,26,239,reverse,fuzzy
723.2658691309497,260,27,226,244,190,3,35,252,113,reverse,fuzzy
723.285904753408,316,103,52,3,135,232,71,22,159,reverse,fuzzy
723.3866361157774,329,84,145,100,166,178,204,201,143,reverse,fuzzy
723.885780126186,545,153,72,255,187,189,243,246,161,reverse,fuzzy
723.8954620478387,260,96,115,83,147,196,150,40,108,reverse,fuzzy
723.915768225985,316,122,112,89,118,83,26,32,18,reverse,fuzzy
724.0156142359517,329,60,107,243,55,70,204,35,62,reverse,fuzzy
724.5146752955411,545,73,178,253,91,95,207,212,76,reverse,fuzzy
724.5264511731073,260,83,118,147,234,149,249,212,127,reverse,fuzzy
724.5464660388287,316,213,88,11,198,9,47,97,245,reverse,fuzzy
724.6469586343139,329,56,192,11,117,123,159,33,115,reverse,fuzzy
725.1466843451649,545,147,183,87,127,169,18,135,95,reverse,fuzzy
725.1569142329411,260,128,161,114,38,190,83,245,133,reverse,fuzzy
725.1778357417253,316,74,145,97,96,98,121,216,129,reverse,fuzzy
725.2769399125951,329,165,77,218,38,121,80,228,103,reverse,fuzzy
725.7771532510698,545,233,182,238,102,18,210,150,197,reverse,fuzzy
725.7869008668042,260,101,13,141,27,169,30,110,237,reverse,fuzzy
725.8099767347784,316,215,169,111,192,208,57,74,141,reverse,fuzzy
725.9105327844334,329,124,119,9,227,158,211,82,168,reverse,fuzzy
726.4095634645246,545,179,140,0,226,63,201,203,199,reverse,fuzzy
726.4189865916061,260,170,213,219,166,163,48,91,91,reverse,fuzzy
726.4396471067786,316,167,84,128,144,29,98,58,246,reverse,fuzzy
726.5393845290714,329,90,184,84,168,0,212,226,35,reverse,fuzzy
727.0387884362511,545,207,110,87,169,46,183,210,11,reverse,fuzzy
727.0497040059082,260,7,68,39,2,175,145,95,185,reverse,fuzzy
727.0689721978287,316,188,37,142,37,115,164,86,204,reverse,fuzzy
727.1687150042079,329,252,159,7,171,172,186,177,33,reverse,fuzzy
727.6690571777257,545,248,129,206,91,62,13,156,7,reverse,fuzzy
727.6797955690909,260,1,243,232,114,182,140,245,19,reverse,fuzzy
727.6995001564316,316,94,123,161,148,43,246,210,241,reverse,fuzzy
727.7994999424453,329,185,22,151,253,114,187,182,149,reverse,fuzzy
728.2993663877021,545,230,16,7,8,181,212,44,50,reverse,fuzzy
728.3098280814369,260,88,40,53,8,156,203,141,105,reverse,fuzzy
728.3302542413498,316,194,227,252,97,162,129,186,252,reverse,fuzzy
728.4310024614354,329,1,205,63,42,187,216,32,2,reverse,fuzzy
728.9316502862323,545,41,216,183,120,77,160,186,53,reverse,fuzzy
728.9419458593717,260,111,226,189,186,232,27,37,164,reverse,fuzzy
728.9627521273804,316,230,128,194,12,51,16,8,101,reverse,fuzzy
729.062984921032,329,127,56,108,46,48,74,200,109,reverse,fuzzy
729.5634625819856,545,169,144,227,74,64,161,234,64,reverse,fuzzy
729.5740729661493,260,57,224,26,79,180,4,81,214,reverse,fuzzy
729.5935637717794,316,218,47,150,72,173,242,235,86,reverse,fuzzy
729.6941520612693,329,89,89,103,11,130,82,63,40,reverse,fuzzy
730.1942586638929,545,79,115,178,171,58,36,107,147,reverse,fuzzy
730.2038342092941,260,239,218,41,220,32,127,212,65,reverse,fuzzy
730.2234666906653,316,81,191,201,96,188,70,77,52,reverse,fuzzy
730.323347325476,329,134,75,57,32,123,44,250,205,reverse,fuzzy
730.8235315353725,545,174,117,113,26,217,78,148,90,reverse,fuzzy
730.8325964859638,260,57,83,175,2,216,98,6,50,reverse,fuzzy
730.8528214409695,316,245,37,120,184,54,245,20,19,reverse,fuzzy
730.9536477094441,329,53,4,34,179,175,66,194,106,reverse,fuzzy
731.4534628526063,545,177,245,196,99,167,91,24,60,reverse,fuzzy
731.4628794806741,260,112,208,188,186,10,255,114,131,reverse,fuzzy
731.482113870927,316,2,182,111,155,97,196,152,33,reverse,fuzzy
731.5828494639394,329,195,243,28,88,161,231,133,155,reverse,fuzzy
732.0827003191738,545,247,44,134,240,49,135,196,111,reverse,fuzzy
732.0925025603534,260,82,53,159,22,221,126,117,151,reverse,fuzzy
732.1131244978299,316,102,90,181,0,136,158,84,250,reverse,fuzzy
732.2127440252169,329,135,172,230,26,40,194,136,234,reverse,fuzzy
732.7132115529872,545,182,135,9,250,11,57,228,23,reverse,fuzzy
732.722215143163,260,190,244,24,111,48,189,83,144,reverse,fuzzy
732.7418242764244,316,10,26,106,138,248,102,158,16,reverse,fuzzy
732.8409007747321,329,106,101,75,16,14,49,121,187,reverse,fuzzy
733.3405201317948,545,114,190,64,247,22,137,171,185,reverse,fuzzy
733.3498418147005,260,242,116,252,242,232,242,85,251,reverse,fuzzy
733.3701628861126,316,164,91,241,67,86,87,125,100,reverse,fuzzy
733.4700767716669,329,66,155,140,235,151,207,47,89,reverse,fuzzy
733.9703489997772,545,35,231,246,29,48,252,178,53,reverse,fuzzy
733.9795398787797,260,85,7,117,112,108,164,161,76,reverse,fuzzy
733.9997677548531,316,113,169,22,73,98,212,200,26,reverse,fuzzy
734.100642010538,329,61,53,79,62,90,75,118,196,reverse,fuzzy
734.6012281464673,545,209,70,241,196,83,199,121,177,reverse,fuzzy
734.6119842778884,260,96,64,215,85,45,112,119,57,reverse,fuzzy
734.6324364254925,316,140,36,86,155,99,216,20,110,reverse,fuzzy
734.7322717343137,329,208,163,250,190,122,182,19,181,reverse,fuzzy
735.2313104245502,545,78,24,76,224,238,26,36,215,reverse,fuzzy
735.2406776756576,260,105,230,4,95,148,233,159,86,reverse,fuzzy
735.2615966488503,316,113,212,134,144,18,220,87,62,reverse,fuzzy
735.3608170336003,329,217,167,154,111,35,5,4,105,reverse,fuzzy
735.860619190289,545,118,152,202,145,245,199,77,246,reverse,fuzzy
735.8697497584278,260,56,26,31,116,162,255,174,125,reverse,fuzzy
735.8907460430471,316,248,227,57,13,30,167,136,44,reverse,fuzzy
735.9910392423153,329,65,221,28,251,105,238,249,181,reverse,fuzzy
736.491438010983,545,173,78,17,58,6,194,2,158,reverse,fuzzy
736.5017114704312,260,190,45,69,60,51,27,139,185,reverse,fuzzy
736.5220077484089,316,66,19,243,130,33,29,80,250,reverse,fuzzy
736.6213053660775,329,13,249,94,150,109,197,73,101,reverse,fuzzy
737.1218797750256,545,29,242,222,143,145,107,141,231,reverse,fuzzy
737.1320448249677,260,120,155,86,53,182,87,51,136,reverse,fuzzy
737.1527861243954,316,67,109,251,25,1,134,174,192,reverse,fuzzy
737.2518337615111,329,94,132,85,109,146,108,206,234,reverse,fuzzy
737.752554782526,545,125,7,136,160,201,233,102,40,reverse,fuzzy
737.7619767411105,260,255,93,68,178,104,116,18,117,reverse,fuzzy
737.781075926028,316,119,50,247,135,56,206,177,18,reverse,fuzzy
737.8808260005947,329,71,173,96,17,59,144,202,52,reverse,fuzzy
738.3807469072833,545,233,53,235,128,229,33,2,29,reverse,fuzzy
738.3905894047268,260,39,158,158,233,242,8,158,105,reverse,fuzzy
738.4113680236303,316,185,17,219,25,18,48,84,135,reverse,fuzzy
738.5107858107489,329,172,248,151,186,127,153,63,59,reverse,fuzzy
739.0116631079912,545,153,207,127,239,166,19,129,112,reverse,fuzzy
739.0218056246216,260,37,255,2,201,111,188,254,206,reverse,fuzzy
739.0423558142855,316,91,94,40,248,39,27,151,142,reverse,fuzzy
739.1432188183579,329,253,254,196,232,92,221,13,255,reverse,fuzzy
739.6438273592022,545,175,238,48,220,137,143,173,78,reverse,fuzzy
739.6531481972432,260,89,104,140,196,87,31,199,154,reverse,fuzzy
739.6723317256141,316,70,176,67,27,217,144,71,101,reverse,fuzzy
739.7713568612846,329,53,5,219,217,140,141,18,16,reverse,fuzzy
740.271742648927,545,188,186,70,50,224,223,91,116,reverse,fuzzy
740.2824416652585,260,223,146,8,4,189,24,142,183,reverse,fuzzy
740.3022209645006,316,26,95,145,32,44,2,95,0,reverse,fuzzy
740.4017413128149,329,95,234,114,64,130,3,64,140,reverse,fuzzy
740.9018680378368,545,141,53,158,97,81,99,90,199,reverse,fuzzy
740.9108858656542,260,28,95,140,141,234,56,37,180,reverse,fuzzy
740.9312002160854,316,109,115,190,44,145,214,138,110,reverse,fuzzy
741.0318491052851,329,124,183,87,19,94,144,4,43,reverse,fuzzy
741.5321238074071,545,237,181,116,125,143,6,11,217,reverse,fuzzy
741.5428532387706,260,172,254,227,3,120,131,142,196,reverse,fuzzy
741.5637982019433,316,158,183,206,228,58,17,17,218,reverse,fuzzy
741.6644150680897,329,78,148,59,41,41,155,42,208,reverse,fuzzy
742.164707138188,545,104,40,48,178,36,143,175,164,reverse,fuzzy
742.1752768795053,260,131,205,55,162,43,65,12,253,reverse,fuzzy
742.1971164188665,316,15,227,148,22,1,98,236,49,reverse,fuzzy
742.2969880815326,329,106,89,150,235,12,5,103,28,reverse,fuzzy
742.7977636357746,545,11,15,52,170,29,234,159,120,reverse,fuzzy
742.8072109278891,260,52,186,152,33,46,251,139,95,reverse,fuzzy
742.8280157386895,316,89,39,165,122,149,164,165,176,reverse,fuzzy
742.9287536157166,329,20,16,108,153,84,189,47,219,reverse,fuzzy
743.4291691609174,545,184,191,109,58,251,26,37,24,reverse,fuzzy
743.4397705564774,260,229,35,92,174,45,240,143,202,reverse,fuzzy
743.4603696378005,316,43,164,174,129,43,122,245,44,reverse,fuzzy
743.5601179933057,329,103,218,223,70,216,48,87,151,reverse,fuzzy
744.0604052695016,545,165,22,247,55,196,169,1,223,reverse,fuzzy
744.070649195919,260,22,27,208,14,29,248,223,17,reverse,fuzzy
744.0911377222486,316,87,116,8,4,118,232,52,10,reverse,fuzzy
744.1915006288585,329,46,77,244,125,57,206,11,131,reverse,fuzzy
744.6905451181651,545,153,70,201,131,5,25,48,111,reverse,fuzzy
744.7005853682316,260,176,52,45,66,236,200,141,21,reverse,fuzzy
744.7198119367578,316,15,209,45,185,68,21,77,191,reverse,fuzzy
744.8203206060588,329,180,17,162,168,82,47,12,231,reverse,fuzzy
745.3204181866195,545,153,159,137,162,72,179,103,244,reverse,fuzzy
745.3297205717723,260,131,112,76,255,95,156,210,255,reverse,fuzzy
745.3500717220069,316,34,71,168,222,35,131,194,62,reverse,fuzzy
745.4509006678138,329,53,110,14,122,45,104,66,224,reverse,fuzzy
745.9510615400703,545,198,174,160,78,48,77,215,248,reverse,fuzzy
745.9609983990996,260,181,4,5,44,204,137,127,94,reverse,fuzzy
745.9809485903958,316,162,55,158,230,6,64,12,184,reverse,fuzzy
746.0809510842989,329,154,46,175,166,132,164,85,7,reverse,fuzzy
746.5813123166485,545,4,35,87,42,222,98,94,182,reverse,fuzzy
746.5920970548647,260,225,125,216,49,98,28,12,214,reverse,fuzzy
746.6130892055648,316,242,112,158,61,138,253,146,180,reverse,fuzzy
746.7128075840761,329,189,239,224,25,199,48,185,200,reverse,fuzzy
747.2119891434637,545,129,247,122,165,151,197,89,219,reverse,fuzzy
747.2211653263712,260,201,17,70,94,176,109,36,85,reverse,fuzzy
747.2402660090863,316,241,145,6,140,14,239,151,209,reverse,fuzzy
747.3403738016686,329,192,70,28,198,27,217,85,12,reverse,fuzzy
747.8394942751258,545,240,126,237,110,213,81,6,194,reverse,fuzzy
747.847704789933,260,125,58,131,218,240,171,238,97,reverse,fuzzy
747.8668849031401,316,83,158,253,41,200,247,213,53,reverse,fuzzy
747.9666303909532,329,154,35,143,10,5,232,244,77,reverse,fuzzy
748.4674126191675,545,174,235,177,176,206,168,243,83,reverse,fuzzy
748.4768650091426,260,183,46,86,144,122,96,194,243,reverse,fuzzy
748.4972373677303,316,241,166,227,227,200,107,50,23,reverse,fuzzy
748.5981363787641,329,53,244,157,178,99,85,14,90,reverse,fuzzy
749.0990655556668,545,155,169,51,12,57,221,241,233,reverse,fuzzy
749.1099222542905,260,3,0,55,197,229,175,93,142,reverse,fuzzy
749.1303759031011,316,170,68,184,73,132,65,165,143,reverse,fuzzy
749.2307832804221,329,113,32,91,113,164,118,134,60,reverse,fuzzy
749.7317044236698,545,232,138,148,155,125,70,66,197,reverse,fuzzy
749.7419149401269,260,226,241,173,133,226,205,0,50,reverse,fuzzy
749.7623028850436,316,167,224,87,185,232,118,71,114,reverse,fuzzy
749.8622050207911,329,90,91,153,71,122,176,27,182,reverse,fuzzy
750.3630552959528,545,64,251,203,195,145,38,143,216,reverse,fuzzy
750.3739426597082,260,80,131,160,1,164,38,240,63,reverse,fuzzy
750.394227415355,316,19,163,134,77,186,251,221,156,reverse,fuzzy
750.4938311633481,329,77,144,146,193,117,250,234,92,reverse,fuzzy
750.9951274245268,545,82,55,200,77,13,102,227,7,reverse,fuzzy
751.0059400835422,260,241,41,105,89,178,200,214,247,reverse,fuzzy
751.026597385781,316,238,243,244,212,22,62,7,246,reverse,fuzzy
751.1263078604761,329,42,210,99,83,13,246,95,142,reverse,fuzzy
751.6258066150065,545,101,173,26,175,185,193,86,68,reverse,fuzzy
751.6350762289158,260,192,33,209,21,164,85,77,185,reverse,fuzzy
751.6548043297539,316,148,104,76,80,126,240,230,204,reverse,fuzzy
751.7545878450384,329,163,17,97,27,160,198,173,92,reverse,fuzzy
752.2547839131031,545,63,175,46,102,151,187,52,202,reverse,fuzzy
752.2643415833656,260,181,20,204,187,187,241,156,110,reverse,fuzzy
752.2843792683574,316,230,176,213,129,42,62,249,147,reverse,fuzzy
752.3843896105168,329,175,236,62,45,236,9,181,175,reverse,fuzzy
752.884229626403,545,50,178,182,89,247,122,43,134,reverse,fuzzy
752.8949748793389,260,104,145,221,189,121,218,94,243,reverse,fuzzy
752.9142833481296,316,66,109,144,21,141,89,92,217,reverse,fuzzy
753.0146314989963,329,6,141,108,92,153,22,202,111,reverse,fuzzy
753.5142752074207,545,153,75,114,58,33,94,40,77,reverse,fuzzy
753.5239272808859,260,47,197,173,19,134,58,85,122,reverse,fuzzy
753.5442242336549,316,210,167,148,140,131,55,198,95,reverse,fuzzy
753.6447103518069,329,104,139,108,244,31,93,139,248,reverse,fuzzy
754.1449301321535,545,250,71,78,232,177,47,195,42,reverse,fuzzy
754.1556634885333,260,87,188,234,117,229,248,206,111,reverse,fuzzy
754.1765522405713,316,156,71,245,175,203,30,28,231,reverse,fuzzy
754.2755575958537,329,155,220,113,216,32,152,38,133,reverse,fuzzy
754.7761685959415,545,69,239,49,85,122,97,170,157,reverse,fuzzy
754.786064329351,260,172,197,184,207,117,223,201,133,reverse,fuzzy
754.8066767841428,316,122,46,117,125,82,63,171,84,reverse,fuzzy
754.9063932671379,329,92,184,255,253,64,88,192,177,reverse,fuzzy
755.4072227673605,545,62,232,244,235,32,97,147,14,reverse,fuzzy
755.4179464962749,260,180,232,31,220,66,159,147,88,reverse,fuzzy
755.4370346017223,316,104,77,47,214,212,71,116,23,reverse,fuzzy
755.5365291978266,329,52,53,134,205,77,36,97,9,reverse,fuzzy
756.0368640137896,545,205,240,92,104,49,227,184,244,reverse,fuzzy
756.047474575802,260,5,3,186,240,82,113,227,214,idle,fuzzy
756.0678766492329,316,4,157,197,154,56,105,134,63,idle,fuzzy
756.1678710438815,329,130,48,39,85,108,54,62,147,idle,fuzzy
756.6688341417005,545,94,4,172,213,185,25,194,104,idle,fuzzy
756.6790407527968,260,155,92,197,228,166,166,19,253,idle,fuzzy
756.6990029431358,316,53,251,91,192,214,154,111,244,idle,fuzzy
756.7999477510148,329,171,27,252,106,90,55,205,0,idle,fuzzy
757.3001691963115,545,62,170,46,201,2,151,112,91,idle,fuzzy
757.3109039550945,260,27,179,160,35,190,42,47,39,idle,fuzzy
757.3308213141657,316,208,202,45,243,142,124,241,132,idle,fuzzy
757.4306735463242,329,81,152,116,17,176,98,224,192,idle,fuzzy
757.9305612724384,545,47,178,223,215,227,11,203,160,idle,fuzzy
757.9411535554884,260,120,184,23,187,250,72,16,50,idle,fuzzy
757.9616524570815,316,24,135,181,200,188,122,146,45,idle,fuzzy
758.0639480507662,329,155,83,168,85,58,130,115,128,idle,fuzzy
758.5642824197784,545,114,14,137,82,247,53,94,101,idle,fuzzy
758.5743641184547,260,144,248,123,5,14,194,49,236,idle,fuzzy
758.5948851325584,316,9,70,103,147,201,80,147,140,idle,fuzzy
758.6953273213501,329,243,37,105,36,39,132,66,202,idle,fuzzy
759.1951084320553,545,160,128,200,197,190,37,68,219,idle,fuzzy
759.2059410810645,260,202,81,119,52,148,96,117,20,idle,fuzzy
759.2257112100856,316,69,76,14,214,234,89,47,181,idle,fuzzy
759.3257746627297,329,76,96,80,30,40,230,50,165,idle,fuzzy
759.8256058705301,545,40,175,144,235,194,149,209,205,idle,fuzzy
759.8355726865907,260,174,176,3,198,87,192,240,41,idle,fuzzy
759.8560373307895,316,31,94,187,159,229,120,91,141,idle,fuzzy
759.9558659250519,329,88,178,33,224,179,59,239,209,idle,fuzzy
760.4566634333374,545,225,216,125,106,13,236,107,114,idle,fuzzy
760.4663877844688,260,229,1,84,48,180,152,168,252,idle,fuzzy
760.4854403410657,316,57,87,253,203,228,187,144,197,idle,fuzzy
760.585284241723,329,29,205,220,56,207,184,185,85,idle,fuzzy
761.0850822459976,545,34,123,99,21,52,8,122,167,idle,fuzzy
761.0943653397927,260,30,214,128,32,232,227,155,210,idle,fuzzy
761.113661239147,316,130,250,75,99,219,212,230,166,idle,fuzzy
761.21426876428,329,135,165,178,109,49,100,132,248,idle,fuzzy
761.7137696723934,545,245,174,53,130,125,206,163,141,idle,fuzzy
761.7216550491978,260,231,140,49,206,242,77,144,142,idle,fuzzy
761.741141648748,316,94,186,6,254,72,109,222,180,idle,fuzzy
761.8409493973986,329,50,230,9,120,27,193,108,131,idle,fuzzy
762.3413098103465,545,112,206,24,114,126,1,149,109,idle,fuzzy
762.3508944720248,260,23,30,87,2,22,60,68,204,idle,fuzzy
762.3700358235475,316,53,240,155,47,157,94,162,106,idle,fuzzy
762.4701836008159,329,83,52,192,137,157,199,63,6,idle,fuzzy
762.9703010530259,545,91,248,157,215,20,197,127,167,idle,fuzzy
762.9804612243404,260,251,112,217,123,51,73,177,222,idle,fuzzy
763.0010256226642,316,127,9,207,254,173,142,206,139,idle,fuzzy
763.100390349018,329,19,218,23,21,230,180,255,183,idle,fuzzy
763.6009763283616,545,234,108,57,54,218,37,13,20,idle,fuzzy
763.6107571859723,260,133,123,237,60,67,232,221,208,idle,fuzzy
763.6304750097208,316,172,236,188,219,127,228,39,74,idle,fuzzy
763.7310274754705,329,122,87,246,159,252,228,201,204,idle,fuzzy
764.2303269768607,545,91,238,135,132,165,181,8,185,idle,fuzzy
764.2399739770813,260,171,88,79,9,199,246,11,193,idle,fuzzy
764.2595478317093,316,79,253,89,17,128,53,41,72,idle,fuzzy
764.3594580492829,329,242,130,146,103,100,203,186,154,idle,fuzzy
764.8590484670846,545,242,59,210,124,199,116,150,42,idle,fuzzy
764.8692525809467,260,136,123,78,202,79,79,241,191,idle,fuzzy
764.8898118600675,316,110,148,138,227,227,96,169,44,idle,fuzzy
764.9899696562073,329,209,211,13,18,100,157,165,172,idle,fuzzy
765.4907979313853,545,112,100,214,170,178,38,221,33,idle,fuzzy
765.5014738995666,260,184,170,135,2,30,229,219,27,idle,fuzzy
765.5207096430474,316,69,31,37,53,151,54,89,232,idle,fuzzy
765.6200004255018,329,252,241,105,22,10,255,238,179,idle,fuzzy
766.1196581841283,545,200,4,254,23,76,171,175,64,idle,fuzzy
766.1294993927933,260,184,14,168,160,224,66,158,166,idle,fuzzy
766.1500715614527,316,129,115,42,253,57,191,101,173,idle,fuzzy
766.2499854276604,329,92,156,31,136,46,87,218,16,idle,fuzzy
766.7509235258573,545,208,2,58,59,140,136,139,194,idle,fuzzy
766.7607909767619,260,109,205,113,48,248,234,125,112,idle,fuzzy
766.7808698590156,316,55,45,240,205,226,176,247,218,idle,fuzzy
766.8801746059859,329,91,67,19,27,4,37,22,91,idle,fuzzy
767.3803536266797,545,112,142,110,154,160,174,152,36,idle,fuzzy
767.3905268475942,260,94,129,181,75,219,27,53,67,idle,fuzzy
767.409661958939,316,195,75,193,242,216,202,146,58,idle,fuzzy
767.5102840117327,329,180,60,226,44,161,138,28,36,idle,fuzzy
768.0094826664513,545,59,125,244,29,22,164,39,214,idle,fuzzy
768.0186804223382,260,52,110,188,172,205,181,244,238,idle,fuzzy
768.0387026284493,316,104,224,2,29,108,78,148,194,idle,fuzzy
768.1385579874941,329,164,222,200,203,92,156,128,241,idle,fuzzy
768.6377010932314,545,219,111,207,131,78,86,74,188,idle,fuzzy
768.6474607329297,260,249,124,27,114,161,248,171,173,idle,fuzzy
768.6676217789147,316,190,172,150,115,112,144,169,135,idle,fuzzy
768.768214245014,329,45,216,188,18,138,128,6,242,idle,fuzzy
769.2680872363125,545,141,64,43,62,62,235,9,239,idle,fuzzy
769.2775932689065,260,82,158,14,233,137,207,126,46,idle,fuzzy
769.2975443776346,316,120,52,147,131,164,59,30,253,idle,fuzzy
769.3977378827962,329,32,214,128,210,35,244,221,210,idle,fuzzy
769.8981659552111,545,64,91,91,162,229,207,168,103,idle,fuzzy
769.908952516199,260,199,166,74,215,160,44,132,152,idle,fuzzy
769.929559212632,316,235,211,65,18,126,202,190,98,idle,fuzzy
770.030071391584,329,125,178,151,132,214,206,204,133,idle,fuzzy
770.5304457071405,545,130,69,145,114,115,177,59,230,idle,fuzzy
770.5408953778705,260,62,43,101,48,11,76,69,230,idle,fuzzy
770.5611511542259,316,178,228,76,29,108,246,99,158,idle,fuzzy
770.6601963079441,329,154,211,77,81,79,30,33,182,idle,fuzzy
771.1611171623179,545,102,109,169,62,60,216,109,175,idle,fuzzy
771.1713577001906,260,125,116,164,63,194,143,97,229,idle,fuzzy
771.1911829357539,316,187,152,70,125,36,255,248,57,idle,fuzzy
771.290740144763,329,40,58,193,147,32,0,153,58,idle,fuzzy
771.7910045229562,545,49,185,53,198,58,216,26,110,idle,fuzzy
771.8003844213749,260,4,124,180,12,86,159,17,216,idle,fuzzy
771.8201737806802,316,230,88,162,103,215,242,25,60,idle,fuzzy
771.921124215898,329,193,232,43,155,196,148,114,103,idle,fuzzy
772.4213033790479,545,164,137,80,143,177,191,119,14,idle,fuzzy
772.4313788241298,260,13,148,198,45,99,146,107,188,idle,fuzzy
772.45041892187,316,119,98,75,194,174,178,228,199,idle,fuzzy
772.5497133337838,329,108,200,203,234,196,205,19,181,idle,fuzzy
773.0491526516059,545,35,133,68,96,47,51,17,2,idle,fuzzy
773.0590565428608,260,43,19,193,57,227,87,171,50,idle,fuzzy
773.0796905024674,316,34,26,167,171,131,201,62,31,idle,fuzzy
773.1790142727266,329,11,134,177,142,140,21,50,228,idle,fuzzy
773.6798449877133,545,147,75,59,64,221,106,125,221,idle,fuzzy
773.6905587517324,260,75,125,9,92,238,129,189,231,idle,fuzzy
773.7114687770081,316,220,251,72,129,93,159,79,19,idle,fuzzy
773.8116548450731,329,156,222,148,127,186,207,39,210,idle,fuzzy
774.312234874064,545,42,0,173,120,54,68,2,40,idle,fuzzy
774.3214569596549,260,90,216,163,236,71,242,153,116,idle,fuzzy
774.342126707599,316,191,121,179,156,253,253,6,226,idle,fuzzy
774.4413739445827,329,245,39,72,132,210,254,254,143,idle,fuzzy
774.9411801980267,545,137,51,120,191,199,160,72,107,idle,fuzzy
774.9508163625136,260,225,178,69,141,24,200,250,88,idle,fuzzy
774.97116120126,316,108,216,198,78,177,134,106,193,idle,fuzzy
775.0704946099378,329,159,77,13,117,154,94,106,13,idle,fuzzy
775.5709703954885,545,21,251,123,98,128,147,64,254,idle,fuzzy
775.5805345264212,260,218,39,237,134,157,11,86,178,idle,fuzzy
775.600981314307,316,190,188,249,46,108,175,112,223,idle,fuzzy
775.7008201567874,329,224,249,10,27,129,249,185,104,idle,fuzzy
776.201686803495,545,82,74,7,178,200,93,102,134,idle,fuzzy
776.2124436443463,260,223,195,209,194,249,46,158,78,idle,fuzzy
776.2332353670203,316,40,32,152,176,56,86,129,30,idle,fuzzy
776.3335304769053,329,135,28,13,117,227,124,100,106,idle,fuzzy
776.8330435276741,545,169,87,3,180,49,204,243,45,idle,fuzzy
776.8436581841106,260,52,250,50,26,232,169,45,76,idle,fuzzy
776.8640773999502,316,188,16,81,20,122,47,152,47,idle,fuzzy
776.9638862552209,329,233,244,187,186,123,19,70,156,idle,fuzzy
777.4633016465181,545,11,182,241,200,51,28,218,185,idle,fuzzy
777.4732824319527,260,32,146,1,177,91,138,186,75,idle,fuzzy
777.4934706535175,316,146,72,31,168,24,171,226,97,idle,fuzzy
777.5933646567148,329,98,95,67,7,107,62,250,101,idle,fuzzy
778.0927317871739,545,162,185,160,151,38,74,36,129,idle,fuzzy
778.1033592638302,260,151,175,217,150,108,45,228,70,idle,fuzzy
778.1234895579662,316,85,86,179,119,144,235,100,58,idle,fuzzy
778.22370786611,329,115,65,65,217,205,79,22,97,idle,fuzzy
778.7228742381872,545,234,40,237,8,91,241,189,156,idle,fuzzy
778.73223353199,260,133,144,161,98,184,9,1,102,idle,fuzzy
778.7516672425528,316,47,219,55,53,142,173,243,88,idle,fuzzy
778.852454478043,329,31,169,20,141,248,190,172,205,idle,fuzzy
779.3523769404468,545,250,63,151,128,127,17,230,251,idle,fuzzy
779.3624333500388,260,253,122,44,35,180,40,104,144,idle,fuzzy
779.3814755730542,316,145,99,137,97,87,66,224,51,idle,fuzzy
779.4805710186305,329,178,1,204,41,52,107,234,188,idle,fuzzy
779.9811135333335,545,96,0,121,45,48,56,37,56,idle,fuzzy
779.9917241867486,260,77,106,255,242,125,177,90,216,idle,fuzzy
780.0111924483485,316,86,86,167,216,190,227,129,227,idle,fuzzy
780.1111522410527,329,156,130,68,230,205,22,36,251,idle,fuzzy
780.610636650189,545,250,229,222,141,71,40,55,11,idle,fuzzy
780.6216059469152,260,121,133,3,174,176,144,94,86,idle,fuzzy
780.6425651918387,316,173,123,68,204,154,215,91,244,idle,fuzzy
780.7416345246622,329,36,190,24,172,7,76,194,163,idle,fuzzy
781.2412601741795,545,80,220,86,186,202,39,69,93,idle,fuzzy
781.2518214467935,260,230,140,122,228,122,78,91,247,idle,fuzzy
781.2718969967985,316,62,189,0,75,53,35,1,112,idle,fuzzy
781.3725392392172,329,20,69,68,137,89,188,210,221,idle,fuzzy
781.8719003289714,545,164,250,116,230,248,231,189,41,idle,fuzzy
781.8815357491549,260,202,224,98,224,116,215,95,45,idle,fuzzy
781.9018817168446,316,161,7,189,210,100,185,108,64,idle,fuzzy
782.0017834965236,329,7,41,79,14,16,245,1,65,idle,fuzzy
782.5025727933245,545,4,116,59,25,247,246,26,108,idle,fuzzy
782.5130940314247,260,40,230,251,167,211,70,229,181,idle,fuzzy
782.5325204586254,316,15,31,197,15,3,160,12,227,idle,fuzzy
782.6327132344661,329,53,226,34,203,239,222,187,191,idle,fuzzy
783.1318936341116,545,83,123,16,150,247,178,243,109,idle,fuzzy
783.1425540540779,260,4,41,42,61,218,100,117,124,idle,fuzzy
783.1618000108714,316,185,144,230,244,235,153,18,142,idle,fuzzy
783.2615087112907,329,99,220,153,206,37,172,24,235,idle,fuzzy
783.7619060331104,545,180,180,8,40,203,135,247,179,idle,fuzzy
783.7714030124872,260,154,33,137,49,185,96,208,252,idle,fuzzy
783.7909454129955,316,219,2,96,184,101,125,44,43,idle,fuzzy
783.8913484582534,329,126,104,32,215,53,12,176,208,idle,fuzzy
784.3922343466257,545,242,167,230,193,72,212,177,191,idle,fuzzy
784.402620556127,260,218,169,111,142,116,22,197,101,idle,fuzzy
784.4230070139819,316,38,157,167,68,43,220,36,199,idle,fuzzy
784.5227682128865,329,34,96,141,192,215,214,28,97,idle,fuzzy
785.0218579844885,545,165,61,95,48,114,185,124,85,idle,fuzzy
785.031264059114,260,195,91,73,34,244,104,153,184,idle,fuzzy
785.0521845058092,316,222,148,125,105,128,206,145,120,idle,fuzzy
785.1524918671026,329,178,91,157,249,133,81,53,7,idle,fuzzy
785.652296742808,545,152,125,198,219,149,198,77,68,idle,fuzzy
785.6620885825887,260,7,40,199,103,207,49,114,183,idle,fuzzy
785.6816313404527,316,86,210,112,31,80,26,140,236,idle,fuzzy
785.7820208990123,329,142,129,26,74,132,108,204,133,idle,fuzzy
786.2826203795526,545,112,75,218,12,173,178,179,26,idle,fuzzy
786.2928541258015,260,229,146,102,46,218,157,60,255,idle,fuzzy
786.3125764752731,316,109,14,72,30,62,156,152,221,idle,fuzzy
786.4132360685355,329,104,161,83,135,99,173,157,36,idle,fuzzy
786.9131024370041,545,138,79,228,163,172,247,18,50,idle,fuzzy
786.9237139068657,260,150,206,215,218,145,57,252,43,idle,fuzzy
786.944068954524,316,8,70,170,110,128,47,109,21,idle,fuzzy
787.0450521318803,329,183,183,120,16,252,178,62,60,idle,fuzzy
787.5454292577105,545,247,119,169,76,22,119,196,204,idle,fuzzy
