timestamp,can_id,b0,b1,b2,b3,b4,b5,b6,b7,state,attack_type
0.010730951544385739,260,35,72,51,212,238,116,171,51,idle,fuzzy
0.03137619479848534,316,210,204,19,168,23,19,72,208,idle,fuzzy
0.13073868433962688,329,5,137,122,138,97,122,213,37,idle,fuzzy
0.6300494860671709,545,248,236,30,13,239,212,132,149,idle,fuzzy
0.6400840106761326,260,55,81,34,212,129,246,34,200,idle,fuzzy
0.6591595445874715,316,196,186,39,97,11,212,13,139,idle,fuzzy
0.7584475366133812,329,56,199,236,152,200,184,195,213,idle,fuzzy
1.2593622819833274,545,39,35,38,136,9,228,61,21,idle,fuzzy
1.2702950968551778,260,240,104,235,160,99,191,31,176,idle,fuzzy
1.2897733495871777,316,3,144,221,136,176,107,134,190,idle,fuzzy
1.3903225883375006,329,81,161,45,191,230,14,56,147,idle,fuzzy
1.8907186613670326,545,143,50,85,211,64,139,59,136,idle,fuzzy
1.9016853943148087,260,66,147,108,7,185,191,154,198,idle,fuzzy
1.9223664274816656,316,131,52,227,5,167,188,138,234,idle,fuzzy
2.0222724784621993,329,57,52,124,34,162,167,204,223,idle,fuzzy
2.5222899382689534,545,19,103,141,178,196,58,166,42,idle,fuzzy
2.5324702651352693,260,204,61,74,178,1,148,10,223,idle,fuzzy
2.5531105492690434,316,200,173,228,169,44,20,203,135,idle,fuzzy
2.652157057312017,329,189,18,9,223,89,248,155,241,idle,fuzzy
3.1518673574612253,545,210,224,119,122,140,152,232,61,idle,fuzzy
3.162214203134561,260,210,199,255,150,60,39,16,72,idle,fuzzy
3.1821445637135355,316,33,213,66,133,161,142,189,169,idle,fuzzy
3.2818075108303497,329,14,103,206,43,58,191,150,221,idle,fuzzy
3.7820258749143503,545,40,255,122,75,57,19,139,76,idle,fuzzy
3.7926531193147612,260,96,147,187,38,171,198,217,82,idle,fuzzy
3.812428337464194,316,132,106,107,236,14,22,128,153,idle,fuzzy
3.9118544938180113,329,57,63,109,226,124,4,213,167,idle,fuzzy
4.41137234935334,545,130,148,81,166,22,208,37,42,idle,fuzzy
4.42195075093171,260,195,250,71,92,232,233,255,58,idle,fuzzy
4.442340176464275,316,138,79,149,59,212,227,245,80,idle,fuzzy
4.54155113198341,329,98,123,135,108,156,26,41,14,idle,fuzzy
5.040727211134237,545,51,191,32,172,105,5,217,225,idle,fuzzy
5.04762413528769,260,92,115,90,207,23,66,115,48,idle,fuzzy
5.068528669043523,316,253,23,113,83,85,158,157,174,idle,fuzzy
5.167567642421306,329,32,144,222,192,212,64,115,229,idle,fuzzy
5.667898758265379,545,195,240,92,86,205,227,30,77,idle,fuzzy
5.678601658737695,260,166,77,146,3,111,17,68,131,idle,fuzzy
5.697807232541923,316,231,63,213,141,75,116,123,186,idle,fuzzy
5.797511644230322,329,62,84,247,242,237,216,7,93,idle,fuzzy
6.296930098370303,545,88,128,240,142,58,6,6,152,idle,fuzzy
6.307090547325932,260,146,148,0,194,4,38,91,65,idle,fuzzy
6.327432927414612,316,192,9,246,155,133,164,155,192,idle,fuzzy
6.427742011389479,329,69,95,98,84,246,77,194,255,idle,fuzzy
6.927423468098286,545,243,106,232,90,79,209,77,151,idle,fuzzy
6.937617095969124,260,232,210,102,54,197,106,117,3,idle,fuzzy
6.9586105523117405,316,197,166,224,49,58,185,2,9,idle,fuzzy
7.0592925699861615,329,180,109,85,209,172,169,201,66,idle,fuzzy
7.5590470213055125,545,179,70,141,9,247,32,174,1,idle,fuzzy
7.568617641365505,260,236,140,108,255,185,233,219,154,idle,fuzzy
7.589525673676507,316,111,213,58,89,23,42,52,254,idle,fuzzy
7.689578671502288,329,134,33,135,13,67,145,105,188,idle,fuzzy
8.188846554625185,545,76,143,233,28,206,241,151,4,idle,fuzzy
8.199042678193067,260,50,55,16,66,156,214,162,153,idle,fuzzy
8.21996861173964,316,232,6,91,149,59,151,52,210,idle,fuzzy
8.319074814854432,329,130,6,20,0,12,75,45,134,idle,fuzzy
8.819940755207334,545,154,110,162,239,225,199,102,79,idle,fuzzy
8.829402815355435,260,187,4,29,32,113,119,30,238,idle,fuzzy
8.849641959130146,316,1,225,29,82,253,252,245,166,idle,fuzzy
8.948888301168813,329,55,23,192,15,168,12,254,31,idle,fuzzy
9.449504748512178,545,189,182,35,218,45,56,33,61,idle,fuzzy
9.46034923512854,260,215,180,120,131,229,190,67,7,idle,fuzzy
9.479674207884242,316,67,205,123,50,14,234,196,220,idle,fuzzy
9.578794762723769,329,79,188,252,195,78,128,248,119,idle,fuzzy
10.07954259358842,545,170,252,233,94,203,1,164,199,idle,fuzzy
10.09018695299129,260,62,193,9,70,80,75,229,238,idle,fuzzy
10.111142316445898,316,136,124,94,220,40,42,135,183,idle,fuzzy
10.211889038792997,329,100,187,196,203,141,1,7,106,idle,fuzzy
10.711364312971584,545,142,113,186,49,190,151,106,104,idle,fuzzy
10.720637918958152,260,252,25,0,183,211,132,12,90,idle,fuzzy
10.740877355469724,316,143,184,180,211,208,75,247,197,idle,fuzzy
10.840893075241128,329,185,220,104,148,240,55,93,66,idle,fuzzy
11.341299703697223,545,1,180,205,76,171,170,62,15,idle,fuzzy
11.35047179265855,260,214,45,18,139,213,119,89,139,idle,fuzzy
11.369884126855236,316,102,246,166,236,68,233,95,74,idle,fuzzy
11.469865331966691,329,176,173,228,17,225,137,217,143,idle,fuzzy
11.9696393799534,545,147,98,175,88,83,17,240,144,idle,fuzzy
11.980236983342932,260,47,10,16,126,51,95,9,47,idle,fuzzy
12.000690713742303,316,170,131,6,34,191,95,91,159,idle,fuzzy
12.100768452376942,329,245,99,189,192,153,213,149,217,idle,fuzzy
12.599808091022414,545,142,44,25,67,42,186,18,94,idle,fuzzy
12.60960827183737,260,83,163,88,199,20,103,238,233,idle,fuzzy
12.63010872020129,316,135,181,5,1,196,85,218,191,idle,fuzzy
12.73061668714137,329,242,177,223,26,251,180,192,221,idle,fuzzy
13.230076783244563,545,212,189,60,184,247,138,199,75,idle,fuzzy
13.239886021491888,260,253,37,248,177,61,66,159,205,idle,fuzzy
13.259721013582443,316,90,55,82,92,122,51,108,135,idle,fuzzy
13.360222244794965,329,163,87,208,226,16,16,197,190,idle,fuzzy
13.859898318403744,545,164,75,50,155,161,190,6,33,idle,fuzzy
13.870712087292265,260,75,76,38,108,236,157,127,69,idle,fuzzy
13.890403849540743,316,61,238,216,179,185,193,94,223,idle,fuzzy
13.990400969941,329,179,213,28,28,91,86,147,58,idle,fuzzy
14.491135421409593,545,14,135,62,136,246,81,0,244,idle,fuzzy
14.502067960595014,260,153,236,15,157,50,19,167,74,idle,fuzzy
14.521858762481758,316,154,5,147,151,18,242,234,209,idle,fuzzy
14.621966380249047,329,181,29,34,195,32,7,187,171,idle,fuzzy
15.122075313539257,545,130,226,170,22,220,226,19,183,idle,fuzzy
15.132619022770518,260,49,100,142,14,175,233,187,93,idle,fuzzy
15.152237585858401,316,250,164,98,46,89,167,86,88,idle,fuzzy
15.251873786158683,329,128,79,163,127,41,187,125,97,idle,fuzzy
15.750986105596574,545,162,27,174,107,23,245,79,156,idle,fuzzy
15.760105087232004,260,108,81,186,251,204,157,4,223,idle,fuzzy
15.78077585013902,316,177,104,185,62,112,16,94,8,idle,fuzzy
15.881245072516569,329,121,73,168,120,239,74,116,79,idle,fuzzy
16.381472575918732,545,89,185,95,218,204,246,228,21,idle,fuzzy
16.390831018899465,260,137,2,18,161,96,155,93,197,idle,fuzzy
16.410597672356836,316,140,11,220,240,120,232,153,109,idle,fuzzy
16.510016612914214,329,151,36,154,245,6,164,213,185,idle,fuzzy
17.01092076587091,545,93,156,124,5,19,210,177,164,idle,fuzzy
17.020353009410176,260,211,79,168,160,156,138,53,244,idle,fuzzy
17.04093500443872,316,164,125,90,84,240,131,176,47,idle,fuzzy
17.14191473467567,329,14,29,131,202,99,142,224,15,idle,fuzzy
17.64212997032447,545,101,125,246,14,170,74,37,213,idle,fuzzy
17.65147699203769,260,232,249,158,14,93,47,22,161,idle,fuzzy
17.672035979410612,316,113,5,219,209,185,134,12,27,idle,fuzzy
17.77206571733972,329,29,105,158,102,207,74,73,218,idle,fuzzy
18.272187484348102,545,58,235,115,123,229,173,71,67,idle,fuzzy
18.281224760796928,260,154,185,126,39,73,221,94,185,idle,fuzzy
18.300674501561762,316,217,70,27,211,68,244,60,2,idle,fuzzy
18.400672334896147,329,99,47,64,242,250,77,94,99,idle,fuzzy
18.899837517264757,545,238,99,55,6,222,151,220,101,idle,fuzzy
18.909849932824926,260,185,141,69,44,147,72,174,148,idle,fuzzy
18.930752020764594,316,157,209,28,153,6,99,31,251,idle,fuzzy
19.03158582224102,329,20,82,214,222,13,169,190,68,idle,fuzzy
19.530999016824026,545,91,3,119,141,34,15,108,59,idle,fuzzy
19.541017356027336,260,14,105,101,149,251,148,92,7,idle,fuzzy
19.560261679137447,316,118,139,226,153,52,88,76,16,idle,fuzzy
19.659753143058595,329,117,167,26,213,84,220,105,52,idle,fuzzy
20.160435758292614,545,137,243,205,68,49,70,109,73,idle,fuzzy
20.16994113297576,260,47,101,12,120,132,59,50,211,idle,fuzzy
20.19045796458332,316,41,244,15,137,14,132,121,94,idle,fuzzy
20.290482104072577,329,20,179,236,162,65,69,133,7,idle,fuzzy
20.79007740310097,545,61,34,217,89,146,153,147,10,idle,fuzzy
20.799139465542567,260,131,238,51,98,252,88,46,96,idle,fuzzy
20.819041067411778,316,102,199,221,115,235,17,6,142,idle,fuzzy
20.918641395507375,329,120,191,214,106,42,148,76,73,idle,fuzzy
21.419104265887416,545,81,113,239,213,28,17,54,125,idle,fuzzy
21.4287230359306,260,6,234,47,218,207,193,219,218,idle,fuzzy
21.449646641787993,316,106,103,132,95,120,67,165,68,idle,fuzzy
21.54877237743103,329,30,200,91,201,35,83,39,160,idle,fuzzy
22.048352938145282,545,126,30,152,41,86,79,152,69,idle,fuzzy
22.057740509285885,260,111,148,77,53,190,155,138,212,idle,fuzzy
22.075268816177427,316,26,245,197,39,242,118,236,97,idle,fuzzy
22.175001966275968,329,8,221,89,1,222,146,234,64,idle,fuzzy
22.674344508020646,545,46,21,28,224,124,176,92,10,idle,fuzzy
22.68522504263402,260,136,184,148,153,157,29,52,31,idle,fuzzy
22.704966596370575,316,213,194,255,123,49,129,49,56,idle,fuzzy
22.805255686626545,329,188,127,137,194,109,193,129,139,idle,fuzzy
23.305914424283102,545,120,37,191,202,29,44,214,159,idle,fuzzy
23.315542600917475,260,177,4,154,156,114,1,27,97,idle,fuzzy
23.33456839154412,316,249,217,170,180,44,69,176,244,idle,fuzzy
23.43524435472324,329,185,130,228,4,183,227,188,200,idle,fuzzy
23.934410067228008,545,228,109,75,184,6,193,5,213,idle,fuzzy
23.944391381817887,260,137,74,108,136,19,87,18,207,idle,fuzzy
23.964241330371365,316,129,53,45,150,28,67,221,229,idle,fuzzy
24.06502625611672,329,84,92,133,202,129,246,117,255,idle,fuzzy
24.565084081555327,545,141,36,216,161,30,73,26,206,idle,fuzzy
24.574295022316388,260,63,175,243,69,16,122,241,149,idle,fuzzy
24.59477452721839,316,224,220,165,250,167,46,132,19,idle,fuzzy
24.69494138917695,329,39,170,208,211,128,49,219,20,idle,fuzzy
25.195775298262465,545,230,96,5,87,124,166,28,250,idle,fuzzy
25.205834846742842,260,206,106,246,118,125,250,127,192,idle,fuzzy
25.2259546544758,316,199,248,60,189,54,121,249,36,idle,fuzzy
25.325937916960942,329,69,185,198,118,19,119,210,52,idle,fuzzy
25.825334658851975,545,111,69,26,69,46,30,127,35,idle,fuzzy
25.834631360982513,260,56,196,34,62,33,95,51,196,idle,fuzzy
25.85431032945975,316,183,234,205,128,108,80,82,123,idle,fuzzy
25.953621734448944,329,88,231,171,199,1,12,13,52,idle,fuzzy
26.45282201870009,545,243,64,152,194,216,249,84,107,idle,fuzzy
26.4626383065536,260,88,54,13,163,192,38,237,98,idle,fuzzy
26.48267448268224,316,180,131,73,243,251,212,244,18,idle,fuzzy
26.582074570190883,329,156,100,89,204,203,49,22,44,idle,fuzzy
27.08112099489426,545,122,174,240,172,200,7,221,168,idle,fuzzy
27.09179067946149,260,54,219,34,53,152,76,19,169,idle,fuzzy
27.112755946226873,316,120,101,121,84,78,165,52,204,idle,fuzzy
27.21365100517025,329,193,160,119,49,134,86,244,177,idle,fuzzy
27.713022954331088,545,156,131,85,63,240,49,32,0,idle,fuzzy
27.723889567800445,260,175,29,38,198,133,195,82,203,idle,fuzzy
27.74450380661485,316,85,204,60,92,113,210,226,52,idle,fuzzy
27.84442756454422,329,68,186,119,113,22,239,137,220,idle,fuzzy
28.34444932697693,545,237,13,67,75,133,159,188,181,idle,fuzzy
28.354156345955825,260,98,232,190,136,255,107,6,28,idle,fuzzy
28.375098180868246,316,101,92,10,242,229,126,28,163,idle,fuzzy
28.475006049830217,329,49,52,136,147,162,152,84,17,idle,fuzzy
28.974734843223192,545,162,217,196,97,66,75,194,37,idle,fuzzy
28.985362874485368,260,16,234,90,6,239,126,131,116,idle,fuzzy
29.004507818459135,316,206,50,151,250,176,180,169,255,idle,fuzzy
29.10397824923661,329,171,26,244,58,36,142,240,131,idle,fuzzy
29.603946605097672,545,65,250,140,33,195,115,212,216,idle,fuzzy
29.613520587604544,260,46,32,83,17,40,111,119,135,idle,fuzzy
29.63391641670522,316,107,25,172,97,239,94,150,140,idle,fuzzy
29.73308885418968,329,249,154,151,9,51,33,83,252,idle,fuzzy
30.232532394612104,545,227,242,125,172,194,117,108,235,idle,fuzzy
30.242020531301343,260,160,129,47,214,162,71,162,185,idle,fuzzy
30.263003169260813,316,190,251,247,50,229,218,83,209,idle,fuzzy
30.362784342237074,329,135,23,228,82,92,18,140,170,idle,fuzzy
30.86365697894181,545,142,52,136,133,13,50,147,225,idle,fuzzy
30.87280837900327,260,152,148,228,151,30,125,24,117,idle,fuzzy
30.89200852814381,316,5,27,192,15,147,189,73,53,idle,fuzzy
30.992303529248566,329,176,67,127,225,10,196,49,15,idle,fuzzy
31.49265844206738,545,83,163,45,148,219,225,204,6,idle,fuzzy
31.503043567006003,260,241,27,38,66,245,74,105,111,idle,fuzzy
31.522045907187515,316,175,185,102,14,198,113,96,137,idle,fuzzy
31.622529693498844,329,25,99,148,141,219,26,110,233,idle,fuzzy
32.12213350424408,545,190,141,189,156,238,131,245,215,idle,fuzzy
32.1318411044529,260,98,89,149,71,50,114,193,141,idle,fuzzy
32.15248695907996,316,165,152,125,57,116,62,86,69,idle,fuzzy
32.25175540658929,329,29,95,134,135,238,96,126,188,idle,fuzzy
32.752597552774965,545,255,76,22,46,110,32,236,9,idle,fuzzy
32.761805558645385,260,146,89,81,205,187,64,54,161,idle,fuzzy
32.781860036566094,316,36,148,79,56,95,167,45,184,idle,fuzzy
32.88140728383725,329,141,87,11,182,95,116,241,61,idle,fuzzy
33.381358200052716,545,244,88,24,20,85,118,105,119,idle,fuzzy
33.39069718277584,260,176,252,41,118,70,126,71,4,idle,fuzzy
33.4098091766028,316,15,176,234,134,23,211,136,229,idle,fuzzy
33.509580390991445,329,85,57,65,218,138,195,107,116,idle,fuzzy
34.00895933675502,545,202,251,163,95,107,237,202,92,idle,fuzzy
34.018949539445344,260,97,67,240,119,20,194,156,127,idle,fuzzy
34.03977772132061,316,163,4,69,152,65,198,110,30,idle,fuzzy
34.14049032926953,329,147,239,252,96,98,189,114,0,idle,fuzzy
34.64036559884483,545,81,12,156,210,177,157,156,221,idle,fuzzy
34.64988187294775,260,166,6,79,73,241,165,4,250,idle,fuzzy
34.670603318013775,316,148,68,60,107,163,85,85,109,idle,fuzzy
34.77089216795347,329,202,20,214,106,34,183,175,239,idle,fuzzy
35.27168115146018,545,55,156,125,87,211,95,227,235,idle,fuzzy
35.281809518399434,260,21,123,183,181,206,147,6,43,idle,fuzzy
35.30271666270109,316,96,166,232,51,112,191,32,16,idle,fuzzy
35.40212965080814,329,32,253,49,30,86,89,20,224,idle,fuzzy
35.9023644011632,545,253,191,77,235,39,140,244,223,idle,fuzzy
35.91198216307472,260,126,174,127,205,99,86,227,245,idle,fuzzy
35.931081450800036,316,148,84,50,113,7,43,91,0,idle,fuzzy
36.031585322071884,329,130,253,136,152,25,39,227,167,idle,fuzzy
36.53086439696404,545,58,250,23,27,91,177,16,162,idle,fuzzy
36.54151636701595,260,169,84,0,84,132,36,199,163,idle,fuzzy
36.56149904161383,316,101,32,76,171,244,196,208,14,idle,fuzzy
36.66241264001739,329,245,188,5,139,172,41,221,156,idle,fuzzy
37.163402562371495,545,226,234,205,68,186,146,156,251,idle,fuzzy
37.17281794965466,260,146,26,156,114,113,5,44,117,idle,fuzzy
37.1930533662107,316,25,34,12,208,87,158,233,25,idle,fuzzy
37.293787538527944,329,247,84,58,41,81,34,61,74,idle,fuzzy
37.7932566173767,545,215,177,108,201,212,180,141,125,idle,fuzzy
37.8032426282291,260,165,221,96,182,20,151,5,127,idle,fuzzy
37.82254151594497,316,168,175,61,35,95,182,18,29,idle,fuzzy
37.922322168110306,329,142,191,155,70,201,245,23,175,idle,fuzzy
38.42236706933314,545,168,1,229,151,68,92,136,46,idle,fuzzy
38.4330270569874,260,35,169,0,237,81,199,250,68,idle,fuzzy
38.45269425461724,316,48,239,122,78,214,27,247,39,idle,fuzzy
38.55323753576423,329,78,250,190,237,6,167,187,51,idle,fuzzy
39.05345257292609,545,146,92,38,103,94,96,252,106,idle,fuzzy
39.064263255972,260,173,177,137,29,130,254,89,250,idle,fuzzy
39.08424479937821,316,104,207,166,30,60,23,137,144,idle,fuzzy
39.183982389341594,329,36,162,68,60,139,120,142,33,idle,fuzzy
39.68411110739753,545,11,17,243,125,214,232,3,94,idle,fuzzy
39.694897202485826,260,18,88,120,83,195,160,205,250,idle,fuzzy
39.71567207094377,316,200,63,217,165,14,135,26,146,idle,fuzzy
39.81523215975396,329,3,188,126,8,206,83,190,233,idle,fuzzy
40.31467615340434,545,188,39,207,96,93,120,30,100,idle,fuzzy
40.325538099254146,260,112,29,148,231,41,208,32,11,idle,fuzzy
40.34456850698751,316,64,14,167,108,223,130,235,132,idle,fuzzy
40.44510820592813,329,10,156,216,212,49,14,229,35,idle,fuzzy
40.94454404298115,545,118,210,129,37,11,97,79,98,idle,fuzzy
40.95512348315225,260,55,28,231,229,115,2,149,104,idle,fuzzy
40.97446214623996,316,72,93,193,202,239,174,159,177,idle,fuzzy
41.07334888897527,329,184,233,200,25,215,37,73,154,idle,fuzzy
41.5730118131113,545,128,123,221,103,40,53,197,121,idle,fuzzy
41.5827838862831,260,26,173,5,193,189,137,173,241,idle,fuzzy
41.602731318454396,316,61,250,211,177,93,197,158,177,idle,fuzzy
41.703170393849064,329,55,143,185,149,180,3,185,154,idle,fuzzy
42.20335940301934,545,211,189,246,149,218,253,109,116,idle,fuzzy
42.214119016104924,260,21,157,6,168,109,118,95,135,idle,fuzzy
42.23480326775755,316,163,85,168,92,227,107,98,64,idle,fuzzy
42.33474145889965,329,226,190,139,10,29,67,234,231,idle,fuzzy
42.835209434734,545,174,58,90,169,80,109,24,96,idle,fuzzy
42.845879337912436,260,181,17,93,86,221,211,141,36,idle,fuzzy
42.866719006689465,316,244,247,193,164,210,156,126,183,idle,fuzzy
42.966946439361166,329,244,187,116,109,122,37,10,19,idle,fuzzy
43.466041113321616,545,37,243,5,182,144,191,116,77,idle,fuzzy
43.47558122954347,260,12,209,86,50,56,201,13,25,idle,fuzzy
43.495780130285986,316,226,196,29,43,64,177,240,123,idle,fuzzy
43.5959754995335,329,65,13,44,76,21,216,69,102,idle,fuzzy
44.09684449939181,545,147,36,248,78,200,216,2,40,idle,fuzzy
44.10633936993285,260,126,136,100,95,141,67,166,17,idle,fuzzy
44.126055000256166,316,5,86,42,200,254,214,57,134,idle,fuzzy
44.22622609866483,329,5,71,164,155,31,126,167,28,idle,fuzzy
44.72543133663203,545,58,73,233,170,255,177,47,54,idle,fuzzy
44.73456436838209,260,39,114,157,32,34,53,60,220,idle,fuzzy
44.75390511714971,316,122,131,96,181,188,192,30,20,idle,fuzzy
44.85337664125908,329,155,223,0,59,74,132,196,136,idle,fuzzy
45.35332108594246,545,215,134,171,60,191,135,186,139,idle,fuzzy
45.363854060796186,260,67,218,15,1,239,101,224,47,idle,fuzzy
45.38340073590162,316,239,9,175,192,53,100,13,232,idle,fuzzy
45.482850478528455,329,212,196,196,218,187,126,112,68,idle,fuzzy
45.983678186184186,545,110,94,5,190,119,112,24,113,idle,fuzzy
45.99334615412214,260,73,163,115,33,229,219,114,227,idle,fuzzy
46.01403119169154,316,96,182,2,67,41,19,182,250,idle,fuzzy
46.11499956176654,329,99,74,179,56,166,176,127,131,idle,fuzzy
46.614168381284024,545,229,155,105,49,58,56,207,101,idle,fuzzy
46.62512144936239,260,2,189,254,154,90,116,208,198,idle,fuzzy
46.6445777387374,316,57,73,172,228,228,128,17,167,idle,fuzzy
46.74455868858511,329,133,58,240,124,110,246,216,137,idle,fuzzy
47.24407172119791,545,120,25,138,217,208,92,49,168,idle,fuzzy
47.254571449464834,260,1,45,216,206,231,119,41,222,idle,fuzzy
47.27520990813043,316,39,32,237,97,159,68,4,81,idle,fuzzy
47.37531577076089,329,18,108,59,72,168,223,186,43,idle,fuzzy
47.87610579274511,545,71,17,170,158,235,19,7,1,idle,fuzzy
47.88575930489549,260,92,83,175,34,60,178,71,78,idle,fuzzy
47.90596404411509,316,16,53,74,84,230,35,31,126,idle,fuzzy
48.0064371540838,329,172,55,25,13,73,65,90,1,idle,fuzzy
48.50873314387235,545,126,177,213,14,154,36,233,139,idle,fuzzy
48.51964700379416,260,153,47,185,207,198,59,175,6,idle,fuzzy
48.54053190856089,316,135,17,1,213,90,155,139,185,idle,fuzzy
48.64142572767015,329,183,234,41,40,54,136,47,151,idle,fuzzy
49.14142444772839,545,219,102,66,104,95,173,155,202,idle,fuzzy
49.15215410504926,260,170,17,40,76,3,102,134,250,idle,fuzzy
49.17295960994146,316,236,232,204,40,142,52,70,24,idle,fuzzy
49.27351966568643,329,16,229,93,76,119,16,29,7,idle,fuzzy
49.773151294495015,545,112,199,178,20,244,126,170,44,idle,fuzzy
49.7830060978436,260,249,223,196,213,221,137,125,182,idle,fuzzy
49.80340852826006,316,217,201,210,38,252,15,161,193,idle,fuzzy
49.90248147902911,329,74,104,241,206,63,88,64,117,idle,fuzzy
50.40171615964372,545,24,83,83,78,6,27,100,190,idle,fuzzy
50.4116330542929,260,224,177,92,188,223,221,249,231,idle,fuzzy
50.4318132441217,316,233,188,252,134,196,42,227,83,idle,fuzzy
50.53097504441184,329,131,78,200,211,182,77,81,140,idle,fuzzy
51.03064056562038,545,181,145,217,166,8,48,208,163,idle,fuzzy
51.040989353219096,260,24,188,201,8,153,166,153,157,idle,fuzzy
51.060932157116866,316,249,46,92,23,220,24,96,69,idle,fuzzy
51.1599850934653,329,60,225,133,130,243,199,167,170,idle,fuzzy
51.659809044006195,545,15,201,118,80,165,181,79,200,idle,fuzzy
51.67051381266325,260,80,49,245,115,196,235,192,232,idle,fuzzy
51.689568335428476,316,50,161,220,206,52,133,178,64,idle,fuzzy
51.789635215241994,329,206,136,77,20,40,92,98,54,idle,fuzzy
52.2888782231862,545,153,57,200,24,252,45,3,231,idle,fuzzy
52.29856203986402,260,2,210,127,33,13,97,45,81,idle,fuzzy
52.31833560944274,316,132,59,65,32,35,16,104,76,idle,fuzzy
52.41867837591949,329,250,4,227,129,95,65,164,108,idle,fuzzy
52.919143264889925,545,194,27,143,0,4,48,4,46,idle,fuzzy
52.92962989907295,260,195,85,237,58,226,162,1,7,idle,fuzzy
52.94937699214633,316,91,157,51,206,69,55,197,3,idle,fuzzy
53.04969439609491,329,64,125,39,157,2,251,5,8,idle,fuzzy
53.549879511461945,545,147,31,203,5,139,101,70,49,idle,fuzzy
53.559604038961055,260,212,21,67,231,160,195,81,141,idle,fuzzy
53.58013071350196,316,198,124,117,90,181,163,53,233,idle,fuzzy
53.68002740486801,329,132,181,229,179,226,169,133,52,idle,fuzzy
54.18088252658463,545,103,166,168,156,80,198,23,104,idle,fuzzy
54.19050132600134,260,23,151,20,21,78,221,41,242,idle,fuzzy
54.211149105434345,316,76,184,30,36,60,58,185,112,idle,fuzzy
54.31045325661977,329,16,32,233,5,213,127,50,190,idle,fuzzy
54.80970846616137,545,193,76,163,227,160,125,235,48,idle,fuzzy
54.81991429460383,260,173,61,7,77,17,116,179,141,idle,fuzzy
54.8397912406232,316,140,184,20,221,226,91,148,172,idle,fuzzy
54.939063585973415,329,42,64,211,141,131,195,164,211,idle,fuzzy
55.439971597597115,545,39,105,117,87,134,222,141,33,idle,fuzzy
55.44927160923459,260,136,143,236,193,109,216,235,19,idle,fuzzy
55.4694986569224,316,216,239,226,224,62,55,46,25,idle,fuzzy
55.568808007969274,329,150,181,131,101,15,69,2,148,idle,fuzzy
56.06869867252298,545,73,231,125,79,124,37,55,209,idle,fuzzy
56.0804359267357,260,144,109,222,47,65,25,0,123,idle,fuzzy
56.099924133859254,316,207,106,12,39,40,240,242,216,idle,fuzzy
56.20075553379739,329,227,65,195,2,203,130,2,52,idle,fuzzy
56.700110653154745,545,114,43,55,223,188,136,110,157,idle,fuzzy
56.70918156435934,260,189,72,71,133,169,88,54,159,idle,fuzzy
56.72955950092926,316,93,184,151,245,152,240,246,106,idle,fuzzy
56.829294551282224,329,189,193,162,187,225,239,38,78,idle,fuzzy
57.32956673121247,545,123,31,152,120,125,50,1,10,idle,fuzzy
57.34014434310926,260,123,200,251,15,218,108,19,180,idle,fuzzy
57.35977828029237,316,99,234,194,10,209,206,157,172,idle,fuzzy
57.46050108920743,329,29,143,232,59,198,201,242,62,idle,fuzzy
57.96035098778015,545,201,18,215,140,98,208,203,181,idle,fuzzy
57.97044713863412,260,28,117,198,27,211,238,88,99,idle,fuzzy
57.990570884877336,316,45,1,8,171,169,40,85,22,idle,fuzzy
58.09028011292951,329,220,227,243,155,192,164,150,7,idle,fuzzy
58.58929643385414,545,147,103,79,63,207,144,223,167,idle,fuzzy
58.59968944669567,260,179,41,221,223,194,177,41,110,idle,fuzzy
58.62010037194148,316,128,165,52,54,183,75,11,156,idle,fuzzy
58.720613144647956,329,158,77,152,240,239,133,217,103,idle,fuzzy
59.2205663132267,545,157,82,182,177,193,100,48,27,idle,fuzzy
59.231131150126664,260,191,144,122,196,192,199,228,223,idle,fuzzy
59.2517239413482,316,94,167,34,196,171,17,121,36,idle,fuzzy
59.35218332160745,329,41,207,211,54,113,142,83,62,idle,fuzzy
59.85155653685284,545,236,17,160,239,25,194,125,24,idle,fuzzy
59.8616424191667,260,168,114,117,118,61,213,31,173,idle,fuzzy
59.88092093415973,316,217,142,97,233,218,194,77,72,idle,fuzzy
59.98116215791548,329,151,182,39,249,21,57,97,127,idle,fuzzy
60.48069059481271,545,119,143,234,110,184,144,32,242,idle,fuzzy
60.490988470808524,260,156,96,219,107,17,223,32,128,idle,fuzzy
60.51087590216012,316,85,32,228,236,183,162,127,250,idle,fuzzy
60.610743808546346,329,5,191,255,83,132,26,159,226,idle,fuzzy
61.10943225175663,545,90,127,98,181,207,224,133,8,idle,fuzzy
61.11854935694994,260,183,78,213,62,61,78,198,115,idle,fuzzy
61.13779588403087,316,43,214,71,223,93,201,144,11,idle,fuzzy
61.238110878145385,329,100,115,242,218,57,47,130,208,idle,fuzzy
61.73758787049346,545,25,149,64,145,250,103,133,58,idle,fuzzy
61.74749569882726,260,170,188,94,161,22,37,105,136,idle,fuzzy
61.76753747615704,316,40,35,8,75,66,253,221,183,idle,fuzzy
61.86820580479888,329,170,156,39,208,235,98,152,135,idle,fuzzy
62.36785654821739,545,251,203,50,225,6,246,79,234,idle,fuzzy
62.37714490832459,260,98,20,67,9,168,86,33,237,idle,fuzzy
62.396276457474485,316,175,168,255,110,75,145,147,100,idle,fuzzy
62.49636932094385,329,155,152,241,127,217,206,151,218,idle,fuzzy
62.9953904341813,545,176,78,40,61,24,99,172,23,idle,fuzzy
63.00630904586266,260,171,107,7,55,210,109,201,145,idle,fuzzy
63.025515655965066,316,152,61,154,163,183,146,30,95,idle,fuzzy
63.12614085290437,329,26,159,172,63,171,90,243,64,idle,fuzzy
63.62613264900112,545,180,169,12,102,173,194,189,47,idle,fuzzy
63.63518245914929,260,39,44,62,114,77,103,80,244,idle,fuzzy
63.65424739611986,316,122,192,43,158,128,242,21,203,idle,fuzzy
63.75502132770329,329,249,143,132,193,8,222,146,117,idle,fuzzy
64.25567927646256,545,169,201,13,132,230,44,178,7,idle,fuzzy
64.26618437605495,260,23,44,170,190,38,78,168,118,idle,fuzzy
64.28542990813895,316,11,4,40,196,50,208,117,16,idle,fuzzy
64.38508881123867,329,252,17,169,222,54,88,92,77,idle,fuzzy
64.88473307741137,545,125,188,54,174,120,239,116,91,idle,fuzzy
64.89544421733581,260,178,32,144,23,215,80,67,144,idle,fuzzy
64.91626190129871,316,95,161,74,190,134,136,224,100,idle,fuzzy
65.01635524618519,329,91,155,160,212,111,156,158,157,idle,fuzzy
65.51577450978805,545,209,148,37,252,184,152,129,183,idle,fuzzy
65.52524355920379,260,191,181,247,146,49,10,186,81,idle,fuzzy
65.5442172805219,316,177,223,245,4,232,142,207,200,idle,fuzzy
65.64489194574152,329,106,48,180,247,184,33,58,109,idle,fuzzy
66.14401978456914,545,224,2,235,191,46,40,142,68,idle,fuzzy
66.15481091752461,260,96,22,25,113,245,18,18,178,idle,fuzzy
66.17444099978663,316,237,193,15,226,37,164,152,229,idle,fuzzy
66.27491598038715,329,56,163,35,128,255,97,102,7,idle,fuzzy
66.77537487288049,545,211,229,78,179,62,2,204,161,idle,fuzzy
66.78550857497018,260,163,183,105,128,236,193,255,220,idle,fuzzy
66.80541433240899,316,215,182,75,0,173,26,25,206,idle,fuzzy
66.90480799633427,329,109,213,168,77,32,32,203,54,idle,fuzzy
67.40575319749355,545,202,228,127,170,60,7,13,235,idle,fuzzy
67.41500412140805,260,103,151,226,201,191,61,231,149,idle,fuzzy
67.43709597619463,316,159,63,43,72,2,192,82,177,idle,fuzzy
67.53744386881608,329,67,156,143,75,2,138,110,102,idle,fuzzy
68.03741645378275,545,99,244,228,86,37,241,132,124,idle,fuzzy
68.04718235458363,260,58,46,237,159,59,165,76,47,idle,fuzzy
68.06696381235393,316,180,77,200,60,181,230,97,228,idle,fuzzy
68.16651830459449,329,152,219,244,168,122,101,79,31,idle,fuzzy
68.66664587691912,545,10,169,183,153,2,153,214,8,idle,fuzzy
68.67720296311577,260,211,68,206,220,124,240,107,97,idle,fuzzy
68.69663235086131,316,31,72,181,84,150,199,51,166,idle,fuzzy
68.79680328752295,329,103,207,121,87,6,68,214,248,idle,fuzzy
69.29674070064478,545,191,201,194,76,151,228,95,95,idle,fuzzy
69.30580082852491,260,118,227,224,100,214,15,244,229,idle,fuzzy
69.32406670435236,316,158,149,160,159,217,82,37,172,idle,fuzzy
69.42474429781292,329,163,58,16,139,64,206,240,122,idle,fuzzy
69.92375808233109,545,87,129,78,143,223,74,35,149,idle,fuzzy
69.93403250342217,260,27,189,238,81,25,112,189,157,idle,fuzzy
69.95444553010019,316,122,114,21,49,79,192,3,94,idle,fuzzy
70.05431751319018,329,165,9,104,65,143,218,7,252,idle,fuzzy
70.5546894466369,545,210,4,123,95,146,132,65,48,idle,fuzzy
70.56443845484573,260,159,198,156,10,123,93,164,170,idle,fuzzy
70.5852234012992,316,78,222,39,152,219,191,186,237,idle,fuzzy
70.68535519471908,329,43,151,200,64,71,221,70,20,idle,fuzzy
71.18511642209427,545,100,46,21,190,74,104,129,183,idle,fuzzy
71.19425480810848,260,185,130,47,180,208,193,57,93,idle,fuzzy
71.21357071840696,316,185,84,245,101,220,74,167,179,idle,fuzzy
71.31311553192299,329,40,199,153,208,122,222,40,60,idle,fuzzy
71.81245014822109,545,244,16,188,18,44,186,50,162,idle,fuzzy
71.82237365831573,260,121,249,38,64,246,175,133,25,idle,fuzzy
71.84243550946081,316,255,66,193,73,241,46,127,27,idle,fuzzy
71.94297666492243,329,54,177,240,221,121,28,165,55,idle,fuzzy
72.44328365622945,545,86,107,47,203,58,219,39,100,idle,fuzzy
72.45386161508058,260,7,51,87,207,48,49,202,10,idle,fuzzy
72.4746907479909,316,145,89,179,117,232,184,99,79,idle,fuzzy
72.57377699777058,329,248,222,117,66,114,35,220,180,idle,fuzzy
73.07378901334145,545,72,31,204,212,116,67,128,235,idle,fuzzy
73.08463934529667,260,119,16,2,96,13,146,159,132,idle,fuzzy
73.10516901954458,316,147,96,229,9,161,120,54,7,idle,fuzzy
73.20489884513431,329,253,51,242,94,200,50,147,118,idle,fuzzy
73.70435682060571,545,15,219,16,240,78,213,146,189,idle,fuzzy
73.71445626349625,260,244,108,154,128,66,255,15,68,idle,fuzzy
73.73476925785822,316,164,37,151,204,157,203,126,184,idle,fuzzy
73.83501106301472,329,194,237,243,115,114,4,133,136,idle,fuzzy
74.33481866203452,545,152,186,93,56,133,111,43,193,idle,fuzzy
74.3457244314986,260,20,110,226,38,10,129,181,57,idle,fuzzy
74.36521701907047,316,128,153,243,71,64,125,149,89,idle,fuzzy
74.46486824920683,329,241,150,219,218,19,129,225,190,idle,fuzzy
74.96526317172727,545,157,89,126,221,169,117,128,111,idle,fuzzy
74.97587307380826,260,212,26,69,54,239,222,190,226,idle,fuzzy
74.99617402654383,316,176,33,203,180,249,195,223,220,idle,fuzzy
75.09711390981823,329,51,16,101,135,85,62,44,46,idle,fuzzy
75.5966501634562,545,165,120,100,151,253,121,124,229,idle,fuzzy
75.60643214248722,260,198,27,84,193,198,237,57,126,idle,fuzzy
75.62690163958688,316,128,14,154,17,38,132,41,126,idle,fuzzy
75.72653057731583,329,201,245,64,21,59,69,77,30,idle,fuzzy
76.22610582632737,545,94,248,88,157,97,0,188,205,idle,fuzzy
76.23594256257952,260,173,76,207,3,21,86,197,88,idle,fuzzy
76.25554252459192,316,212,173,231,226,163,23,134,160,idle,fuzzy
76.35549987050558,329,147,172,56,57,252,89,195,177,idle,fuzzy
76.85521425736403,545,188,70,250,47,91,217,56,194,idle,fuzzy
76.86595978662375,260,121,54,92,104,1,222,206,76,idle,fuzzy
76.8858301437811,316,244,176,95,120,228,240,13,33,idle,fuzzy
76.98490726990181,329,178,31,30,255,183,244,10,253,idle,fuzzy
77.4854460049868,545,0,208,193,200,100,151,59,21,idle,fuzzy
77.494594607161,260,100,56,20,233,53,121,114,158,idle,fuzzy
77.5150286942787,316,146,137,136,43,34,16,64,48,idle,fuzzy
77.61457396991027,329,223,77,52,105,70,203,148,181,idle,fuzzy
78.11434932186344,545,150,225,200,57,71,137,165,64,idle,fuzzy
78.12470033960645,260,75,22,184,183,65,149,11,248,idle,fuzzy
78.1438389857319,316,230,125,217,253,243,223,245,63,idle,fuzzy
78.24321281523176,329,206,129,147,187,101,130,150,0,idle,fuzzy
78.74246979420518,545,191,49,31,26,26,27,131,12,idle,fuzzy
78.75317947689159,260,172,34,55,179,135,29,14,79,idle,fuzzy
78.77357819912308,316,183,37,51,238,38,9,63,88,idle,fuzzy
78.87316903345089,329,111,124,138,5,254,1,106,4,idle,fuzzy
79.37302652158407,545,155,171,253,75,124,58,210,153,idle,fuzzy
79.38311491801427,260,102,151,109,196,113,8,170,32,idle,fuzzy
79.4036788378942,316,148,76,52,206,153,117,186,7,idle,fuzzy
79.50390282165824,329,246,173,40,40,151,171,97,186,idle,fuzzy
80.00390276980298,545,34,118,78,166,223,242,137,120,idle,fuzzy
80.01300972748338,260,84,168,3,144,176,13,55,194,idle,fuzzy
80.03287012047126,316,192,244,141,46,219,1,64,45,idle,fuzzy
80.13228778024548,329,63,167,101,109,235,62,64,118,idle,fuzzy
80.63141574287927,545,205,95,250,39,72,170,25,53,idle,fuzzy
80.64085236717831,260,17,30,101,172,189,57,88,76,idle,fuzzy
80.66080805397503,316,193,87,65,126,109,153,96,109,idle,fuzzy
80.76084562335757,329,125,156,38,230,196,212,116,231,idle,fuzzy
81.26035285076793,545,137,240,130,215,82,205,31,251,idle,fuzzy
81.27020031157265,260,35,250,15,117,33,51,199,201,idle,fuzzy
81.2907617504651,316,171,42,137,7,106,31,234,71,idle,fuzzy
81.39102716691198,329,244,102,98,15,236,220,176,92,idle,fuzzy
81.8907767041167,545,61,157,36,235,76,164,214,252,idle,fuzzy
81.9006013933669,260,131,246,23,252,63,253,108,133,idle,fuzzy
81.92081633890578,316,206,203,224,17,47,146,111,157,idle,fuzzy
82.0207488684276,329,58,33,50,226,40,62,226,87,idle,fuzzy
82.52038303009326,545,83,102,30,145,224,110,142,42,idle,fuzzy
82.52981461862184,260,80,121,225,71,137,23,144,44,idle,fuzzy
82.54923440142663,316,108,22,166,206,63,43,112,98,idle,fuzzy
82.64867005278182,329,45,95,145,86,4,84,104,162,idle,fuzzy
83.14809517572189,545,180,166,96,186,0,149,52,78,idle,fuzzy
83.15733626672112,260,221,107,239,169,29,251,236,83,idle,fuzzy
83.17676561786799,316,87,192,172,201,161,231,164,244,idle,fuzzy
83.27611527069818,329,16,98,116,196,98,221,57,248,idle,fuzzy
83.77684677561008,545,127,135,24,163,199,79,233,48,idle,fuzzy
83.78618594148159,260,79,110,20,186,12,50,203,51,idle,fuzzy
83.80606448776437,316,138,25,228,218,153,182,30,6,idle,fuzzy
83.90562048872026,329,160,164,118,26,73,125,98,21,idle,fuzzy
84.40608062107243,545,4,39,173,146,122,33,128,223,idle,fuzzy
84.41488615035932,260,177,248,80,164,151,117,229,61,idle,fuzzy
84.43452659157546,316,198,47,210,171,63,174,203,28,idle,fuzzy
84.5347573077753,329,145,218,73,48,156,238,248,194,idle,fuzzy
85.03532222552322,545,16,143,76,23,192,156,154,191,idle,fuzzy
85.04557255679934,260,132,26,29,47,125,23,204,176,idle,fuzzy
85.0646433835573,316,15,75,32,60,21,34,17,116,idle,fuzzy
85.16467168676986,329,145,62,148,165,199,255,181,252,idle,fuzzy
85.66437647311872,545,160,88,183,135,172,24,119,195,idle,fuzzy
85.67475625273165,260,253,144,128,252,38,172,59,14,idle,fuzzy
85.69530551743621,316,228,13,15,110,99,165,24,80,idle,fuzzy
85.79441984295546,329,72,206,223,133,11,141,149,62,idle,fuzzy
86.29469127826057,545,175,55,91,84,187,116,15,88,idle,fuzzy
86.30417867548913,260,179,221,40,73,28,181,82,185,idle,fuzzy
86.3245741371183,316,143,192,149,131,89,99,84,253,idle,fuzzy
86.42459887067126,329,16,137,171,111,247,91,124,164,idle,fuzzy
86.9248312311895,545,197,135,120,136,105,111,45,185,idle,fuzzy
86.9358279609513,260,93,186,213,32,9,254,203,185,idle,fuzzy
86.95665628169415,316,226,100,200,254,237,212,177,151,idle,fuzzy
87.05580589666401,329,72,177,114,82,184,179,104,133,idle,fuzzy
87.55488865655727,545,146,239,101,235,37,71,253,122,idle,fuzzy
87.565365132396,260,80,216,230,204,201,225,179,17,idle,fuzzy
87.58595610757008,316,4,150,2,160,153,10,162,148,idle,fuzzy
87.68586415965129,329,110,55,196,0,127,148,117,147,idle,fuzzy
88.18648120443912,545,2,200,196,60,236,246,43,53,idle,fuzzy
88.19591604071962,260,204,42,194,170,31,32,173,165,idle,fuzzy
88.2166089000815,316,210,15,160,168,40,121,182,199,idle,fuzzy
88.3160005710005,329,197,64,90,161,235,48,2,63,idle,fuzzy
88.81616559168475,545,77,202,126,84,33,111,112,201,idle,fuzzy
88.82682184495698,260,185,71,75,55,211,30,213,249,idle,fuzzy
88.84711083368835,316,41,254,251,57,163,231,56,155,idle,fuzzy
88.94700751039656,329,194,156,199,194,135,224,108,116,idle,fuzzy
89.44646922193951,545,192,83,85,61,25,32,162,61,idle,fuzzy
89.4554757033788,260,116,109,45,32,138,191,175,105,idle,fuzzy
89.47620834154297,316,118,82,17,79,194,247,146,103,idle,fuzzy
89.57663532528993,329,14,118,234,251,241,124,194,64,idle,fuzzy
90.07736151279191,545,48,236,16,203,76,81,228,233,idle,fuzzy
90.08689057961374,260,126,90,71,18,186,109,40,183,idle,fuzzy
90.10768209306525,316,34,92,209,9,206,9,109,38,idle,fuzzy
90.20748384061058,329,253,158,15,121,230,212,183,150,idle,fuzzy
90.70712459893075,545,43,89,3,20,221,112,114,157,idle,fuzzy
90.71768660934345,260,132,54,219,168,130,177,53,105,idle,fuzzy
90.73696706771389,316,25,240,157,50,83,51,52,103,idle,fuzzy
90.83636335077418,329,55,246,59,68,90,136,26,244,idle,fuzzy
91.33600333639889,545,71,243,156,255,120,127,169,39,idle,fuzzy
91.34959261887205,260,71,221,244,154,55,127,194,197,idle,fuzzy
91.37048395580814,316,29,219,45,143,204,101,197,92,idle,fuzzy
91.4701799142025,329,132,115,104,98,166,203,19,229,idle,fuzzy
91.97015962540635,545,214,104,19,149,139,211,81,126,idle,fuzzy
91.9806470616287,260,68,200,34,219,230,42,3,54,idle,fuzzy
92.00106914472259,316,90,148,198,79,211,74,254,86,idle,fuzzy
92.10023429535642,329,90,61,155,99,15,96,26,48,idle,fuzzy
92.60020316223185,545,82,186,111,18,138,92,37,249,idle,fuzzy
92.61034462419323,260,92,152,153,128,226,11,213,83,idle,fuzzy
92.63093389946602,316,70,72,55,55,24,87,237,192,idle,fuzzy
92.73050924958663,329,163,142,138,194,71,123,5,114,idle,fuzzy
93.2306322330046,545,63,20,149,100,168,134,114,177,idle,fuzzy
93.24129996841663,260,73,198,135,109,56,178,96,45,idle,fuzzy
93.26154724003192,316,255,228,71,156,227,251,166,249,idle,fuzzy
93.36148146470377,329,248,210,205,122,71,131,217,231,idle,fuzzy
93.86142820004945,545,158,226,51,161,80,158,29,58,idle,fuzzy
93.87195529346532,260,116,178,67,96,97,164,200,152,idle,fuzzy
93.89175678971691,316,125,171,38,219,62,39,185,87,idle,fuzzy
93.9924529650932,329,213,91,135,205,154,181,43,39,idle,fuzzy
94.49340176060704,545,229,191,2,99,45,39,132,165,idle,fuzzy
94.50370301282032,260,78,5,245,174,105,144,116,130,idle,fuzzy
94.52321334270385,316,179,111,210,88,139,121,169,114,idle,fuzzy
94.62335512039456,329,150,150,87,185,243,32,244,167,idle,fuzzy
95.12363428366801,545,22,10,111,117,127,189,28,13,idle,fuzzy
95.13299494113762,260,151,89,248,91,5,133,238,139,idle,fuzzy
95.15313301723398,316,193,9,4,240,9,252,32,232,idle,fuzzy
95.25326596611357,329,48,15,210,54,128,226,186,255,idle,fuzzy
95.75392869331787,545,185,71,190,89,171,167,81,183,idle,fuzzy
95.7645163929426,260,17,74,30,226,253,177,154,92,idle,fuzzy
95.78437182619783,316,1,164,244,7,246,133,156,250,idle,fuzzy
95.88523148600058,329,239,198,100,54,116,187,160,224,idle,fuzzy
96.38432825856577,545,230,124,249,143,132,81,194,85,idle,fuzzy
96.39412568922236,260,236,126,145,119,220,213,197,7,idle,fuzzy
96.4137498777611,316,41,171,130,151,239,84,81,105,idle,fuzzy
96.51372614276664,329,13,93,155,157,65,219,217,239,idle,fuzzy
97.01284558811506,545,202,130,69,89,171,26,204,3,idle,fuzzy
97.02247127216975,260,208,123,207,99,251,208,153,180,idle,fuzzy
97.0417460315048,316,187,78,52,215,168,194,50,214,idle,fuzzy
97.14268006018514,329,194,202,137,192,192,146,94,2,idle,fuzzy
97.64070731446749,545,155,75,232,193,115,132,120,78,idle,fuzzy
97.65015936812291,260,39,126,242,78,195,37,94,87,idle,fuzzy
97.67015755620967,316,72,67,19,164,10,36,44,70,idle,fuzzy
97.76928680626362,329,119,66,56,57,8,67,229,1,idle,fuzzy
98.26996842039736,545,148,158,73,48,235,15,1,6,idle,fuzzy
98.2802649751199,260,46,216,44,44,252,22,245,34,idle,fuzzy
98.30113523380273,316,236,160,36,42,105,184,231,88,idle,fuzzy
98.40111554818793,329,60,196,162,208,38,49,198,152,idle,fuzzy
98.90081571985269,545,37,86,48,22,200,115,68,144,idle,fuzzy
98.90998571493441,260,100,134,32,163,2,96,107,224,idle,fuzzy
98.92958620220972,316,114,76,81,211,18,24,108,129,idle,fuzzy
99.02955116715779,329,80,146,20,15,159,97,154,36,idle,fuzzy
99.5293838463725,545,59,212,92,0,92,205,254,240,idle,fuzzy
99.53916630178745,260,157,119,52,174,1,174,55,27,idle,fuzzy
99.55921284586266,316,237,62,36,161,69,226,118,198,idle,fuzzy
99.65974884326069,329,133,192,27,23,203,243,123,182,idle,fuzzy
100.15881240378233,545,69,95,22,48,7,123,68,40,idle,fuzzy
100.16849141485945,260,240,38,89,159,223,30,35,151,idle,fuzzy
100.18853634806023,316,139,131,78,111,83,10,41,241,idle,fuzzy
100.28943570324006,329,180,5,191,146,182,154,22,64,idle,fuzzy
100.78872096292503,545,108,81,238,62,114,230,181,248,idle,fuzzy
100.79915147701541,260,72,154,209,100,234,194,96,236,idle,fuzzy
100.82013893250986,316,167,96,130,35,35,127,178,26,idle,fuzzy
100.92089205788508,329,20,246,20,82,65,250,88,95,idle,fuzzy
101.42049113630327,545,74,176,102,85,20,98,37,28,idle,fuzzy
101.43058018946684,260,34,253,94,110,3,56,250,88,idle,fuzzy
101.45025672492955,316,8,192,22,137,62,27,22,140,idle,fuzzy
101.55069341017324,329,24,166,70,113,17,187,72,225,idle,fuzzy
102.04994903190367,545,88,254,108,222,75,22,20,45,idle,fuzzy
102.06083601652561,260,61,144,104,194,184,119,114,155,idle,fuzzy
102.08020742758399,316,114,12,77,164,82,231,104,189,idle,fuzzy
102.18115274074722,329,138,216,228,86,19,179,85,222,idle,fuzzy
102.68035921015695,545,150,0,245,139,55,24,91,65,idle,fuzzy
102.68938067100679,260,77,29,173,106,157,54,188,40,idle,fuzzy
102.70966633768408,316,9,54,214,162,146,25,15,53,idle,fuzzy
102.8106216998466,329,26,88,153,8,191,255,242,62,idle,fuzzy
103.30986298196977,545,155,77,7,94,42,252,73,77,idle,fuzzy
103.320841598227,260,151,105,251,56,19,119,53,196,idle,fuzzy
103.34052617920557,316,229,10,245,111,243,45,178,54,idle,fuzzy
103.44152080953577,329,69,59,207,99,30,138,74,86,idle,fuzzy
103.94071958989912,545,195,79,22,1,69,209,84,246,idle,fuzzy
103.95081864300171,260,190,130,205,248,171,170,125,248,idle,fuzzy
103.97005116154789,316,47,155,255,129,96,143,32,26,idle,fuzzy
104.06980790918848,329,169,214,121,39,206,77,184,213,idle,fuzzy
104.5690220841787,545,46,66,196,4,189,1,207,143,idle,fuzzy
104.57979566542866,260,58,215,202,227,239,84,165,65,idle,fuzzy
104.59983885528082,316,10,122,65,53,204,15,237,136,idle,fuzzy
104.70053132461558,329,99,114,236,92,98,29,247,6,idle,fuzzy
105.19965330486677,545,130,166,96,151,132,52,207,101,idle,fuzzy
105.20875980765958,260,25,82,164,53,84,97,86,150,idle,fuzzy
105.22852064534905,316,67,77,74,179,251,144,248,89,idle,fuzzy
105.32893006206798,329,81,27,109,182,253,36,38,162,idle,fuzzy
105.82850488290227,545,50,176,230,174,57,181,171,152,idle,fuzzy
105.837911397184,260,101,26,91,145,15,223,130,183,idle,fuzzy
105.85773924215482,316,12,108,240,94,48,13,22,64,idle,fuzzy
105.95758892826169,329,247,54,57,114,249,101,41,87,idle,fuzzy
106.45845118228698,545,214,52,223,114,143,246,233,246,idle,fuzzy
106.46881175938836,260,58,22,217,239,206,116,42,34,idle,fuzzy
106.48905338295947,316,21,176,181,61,181,183,186,155,idle,fuzzy
106.58982541964717,329,72,232,119,33,157,165,79,246,idle,fuzzy
107.08958907725224,545,159,222,8,163,0,135,92,251,idle,fuzzy
107.09975815322728,260,28,80,219,170,44,59,235,169,idle,fuzzy
107.11877176266098,316,241,197,74,204,86,169,203,37,idle,fuzzy
107.21827407234186,329,109,241,185,235,237,103,37,123,idle,fuzzy
107.71740884325621,545,250,108,93,133,26,91,138,241,idle,fuzzy
107.72715094176709,260,32,13,194,59,143,201,236,247,idle,fuzzy
107.74654444031864,316,250,214,29,126,233,235,9,237,idle,fuzzy
107.84626254641837,329,223,114,76,88,89,109,49,117,idle,fuzzy
108.3463347647767,545,163,193,89,70,184,226,145,80,idle,fuzzy
108.35717303060689,260,60,126,88,131,186,81,119,108,idle,fuzzy
108.37682906574123,316,82,99,158,223,12,134,79,18,idle,fuzzy
108.47617472323338,329,52,104,156,242,84,55,42,92,idle,fuzzy
108.97683419456966,545,92,42,36,199,54,206,20,75,idle,fuzzy
108.98747292142995,260,207,16,92,8,243,99,201,48,idle,fuzzy
109.00708271101595,316,6,219,113,174,17,93,82,218,idle,fuzzy
109.10682179068407,329,161,15,49,251,35,159,50,160,idle,fuzzy
109.60643360081887,545,217,110,2,113,249,134,152,60,idle,fuzzy
109.6158354835731,260,236,247,82,174,166,125,113,184,idle,fuzzy
109.6348599448352,316,85,237,183,61,146,135,218,195,idle,fuzzy
109.73548130706041,329,124,119,172,255,24,206,83,52,idle,fuzzy
110.23449921178353,545,187,147,165,211,116,141,127,185,idle,fuzzy
110.24417206807105,260,43,239,78,148,6,232,148,244,idle,fuzzy
110.26463459632588,316,181,188,83,68,12,100,251,202,idle,fuzzy
110.36486081197769,329,138,191,213,246,50,177,8,249,idle,fuzzy
110.86474377946095,545,32,3,146,143,46,115,109,196,idle,fuzzy
110.87465159911716,260,239,47,75,52,252,28,125,131,idle,fuzzy
110.89403584426431,316,111,232,79,44,176,214,45,109,idle,fuzzy
110.99410101969126,329,71,54,31,230,5,23,192,14,idle,fuzzy
111.4938417805507,545,104,63,3,139,65,165,34,80,idle,fuzzy
111.50418457233854,260,77,254,209,45,151,0,30,63,idle,fuzzy
111.52434598588549,316,47,220,27,201,189,117,86,86,idle,fuzzy
111.62383497410512,329,107,61,252,242,191,89,212,166,idle,fuzzy
112.12385479682627,545,114,194,237,96,103,88,18,152,idle,fuzzy
112.13461237626792,260,211,9,131,170,192,152,60,97,idle,fuzzy
112.15471000651046,316,71,151,55,247,1,70,12,150,idle,fuzzy
112.25426968794365,329,182,20,2,119,72,74,221,103,idle,fuzzy
112.75342257638256,545,197,66,201,53,10,148,13,58,idle,fuzzy
112.76304640330633,260,96,3,31,26,50,62,93,99,idle,fuzzy
112.78322212145974,316,185,135,194,204,227,45,69,138,idle,fuzzy
112.88358833962984,329,72,52,143,82,51,65,84,51,idle,fuzzy
113.38397330418023,545,52,197,190,193,160,138,69,13,idle,fuzzy
113.39393065657488,260,200,133,86,150,2,109,63,98,idle,fuzzy
113.41466562176646,316,252,228,136,159,173,208,120,152,idle,fuzzy
113.51480683381146,329,174,197,201,186,208,58,150,18,idle,fuzzy
114.01520098178084,545,94,94,177,100,10,24,235,126,idle,fuzzy
114.02482702002668,260,151,24,203,92,110,253,192,97,idle,fuzzy
114.04544594427216,316,12,213,67,82,119,129,149,173,idle,fuzzy
114.144939702032,329,226,124,244,120,213,199,183,48,idle,fuzzy
114.64564511114361,545,208,34,29,23,225,201,252,148,idle,fuzzy
114.65549008009374,260,147,200,35,118,86,106,124,199,idle,fuzzy
114.67640177563528,316,24,62,222,17,143,144,32,180,idle,fuzzy
114.77735025046876,329,97,161,194,102,142,40,100,213,idle,fuzzy
115.27709372590607,545,242,242,211,161,217,143,22,33,idle,fuzzy
115.28682242973862,260,211,0,168,209,215,131,213,245,idle,fuzzy
115.30705835536955,316,183,57,5,18,241,226,181,167,idle,fuzzy
115.4076179860869,329,131,128,184,26,87,34,211,120,idle,fuzzy
115.90841006600192,545,123,19,64,99,121,50,75,176,idle,fuzzy
115.91799685554334,260,200,166,25,76,123,26,127,84,idle,fuzzy
115.93838874421893,316,102,0,201,121,107,23,90,98,idle,fuzzy
116.03863240785398,329,108,187,47,197,182,70,223,241,idle,fuzzy
116.53866633264185,545,191,26,68,254,147,112,207,167,idle,fuzzy
116.54936541560328,260,76,174,172,193,13,230,222,194,idle,fuzzy
116.56891768592787,316,77,155,114,77,138,210,184,98,idle,fuzzy
116.66932684785804,329,72,89,161,217,5,71,217,36,idle,fuzzy
117.17003261524326,545,162,65,45,62,199,50,210,87,idle,fuzzy
117.17938731662738,260,72,251,172,168,217,251,80,187,idle,fuzzy
117.1989300075063,316,236,34,175,231,167,5,64,62,idle,fuzzy
117.29966939738199,329,32,96,97,227,216,57,71,246,idle,fuzzy
117.79936392543532,545,66,69,183,117,119,177,192,92,idle,fuzzy
117.80859806722717,260,144,74,244,134,183,118,169,247,idle,fuzzy
117.82836681224876,316,249,45,164,63,176,223,72,32,idle,fuzzy
117.92767146858986,329,233,178,23,66,111,252,6,45,idle,fuzzy
118.42825846049485,545,156,130,249,141,162,148,29,89,idle,fuzzy
118.43801228533572,260,146,170,141,209,103,55,155,56,idle,fuzzy
118.45731416403203,316,153,255,104,15,127,220,250,112,idle,fuzzy
118.55752690961444,329,66,115,134,173,218,94,228,79,idle,fuzzy
119.05830935031494,545,20,234,46,125,113,216,80,237,idle,fuzzy
119.06868967117681,260,10,179,179,22,65,132,142,72,idle,fuzzy
119.08850178261649,316,207,132,3,126,188,12,148,58,idle,fuzzy
119.18783315525557,329,57,94,91,22,162,68,43,104,idle,fuzzy
119.6887866773531,545,249,186,170,176,49,117,168,219,idle,fuzzy
119.69815083490734,260,141,83,174,107,223,191,107,63,idle,fuzzy
119.71751239982297,316,224,170,179,87,197,19,237,182,idle,fuzzy
119.81719716759126,329,34,81,215,64,87,83,248,100,idle,fuzzy
120.31685561133176,545,199,32,148,180,181,219,72,132,idle,fuzzy
120.32780152180236,260,84,222,251,0,35,130,33,193,idle,fuzzy
120.34809975677938,316,10,48,152,71,169,250,151,119,idle,fuzzy
120.4482832353879,329,119,156,214,196,50,42,51,98,idle,fuzzy
120.94858014075768,545,155,2,93,20,175,138,143,119,idle,fuzzy
120.9587400220763,260,218,44,99,126,165,218,43,61,idle,fuzzy
120.97825471381705,316,56,144,104,10,41,65,103,166,idle,fuzzy
121.07733592751131,329,208,5,129,102,76,229,194,75,idle,fuzzy
121.57775954190126,545,198,77,154,35,94,189,176,155,idle,fuzzy
121.58962456055846,260,40,107,109,150,11,44,102,245,idle,fuzzy
121.6091196237485,316,75,179,153,253,58,29,159,222,idle,fuzzy
121.7085935365244,329,178,237,46,144,134,59,68,90,idle,fuzzy
122.20871394453346,545,78,27,16,161,43,192,204,234,idle,fuzzy
122.21855898612544,260,237,251,165,80,255,82,131,189,idle,fuzzy
122.23816921255487,316,69,90,83,177,19,102,219,61,idle,fuzzy
122.33907140953544,329,44,22,250,89,77,46,9,197,idle,fuzzy
122.83932568427419,545,226,44,93,220,43,1,50,4,idle,fuzzy
122.85011748709616,260,133,192,165,227,14,22,153,196,idle,fuzzy
122.86939825106373,316,110,24,56,192,122,247,232,135,idle,fuzzy
122.968631827782,329,216,127,77,141,5,58,0,182,idle,fuzzy
123.4688714311902,545,154,66,124,57,192,88,39,69,idle,fuzzy
123.4794416062391,260,186,249,46,31,42,79,33,245,idle,fuzzy
123.49833815677663,316,179,234,65,43,52,215,148,116,idle,fuzzy
123.59904201485574,329,252,167,121,101,238,196,134,230,idle,fuzzy
124.09812699442465,545,3,208,127,155,108,188,201,95,idle,fuzzy
124.1075375200143,260,143,248,157,10,108,233,15,39,idle,fuzzy
124.12701242424914,316,101,110,138,172,40,145,102,125,idle,fuzzy
124.22760666874967,329,211,95,82,148,71,63,3,76,idle,fuzzy
124.72697678015177,545,27,61,26,144,169,153,174,163,idle,fuzzy
124.73678492946202,260,152,255,80,42,233,36,239,7,idle,fuzzy
124.75764378554683,316,178,51,231,99,71,253,247,2,idle,fuzzy
124.85737928378268,329,109,25,124,42,128,5,211,49,idle,fuzzy
125.35741978961424,545,145,189,231,106,179,42,46,76,idle,fuzzy
125.36839270466854,260,92,26,133,244,9,25,65,207,idle,fuzzy
125.3876587814683,316,67,189,30,178,103,232,54,29,idle,fuzzy
125.4881324946289,329,104,249,133,139,250,220,249,132,idle,fuzzy
125.9875489850757,545,76,144,208,3,46,79,188,33,idle,fuzzy
125.99765335758258,260,236,56,219,239,52,129,44,139,parking,fuzzy
126.01813665989576,316,215,16,219,197,85,231,128,179,parking,fuzzy
126.1179596500357,329,4,176,177,39,175,239,223,86,parking,fuzzy
126.61743824364703,545,6,27,207,87,0,23,166,248,parking,fuzzy
126.6270110347469,260,87,15,68,183,4,244,111,194,parking,fuzzy
126.64643574997376,316,191,94,192,9,60,53,173,87,parking,fuzzy
126.74608419119524,329,234,159,86,124,146,87,53,21,parking,fuzzy
127.24655072065421,545,44,105,153,68,82,205,134,142,parking,fuzzy
127.25684673952902,260,249,180,25,204,75,94,60,47,parking,fuzzy
127.2766765619109,316,41,177,194,147,214,119,161,23,parking,fuzzy
127.37588887607143,329,60,58,97,4,7,31,243,57,parking,fuzzy
127.87585761339595,545,176,151,196,178,25,19,92,55,parking,fuzzy
127.8862221308347,260,155,155,13,216,248,124,42,53,parking,fuzzy
127.90587412392708,316,86,13,57,199,185,203,47,13,parking,fuzzy
128.00584136937488,329,185,215,32,73,15,56,20,123,parking,fuzzy
128.50545600703487,545,130,28,218,46,40,177,232,23,parking,fuzzy
128.51478158793674,260,18,0,156,5,75,124,243,188,parking,fuzzy
128.53451683947662,316,17,171,210,173,201,104,233,161,parking,fuzzy
128.63514288677783,329,20,150,4,156,70,200,156,166,parking,fuzzy
129.13438071300075,545,165,247,232,16,152,163,98,163,parking,fuzzy
129.1439965790265,260,175,6,113,122,233,75,28,116,parking,fuzzy
129.16446462006445,316,12,214,206,76,135,208,213,73,parking,fuzzy
129.26420534953613,329,213,225,104,160,109,30,72,7,parking,fuzzy
129.76361125614324,545,9,242,231,116,50,53,83,154,parking,fuzzy
129.77452186682274,260,89,121,191,227,103,225,0,129,parking,fuzzy
129.79443802618331,316,143,179,144,249,244,163,104,92,parking,fuzzy
129.89361939283592,329,145,9,207,108,201,209,183,133,parking,fuzzy
130.39440704935254,545,186,204,1,52,41,91,27,116,parking,fuzzy
130.40401688550787,260,210,182,194,22,18,161,23,244,parking,fuzzy
130.42338581954917,316,101,69,255,246,238,206,58,152,parking,fuzzy
130.52251146042278,329,212,66,73,121,63,36,133,136,parking,fuzzy
131.0224737975715,545,213,215,93,205,86,193,33,108,parking,fuzzy
131.03227795589657,260,183,213,179,156,189,97,222,20,parking,fuzzy
131.053253383686,316,16,46,160,237,211,249,85,68,parking,fuzzy
131.15333741808413,329,145,197,116,141,158,90,237,209,parking,fuzzy
131.65333742441507,545,158,70,135,215,72,254,249,238,parking,fuzzy
131.66251057617075,260,1,89,160,231,38,226,123,113,parking,fuzzy
131.68268717421336,316,242,197,123,144,9,47,50,148,parking,fuzzy
131.7831718627825,329,5,76,237,235,3,179,143,149,parking,fuzzy
132.28390542523775,545,9,109,61,16,177,131,20,32,parking,fuzzy
132.2942964823915,260,110,60,152,183,69,69,251,211,parking,fuzzy
132.314015645242,316,43,226,207,182,101,144,238,227,parking,fuzzy
132.41433838495723,329,225,230,182,145,51,155,8,169,parking,fuzzy
132.91480307237603,545,226,2,44,236,54,1,165,88,parking,fuzzy
132.92459415619942,260,62,90,130,42,64,241,35,192,parking,fuzzy
132.94483394033583,316,135,252,184,141,143,97,143,209,parking,fuzzy
133.04536840554647,329,141,178,111,167,65,27,141,204,parking,fuzzy
133.5458343540039,545,38,219,11,94,96,187,133,61,parking,fuzzy
133.5567233953174,260,121,181,192,16,226,231,78,48,parking,fuzzy
133.57650674841574,316,237,75,163,196,222,216,192,67,parking,fuzzy
133.67643434088907,329,168,32,137,47,233,11,133,164,parking,fuzzy
134.17716390397612,545,60,7,225,242,83,241,53,242,parking,fuzzy
134.18624892477743,260,118,26,57,220,74,102,196,123,parking,fuzzy
134.2062053141997,316,70,28,183,208,85,115,176,175,parking,fuzzy
134.30653461084225,329,73,187,227,15,188,168,143,230,parking,fuzzy
134.80677316994357,545,186,141,151,18,32,28,134,185,parking,fuzzy
134.81752745045293,260,118,2,38,15,89,197,173,61,parking,fuzzy
134.8372705076121,316,57,135,23,140,219,191,193,29,parking,fuzzy
134.93718687898385,329,254,178,35,198,47,144,177,85,parking,fuzzy
135.43760789185765,545,248,24,120,25,154,58,240,208,parking,fuzzy
135.4469688506853,260,34,194,234,73,124,65,106,45,parking,fuzzy
135.46634070221302,316,108,103,6,126,227,197,109,190,parking,fuzzy
135.5655395163828,329,147,184,21,189,226,70,90,220,parking,fuzzy
136.06519691778072,545,83,207,255,152,74,37,215,226,parking,fuzzy
136.0752045800416,260,4,207,140,33,94,50,133,171,parking,fuzzy
136.0950628450279,316,240,219,6,208,51,89,140,185,parking,fuzzy
136.19433935365737,329,128,121,194,239,243,230,248,130,parking,fuzzy
136.69443267003584,545,106,120,81,10,86,243,188,206,parking,fuzzy
136.70351916404525,260,95,126,120,70,125,42,7,20,parking,fuzzy
136.72290795111095,316,167,235,235,238,13,158,240,204,parking,fuzzy
136.82276951109495,329,1,185,43,224,241,138,47,230,parking,fuzzy
137.32330906495434,545,222,190,224,10,71,231,28,73,parking,fuzzy
137.33334771417603,260,170,4,129,36,240,243,26,206,parking,fuzzy
137.354887519495,316,156,11,148,214,74,58,249,96,parking,fuzzy
137.45574430549283,329,85,250,13,3,136,206,22,36,parking,fuzzy
137.95536557958056,545,224,221,48,51,115,54,7,17,parking,fuzzy
137.9656548667014,260,240,96,79,77,8,7,111,210,parking,fuzzy
137.9850505115303,316,88,52,53,224,167,228,44,56,parking,fuzzy
138.08538617724687,329,226,254,173,227,131,98,121,199,parking,fuzzy
138.5853559868053,545,122,239,44,37,131,44,37,168,parking,fuzzy
138.59567944823738,260,142,41,161,139,105,226,229,32,parking,fuzzy
138.6151752616072,316,138,92,218,181,34,166,200,9,parking,fuzzy
138.71507294600525,329,199,137,44,120,134,217,120,73,parking,fuzzy
139.21495851676733,545,240,176,190,46,16,185,235,107,parking,fuzzy
139.224120055337,260,102,82,81,36,181,148,236,139,parking,fuzzy
139.2438131045594,316,45,91,92,36,62,27,50,236,parking,fuzzy
139.34397551776826,329,204,226,114,141,150,197,49,215,parking,fuzzy
139.84389160838546,545,174,56,122,82,98,246,27,246,parking,fuzzy
139.85354175571842,260,152,83,218,123,194,213,185,218,parking,fuzzy
139.8736440868243,316,221,139,121,193,144,238,91,167,parking,fuzzy
139.97328426152765,329,246,64,141,72,59,193,143,34,parking,fuzzy
140.4726198491766,545,62,136,223,87,110,174,6,249,parking,fuzzy
140.48181547005976,260,213,166,218,194,160,59,111,118,parking,fuzzy
140.5019001877709,316,109,35,0,217,215,147,29,64,parking,fuzzy
140.60098702837024,329,223,40,86,213,198,254,89,209,parking,fuzzy
141.10008235658637,545,44,74,162,150,52,143,71,240,parking,fuzzy
141.11041118213998,260,19,131,0,15,32,128,40,60,parking,fuzzy
141.13015236280907,316,127,111,2,250,172,74,207,164,parking,fuzzy
141.23087003112292,329,119,35,166,113,151,238,67,14,parking,fuzzy
141.73068234707185,545,52,68,168,144,206,4,86,224,parking,fuzzy
141.74101693929416,260,85,139,92,44,245,198,242,128,parking,fuzzy
141.76034679858472,316,82,251,216,82,75,80,118,237,parking,fuzzy
141.86032992571884,329,114,76,239,38,190,151,134,235,parking,fuzzy
142.35940552633085,545,172,179,195,27,37,250,222,137,parking,fuzzy
142.3699250203098,260,204,46,150,64,211,72,50,59,parking,fuzzy
142.38914605993392,316,101,98,234,95,150,236,218,89,parking,fuzzy
142.4897048130919,329,41,246,34,58,27,45,72,76,parking,fuzzy
142.98909371076564,545,124,198,193,111,11,164,231,233,parking,fuzzy
142.99927104678795,260,167,114,187,64,37,219,243,4,parking,fuzzy
143.01841628583028,316,79,97,237,221,223,128,17,37,parking,fuzzy
143.1193281993295,329,220,82,150,174,81,75,184,17,parking,fuzzy
143.6187655949626,545,249,156,106,66,121,2,174,227,parking,fuzzy
143.62806778557785,260,101,29,226,111,144,100,253,75,parking,fuzzy
143.64754448145808,316,99,68,179,80,22,89,40,92,parking,fuzzy
143.7475206120725,329,203,99,144,207,243,80,214,178,parking,fuzzy
144.24833020476012,545,253,95,41,102,76,167,126,154,parking,fuzzy
144.25914037828053,260,4,87,192,248,146,145,217,222,parking,fuzzy
144.27928060241098,316,27,255,149,13,160,200,196,24,parking,fuzzy
144.3793786291163,329,207,207,213,20,63,37,146,228,parking,fuzzy
144.87884617177156,545,206,166,68,142,171,57,99,212,parking,fuzzy
144.88965441571673,260,231,115,93,74,214,122,98,215,parking,fuzzy
144.9102636693018,316,91,195,110,11,178,221,206,42,parking,fuzzy
145.0098235848681,329,109,114,141,157,26,223,15,240,parking,fuzzy
145.509673853571,545,18,76,143,242,91,160,188,133,parking,fuzzy
145.5190490330841,260,225,45,239,124,171,87,88,148,parking,fuzzy
145.54112882545056,316,241,123,246,182,67,235,106,216,parking,fuzzy
145.64054529784863,329,51,19,130,184,78,164,35,60,parking,fuzzy
146.14137270548042,545,90,235,136,151,108,141,69,118,parking,fuzzy
146.1519895195385,260,0,227,62,207,206,60,197,152,parking,fuzzy
146.17195053668684,316,159,125,56,48,52,68,173,253,parking,fuzzy
146.271012790043,329,255,26,60,212,68,2,45,182,parking,fuzzy
146.7704831355856,545,177,39,201,215,251,4,202,45,parking,fuzzy
146.78035436062748,260,22,248,166,97,225,12,159,127,parking,fuzzy
146.80088810334195,316,29,153,230,232,169,83,122,52,parking,fuzzy
146.9014416367706,329,68,38,191,52,206,26,83,131,parking,fuzzy
147.40161105720114,545,155,154,218,52,247,121,80,156,parking,fuzzy
147.41173103523198,260,64,178,177,34,73,224,97,133,parking,fuzzy
147.43185618076242,316,103,80,146,230,234,103,24,240,parking,fuzzy
147.53134301926013,329,29,220,75,120,208,135,122,24,parking,fuzzy
148.0310250433728,545,30,85,61,248,120,138,10,90,parking,fuzzy
148.04114588951057,260,86,22,62,161,27,94,67,135,parking,fuzzy
148.0618633614008,316,48,218,237,242,195,125,140,146,parking,fuzzy
148.16176345607514,329,58,2,24,11,173,247,227,26,parking,fuzzy
148.66217501095326,545,247,31,40,79,228,82,156,179,parking,fuzzy
148.6731160716725,260,59,83,32,200,249,21,102,210,parking,fuzzy
148.69215965620293,316,63,255,216,18,131,38,140,151,parking,fuzzy
148.79160842019633,329,155,187,202,191,53,145,211,111,parking,fuzzy
149.29198066565007,545,62,128,247,118,185,77,162,127,parking,fuzzy
149.30154811605246,260,60,203,151,20,58,87,141,182,parking,fuzzy
149.32185606855674,316,236,252,88,214,133,130,222,127,parking,fuzzy
149.42142787099598,329,215,166,188,102,200,207,82,113,parking,fuzzy
149.92129673175376,545,5,67,195,28,18,55,214,20,parking,fuzzy
149.93135365389648,260,190,173,239,115,72,83,115,103,parking,fuzzy
149.9522429678744,316,113,63,112,49,248,139,123,91,parking,fuzzy
150.0519460989872,329,115,182,94,183,222,81,240,96,parking,fuzzy
150.55157820394706,545,222,107,130,153,61,240,221,79,parking,fuzzy
150.56204092305097,260,71,206,111,76,241,129,83,21,parking,fuzzy
150.58222643678704,316,113,239,209,197,17,114,134,216,parking,fuzzy
150.68214186366066,329,45,211,79,137,67,111,170,88,parking,fuzzy
151.1819867544326,545,128,119,49,252,181,56,23,72,parking,fuzzy
151.1914615424062,260,210,120,149,136,171,138,226,32,parking,fuzzy
151.21139529888657,316,69,117,32,106,0,153,28,20,parking,fuzzy
151.31090124525477,329,62,77,13,136,170,11,94,37,parking,fuzzy
151.8112032780213,545,178,60,44,120,126,209,101,211,parking,fuzzy
151.8221981091145,260,254,118,160,246,231,24,221,89,parking,fuzzy
151.84236009412146,316,5,198,201,212,49,37,97,213,parking,fuzzy
151.94292728159422,329,60,198,229,86,138,10,209,255,parking,fuzzy
152.4438867043042,545,231,46,132,78,45,144,118,231,parking,fuzzy
152.45372241439085,260,69,93,17,214,104,55,34,212,parking,fuzzy
152.4742386322449,316,79,114,41,228,170,95,191,151,parking,fuzzy
152.57386513240345,329,29,245,156,15,104,223,206,177,parking,fuzzy
153.0741215291712,545,64,205,17,98,161,133,73,88,parking,fuzzy
153.08503140442065,260,191,113,155,152,40,222,217,125,parking,fuzzy
153.10403823459924,316,133,137,84,122,233,146,59,221,parking,fuzzy
153.20373108306637,329,180,220,113,83,249,112,106,7,parking,fuzzy
153.7043022565074,545,217,244,227,154,75,146,245,207,parking,fuzzy
153.71351230365275,260,252,92,167,132,172,167,16,236,parking,fuzzy
153.73267715837113,316,224,45,161,225,34,157,26,223,parking,fuzzy
153.8328400480466,329,28,29,11,134,72,128,184,104,parking,fuzzy
154.33347478266262,545,191,253,134,92,242,253,74,71,parking,fuzzy
154.3438495395907,260,129,66,210,197,35,196,93,1,parking,fuzzy
154.36455562738624,316,216,208,238,207,246,107,239,135,parking,fuzzy
154.46407047509342,329,95,234,28,113,217,118,137,2,parking,fuzzy
154.96490147275128,545,45,96,59,147,166,254,213,111,parking,fuzzy
154.97456596705828,260,252,106,165,95,95,217,87,246,parking,fuzzy
154.99407381109341,316,73,15,216,197,192,28,146,254,parking,fuzzy
155.09470319204607,329,199,49,23,91,228,27,141,189,parking,fuzzy
155.59398658253176,545,10,45,8,157,222,38,32,38,parking,fuzzy
155.60335181756906,260,80,183,102,116,218,115,160,43,parking,fuzzy
155.62028631313908,316,75,188,220,199,93,22,13,239,parking,fuzzy
155.7212192526645,329,151,14,48,111,42,17,180,31,parking,fuzzy
156.22221639859254,545,170,241,17,74,41,51,14,221,parking,fuzzy
156.2313124705697,260,2,250,212,222,79,4,36,13,parking,fuzzy
156.2518464507182,316,124,75,254,226,138,77,138,70,parking,fuzzy
156.35234409820407,329,121,111,42,73,193,197,137,17,parking,fuzzy
156.85261190118084,545,29,231,164,221,9,175,163,3,parking,fuzzy
156.8634224916557,260,152,203,17,144,232,198,189,243,parking,fuzzy
156.88371576222949,316,96,81,239,47,106,156,238,132,parking,fuzzy
156.98436637550031,329,7,92,219,238,11,197,217,224,parking,fuzzy
157.4850748895304,545,133,59,170,155,50,25,185,59,parking,fuzzy
157.49591162908493,260,122,139,35,200,30,226,51,205,parking,fuzzy
157.51505818892252,316,109,196,173,32,161,207,250,231,parking,fuzzy
157.61552667616652,329,113,24,128,74,144,20,134,206,parking,fuzzy
158.11597810120787,545,126,53,222,199,69,191,255,80,parking,fuzzy
158.1266899270497,260,165,77,127,15,9,50,12,82,parking,fuzzy
158.14626517475423,316,232,132,189,40,156,66,22,110,parking,fuzzy
158.24625662598595,329,214,210,61,112,71,130,165,227,parking,fuzzy
158.7495845269886,545,193,77,2,125,49,122,121,39,parking,fuzzy
158.7600309729486,260,103,129,200,19,73,64,124,78,parking,fuzzy
158.77804068592195,316,33,241,38,53,136,64,125,175,parking,fuzzy
158.8782151097271,329,195,43,225,160,176,84,250,19,parking,fuzzy
159.37846179077957,545,195,21,145,179,245,249,177,72,parking,fuzzy
159.3875616448848,260,120,185,138,59,74,234,179,154,parking,fuzzy
159.407575521598,316,247,81,199,13,27,1,229,155,parking,fuzzy
159.50693691487317,329,137,68,195,197,112,228,66,74,parking,fuzzy
160.007084595185,545,198,152,155,134,171,165,174,130,parking,fuzzy
160.016296678368,260,118,31,205,234,143,229,34,153,parking,fuzzy
160.03542683610073,316,94,167,105,196,180,116,29,70,parking,fuzzy
160.1346503266671,329,36,35,182,236,6,194,66,79,parking,fuzzy
160.63369735319364,545,131,30,211,186,120,112,186,179,parking,fuzzy
160.6430274666708,260,196,84,205,177,45,222,116,58,parking,fuzzy
160.66209534696992,316,255,77,197,124,233,135,149,146,parking,fuzzy
160.7629597346206,329,160,4,82,237,180,236,34,5,parking,fuzzy
161.26387344541615,545,11,112,252,199,86,221,5,31,parking,fuzzy
161.27344934967624,260,159,225,134,153,159,196,163,25,parking,fuzzy
161.29384466799135,316,98,239,234,125,157,154,111,53,parking,fuzzy
161.39298441538136,329,213,238,199,253,51,119,55,239,parking,fuzzy
161.89351596875068,545,26,191,64,78,79,125,189,115,parking,fuzzy
161.90265678038907,260,48,199,243,129,68,73,219,248,parking,fuzzy
161.92335360391104,316,186,105,245,126,26,144,209,251,parking,fuzzy
162.0237259843458,329,16,83,2,127,173,69,14,85,parking,fuzzy
162.52394837006185,545,93,146,108,213,12,52,0,150,parking,fuzzy
162.5341497241309,260,181,39,148,168,222,206,100,69,parking,fuzzy
162.55499866488788,316,116,110,202,63,158,94,173,99,parking,fuzzy
162.6548300890868,329,247,235,213,8,171,9,243,145,parking,fuzzy
163.15443929384858,545,162,145,229,158,172,110,57,95,parking,fuzzy
163.16457728218003,260,206,137,120,9,178,154,12,65,parking,fuzzy
163.1848755265961,316,230,71,112,162,7,108,31,196,parking,fuzzy
163.2852089536761,329,109,208,152,148,136,223,123,168,parking,fuzzy
163.7849472213701,545,172,194,185,124,162,204,229,230,parking,fuzzy
163.79580530230103,260,131,143,96,252,188,35,153,35,parking,fuzzy
163.8157052256865,316,54,254,239,184,183,82,57,84,parking,fuzzy
163.91597371813955,329,239,32,127,207,181,145,124,144,parking,fuzzy
164.41670623606996,545,165,95,36,110,210,5,0,65,parking,fuzzy
164.42627213811224,260,186,80,149,164,150,47,0,114,parking,fuzzy
164.4464863059991,316,179,32,197,39,174,52,152,229,parking,fuzzy
164.54645469364536,329,59,131,27,137,74,245,130,86,parking,fuzzy
165.0473047028358,545,44,226,120,183,56,121,118,33,parking,fuzzy
165.05731706752954,260,183,101,11,104,134,80,11,71,parking,fuzzy
165.0769443982752,316,255,56,153,248,192,102,227,41,parking,fuzzy
165.1760860560771,329,41,133,59,72,134,31,96,37,parking,fuzzy
165.6765073644,545,184,44,167,103,21,99,167,56,parking,fuzzy
165.6864040541203,260,111,144,25,226,110,186,248,234,parking,fuzzy
165.70603807049986,316,209,37,9,60,143,114,38,225,parking,fuzzy
165.80522913394694,329,157,151,116,116,21,67,175,46,parking,fuzzy
166.30615655143401,545,51,186,105,189,202,61,57,30,parking,fuzzy
166.31688128067063,260,222,247,184,11,119,129,80,173,parking,fuzzy
166.337523314399,316,208,100,168,223,184,20,102,45,parking,fuzzy
166.4379778154511,329,45,33,113,67,141,171,75,33,parking,fuzzy
166.93815086249407,545,153,157,78,143,225,139,241,202,parking,fuzzy
166.94815893446676,260,141,39,56,68,50,191,248,21,parking,fuzzy
166.96720294988975,316,64,66,148,4,196,53,2,237,parking,fuzzy
167.06743439337205,329,215,138,247,23,245,233,123,54,parking,fuzzy
167.56796298567932,545,251,225,228,159,94,65,49,123,parking,fuzzy
167.57728621704675,260,37,153,135,60,43,92,61,230,parking,fuzzy
167.59717415269537,316,230,223,221,98,37,154,19,29,parking,fuzzy
167.69731478705876,329,50,49,118,95,11,189,128,69,parking,fuzzy
168.19644701116067,545,16,132,107,133,125,232,138,153,parking,fuzzy
168.20581182113196,260,186,96,89,104,114,185,98,51,parking,fuzzy
168.22501310927714,316,36,89,158,164,95,198,201,203,parking,fuzzy
168.32420230263617,329,101,215,1,156,147,240,97,48,parking,fuzzy
168.82408208959936,545,9,190,143,73,53,250,59,140,parking,fuzzy
168.834900167515,260,47,120,150,133,244,235,239,20,parking,fuzzy
168.8556362600114,316,86,187,201,4,247,58,23,57,parking,fuzzy
168.95601543913972,329,149,123,219,221,124,100,231,187,parking,fuzzy
169.4569638146725,545,175,66,25,77,81,185,53,219,parking,fuzzy
169.46742353924193,260,39,248,146,169,51,142,107,6,parking,fuzzy
169.48829920531108,316,97,178,9,40,202,88,151,154,parking,fuzzy
169.58877189299935,329,163,93,128,198,197,29,115,55,parking,fuzzy
170.08867937954858,545,74,134,36,248,161,58,91,32,parking,fuzzy
170.0996171269731,260,28,254,65,31,21,60,127,206,parking,fuzzy
170.11875683368532,316,10,63,217,232,91,195,19,82,parking,fuzzy
170.21900565258423,329,230,62,75,236,242,164,61,70,parking,fuzzy
170.7195336117925,545,50,114,44,17,34,13,121,162,parking,fuzzy
170.7292809315895,260,183,25,27,52,142,192,60,32,parking,fuzzy
170.7501818844939,316,138,73,39,66,27,134,196,21,parking,fuzzy
170.85089136550766,329,91,214,206,101,127,10,154,218,parking,fuzzy
171.3504448551795,545,140,87,240,170,123,43,2,142,parking,fuzzy
171.35988392499127,260,78,135,24,40,139,160,182,27,parking,fuzzy
171.37929063926103,316,77,181,98,188,52,253,98,62,parking,fuzzy
171.47996689594999,329,144,68,18,162,143,79,4,133,parking,fuzzy
171.97942913852205,545,8,183,116,79,233,124,229,179,parking,fuzzy
171.9889592030043,260,51,246,133,205,232,151,109,87,parking,fuzzy
172.0090851202741,316,229,165,160,159,190,75,50,148,parking,fuzzy
172.10942302402415,329,136,96,48,76,119,222,241,230,parking,fuzzy
172.61040348337235,545,76,4,21,187,215,86,76,106,parking,fuzzy
172.6213930144756,260,159,10,26,146,205,60,249,246,parking,fuzzy
172.64150259395583,316,106,185,246,207,64,170,111,181,parking,fuzzy
172.74063515642274,329,2,130,103,162,91,217,24,241,parking,fuzzy
173.24161060511508,545,54,195,202,204,20,65,89,171,parking,fuzzy
173.25175279933325,260,80,160,244,254,180,255,209,7,parking,fuzzy
173.271386644074,316,35,15,202,23,130,153,43,92,parking,fuzzy
173.37193882932647,329,8,254,193,196,23,106,64,178,parking,fuzzy
173.8726616394508,545,185,168,150,241,46,2,250,37,parking,fuzzy
173.88217056067953,260,111,154,238,16,90,150,112,239,parking,fuzzy
173.90296522101696,316,197,6,220,43,202,136,207,201,parking,fuzzy
174.00277046394413,329,50,93,204,99,180,204,56,131,parking,fuzzy
174.50282320611487,545,238,88,232,63,84,245,211,198,parking,fuzzy
174.51276298411665,260,59,170,113,174,163,31,44,223,parking,fuzzy
174.5331767009822,316,130,215,145,107,200,7,159,158,parking,fuzzy
174.63414528478728,329,16,208,55,242,210,218,10,143,parking,fuzzy
175.13415607105603,545,251,56,175,57,139,64,222,27,parking,fuzzy
175.14343226085467,260,20,213,220,41,79,21,62,63,parking,fuzzy
175.16286622542412,316,34,122,205,162,219,128,242,161,parking,fuzzy
175.26236646861736,329,46,201,252,85,224,137,232,249,parking,fuzzy
175.76188903404793,545,229,114,68,216,8,111,120,111,parking,fuzzy
175.77147330085225,260,172,203,66,3,183,174,237,122,parking,fuzzy
175.7924666602841,316,99,247,174,169,85,80,44,29,parking,fuzzy
175.8924590574226,329,129,234,197,50,245,77,93,134,parking,fuzzy
176.39264865617722,545,54,37,208,98,195,152,130,212,parking,fuzzy
176.4029628042735,260,248,206,206,201,144,193,138,170,parking,fuzzy
176.4235027279907,316,135,64,100,189,243,85,118,185,parking,fuzzy
176.52270384983228,329,182,110,58,154,139,236,13,161,parking,fuzzy
177.023199309652,545,102,84,45,253,57,5,40,181,parking,fuzzy
177.03316288135872,260,249,88,37,205,102,211,217,27,parking,fuzzy
177.05318307133345,316,114,149,139,249,183,117,244,6,parking,fuzzy
177.15389547913972,329,245,207,44,112,195,226,199,29,parking,fuzzy
177.65436765864365,545,9,38,220,91,51,136,150,175,parking,fuzzy
177.66437297109667,260,30,10,167,162,231,199,80,204,parking,fuzzy
177.6836003867685,316,172,173,97,158,5,215,237,115,parking,fuzzy
177.78455412100124,329,41,123,71,232,123,119,82,189,parking,fuzzy
178.2846417265543,545,125,1,104,105,219,22,170,41,parking,fuzzy
178.2945298904283,260,96,111,13,119,183,167,46,150,parking,fuzzy
178.31458756482976,316,37,139,47,85,136,22,81,21,parking,fuzzy
178.41394376578575,329,10,10,211,41,204,209,29,112,parking,fuzzy
178.91478803437016,545,192,41,115,113,238,188,224,69,parking,fuzzy
178.9249389765659,260,52,38,57,132,18,161,136,241,parking,fuzzy
178.94557753415418,316,134,177,103,119,179,96,94,240,parking,fuzzy
179.04595834643126,329,17,18,188,229,80,192,41,55,parking,fuzzy
179.54534524567944,545,104,213,84,169,163,51,110,223,parking,fuzzy
179.55512972141653,260,63,55,223,21,75,213,7,157,parking,fuzzy
179.57518234972824,316,55,12,127,153,143,235,64,130,parking,fuzzy
179.67474323131054,329,33,39,188,99,155,18,102,120,parking,fuzzy
180.17388034246898,545,189,208,211,86,114,82,106,254,parking,fuzzy
180.18288058401197,260,224,170,137,75,129,243,209,156,parking,fuzzy
180.20235566153235,316,156,108,50,208,37,76,162,178,parking,fuzzy
180.30216651802272,329,112,42,185,15,76,206,98,39,parking,fuzzy
180.8026311947727,545,65,146,66,184,177,88,204,86,parking,fuzzy
180.8116690124313,260,52,68,163,56,212,161,142,190,parking,fuzzy
180.83199372608968,316,73,242,93,107,78,29,82,211,parking,fuzzy
180.93262969609208,329,132,248,25,11,244,138,141,21,parking,fuzzy
181.43321035532205,545,43,206,120,158,242,205,147,198,parking,fuzzy
181.44362644312403,260,126,72,77,94,24,98,222,21,parking,fuzzy
181.46406996302278,316,162,69,242,143,37,233,162,171,parking,fuzzy
181.5639234678329,329,35,91,16,213,122,61,244,161,parking,fuzzy
182.06355740361732,545,233,143,103,147,200,196,13,222,parking,fuzzy
182.07307309444033,260,106,134,195,191,153,43,109,203,parking,fuzzy
182.09346431095219,316,241,18,51,89,167,171,213,198,parking,fuzzy
182.19288825483576,329,176,228,103,120,60,131,0,211,parking,fuzzy
182.6927337819054,545,251,228,85,63,166,100,169,124,parking,fuzzy
182.70278542420428,260,95,200,254,73,119,81,28,190,parking,fuzzy
182.72321403979907,316,149,152,177,195,110,124,58,41,parking,fuzzy
182.82323738075414,329,12,84,110,237,81,239,86,251,parking,fuzzy
183.32344968129388,545,122,119,173,234,82,142,122,255,parking,fuzzy
183.33333407033075,260,61,251,191,33,69,189,168,10,parking,fuzzy
183.35425223865136,316,179,190,81,207,117,122,49,118,parking,fuzzy
183.45502712984916,329,250,19,108,123,221,215,223,91,parking,fuzzy
183.9559880385538,545,220,201,13,3,37,57,202,179,parking,fuzzy
183.9661309044284,260,98,35,105,84,165,43,201,73,parking,fuzzy
183.9857724085476,316,92,218,227,179,114,136,243,129,parking,fuzzy
184.0847745266868,329,194,115,134,215,153,29,190,196,parking,fuzzy
184.58377486550927,545,171,235,112,247,177,17,166,114,parking,fuzzy
184.5935735491901,260,128,120,29,35,214,159,218,122,parking,fuzzy
184.61330710472546,316,190,130,220,128,75,242,70,28,parking,fuzzy
184.71253933685148,329,113,61,224,137,125,160,7,204,parking,fuzzy
185.21353840960256,545,212,198,8,192,3,192,157,42,parking,fuzzy
185.22428815426693,260,21,90,19,123,39,152,206,173,parking,fuzzy
185.24469863261527,316,86,20,189,194,182,69,97,220,parking,fuzzy
185.3452141339905,329,95,223,107,113,18,249,166,8,parking,fuzzy
185.84585134273058,545,252,23,199,90,213,55,202,131,parking,fuzzy
185.8548907285575,260,212,189,77,77,169,130,77,254,parking,fuzzy
185.87400554368404,316,162,14,207,70,25,14,219,37,parking,fuzzy
185.97492254198482,329,47,119,31,183,47,168,195,200,parking,fuzzy
186.4751925733348,545,219,66,188,132,84,62,186,18,parking,fuzzy
186.48579900112554,260,162,15,219,140,13,65,130,119,parking,fuzzy
186.50559549380677,316,161,91,233,77,229,37,47,18,parking,fuzzy
186.6048827832008,329,208,197,126,207,27,81,137,152,parking,fuzzy
187.1058512732236,545,132,205,174,129,166,245,48,176,parking,fuzzy
187.11510905942555,260,205,219,222,86,229,88,148,57,parking,fuzzy
187.13604337694787,316,238,18,101,207,114,199,116,236,parking,fuzzy
187.2352432027145,329,217,8,137,199,205,11,13,29,parking,fuzzy
187.7347104083435,545,161,62,185,191,202,207,190,97,parking,fuzzy
187.7456500254921,260,98,48,158,77,73,166,72,0,parking,fuzzy
187.76523577319816,316,93,29,153,145,102,242,224,64,parking,fuzzy
187.86587599083526,329,66,214,69,140,3,240,232,189,parking,fuzzy
188.36607571772635,545,110,156,27,76,240,194,94,226,parking,fuzzy
188.3770168435781,260,115,30,77,40,143,19,157,119,parking,fuzzy
188.39609643316376,316,74,165,120,70,19,152,79,155,parking,fuzzy
188.49574087218363,329,220,74,239,42,255,24,253,204,parking,fuzzy
188.99660222608367,545,15,82,192,177,156,233,157,244,parking,fuzzy
189.00676086275064,260,139,104,53,104,222,231,182,8,parking,fuzzy
189.02723228673068,316,5,120,47,178,144,176,202,254,parking,fuzzy
189.1278480349203,329,34,51,93,34,245,56,240,143,parking,fuzzy
189.62825638057188,545,177,24,90,184,233,147,202,210,parking,fuzzy
189.63764510195037,260,22,165,42,97,238,185,208,227,parking,fuzzy
189.6579363120694,316,182,85,97,90,139,13,173,70,parking,fuzzy
189.75722752328267,329,172,73,10,134,52,117,232,158,parking,fuzzy
190.25804534865776,545,193,73,160,104,118,63,110,47,parking,fuzzy
190.26795312877388,260,23,127,230,89,246,183,189,225,parking,fuzzy
190.28772355969593,316,208,240,109,74,204,248,11,139,parking,fuzzy
190.38811980669342,329,226,123,49,42,108,75,16,231,parking,fuzzy
190.88889154966628,545,248,151,64,9,210,146,198,4,parking,fuzzy
190.8995423626357,260,232,61,186,253,3,194,179,98,parking,fuzzy
190.9198751647639,316,210,52,205,82,255,234,33,60,parking,fuzzy
191.01936359120793,329,170,103,220,57,117,188,148,225,parking,fuzzy
191.51965777341513,545,207,12,19,49,36,52,203,146,parking,fuzzy
191.5293276711124,260,153,121,37,100,84,22,112,33,parking,fuzzy
191.54934795767045,316,165,231,51,93,27,149,228,113,parking,fuzzy
191.64980523054763,329,169,180,72,122,104,210,126,35,parking,fuzzy
192.15059230073305,545,27,217,96,129,66,228,46,119,parking,fuzzy
192.16000347406782,260,137,231,71,168,232,88,137,92,parking,fuzzy
192.1794491590195,316,82,89,239,12,121,68,80,249,parking,fuzzy
192.27934146707148,329,7,14,57,227,83,113,249,122,parking,fuzzy
192.77920533652255,545,96,16,85,19,10,11,173,146,parking,fuzzy
192.7898448122112,260,172,6,102,194,242,60,28,35,parking,fuzzy
192.80909081001957,316,96,246,41,245,89,163,109,135,parking,fuzzy
192.90822061141483,329,160,211,116,183,251,53,245,75,parking,fuzzy
193.40728967440342,545,199,166,131,9,11,104,249,109,parking,fuzzy
193.41788543268802,260,39,116,158,211,179,137,24,43,parking,fuzzy
193.43796269296047,316,45,166,37,88,223,141,219,116,parking,fuzzy
193.53850708324146,329,244,115,85,34,141,2,187,158,parking,fuzzy
194.0388423198464,545,114,23,147,106,141,128,222,0,parking,fuzzy
194.04848655258868,260,110,128,109,21,81,236,60,231,parking,fuzzy
194.0688317939128,316,180,172,21,115,136,47,181,5,parking,fuzzy
194.16867854913252,329,115,70,16,187,150,15,3,253,parking,fuzzy
194.6679094324417,545,200,255,207,172,6,198,228,61,parking,fuzzy
194.67882712312314,260,129,39,76,163,90,230,5,250,parking,fuzzy
194.69792325627816,316,7,125,196,55,24,128,58,95,parking,fuzzy
194.7983705384838,329,250,235,62,214,97,204,191,21,parking,fuzzy
195.2987527343789,545,69,118,128,248,218,158,202,140,parking,fuzzy
195.30913284442883,260,105,196,133,154,250,125,4,26,parking,fuzzy
195.32962790501168,316,213,217,229,82,143,134,188,123,parking,fuzzy
195.43054516309428,329,133,17,160,1,183,56,63,85,parking,fuzzy
195.93025931018775,545,66,101,164,240,11,240,185,185,parking,fuzzy
195.94066153315208,260,136,207,203,224,42,35,201,251,parking,fuzzy
195.9597157735653,316,255,239,157,15,98,111,38,255,parking,fuzzy
196.05931011967073,329,206,125,139,153,199,204,250,249,parking,fuzzy
196.55854873252537,545,11,115,229,12,35,102,15,151,parking,fuzzy
196.56763463827986,260,84,156,192,40,124,60,125,147,parking,fuzzy
196.588505531469,316,40,79,28,135,41,33,14,216,parking,fuzzy
196.68813534580133,329,212,91,76,254,221,41,200,63,parking,fuzzy
197.18869773575813,545,52,173,162,34,120,211,56,17,parking,fuzzy
197.1981914731054,260,160,193,23,130,245,78,246,94,parking,fuzzy
197.2189670937178,316,108,9,169,83,30,178,101,172,parking,fuzzy
197.3184354400741,329,129,158,107,183,119,130,62,89,parking,fuzzy
197.81896025736515,545,94,164,127,102,212,34,121,202,parking,fuzzy
197.82826671584849,260,140,164,219,125,234,241,157,57,parking,fuzzy
197.84868941947647,316,41,213,6,208,231,6,202,1,parking,fuzzy
197.94941958090672,329,11,42,67,64,204,96,246,175,parking,fuzzy
198.44969289953656,545,99,246,216,108,68,103,59,190,parking,fuzzy
198.4605707646944,260,178,97,45,241,10,89,183,102,parking,fuzzy
198.48130680000355,316,243,176,187,43,12,90,142,123,parking,fuzzy
198.58169664575365,329,151,150,117,147,119,220,48,74,parking,fuzzy
199.08227050500625,545,181,8,212,92,182,32,102,170,parking,fuzzy
199.0916615948715,260,158,130,77,39,80,102,42,87,parking,fuzzy
199.11076708740512,316,63,236,182,20,189,103,217,170,parking,fuzzy
199.21147415721848,329,49,144,64,254,34,199,91,194,parking,fuzzy
199.71206598048357,545,11,13,198,236,224,196,14,76,parking,fuzzy
199.7212841842912,260,90,110,166,170,224,90,153,82,parking,fuzzy
199.74113366799847,316,129,4,98,17,209,143,78,88,parking,fuzzy
199.8396548750736,329,214,135,39,239,84,148,199,104,parking,fuzzy
200.3398421660682,545,147,48,88,39,179,120,69,162,parking,fuzzy
200.34983296959146,260,232,27,170,2,192,113,74,16,parking,fuzzy
200.3704639322158,316,176,244,111,208,72,126,184,201,parking,fuzzy
200.46987504841525,329,130,26,79,58,30,90,96,246,parking,fuzzy
200.9704871754357,545,127,125,30,51,71,111,182,194,parking,fuzzy
200.9800202395426,260,14,64,75,176,78,128,137,243,parking,fuzzy
201.00072864718862,316,251,44,6,167,139,193,209,162,parking,fuzzy
201.10169347777017,329,86,193,20,249,81,119,213,0,parking,fuzzy
201.60100742705666,545,143,226,209,215,189,170,117,160,parking,fuzzy
201.61181695510518,260,127,82,145,75,149,171,119,207,parking,fuzzy
201.6312537519661,316,132,212,82,81,198,161,18,177,parking,fuzzy
201.7306800247261,329,134,174,112,115,76,171,198,226,parking,fuzzy
202.23102508409073,545,208,172,174,46,160,115,38,189,parking,fuzzy
202.24159741762028,260,128,236,77,135,245,233,65,97,parking,fuzzy
202.26116604672706,316,197,27,130,74,237,231,224,143,parking,fuzzy
202.3613283973786,329,187,246,53,135,3,59,60,169,parking,fuzzy
202.86068564665015,545,211,105,82,143,29,235,168,90,parking,fuzzy
202.87037368537955,260,179,192,84,199,38,59,231,141,parking,fuzzy
202.89112313082245,316,37,246,72,107,255,203,146,252,parking,fuzzy
202.99104757112454,329,106,111,181,237,250,21,228,188,parking,fuzzy
203.4908850349493,545,178,137,28,45,166,117,82,177,parking,fuzzy
203.4999687250727,260,84,200,189,4,48,34,182,48,parking,fuzzy
203.51989554646494,316,220,184,40,180,246,11,242,122,parking,fuzzy
203.61904414152153,329,155,243,240,225,140,67,222,146,parking,fuzzy
204.11935676618717,545,3,46,16,104,209,191,194,51,parking,fuzzy
204.12924044334764,260,41,87,142,9,44,75,183,40,parking,fuzzy
204.15001541872374,316,14,150,206,35,177,144,87,232,parking,fuzzy
204.24984155792845,329,162,28,65,43,45,83,66,211,parking,fuzzy
204.7506424195495,545,72,105,71,193,229,241,38,84,parking,fuzzy
204.76155152552096,260,121,96,219,154,245,76,181,135,parking,fuzzy
204.78070542033615,316,136,112,22,186,177,159,200,209,parking,fuzzy
204.881292589864,329,193,201,2,213,15,20,75,39,parking,fuzzy
205.38039912802208,545,150,95,113,243,152,107,49,245,parking,fuzzy
205.38952500973227,260,156,95,66,144,77,138,132,49,parking,fuzzy
205.41036706042908,316,56,180,78,80,118,36,225,185,parking,fuzzy
205.51035117843668,329,20,120,17,83,109,175,185,198,parking,fuzzy
206.0100402263526,545,207,222,110,117,0,132,214,145,parking,fuzzy
206.0198716516385,260,68,125,118,116,118,28,252,25,parking,fuzzy
206.0401806568284,316,208,121,222,13,102,245,154,161,parking,fuzzy
206.14018042876552,329,30,5,228,10,140,124,223,242,parking,fuzzy
206.64030951956707,545,61,224,198,40,155,31,105,16,parking,fuzzy
206.65063937015628,260,246,40,197,188,165,169,66,82,parking,fuzzy
206.67070843285083,316,172,164,220,88,165,181,53,106,parking,fuzzy
206.77164895438273,329,103,173,32,85,66,208,145,159,parking,fuzzy
207.27122329131097,545,198,20,17,255,220,161,117,59,parking,fuzzy
207.28121909790616,260,150,130,179,206,21,35,139,145,parking,fuzzy
207.30198258244016,316,89,12,84,189,229,0,238,183,parking,fuzzy
207.40151675566767,329,250,232,208,216,52,29,13,65,parking,fuzzy
207.90092531516527,545,117,251,126,135,245,81,67,90,parking,fuzzy
207.91114281999867,260,113,96,160,167,152,164,172,116,parking,fuzzy
207.93190969621241,316,99,51,47,118,194,74,164,204,parking,fuzzy
208.0322524700223,329,145,219,195,32,173,4,30,52,parking,fuzzy
208.53171987916465,545,249,231,61,200,57,218,211,223,parking,fuzzy
208.5421420348267,260,88,20,33,94,85,222,6,175,parking,fuzzy
208.56313191327635,316,62,35,205,45,94,113,48,23,parking,fuzzy
208.66340042497075,329,194,32,185,78,160,159,255,224,parking,fuzzy
209.16356962021325,545,211,148,11,6,240,85,242,212,parking,fuzzy
209.1725832854747,260,185,2,59,228,191,82,33,57,parking,fuzzy
209.19269624008754,316,6,172,227,126,253,70,73,26,parking,fuzzy
209.29290606589674,329,3,129,142,222,86,34,244,152,parking,fuzzy
209.79306085865713,545,32,205,143,221,150,74,242,197,parking,fuzzy
209.80386958261124,260,166,179,72,189,191,66,108,185,parking,fuzzy
209.82342557371913,316,116,79,94,163,45,255,162,53,parking,fuzzy
209.92345085689246,329,223,17,69,241,57,255,222,30,parking,fuzzy
210.42272059530086,545,134,160,230,110,184,86,26,252,parking,fuzzy
210.432831428918,260,29,231,191,238,105,34,132,10,parking,fuzzy
210.4522814395369,316,166,251,221,139,137,240,44,154,parking,fuzzy
210.5526968055584,329,181,25,145,252,154,186,190,59,parking,fuzzy
211.05366580453327,545,65,40,204,102,75,80,213,102,parking,fuzzy
211.0635704527533,260,25,177,41,13,220,157,251,194,parking,fuzzy
211.08351090453854,316,145,218,104,168,49,250,181,219,parking,fuzzy
211.1825959671562,329,181,50,126,95,137,117,181,183,parking,fuzzy
211.68235440149283,545,185,52,114,146,106,228,218,2,parking,fuzzy
211.6953431094928,260,212,67,71,103,172,124,131,228,parking,fuzzy
211.71528620576402,316,186,51,118,133,19,157,0,100,parking,fuzzy
211.81620059125467,329,202,115,7,181,8,118,127,195,parking,fuzzy
212.31522348481585,545,17,11,98,218,198,208,237,243,parking,fuzzy
212.32601375778452,260,233,25,214,212,231,221,196,207,parking,fuzzy
212.34548486207933,316,4,31,19,126,108,227,223,158,parking,fuzzy
212.44598356159088,329,244,182,244,67,129,202,0,8,parking,fuzzy
212.9461639426559,545,71,75,207,120,251,12,31,195,parking,fuzzy
212.95568354788517,260,101,108,80,116,32,151,58,127,parking,fuzzy
212.97654025041692,316,31,65,113,143,32,117,79,15,parking,fuzzy
213.0758794412117,329,183,58,187,153,144,255,24,41,parking,fuzzy
213.57663011624956,545,243,64,70,216,208,41,82,190,parking,fuzzy
213.58730130856048,260,148,172,168,97,66,29,207,114,parking,fuzzy
213.60697501701173,316,207,118,41,79,137,144,43,179,parking,fuzzy
213.7067693918126,329,222,203,169,239,54,137,76,144,parking,fuzzy
214.20626435418876,545,80,185,235,154,202,159,174,42,parking,fuzzy
214.2157933269261,260,27,101,43,23,232,179,34,85,parking,fuzzy
214.23513230054675,316,200,103,56,22,116,157,62,61,parking,fuzzy
214.33464047677464,329,75,11,170,206,84,39,183,21,parking,fuzzy
214.8350870028391,545,239,135,142,43,245,57,250,122,parking,fuzzy
214.84417333963154,260,203,25,182,47,206,110,16,107,parking,fuzzy
214.8639227393412,316,71,83,78,99,151,26,87,102,parking,fuzzy
214.96465556494982,329,215,227,44,111,208,38,117,81,parking,fuzzy
215.46405155918578,545,35,55,43,204,55,101,121,51,parking,fuzzy
215.4739933341399,260,38,84,82,21,161,192,198,59,parking,fuzzy
215.49489609737702,316,88,235,30,50,237,113,10,13,parking,fuzzy
215.59421114893715,329,142,165,164,183,125,126,161,180,parking,fuzzy
216.09330536973115,545,190,5,83,236,223,229,62,83,parking,fuzzy
216.1023107591922,260,76,78,223,56,65,82,113,231,parking,fuzzy
216.12258413820814,316,30,207,183,161,202,181,152,55,parking,fuzzy
216.22356665307734,329,211,18,157,243,66,101,224,39,parking,fuzzy
216.72340282308107,545,143,199,127,114,227,135,194,37,parking,fuzzy
216.7340851180707,260,85,47,37,45,5,213,233,34,parking,fuzzy
216.75382650909333,316,174,116,63,244,175,69,135,73,parking,fuzzy
216.85432603018035,329,88,47,107,24,158,228,91,139,parking,fuzzy
217.35429328990776,545,21,23,51,11,7,195,128,92,parking,fuzzy
217.36413991899295,260,233,112,60,183,136,109,90,82,parking,fuzzy
217.38361648990883,316,235,164,234,196,70,224,193,146,parking,fuzzy
217.484093449647,329,129,227,59,141,182,65,72,185,parking,fuzzy
217.9837161959591,545,242,209,35,83,86,181,174,29,parking,fuzzy
217.9939233103165,260,221,96,17,65,54,54,171,143,parking,fuzzy
218.01482486622254,316,227,223,238,34,76,70,118,191,parking,fuzzy
218.11434264032863,329,148,233,84,224,150,194,177,32,parking,fuzzy
218.61379924673872,545,188,84,183,84,144,244,189,23,parking,fuzzy
218.62309634603403,260,22,162,12,193,194,160,249,38,parking,fuzzy
218.64340078003735,316,99,136,143,114,126,84,172,166,parking,fuzzy
218.74250837082127,329,70,80,33,44,72,3,66,223,parking,fuzzy
219.24338938306428,545,46,149,204,176,161,75,129,17,parking,fuzzy
219.25416811084975,260,175,250,188,244,203,215,133,106,parking,fuzzy
219.27360679005366,316,232,155,154,239,127,243,202,201,parking,fuzzy
219.3729609251523,329,230,24,218,100,3,208,200,70,parking,fuzzy
219.8722769701342,545,190,133,194,183,155,87,205,84,parking,fuzzy
219.88163525478132,260,50,146,109,228,168,94,168,202,parking,fuzzy
219.90193032753083,316,137,247,110,168,50,82,136,223,parking,fuzzy
220.00201866340328,329,102,69,139,56,97,239,71,37,parking,fuzzy
220.50132093937046,545,24,197,76,146,25,117,66,87,parking,fuzzy
220.51130385037683,260,235,53,194,33,36,56,120,254,parking,fuzzy
220.53148923299167,316,74,195,181,15,59,33,187,196,parking,fuzzy
220.63170341351736,329,212,150,117,219,239,234,84,89,parking,fuzzy
221.13094775040489,545,57,91,250,71,85,188,25,63,parking,fuzzy
221.14127300125932,260,40,90,137,212,151,176,235,43,parking,fuzzy
221.16029844245205,316,194,230,213,139,221,172,221,63,parking,fuzzy
221.26035219195475,329,37,198,109,253,55,135,238,174,parking,fuzzy
221.7597786792111,545,140,249,92,126,140,178,148,220,parking,fuzzy
221.77029175060227,260,109,251,251,39,60,173,16,243,parking,fuzzy
221.79065777866938,316,43,23,178,212,61,157,28,221,parking,fuzzy
221.890561398432,329,212,92,224,113,129,191,195,227,parking,fuzzy
222.39025744085328,545,74,68,252,84,79,11,121,100,parking,fuzzy
222.4008606355571,260,211,97,80,145,243,97,132,161,parking,fuzzy
222.420974454221,316,239,14,173,11,38,185,227,92,parking,fuzzy
222.51997633817678,329,155,144,114,125,228,254,111,206,parking,fuzzy
223.01947149981248,545,224,192,221,25,221,133,127,81,parking,fuzzy
223.029022853027,260,85,92,42,160,235,127,15,235,parking,fuzzy
223.04866735392278,316,152,101,215,247,234,234,56,71,parking,fuzzy
223.14843671035365,329,116,38,153,35,144,64,254,132,parking,fuzzy
223.6487250822261,545,104,182,57,138,26,136,202,6,parking,fuzzy
223.65819968411208,260,8,15,200,19,224,40,197,148,parking,fuzzy
223.67915799367864,316,9,74,201,221,140,251,121,15,parking,fuzzy
223.77951849688864,329,164,149,219,229,141,136,255,151,parking,fuzzy
224.28043917663405,545,224,179,188,190,180,226,254,82,parking,fuzzy
224.29023082409074,260,61,230,121,161,158,237,138,26,parking,fuzzy
224.30928000227684,316,67,184,34,64,206,252,188,33,parking,fuzzy
224.40829453747983,329,4,62,142,90,145,226,22,118,parking,fuzzy
224.90820341937805,545,197,188,59,212,14,220,251,182,parking,fuzzy
224.91885364576214,260,222,180,116,198,142,254,220,11,parking,fuzzy
224.939460488663,316,244,29,185,68,197,167,177,146,parking,fuzzy
225.03853501163073,329,32,98,212,102,125,43,241,132,parking,fuzzy
225.53882663685417,545,102,50,84,123,178,94,116,203,parking,fuzzy
225.54899659360578,260,79,96,116,122,208,51,205,42,parking,fuzzy
225.56973986069445,316,131,156,184,63,2,114,10,170,parking,fuzzy
225.66890322889083,329,65,187,173,67,0,234,92,126,parking,fuzzy
226.1691255094372,545,144,113,127,38,89,101,38,53,parking,fuzzy
226.1795120395094,260,207,109,226,233,196,223,32,15,parking,fuzzy
226.19997130433228,316,169,91,139,208,82,139,126,162,parking,fuzzy
226.29916084540065,329,236,15,6,161,45,161,109,88,parking,fuzzy
226.79979481046186,545,178,124,111,182,152,198,26,201,parking,fuzzy
226.80990033607458,260,201,45,28,23,173,229,254,41,parking,fuzzy
226.82975003489827,316,143,102,169,14,11,155,106,176,parking,fuzzy
226.92889171488085,329,138,234,166,175,22,224,32,23,parking,fuzzy
227.42958176919166,545,248,47,127,83,21,40,214,125,parking,fuzzy
227.4397343919733,260,96,18,202,143,79,21,238,182,parking,fuzzy
227.45973532692636,316,136,226,126,107,191,81,53,208,parking,fuzzy
227.55914837989334,329,37,125,252,107,158,65,23,151,parking,fuzzy
228.05868056592007,545,94,78,65,15,234,183,156,127,parking,fuzzy
228.06831490994634,260,77,38,197,199,176,173,9,201,parking,fuzzy
228.08854666673946,316,248,242,11,97,29,206,165,214,parking,fuzzy
228.18848094151897,329,143,212,132,63,23,71,2,17,parking,fuzzy
228.68935880297317,545,141,10,83,255,216,176,98,113,parking,fuzzy
228.6988989185279,260,192,181,218,163,11,111,46,59,parking,fuzzy
228.71858306180934,316,30,5,71,73,75,57,118,32,parking,fuzzy
228.81931353562013,329,16,5,162,145,227,73,41,173,parking,fuzzy
229.31890811547856,545,69,226,211,62,55,35,178,152,parking,fuzzy
229.32980827444385,260,223,65,29,211,58,38,69,187,parking,fuzzy
229.35058063243574,316,222,131,10,188,117,98,243,221,parking,fuzzy
229.45099173139965,329,167,36,85,58,47,220,209,27,parking,fuzzy
229.95024455947237,545,217,8,28,109,93,20,224,113,parking,fuzzy
229.96108268648516,260,230,145,45,196,83,20,58,99,parking,fuzzy
229.9806831538159,316,87,37,39,207,57,122,13,195,parking,fuzzy
230.08057109841664,329,143,216,251,137,41,68,88,119,parking,fuzzy
230.58090374963925,545,29,239,195,205,210,70,28,106,parking,fuzzy
230.591411430278,260,193,38,236,226,98,223,181,95,parking,fuzzy
230.6110726595595,316,179,80,69,36,241,41,41,173,parking,fuzzy
230.7108545557568,329,182,254,238,93,92,22,83,154,parking,fuzzy
231.2109320803308,545,84,69,29,40,58,104,27,51,parking,fuzzy
231.22147300200663,260,42,120,23,239,21,60,209,16,parking,fuzzy
231.24219619033627,316,173,149,137,251,209,47,50,35,parking,fuzzy
231.34124876760762,329,174,230,29,118,33,7,149,239,parking,fuzzy
231.84178378246412,545,132,14,29,71,102,85,145,3,parking,fuzzy
231.85110940222472,260,200,168,127,153,56,182,226,80,parking,fuzzy
231.87132245047155,316,115,119,29,8,150,79,168,174,parking,fuzzy
231.9709858928206,329,206,181,120,166,229,250,44,4,parking,fuzzy
232.47104988395526,545,126,141,62,23,90,128,224,13,parking,fuzzy
232.48150802956349,260,185,189,155,145,80,108,93,5,parking,fuzzy
232.50222847823918,316,25,221,60,165,44,96,190,44,parking,fuzzy
232.60167227601184,329,29,125,111,136,31,54,51,217,parking,fuzzy
233.10076347586616,545,180,6,10,20,123,7,116,168,parking,fuzzy
233.11079323173266,260,246,106,85,177,3,90,0,196,parking,fuzzy
233.13118727916998,316,185,36,70,66,148,107,236,16,parking,fuzzy
233.23151730155584,329,59,135,142,209,247,251,199,165,parking,fuzzy
233.73248258517984,545,48,228,38,78,78,141,26,168,parking,fuzzy
233.74297216389795,260,81,30,27,255,19,1,205,62,parking,fuzzy
233.76380805195893,316,108,157,197,246,224,25,140,179,parking,fuzzy
233.86303361120272,329,47,27,5,99,44,219,37,13,parking,fuzzy
234.36397471752568,545,112,251,51,236,100,185,218,92,parking,fuzzy
234.3734815427738,260,46,116,134,31,31,136,138,217,parking,fuzzy
234.39264784440667,316,202,243,51,187,84,80,150,35,parking,fuzzy
234.49221834103395,329,91,114,157,183,196,131,19,169,parking,fuzzy
234.9917124670699,545,239,113,212,65,49,141,77,64,parking,fuzzy
235.0016344674024,260,96,23,211,234,209,201,99,202,parking,fuzzy
235.02117108348446,316,84,42,91,236,139,142,63,241,parking,fuzzy
235.12068130116282,329,118,22,111,130,60,149,16,211,parking,fuzzy
235.6200322498865,545,173,36,222,253,30,46,160,33,parking,fuzzy
235.62922855772962,260,224,225,223,94,120,66,132,225,parking,fuzzy
235.6494512475679,316,14,148,194,45,201,143,185,72,parking,fuzzy
235.75007552735596,329,147,201,0,99,42,97,157,157,parking,fuzzy
236.2507955100114,545,198,216,57,242,141,200,69,39,parking,fuzzy
236.26077135233493,260,56,186,69,0,46,29,202,79,parking,fuzzy
236.28047670160458,316,188,145,229,138,167,107,114,75,parking,fuzzy
236.38091375934067,329,54,46,117,208,29,17,128,77,parking,fuzzy
236.88082556121887,545,124,163,92,238,220,60,131,188,parking,fuzzy
236.89123460510012,260,171,235,8,173,63,39,224,235,parking,fuzzy
236.91140503844687,316,114,153,152,205,235,161,250,191,parking,fuzzy
237.01132472951014,329,149,69,9,234,184,135,245,121,parking,fuzzy
237.5108777730709,545,254,98,33,0,231,231,34,205,parking,fuzzy
237.52120277394417,260,115,218,67,166,38,49,190,39,parking,fuzzy
237.54132707636427,316,160,192,190,99,7,231,77,96,parking,fuzzy
237.64084183816612,329,237,229,15,122,172,198,212,244,parking,fuzzy
238.14045507513217,545,53,169,250,203,197,29,164,40,parking,fuzzy
238.14969860283622,260,185,41,69,94,27,114,14,8,parking,fuzzy
238.17009231488584,316,119,118,105,100,92,1,103,45,parking,fuzzy
238.2699261953385,329,216,25,233,230,82,78,198,105,parking,fuzzy
238.76992362721415,545,218,2,55,20,251,136,4,86,parking,fuzzy
238.78057270350564,260,25,129,213,165,52,137,229,118,parking,fuzzy
238.800856087994,316,13,244,44,168,180,82,80,54,parking,fuzzy
238.90049942050072,329,107,146,222,154,112,135,241,23,parking,fuzzy
239.40115549320785,545,42,185,64,130,235,66,123,153,parking,fuzzy
239.41025117127896,260,196,135,153,194,25,163,196,16,parking,fuzzy
239.43037744585348,316,64,151,23,59,42,31,166,220,parking,fuzzy
239.53084716214113,329,77,242,93,58,201,174,227,165,parking,fuzzy
240.0316929449735,545,113,144,66,122,17,232,192,155,parking,fuzzy
240.04180953522123,260,213,74,70,199,68,38,147,0,parking,fuzzy
240.06134476175976,316,226,232,70,4,179,152,54,29,parking,fuzzy
240.16212674186477,329,208,85,135,248,154,115,81,177,parking,fuzzy
240.66125945324833,545,121,191,80,174,71,96,179,179,parking,fuzzy
240.67202256276315,260,29,15,104,17,163,228,144,175,parking,fuzzy
240.692902969893,316,105,238,138,217,152,133,181,179,parking,fuzzy
240.7933902529868,329,59,247,53,95,72,156,219,2,parking,fuzzy
241.29361110757753,545,166,184,163,12,128,156,147,139,parking,fuzzy
241.3031348307601,260,40,207,92,215,250,187,76,138,parking,fuzzy
241.32344184205613,316,14,217,189,249,200,107,252,187,parking,fuzzy
241.4225028602978,329,66,109,181,229,226,172,65,75,parking,fuzzy
241.9226760110297,545,14,115,87,52,132,16,131,87,parking,fuzzy
241.93251852816627,260,13,121,14,212,218,235,15,234,parking,fuzzy
241.9529241366555,316,129,52,8,232,76,110,167,119,parking,fuzzy
242.0527503250825,329,100,102,87,26,41,114,219,182,parking,fuzzy
242.55184261854993,545,28,35,143,84,10,81,102,234,parking,fuzzy
242.56236840516195,260,4,163,200,92,17,117,218,159,parking,fuzzy
242.58185952932428,316,159,72,61,127,205,234,20,153,parking,fuzzy
242.68217055300124,329,119,137,210,36,139,113,180,161,parking,fuzzy
243.18314949075187,545,171,201,210,152,172,189,47,249,parking,fuzzy
243.1930374820631,260,132,132,249,81,41,247,94,249,parking,fuzzy
243.21214347933372,316,231,153,92,123,61,194,164,181,parking,fuzzy
243.31309490764713,329,146,228,72,36,40,36,84,207,parking,fuzzy
243.8129375647146,545,105,83,236,22,175,47,50,163,parking,fuzzy
243.8225587467329,260,119,45,62,57,88,17,151,254,parking,fuzzy
243.84171910142277,316,253,127,3,210,76,153,252,195,parking,fuzzy
243.94120011928416,329,186,174,189,206,12,159,233,36,parking,fuzzy
244.44219987337618,545,110,5,23,26,88,127,171,149,parking,fuzzy
244.45302532153238,260,238,189,206,77,15,28,8,55,parking,fuzzy
244.47400272164674,316,40,124,168,182,62,23,77,224,parking,fuzzy
244.57345832140206,329,173,16,221,66,74,189,166,178,parking,fuzzy
245.07403767185852,545,229,140,126,219,130,151,45,164,parking,fuzzy
245.08400900149672,260,95,200,28,181,115,200,140,226,parking,fuzzy
245.10245777712655,316,172,140,194,51,188,83,94,178,parking,fuzzy
245.20303704649547,329,11,32,244,87,81,252,195,3,parking,fuzzy
245.7035314162537,545,61,31,234,86,230,170,143,11,parking,fuzzy
245.71447967867206,260,71,189,127,75,50,84,201,110,parking,fuzzy
245.73477753145602,316,250,102,16,57,20,73,73,64,parking,fuzzy
245.83403217988496,329,155,61,80,36,126,78,144,207,parking,fuzzy
246.3347013124896,545,192,106,218,173,30,251,121,184,parking,fuzzy
246.34425307275202,260,94,6,246,180,173,98,213,144,parking,fuzzy
246.36413777866574,316,157,242,155,171,100,154,182,153,parking,fuzzy
246.46340378642876,329,113,187,227,130,175,156,23,85,parking,fuzzy
246.96272623388728,545,63,138,20,88,213,139,4,80,parking,fuzzy
246.97226039565675,260,89,85,38,242,55,113,131,53,parking,fuzzy
246.99227876349718,316,98,14,104,96,205,43,28,242,parking,fuzzy
247.09291306612818,329,133,77,146,150,208,17,105,161,parking,fuzzy
247.59249479493664,545,201,115,177,32,202,133,192,147,parking,fuzzy
247.60270270540246,260,82,14,239,114,161,44,164,228,parking,fuzzy
247.6228103677656,316,192,129,245,143,181,223,213,24,parking,fuzzy
247.7223531414545,329,232,205,238,222,188,202,230,4,parking,fuzzy
248.22162935112144,545,114,244,39,152,123,244,220,197,parking,fuzzy
248.23201665042416,260,89,223,45,102,248,212,211,176,parking,fuzzy
248.2511313311904,316,79,16,115,121,76,244,171,212,parking,fuzzy
248.3517433715547,329,30,92,122,103,126,83,164,209,parking,fuzzy
248.85200718073025,545,223,6,219,16,26,225,81,149,parking,fuzzy
248.86183837441772,260,89,156,10,65,214,245,76,193,parking,fuzzy
248.88219642202347,316,183,82,201,60,63,61,250,220,parking,fuzzy
248.9823954484614,329,190,111,36,220,205,232,160,97,parking,fuzzy
249.48253868562583,545,114,138,45,81,245,213,23,207,parking,fuzzy
249.4919879244657,260,80,170,161,181,216,238,4,104,parking,fuzzy
249.51103372108366,316,17,6,93,200,66,11,197,154,parking,fuzzy
249.61117224207777,329,254,120,83,82,230,47,232,196,parking,fuzzy
250.1107879783757,545,80,129,14,195,216,255,40,115,parking,fuzzy
250.12015817268565,260,245,125,206,92,140,159,201,250,parking,fuzzy
250.14055903473903,316,49,204,19,94,136,133,190,31,parking,fuzzy
250.2415291790496,329,100,146,156,47,52,168,142,20,parking,fuzzy
250.74239172103165,545,1,108,91,121,54,150,134,123,parking,fuzzy
250.75318913615178,260,111,132,116,236,1,36,13,178,parking,fuzzy
250.77274512238773,316,11,99,209,45,245,30,168,14,parking,fuzzy
250.87362070579672,329,38,150,83,15,210,139,67,94,parking,fuzzy
251.37415016318243,545,226,85,153,211,93,49,182,234,parking,fuzzy
251.38323893942638,260,206,63,240,78,104,58,87,137,parking,fuzzy
251.4031580230974,316,237,62,205,172,135,95,106,180,parking,fuzzy
251.5024498962897,329,202,67,85,166,122,93,254,131,parking,fuzzy
252.0020739421739,545,131,124,79,101,231,81,244,8,parking,fuzzy
252.01152649166872,260,86,22,166,58,207,204,105,15,city_driving,fuzzy
252.03221566926172,316,126,22,24,245,124,242,238,112,city_driving,fuzzy
252.13298270030344,329,227,46,79,48,22,53,214,42,city_driving,fuzzy
252.6320949073464,545,152,54,169,1,230,81,130,141,city_driving,fuzzy
252.64114202415328,260,101,135,62,243,48,197,2,11,city_driving,fuzzy
252.66039815182873,316,118,36,124,111,125,141,134,223,city_driving,fuzzy
252.7603762733809,329,14,54,29,248,34,110,122,210,city_driving,fuzzy
253.25948338058717,545,0,243,227,190,217,123,25,92,city_driving,fuzzy
253.26985465286182,260,74,250,121,232,132,160,75,157,city_driving,fuzzy
253.28889002531096,316,152,107,196,149,217,181,225,3,city_driving,fuzzy
253.38934905027273,329,115,242,21,216,41,17,16,136,city_driving,fuzzy
253.88999603828293,545,232,234,117,77,123,45,74,215,city_driving,fuzzy
253.9004710992089,260,211,11,125,208,132,86,114,141,city_driving,fuzzy
253.9199682280979,316,177,226,228,190,182,149,228,33,city_driving,fuzzy
254.02060620498477,329,100,7,163,3,214,17,154,243,city_driving,fuzzy
254.52105176306594,545,220,71,126,145,229,89,105,29,city_driving,fuzzy
254.5313918888237,260,152,113,253,44,153,222,220,180,city_driving,fuzzy
254.55100104861364,316,113,47,35,146,201,20,223,80,city_driving,fuzzy
254.65036187460697,329,178,89,88,67,241,83,23,72,city_driving,fuzzy
255.14961967796174,545,169,25,247,92,81,250,23,251,city_driving,fuzzy
255.15899296442032,260,213,219,34,61,123,209,149,46,city_driving,fuzzy
255.1797143327914,316,146,220,17,227,156,62,42,229,city_driving,fuzzy
255.2807084194501,329,248,80,10,164,73,38,198,204,city_driving,fuzzy
255.78156504421952,545,122,71,38,152,0,33,123,77,city_driving,fuzzy
255.79140870073755,260,67,139,37,13,75,52,210,120,city_driving,fuzzy
255.8119407385805,316,104,62,20,13,28,31,65,240,city_driving,fuzzy
255.91183135338204,329,108,149,123,81,94,230,168,225,city_driving,fuzzy
256.4110127461627,545,173,179,148,128,121,217,161,162,city_driving,fuzzy
256.4220122666222,260,232,62,241,246,134,42,49,76,city_driving,fuzzy
256.44123046061156,316,238,44,203,232,121,29,198,216,city_driving,fuzzy
256.5408522670388,329,6,81,136,211,153,105,165,228,city_driving,fuzzy
257.04075605534297,545,98,9,245,79,113,157,167,204,city_driving,fuzzy
257.0499454242701,260,67,192,159,155,9,123,105,238,city_driving,fuzzy
257.0691193059416,316,167,16,230,125,237,247,27,192,city_driving,fuzzy
257.16883958374837,329,209,191,116,200,209,7,2,187,city_driving,fuzzy
257.66841434375357,545,51,154,63,234,190,142,70,104,city_driving,fuzzy
257.67757156415644,260,68,187,161,141,227,104,134,81,city_driving,fuzzy
257.6975350348641,316,219,69,73,251,180,45,244,248,city_driving,fuzzy
257.7974717553335,329,15,102,244,179,104,231,160,35,city_driving,fuzzy
258.29690678875795,545,74,183,24,30,18,150,211,105,city_driving,fuzzy
258.30712298479955,260,43,234,16,222,116,200,87,66,city_driving,fuzzy
258.3262499926495,316,173,197,187,80,156,137,250,217,city_driving,fuzzy
258.4252976458158,329,87,97,182,16,2,53,242,49,city_driving,fuzzy
258.9252070510989,545,244,191,203,24,174,28,7,174,city_driving,fuzzy
258.93496895793294,260,67,142,144,35,122,206,208,64,city_driving,fuzzy
258.95589389377216,316,234,13,234,56,45,176,234,72,city_driving,fuzzy
259.05683077666635,329,142,174,146,171,7,51,47,21,city_driving,fuzzy
259.55751830549,545,37,126,89,226,179,202,49,64,city_driving,fuzzy
259.56807872790245,260,50,49,141,184,173,243,67,196,city_driving,fuzzy
259.5872146176735,316,137,244,4,192,127,167,187,242,city_driving,fuzzy
259.6862871394034,329,83,27,234,203,87,231,7,146,city_driving,fuzzy
260.18696198721733,545,9,11,133,52,14,187,197,122,city_driving,fuzzy
260.1986179962386,260,162,25,53,133,89,101,93,88,city_driving,fuzzy
260.21836316713984,316,64,43,88,70,26,164,43,19,city_driving,fuzzy
260.318802387197,329,38,81,240,205,136,153,96,90,city_driving,fuzzy
260.81871135584834,545,144,235,186,181,3,9,195,147,city_driving,fuzzy
260.82893357806154,260,224,99,255,25,212,174,1,118,city_driving,fuzzy
260.8486293316261,316,252,200,240,88,84,159,40,91,city_driving,fuzzy
260.94798644428477,329,121,29,220,100,34,24,116,228,city_driving,fuzzy
261.44709523522806,545,66,201,248,104,200,42,82,155,city_driving,fuzzy
261.4575356988295,260,34,13,18,145,225,131,196,3,city_driving,fuzzy
261.4782022764079,316,164,122,238,76,41,95,172,17,city_driving,fuzzy
261.5789509781626,329,135,87,59,243,13,201,178,124,city_driving,fuzzy
262.07905919150056,545,179,35,161,105,127,19,34,107,city_driving,fuzzy
262.08871730421106,260,0,228,222,104,198,17,18,157,city_driving,fuzzy
262.1085293663104,316,241,248,7,62,25,79,156,39,city_driving,fuzzy
262.2089735310061,329,113,196,31,194,203,202,69,204,city_driving,fuzzy
262.709455398642,545,122,252,177,230,233,210,114,213,city_driving,fuzzy
262.7198450933908,260,171,208,32,46,155,99,64,31,city_driving,fuzzy
262.7402544334479,316,102,143,220,26,85,5,98,171,city_driving,fuzzy
262.8408042021637,329,248,150,78,125,168,193,173,215,city_driving,fuzzy
263.34014020675687,545,9,76,3,19,94,114,192,186,city_driving,fuzzy
263.35066157883256,260,190,66,69,241,57,120,151,253,city_driving,fuzzy
263.3691228946049,316,84,199,80,64,175,120,242,239,city_driving,fuzzy
263.47010799012537,329,9,241,67,118,64,196,24,206,city_driving,fuzzy
263.96919429581254,545,41,229,100,146,181,171,176,74,city_driving,fuzzy
263.98180247059855,260,74,106,175,0,90,105,232,167,city_driving,fuzzy
264.00123891833874,316,6,49,60,68,161,63,72,119,city_driving,fuzzy
264.10169366508916,329,190,183,58,77,23,89,107,8,city_driving,fuzzy
264.60100307898944,545,91,188,71,235,87,122,52,74,city_driving,fuzzy
264.6103841273804,260,2,214,49,217,20,67,111,87,city_driving,fuzzy
264.6303012958751,316,187,19,46,245,78,241,124,115,city_driving,fuzzy
264.7310852290711,329,57,3,198,164,37,160,167,52,city_driving,fuzzy
265.2303177729523,545,108,57,60,57,121,245,1,151,city_driving,fuzzy
265.24128752398366,260,126,11,2,164,63,140,252,205,city_driving,fuzzy
265.2612942406776,316,132,26,114,97,247,61,64,161,city_driving,fuzzy
265.361326890681,329,129,245,31,240,246,118,213,110,city_driving,fuzzy
265.8614735494221,545,121,231,148,30,241,88,69,108,city_driving,fuzzy
265.87117808432106,260,255,205,94,194,36,200,236,45,city_driving,fuzzy
265.89085290809004,316,235,116,172,141,108,128,172,5,city_driving,fuzzy
265.99127506265194,329,15,139,239,61,215,225,53,169,city_driving,fuzzy
266.4920602088805,545,62,84,102,151,203,127,164,201,city_driving,fuzzy
266.5022731954001,260,222,112,85,150,104,132,208,94,city_driving,fuzzy
266.5219128665122,316,235,52,110,113,18,57,15,187,city_driving,fuzzy
266.6209152958961,329,101,129,3,197,82,66,142,71,city_driving,fuzzy
267.12033138846857,545,177,101,56,198,45,59,82,236,city_driving,fuzzy
267.1295802160458,260,40,247,196,167,250,210,60,250,city_driving,fuzzy
267.1501588988531,316,193,229,167,248,13,202,253,147,city_driving,fuzzy
267.25028592979805,329,80,91,1,144,220,16,32,108,city_driving,fuzzy
267.7506656820247,545,172,249,16,12,16,229,60,209,city_driving,fuzzy
267.7598305842661,260,119,118,215,178,208,94,1,37,city_driving,fuzzy
267.7793235867355,316,121,88,155,98,57,14,158,234,city_driving,fuzzy
267.8802667711694,329,125,160,210,184,135,164,35,48,city_driving,fuzzy
268.37949833635884,545,251,136,133,126,77,114,201,90,city_driving,fuzzy
268.3903067598065,260,153,231,250,30,95,90,22,122,city_driving,fuzzy
268.4111202217953,316,28,82,95,103,66,215,246,17,city_driving,fuzzy
268.5106740862818,329,74,204,248,13,30,233,240,222,city_driving,fuzzy
269.0105329321972,545,140,57,219,23,8,78,10,105,city_driving,fuzzy
269.0213919492241,260,110,22,161,47,91,174,229,64,city_driving,fuzzy
269.0418211210479,316,28,152,29,39,96,231,97,184,city_driving,fuzzy
269.1415292724789,329,195,82,243,220,71,200,0,81,city_driving,fuzzy
269.6410072523299,545,0,221,165,220,77,140,180,69,city_driving,fuzzy
269.65109314672435,260,171,147,27,212,131,215,68,174,city_driving,fuzzy
269.6716504862423,316,89,188,114,40,89,76,28,159,city_driving,fuzzy
269.77224975025814,329,58,114,85,181,96,200,84,10,city_driving,fuzzy
270.27209712817563,545,91,56,80,194,89,190,26,133,city_driving,fuzzy
270.28294084286057,260,51,232,65,154,180,156,187,237,city_driving,fuzzy
270.3021053653624,316,18,221,12,114,27,97,150,88,city_driving,fuzzy
270.4011883950513,329,224,14,69,208,104,162,147,62,city_driving,fuzzy
270.90105918081497,545,206,243,251,192,158,74,177,255,city_driving,fuzzy
270.91189255604235,260,51,8,155,64,97,212,65,115,city_driving,fuzzy
270.9321865170374,316,27,3,123,222,189,122,250,2,city_driving,fuzzy
271.0315616276551,329,85,27,113,38,55,109,53,225,city_driving,fuzzy
271.53236367214043,545,27,67,55,132,164,134,228,167,city_driving,fuzzy
271.54195457776086,260,244,110,58,29,163,87,133,175,city_driving,fuzzy
271.56112154248046,316,241,81,205,158,223,80,135,21,city_driving,fuzzy
271.66037364281493,329,218,190,36,96,185,89,10,42,city_driving,fuzzy
272.1607624590723,545,76,217,110,124,28,146,230,28,city_driving,fuzzy
272.17003054202513,260,57,132,6,16,13,237,141,91,city_driving,fuzzy
272.19086209211196,316,144,244,249,248,204,196,29,146,city_driving,fuzzy
272.2905369569338,329,252,3,102,176,68,191,59,135,city_driving,fuzzy
272.7897295876706,545,70,111,3,40,199,5,223,63,city_driving,fuzzy
272.79895448442096,260,121,92,40,40,219,160,106,24,city_driving,fuzzy
272.81982031710794,316,87,218,88,133,34,220,73,235,city_driving,fuzzy
272.9189654002161,329,146,18,174,179,35,150,28,93,city_driving,fuzzy
273.4191328944725,545,136,213,243,218,108,226,196,162,city_driving,fuzzy
273.4287955848982,260,132,15,155,71,251,148,183,201,city_driving,fuzzy
273.4493916739788,316,148,88,137,107,69,192,179,203,city_driving,fuzzy
273.5490214102354,329,220,229,66,244,224,98,20,110,city_driving,fuzzy
274.0494496222938,545,181,31,94,217,115,96,171,59,city_driving,fuzzy
274.060312581532,260,204,139,219,231,223,13,168,16,city_driving,fuzzy
274.0794034899185,316,52,212,127,109,232,252,13,72,city_driving,fuzzy
274.17965799184367,329,51,250,242,118,192,187,109,124,city_driving,fuzzy
274.6796808872301,545,108,247,30,126,242,236,239,194,city_driving,fuzzy
274.6897806496078,260,38,49,176,50,210,58,190,87,city_driving,fuzzy
274.71060452333,316,158,96,171,48,118,87,85,111,city_driving,fuzzy
274.8102736061231,329,31,238,6,57,128,85,10,24,city_driving,fuzzy
275.31025531876446,545,170,246,166,111,68,6,175,247,city_driving,fuzzy
275.32035257551394,260,70,138,240,79,117,15,21,139,city_driving,fuzzy
275.34072677900224,316,110,14,167,202,170,98,67,31,city_driving,fuzzy
275.4403077170725,329,231,19,24,188,109,130,106,2,city_driving,fuzzy
275.9408926287484,545,240,198,135,187,99,148,15,62,city_driving,fuzzy
275.9517798025051,260,103,157,152,227,204,91,4,57,city_driving,fuzzy
275.9721148359748,316,246,220,107,137,246,198,236,110,city_driving,fuzzy
276.0718046049937,329,74,1,39,53,218,104,75,109,city_driving,fuzzy
276.57145162207723,545,183,124,81,94,202,129,101,186,city_driving,fuzzy
276.5811754745189,260,189,225,229,24,141,149,71,177,city_driving,fuzzy
276.60036371056384,316,172,235,218,176,88,84,117,235,city_driving,fuzzy
276.70063670835503,329,143,140,208,217,172,197,55,173,city_driving,fuzzy
277.201449827912,545,18,198,121,78,84,24,20,187,city_driving,fuzzy
277.2106183076892,260,241,128,128,52,212,233,214,150,city_driving,fuzzy
277.23141094086037,316,54,60,41,90,92,186,182,1,city_driving,fuzzy
277.3322388196951,329,198,13,105,143,165,21,124,35,city_driving,fuzzy
277.8325899895017,545,74,27,202,50,161,199,44,146,city_driving,fuzzy
277.84281634750084,260,215,196,239,214,246,240,5,222,city_driving,fuzzy
277.86291774100306,316,248,236,44,10,22,226,234,165,city_driving,fuzzy
277.9633040249521,329,153,124,11,221,241,164,130,191,city_driving,fuzzy
278.46383500170225,545,76,230,4,37,168,196,197,99,city_driving,fuzzy
278.47462439190906,260,98,80,132,231,245,159,237,157,city_driving,fuzzy
278.4945537238537,316,87,103,250,106,181,62,112,72,city_driving,fuzzy
278.5955319260053,329,162,211,215,45,205,102,177,215,city_driving,fuzzy
279.0959556232035,545,184,129,17,28,42,192,254,229,city_driving,fuzzy
279.1053084101689,260,229,190,189,127,29,134,25,188,city_driving,fuzzy
279.1252029267207,316,66,46,211,253,7,75,201,55,city_driving,fuzzy
279.2225204072917,329,104,106,167,185,19,231,183,106,city_driving,fuzzy
279.72241835496254,545,189,89,117,221,109,35,71,146,city_driving,fuzzy
279.7323397691102,260,117,68,35,49,129,87,108,208,city_driving,fuzzy
279.7523432322506,316,108,87,155,21,167,122,63,76,city_driving,fuzzy
279.85222050213264,329,12,157,203,33,88,110,227,82,city_driving,fuzzy
280.3524092796982,545,130,1,80,94,80,140,163,42,city_driving,fuzzy
280.3625433887441,260,188,240,221,56,74,101,94,14,city_driving,fuzzy
280.38182235119285,316,219,240,120,197,72,79,41,112,city_driving,fuzzy
280.48126025976325,329,110,240,31,203,209,221,12,238,city_driving,fuzzy
280.9813460054077,545,19,111,25,193,30,182,223,192,city_driving,fuzzy
280.9910055021358,260,250,17,200,231,96,169,96,217,city_driving,fuzzy
281.01080584053204,316,146,89,25,118,71,51,98,83,city_driving,fuzzy
281.11023859807693,329,174,198,183,175,85,215,248,67,city_driving,fuzzy
281.6095624495409,545,225,88,10,196,113,252,81,171,city_driving,fuzzy
281.6204451328054,260,55,73,208,19,247,174,102,82,city_driving,fuzzy
281.6402681184253,316,7,214,131,203,117,113,242,114,city_driving,fuzzy
281.7398953155191,329,118,68,142,87,115,51,132,99,city_driving,fuzzy
282.2389759963579,545,116,98,126,60,249,242,87,195,city_driving,fuzzy
282.2493302469523,260,177,230,206,234,223,17,77,197,city_driving,fuzzy
282.269651443345,316,35,12,141,78,1,157,196,103,city_driving,fuzzy
282.36818601203476,329,207,127,40,143,106,95,53,11,city_driving,fuzzy
282.86810385107054,545,222,244,159,27,193,155,250,222,city_driving,fuzzy
282.87844240702015,260,102,75,30,219,99,175,38,28,city_driving,fuzzy
282.8982631040569,316,130,21,132,184,85,165,192,68,city_driving,fuzzy
282.99800763224107,329,65,30,161,252,231,78,29,243,city_driving,fuzzy
283.49793816796324,545,53,112,99,78,211,83,108,69,city_driving,fuzzy
283.50723786877063,260,28,211,57,56,214,112,244,46,city_driving,fuzzy
283.526809459729,316,115,22,45,105,191,127,196,102,city_driving,fuzzy
283.62728410966827,329,126,249,30,236,132,243,156,221,city_driving,fuzzy
284.1271943582943,545,167,121,217,237,175,181,223,26,city_driving,fuzzy
284.1363651902821,260,186,8,122,56,239,215,85,187,city_driving,fuzzy
284.15715778445906,316,127,178,248,101,240,237,121,143,city_driving,fuzzy
284.2576934537006,329,0,92,69,209,7,73,252,74,city_driving,fuzzy
284.7570351220826,545,152,56,94,221,250,215,15,183,city_driving,fuzzy
284.7669108928305,260,224,67,212,43,135,91,201,139,city_driving,fuzzy
284.78759823012757,316,136,182,180,118,69,113,156,220,city_driving,fuzzy
284.8870938186076,329,247,104,254,165,140,148,18,52,city_driving,fuzzy
285.387616419951,545,76,86,175,88,140,66,102,241,city_driving,fuzzy
285.3970539413154,260,251,183,193,188,158,79,197,75,city_driving,fuzzy
285.4166037261713,316,140,29,80,21,133,209,202,91,city_driving,fuzzy
285.516764355265,329,26,45,29,253,33,211,174,223,city_driving,fuzzy
286.0162076498012,545,197,74,11,69,145,40,244,172,city_driving,fuzzy
286.02539981140984,260,119,129,173,179,11,7,129,255,city_driving,fuzzy
286.0453429214009,316,63,89,148,35,195,50,78,28,city_driving,fuzzy
286.14461895232057,329,115,181,210,99,150,41,68,107,city_driving,fuzzy
286.6443216574601,545,112,35,77,55,0,107,154,64,city_driving,fuzzy
286.6552991590049,260,174,87,72,228,56,240,69,16,city_driving,fuzzy
286.67572596718907,316,235,135,236,81,7,219,11,92,city_driving,fuzzy
286.7758278690655,329,154,190,142,140,14,82,23,109,city_driving,fuzzy
287.2758826139415,545,91,224,43,68,37,94,189,244,city_driving,fuzzy
287.2862338090821,260,175,81,126,98,223,146,86,72,city_driving,fuzzy
287.3070189026995,316,12,39,61,50,52,79,166,106,city_driving,fuzzy
287.40782322621556,329,113,56,161,0,186,33,216,113,city_driving,fuzzy
287.90736321933326,545,245,171,38,138,1,141,134,234,city_driving,fuzzy
287.9171991364976,260,196,38,41,62,159,107,51,140,city_driving,fuzzy
287.93745135512074,316,139,48,52,85,7,227,111,71,city_driving,fuzzy
288.0364935623784,329,84,140,238,145,215,163,122,28,city_driving,fuzzy
288.53692532172676,545,204,128,99,203,102,78,153,144,city_driving,fuzzy
288.5463992454013,260,234,204,206,84,16,181,219,187,city_driving,fuzzy
288.56701921371547,316,29,7,164,4,246,94,21,161,city_driving,fuzzy
288.66683906875335,329,9,101,50,176,219,80,100,6,city_driving,fuzzy
289.16695012831804,545,206,111,186,208,80,142,60,74,city_driving,fuzzy
289.1768523774937,260,243,129,93,190,217,43,17,157,city_driving,fuzzy
289.19717705514967,316,121,19,205,130,63,10,246,134,city_driving,fuzzy
289.29778233810106,329,177,53,215,223,117,193,86,208,city_driving,fuzzy
289.79692088049575,545,132,42,205,12,62,254,95,232,city_driving,fuzzy
289.8064849690332,260,227,29,206,136,168,171,201,2,city_driving,fuzzy
289.8257973762141,316,30,136,153,203,40,125,209,189,city_driving,fuzzy
289.9266091789914,329,166,177,183,60,147,39,240,117,city_driving,fuzzy
290.4275302574426,545,164,68,202,202,128,216,72,5,city_driving,fuzzy
290.43830125231915,260,122,107,22,78,52,142,151,189,city_driving,fuzzy
290.4589821868741,316,214,13,222,200,68,249,7,9,city_driving,fuzzy
290.5584266552341,329,150,188,113,39,168,146,237,229,city_driving,fuzzy
291.0590780742126,545,133,223,17,18,0,30,70,143,city_driving,fuzzy
291.069438380144,260,25,34,87,164,253,129,7,153,city_driving,fuzzy
291.08878874044166,316,171,193,240,251,145,178,240,71,city_driving,fuzzy
291.18967613710373,329,19,94,33,218,201,216,152,236,city_driving,fuzzy
291.689176558706,545,183,59,123,178,7,145,145,199,city_driving,fuzzy
291.6983158537381,260,54,158,73,100,239,111,54,105,city_driving,fuzzy
291.71801206901887,316,229,50,55,121,254,200,150,66,city_driving,fuzzy
291.81876062527033,329,192,85,129,166,43,0,194,3,city_driving,fuzzy
292.31866681918734,545,55,123,202,33,77,22,93,176,city_driving,fuzzy
292.32892044247944,260,153,87,37,200,86,179,20,213,city_driving,fuzzy
292.34963121664094,316,48,177,71,41,232,99,120,236,city_driving,fuzzy
292.4486566334502,329,20,109,154,217,73,12,191,155,city_driving,fuzzy
292.94915749910984,545,246,20,33,238,203,6,101,57,city_driving,fuzzy
292.9597985824965,260,250,153,210,56,114,142,94,200,city_driving,fuzzy
292.9803411807056,316,35,169,251,35,126,58,230,173,city_driving,fuzzy
293.0799400089449,329,70,249,170,27,16,228,8,11,city_driving,fuzzy
293.58000649102564,545,29,96,96,106,83,192,96,57,city_driving,fuzzy
293.5908339729088,260,3,245,218,222,234,223,150,157,city_driving,fuzzy
293.6105206847787,316,99,92,42,24,210,26,137,62,city_driving,fuzzy
293.7100667760305,329,43,57,186,132,157,175,196,181,city_driving,fuzzy
294.2100334264229,545,224,137,215,175,93,63,174,5,city_driving,fuzzy
294.22041720229373,260,53,197,136,84,98,107,136,10,city_driving,fuzzy
294.2398455950569,316,210,178,96,105,238,211,137,232,city_driving,fuzzy
294.33890647330196,329,205,168,73,151,32,134,18,139,city_driving,fuzzy
294.8388972275265,545,100,203,139,134,247,44,136,241,city_driving,fuzzy
294.84951987134167,260,55,15,50,14,112,9,70,61,city_driving,fuzzy
294.86862818219527,316,153,15,226,65,193,0,220,234,city_driving,fuzzy
294.96939085256315,329,71,234,79,61,185,78,74,203,city_driving,fuzzy
295.4699423346545,545,189,136,233,182,116,140,166,44,city_driving,fuzzy
295.47964938253637,260,44,175,165,83,151,106,63,156,city_driving,fuzzy
295.50019087737047,316,111,57,16,185,214,195,60,65,city_driving,fuzzy
295.5995227198279,329,124,50,22,78,195,200,42,9,city_driving,fuzzy
296.09890855849466,545,44,41,149,189,154,248,109,132,city_driving,fuzzy
296.10953102976305,260,72,226,104,47,6,128,127,172,city_driving,fuzzy
296.1289052688847,316,211,206,212,120,197,73,231,205,city_driving,fuzzy
296.22907470595885,329,230,211,161,218,136,94,81,252,city_driving,fuzzy
296.72837460341367,545,19,30,216,217,100,181,83,95,city_driving,fuzzy
296.737812831349,260,19,203,164,67,164,170,248,170,city_driving,fuzzy
296.75757614808265,316,19,112,254,35,59,178,249,218,city_driving,fuzzy
296.8581254704404,329,6,123,23,191,195,204,252,52,city_driving,fuzzy
297.3574384555221,545,7,250,210,210,157,228,118,142,city_driving,fuzzy
297.3669315200636,260,120,9,205,202,217,28,36,141,city_driving,fuzzy
297.3871421180956,316,186,42,236,136,79,197,124,202,city_driving,fuzzy
297.48640736047304,329,142,237,188,214,85,131,32,30,city_driving,fuzzy
297.98660300851043,545,196,18,157,254,49,164,91,31,city_driving,fuzzy
297.997377161011,260,225,76,181,203,224,92,27,248,city_driving,fuzzy
298.017356620112,316,115,120,135,192,108,103,255,56,city_driving,fuzzy
298.11743963883924,329,69,212,108,75,64,158,194,94,city_driving,fuzzy
298.61681937692657,545,229,195,48,160,123,198,64,151,city_driving,fuzzy
298.62660005877245,260,110,96,239,0,160,171,57,238,city_driving,fuzzy
298.64713947431403,316,138,40,245,70,71,174,193,154,city_driving,fuzzy
298.7473177835565,329,131,94,57,176,89,76,61,195,city_driving,fuzzy
299.247585330919,545,145,47,1,223,104,245,80,168,city_driving,fuzzy
299.2580826647416,260,112,143,212,237,222,131,162,243,city_driving,fuzzy
299.27831931734517,316,84,3,38,98,39,216,98,244,city_driving,fuzzy
299.37900514463144,329,175,34,72,69,188,27,249,19,city_driving,fuzzy
299.8791054752934,545,195,229,46,101,60,163,153,80,city_driving,fuzzy
299.8888770915756,260,171,46,5,188,106,6,26,59,city_driving,fuzzy
299.90809158912094,316,106,111,129,128,106,134,170,237,city_driving,fuzzy
300.00885693949056,329,244,99,159,166,97,60,158,174,city_driving,fuzzy
300.50874542384264,545,234,76,27,39,109,170,39,85,city_driving,fuzzy
300.51915427780125,260,214,56,64,175,127,125,70,162,city_driving,fuzzy
300.5383334479555,316,80,204,175,170,206,108,3,177,city_driving,fuzzy
300.63912053329216,329,249,220,35,82,20,21,26,93,city_driving,fuzzy
301.13817093201135,545,228,171,75,77,229,44,242,152,city_driving,fuzzy
301.14894003450553,260,220,171,2,154,202,247,0,187,city_driving,fuzzy
301.16982824677444,316,103,228,16,81,55,250,65,161,city_driving,fuzzy
301.2688818696641,329,94,112,65,204,148,234,148,43,city_driving,fuzzy
301.76868236480965,545,161,100,225,101,197,169,75,78,city_driving,fuzzy
301.7785961497817,260,179,172,208,11,27,203,100,28,city_driving,fuzzy
301.7978956012903,316,36,235,249,168,48,199,210,40,city_driving,fuzzy
301.8976963011961,329,61,188,65,176,121,220,200,207,city_driving,fuzzy
302.39709559407885,545,49,175,82,232,49,155,23,167,city_driving,fuzzy
302.4069030189221,260,9,164,32,120,122,107,248,168,city_driving,fuzzy
302.4274158419427,316,154,96,88,195,187,124,74,238,city_driving,fuzzy
302.5277561710362,329,137,1,242,190,190,108,1,170,city_driving,fuzzy
303.027785624964,545,207,99,112,235,78,39,26,36,city_driving,fuzzy
303.03780413803776,260,38,162,69,235,121,154,196,247,city_driving,fuzzy
303.05838792384395,316,239,48,197,149,207,76,123,237,city_driving,fuzzy
303.15872614404356,329,230,250,146,68,214,128,59,34,city_driving,fuzzy
303.65947777074246,545,110,17,210,56,69,221,56,36,city_driving,fuzzy
303.6690339285984,260,218,120,94,137,115,160,225,229,city_driving,fuzzy
303.68864192278477,316,195,30,146,3,252,100,68,124,city_driving,fuzzy
303.7888207859124,329,229,7,197,39,4,140,143,236,city_driving,fuzzy
304.28893813545653,545,34,157,24,130,242,144,138,1,city_driving,fuzzy
304.29938551326325,260,190,47,251,252,2,65,60,22,city_driving,fuzzy
304.320188864741,316,78,214,122,160,98,142,134,76,city_driving,fuzzy
304.4200611577958,329,255,220,234,237,84,0,79,239,city_driving,fuzzy
304.9205181262684,545,42,105,134,193,60,159,155,45,city_driving,fuzzy
304.9296766036236,260,68,217,119,15,151,157,20,142,city_driving,fuzzy
304.9492286265496,316,1,218,92,162,24,159,138,186,city_driving,fuzzy
305.04981974479193,329,120,175,2,139,74,72,115,75,city_driving,fuzzy
305.5504216653814,545,251,89,243,17,58,175,211,153,city_driving,fuzzy
305.5610074548375,260,14,129,178,116,194,75,176,178,city_driving,fuzzy
305.5809325421105,316,254,62,254,29,226,15,190,22,city_driving,fuzzy
305.68056132173086,329,168,71,191,120,173,121,54,176,city_driving,fuzzy
306.1809394810734,545,69,67,216,247,115,164,179,169,city_driving,fuzzy
306.191290382508,260,39,82,224,13,46,15,217,226,city_driving,fuzzy
306.21176704747893,316,96,25,248,226,177,80,137,148,city_driving,fuzzy
306.3115950309965,329,68,169,118,202,237,188,162,34,city_driving,fuzzy
306.8112562358217,545,127,23,26,238,87,220,190,69,city_driving,fuzzy
306.820311816826,260,84,173,217,11,18,195,24,16,city_driving,fuzzy
306.84116178826815,316,80,11,210,183,169,145,63,80,city_driving,fuzzy
306.94045857998697,329,64,68,115,243,125,152,214,196,city_driving,fuzzy
307.4401034834881,545,25,39,129,153,216,148,66,176,city_driving,fuzzy
307.44936375525964,260,161,72,19,71,44,134,117,75,city_driving,fuzzy
307.46915152098705,316,168,74,186,136,33,232,135,212,city_driving,fuzzy
307.5691258564166,329,89,61,129,105,77,7,29,245,city_driving,fuzzy
308.0693519225908,545,133,123,81,213,149,28,247,197,city_driving,fuzzy
308.0791658451831,260,193,228,93,144,12,247,73,133,city_driving,fuzzy
308.0995886005885,316,95,34,110,4,143,130,156,252,city_driving,fuzzy
308.1995815373986,329,109,77,100,120,15,13,29,211,city_driving,fuzzy
308.6995891868873,545,18,118,238,213,191,143,156,82,city_driving,fuzzy
308.7091788536554,260,2,11,91,211,123,160,247,45,city_driving,fuzzy
308.72973098486403,316,108,108,192,104,60,72,132,220,city_driving,fuzzy
308.8304413282672,329,102,48,63,198,164,86,200,221,city_driving,fuzzy
309.3301300646495,545,242,141,250,212,113,44,203,17,city_driving,fuzzy
309.33969106602825,260,249,42,164,206,40,124,218,205,city_driving,fuzzy
309.3588209062427,316,84,45,54,50,112,215,138,49,city_driving,fuzzy
309.45913298839776,329,144,243,246,223,154,65,150,20,city_driving,fuzzy
309.95967211700315,545,75,92,126,34,145,77,94,183,city_driving,fuzzy
309.96880612795223,260,83,114,178,170,120,212,21,10,city_driving,fuzzy
309.9893367569771,316,141,232,26,143,148,207,100,33,city_driving,fuzzy
310.0885143057121,329,189,51,24,213,9,209,235,254,city_driving,fuzzy
310.58800776208926,545,218,19,145,57,52,184,80,215,city_driving,fuzzy
310.5988106864266,260,115,12,85,27,60,193,182,97,city_driving,fuzzy
310.6192038469793,316,239,2,103,198,111,158,30,25,city_driving,fuzzy
310.7193263394807,329,109,177,113,89,159,153,12,235,city_driving,fuzzy
311.21970631045417,545,192,90,139,248,133,79,37,0,city_driving,fuzzy
311.2298590072729,260,35,217,66,46,202,10,106,33,city_driving,fuzzy
311.2502585319281,316,157,247,228,108,92,216,51,170,city_driving,fuzzy
311.3505626606124,329,133,243,236,1,38,92,72,17,city_driving,fuzzy
311.8500823934058,545,204,217,78,130,110,19,179,66,city_driving,fuzzy
311.8596430302616,260,36,206,85,146,124,143,77,158,city_driving,fuzzy
311.87960325684764,316,111,59,25,100,73,56,14,200,city_driving,fuzzy
311.9788113373985,329,108,204,109,74,89,106,176,130,city_driving,fuzzy
312.47943391123283,545,234,74,81,231,180,201,59,149,city_driving,fuzzy
312.48952244509513,260,151,191,224,248,160,179,235,195,city_driving,fuzzy
312.50923423287963,316,62,167,208,117,195,175,33,39,city_driving,fuzzy
312.6095297031539,329,182,214,106,187,21,88,89,50,city_driving,fuzzy
313.1097506550067,545,55,156,116,159,11,141,254,5,city_driving,fuzzy
313.1191313496833,260,148,165,13,216,252,63,58,210,city_driving,fuzzy
313.1398925634247,316,180,183,36,246,64,7,2,19,city_driving,fuzzy
313.2405254648147,329,11,144,179,199,84,146,169,45,city_driving,fuzzy
313.74022114012877,545,51,192,167,188,70,181,121,209,city_driving,fuzzy
313.75018236276696,260,12,81,86,189,33,144,36,229,city_driving,fuzzy
313.76997386847506,316,124,22,104,121,187,127,86,11,city_driving,fuzzy
313.86957124041294,329,103,78,13,236,18,144,201,130,city_driving,fuzzy
314.3685864984781,545,46,183,158,199,42,229,86,228,city_driving,fuzzy
314.3785992970745,260,166,136,70,59,18,117,166,25,city_driving,fuzzy
314.39919567495724,316,145,159,143,71,149,114,241,115,city_driving,fuzzy
314.49956834437114,329,90,174,54,91,67,209,76,7,city_driving,fuzzy
315.0001126412249,545,192,166,92,135,182,135,223,88,city_driving,fuzzy
315.01079542236056,260,179,174,76,158,99,135,150,8,city_driving,fuzzy
315.03134957122427,316,164,43,71,224,46,247,143,126,city_driving,fuzzy
315.13056342949847,329,205,107,102,51,82,160,9,40,city_driving,fuzzy
315.63049584353854,545,114,27,169,197,150,89,140,203,city_driving,fuzzy
315.6396397292182,260,209,206,1,87,130,241,191,8,city_driving,fuzzy
315.6603774934382,316,60,20,203,12,23,126,91,46,city_driving,fuzzy
315.75963029180514,329,238,79,94,117,203,128,191,180,city_driving,fuzzy
316.2600134239661,545,173,166,75,15,177,28,55,160,city_driving,fuzzy
316.2702291349705,260,40,35,98,7,42,238,171,221,city_driving,fuzzy
316.29016490863995,316,162,158,180,170,56,234,46,115,city_driving,fuzzy
316.3910961179448,329,187,156,138,108,218,167,110,63,city_driving,fuzzy
316.8915701745899,545,192,56,238,128,243,172,133,181,city_driving,fuzzy
316.90254075665774,260,119,68,224,71,88,20,73,148,city_driving,fuzzy
316.92247474428353,316,177,123,189,111,5,19,192,248,city_driving,fuzzy
317.0203771591304,329,163,28,100,37,240,6,140,154,city_driving,fuzzy
317.52010628085577,545,74,27,194,127,173,223,145,159,city_driving,fuzzy
317.5308094312902,260,175,48,1,183,221,210,243,206,city_driving,fuzzy
317.5498646951407,316,105,208,172,21,27,52,50,188,city_driving,fuzzy
317.6498963297136,329,188,202,154,196,232,15,103,55,city_driving,fuzzy
318.150623536473,545,165,44,216,89,139,158,138,233,city_driving,fuzzy
318.1613459319811,260,153,227,177,157,113,46,228,21,city_driving,fuzzy
318.1804998857572,316,176,146,253,3,83,25,155,226,city_driving,fuzzy
318.28120644455475,329,10,151,137,253,64,220,133,5,city_driving,fuzzy
318.7818413090164,545,222,56,242,228,167,17,252,140,city_driving,fuzzy
318.7926008350955,260,11,100,187,166,118,226,47,35,city_driving,fuzzy
318.81225615930276,316,95,130,196,145,113,207,197,10,city_driving,fuzzy
318.91313973640365,329,137,1,203,106,106,241,89,128,city_driving,fuzzy
319.4130810795638,545,247,109,165,212,27,85,236,161,city_driving,fuzzy
319.4223416327456,260,83,151,101,91,19,196,245,61,city_driving,fuzzy
319.4429674188276,316,246,249,207,124,24,227,114,174,city_driving,fuzzy
319.5422794085035,329,224,166,5,239,141,5,54,39,city_driving,fuzzy
320.0429269021034,545,241,56,208,124,235,63,133,43,city_driving,fuzzy
320.05231668252105,260,163,211,80,56,251,172,87,231,city_driving,fuzzy
320.0723528683856,316,100,100,212,82,104,251,171,103,city_driving,fuzzy
320.17323854981413,329,163,215,70,234,144,114,79,224,city_driving,fuzzy
320.6729039241316,545,16,105,214,60,121,242,147,27,city_driving,fuzzy
320.68280789653005,260,156,150,123,34,122,81,250,78,city_driving,fuzzy
320.7027438507345,316,212,157,123,236,130,100,177,144,city_driving,fuzzy
320.8021471582326,329,247,46,18,209,57,115,247,52,city_driving,fuzzy
321.3029297950159,545,58,78,133,229,94,252,67,58,city_driving,fuzzy
321.31321941603125,260,61,48,14,175,73,252,50,243,city_driving,fuzzy
321.3341635632489,316,79,164,115,124,110,196,115,31,city_driving,fuzzy
321.4350926792848,329,196,81,107,227,100,184,162,221,city_driving,fuzzy
321.93465248442476,545,10,153,146,129,185,183,240,181,city_driving,fuzzy
321.9445776570874,260,132,132,148,30,227,189,50,186,city_driving,fuzzy
321.96379844884666,316,212,155,10,165,201,100,126,218,city_driving,fuzzy
322.0630562646341,329,116,123,30,77,113,250,226,209,city_driving,fuzzy
322.5635153271276,545,87,140,176,70,38,62,64,238,city_driving,fuzzy
322.57298429454903,260,208,106,78,139,220,104,197,189,city_driving,fuzzy
322.59261981868156,316,8,108,155,118,152,130,168,159,city_driving,fuzzy
322.6916995664144,329,57,249,227,31,238,92,72,30,city_driving,fuzzy
323.1926055807911,545,76,87,106,28,75,142,11,172,city_driving,fuzzy
323.20212511736287,260,117,200,15,165,206,41,78,192,city_driving,fuzzy
323.2211940144502,316,93,36,155,2,201,194,113,32,city_driving,fuzzy
323.32089815980544,329,98,5,51,233,238,90,89,27,city_driving,fuzzy
323.8213892248159,545,200,188,108,125,58,55,244,113,city_driving,fuzzy
323.8315838894509,260,202,93,254,38,88,229,28,56,city_driving,fuzzy
323.8507143558344,316,110,212,153,70,73,92,196,215,city_driving,fuzzy
323.95110407676793,329,16,215,133,178,228,86,49,211,city_driving,fuzzy
324.4504863220132,545,89,69,134,236,181,136,138,28,city_driving,fuzzy
324.45995399190207,260,171,109,192,8,156,37,199,216,city_driving,fuzzy
324.4796737035318,316,8,230,191,41,60,6,248,70,city_driving,fuzzy
324.5802322808203,329,21,235,134,214,48,76,118,217,city_driving,fuzzy
325.0795382132684,545,108,179,252,217,16,226,251,195,city_driving,fuzzy
325.0895377523038,260,103,140,110,0,103,118,33,117,city_driving,fuzzy
325.108779235735,316,208,249,225,4,9,250,124,106,city_driving,fuzzy
325.2092320927321,329,73,207,130,83,229,19,208,139,city_driving,fuzzy
325.70838375995004,545,94,246,218,28,48,245,232,37,city_driving,fuzzy
325.7187171347457,260,77,34,205,250,81,227,5,97,city_driving,fuzzy
325.73956744180373,316,184,26,246,101,148,204,31,205,city_driving,fuzzy
325.83903500263176,329,103,18,117,231,108,236,53,172,city_driving,fuzzy
326.33913753603633,545,196,225,143,74,35,6,203,2,city_driving,fuzzy
326.34861413606683,260,204,158,73,177,73,136,82,37,city_driving,fuzzy
326.36825059266545,316,105,153,193,209,24,228,122,104,city_driving,fuzzy
326.4683237727111,329,248,224,34,156,97,186,220,52,city_driving,fuzzy
326.9675919300787,545,13,173,7,254,5,145,13,127,city_driving,fuzzy
326.9776602041745,260,18,198,123,98,108,48,150,163,city_driving,fuzzy
326.99789727478986,316,9,7,201,102,121,83,69,191,city_driving,fuzzy
327.0975860587807,329,146,237,151,101,101,66,107,139,city_driving,fuzzy
327.5960978401578,545,122,20,181,13,180,108,90,255,city_driving,fuzzy
327.60523837418145,260,98,71,94,230,182,186,205,83,city_driving,fuzzy
327.6254025838825,316,35,3,118,170,30,87,238,84,city_driving,fuzzy
327.72497514596023,329,216,195,86,242,233,213,208,108,city_driving,fuzzy
328.2250976589519,545,120,68,197,35,226,31,173,40,city_driving,fuzzy
328.2357471492989,260,254,249,209,254,219,106,243,41,city_driving,fuzzy
328.25598862297824,316,69,238,221,112,18,131,142,238,city_driving,fuzzy
328.3553766847813,329,15,89,130,85,89,77,156,1,city_driving,fuzzy
328.8562471785422,545,134,209,5,210,98,202,206,192,city_driving,fuzzy
328.8668243171753,260,168,224,216,114,254,125,52,178,city_driving,fuzzy
328.88754512687774,316,175,108,59,184,239,33,163,161,city_driving,fuzzy
328.9875979666229,329,148,142,234,64,186,164,92,186,city_driving,fuzzy
329.48795594030247,545,251,218,159,208,62,162,52,186,city_driving,fuzzy
329.49763503355524,260,157,239,1,11,220,193,150,11,city_driving,fuzzy
329.51740308884007,316,82,25,53,68,106,37,156,128,city_driving,fuzzy
329.6174578149598,329,200,33,83,189,246,207,33,29,city_driving,fuzzy
330.1168766492667,545,115,103,20,237,45,40,117,126,city_driving,fuzzy
330.126684898367,260,116,151,109,105,232,78,67,2,city_driving,fuzzy
330.14722354462214,316,227,23,178,43,8,48,241,118,city_driving,fuzzy
330.24813627542926,329,58,219,49,153,7,99,169,221,city_driving,fuzzy
330.74749662065744,545,11,188,98,93,60,29,127,71,city_driving,fuzzy
330.75842655889994,260,164,199,207,165,3,28,44,38,city_driving,fuzzy
330.77896258032337,316,1,241,244,207,238,158,183,69,city_driving,fuzzy
330.87966391937675,329,138,127,164,210,0,202,142,232,city_driving,fuzzy
331.37885354345985,545,88,255,98,200,92,191,134,104,city_driving,fuzzy
331.3890197643967,260,31,100,37,203,244,45,44,56,city_driving,fuzzy
331.4098832809455,316,237,214,240,26,20,251,242,185,city_driving,fuzzy
331.50936781414146,329,250,119,114,56,160,130,7,195,city_driving,fuzzy
332.0098900864917,545,9,75,66,5,244,153,95,42,city_driving,fuzzy
332.0203693787464,260,181,10,22,116,192,190,247,131,city_driving,fuzzy
332.04110661738537,316,172,30,173,94,180,230,247,147,city_driving,fuzzy
332.14051149006843,329,208,41,179,124,92,206,77,86,city_driving,fuzzy
332.63963070545833,545,14,171,190,136,143,162,20,76,city_driving,fuzzy
332.6486635206449,260,51,144,98,192,241,134,64,152,city_driving,fuzzy
332.66793055525847,316,7,170,223,77,22,246,104,217,city_driving,fuzzy
332.76818589405275,329,21,27,233,233,181,22,74,59,city_driving,fuzzy
333.2680829550161,545,54,81,108,192,191,144,197,228,city_driving,fuzzy
333.27832684734005,260,39,104,19,16,138,125,115,24,city_driving,fuzzy
333.2982035564811,316,117,61,179,141,5,62,195,79,city_driving,fuzzy
333.398984159377,329,252,93,238,84,28,84,136,154,city_driving,fuzzy
333.8993696317903,545,129,74,243,79,233,156,123,78,city_driving,fuzzy
333.9092029542116,260,168,130,241,48,103,136,51,132,city_driving,fuzzy
333.93014849770896,316,251,32,104,49,229,109,68,6,city_driving,fuzzy
334.0302097764208,329,1,3,94,152,35,79,204,9,city_driving,fuzzy
334.53048262975716,545,160,73,122,100,173,175,84,25,city_driving,fuzzy
334.5404471626716,260,222,76,11,152,132,181,124,75,city_driving,fuzzy
334.5596075410115,316,25,36,140,221,215,220,52,134,city_driving,fuzzy
334.6596694928632,329,169,121,195,182,233,218,71,129,city_driving,fuzzy
335.16050153849733,545,78,74,223,88,152,184,222,163,city_driving,fuzzy
335.17125297557925,260,25,80,226,141,135,157,206,10,city_driving,fuzzy
335.19095898288026,316,30,122,213,205,253,21,86,77,city_driving,fuzzy
335.2912170165114,329,153,193,44,64,10,93,77,232,city_driving,fuzzy
335.7902581041094,545,62,58,187,113,193,243,41,50,city_driving,fuzzy
335.80053834718433,260,1,70,41,11,69,9,161,248,city_driving,fuzzy
335.8228961496165,316,174,114,161,254,112,239,21,208,city_driving,fuzzy
335.9222121611445,329,123,68,241,188,134,119,38,55,city_driving,fuzzy
336.4218315070891,545,76,4,169,162,111,6,29,91,city_driving,fuzzy
336.43114055470267,260,246,167,138,22,22,7,2,7,city_driving,fuzzy
336.4520243970426,316,4,118,203,115,205,223,125,23,city_driving,fuzzy
336.5525520785256,329,203,14,214,167,52,197,57,196,city_driving,fuzzy
337.0535413765136,545,183,105,27,170,104,101,161,48,city_driving,fuzzy
337.06255795518473,260,238,60,123,132,91,235,36,94,city_driving,fuzzy
337.081862699045,316,140,185,95,28,163,104,69,48,city_driving,fuzzy
337.18234630940833,329,64,46,247,29,120,165,113,5,city_driving,fuzzy
337.68209171928913,545,217,51,13,45,237,191,226,177,city_driving,fuzzy
337.69136650519164,260,130,229,22,190,136,80,126,116,city_driving,fuzzy
337.71091844200856,316,5,99,207,34,82,234,25,57,city_driving,fuzzy
337.8108449872445,329,68,163,151,96,249,179,224,197,city_driving,fuzzy
338.3105170470591,545,177,241,13,190,238,197,146,7,city_driving,fuzzy
338.3209740913034,260,159,38,26,243,210,220,133,54,city_driving,fuzzy
338.34141447410803,316,189,207,205,196,118,234,167,104,city_driving,fuzzy
338.44212054008875,329,207,49,156,188,216,23,222,88,city_driving,fuzzy
338.94122866990494,545,175,230,212,27,7,144,85,87,city_driving,fuzzy
338.9511875583478,260,74,229,165,3,21,76,59,196,city_driving,fuzzy
338.97144267009855,316,126,22,222,173,96,216,230,106,city_driving,fuzzy
339.07199729505714,329,47,234,104,177,241,253,133,183,city_driving,fuzzy
339.5713710150098,545,130,186,64,69,98,96,8,64,city_driving,fuzzy
339.58183388770806,260,252,71,46,3,187,21,135,165,city_driving,fuzzy
339.60267233050956,316,37,50,251,91,83,72,211,13,city_driving,fuzzy
339.7023024089064,329,118,197,56,160,169,113,31,187,city_driving,fuzzy
340.20169132985654,545,60,32,140,104,2,33,162,190,city_driving,fuzzy
340.212041611493,260,0,54,167,250,128,121,25,151,city_driving,fuzzy
340.23289554238113,316,170,130,184,193,154,222,127,121,city_driving,fuzzy
340.3330169963838,329,26,109,143,141,44,32,196,60,city_driving,fuzzy
340.8322059311211,545,222,230,246,53,39,241,32,140,city_driving,fuzzy
340.842990656778,260,118,72,89,138,16,78,83,99,city_driving,fuzzy
340.86369805046786,316,147,58,13,125,143,43,27,161,city_driving,fuzzy
340.96468521738655,329,238,228,54,94,220,119,206,148,city_driving,fuzzy
341.4656255214188,545,141,40,135,241,91,244,218,203,city_driving,fuzzy
341.4758919764079,260,197,27,7,119,187,46,145,230,city_driving,fuzzy
341.4958891049805,316,101,61,93,78,149,22,158,32,city_driving,fuzzy
341.59626349536506,329,85,4,116,216,119,136,214,1,city_driving,fuzzy
342.09644138538664,545,34,6,134,82,164,187,129,186,city_driving,fuzzy
342.1039598095057,260,195,37,166,13,54,0,180,60,city_driving,fuzzy
342.1242161503087,316,245,224,210,138,57,237,57,9,city_driving,fuzzy
342.2237476419449,329,222,221,2,255,3,68,127,111,city_driving,fuzzy
342.7242948881926,545,27,217,148,150,199,139,104,166,city_driving,fuzzy
342.7352318181397,260,32,195,93,141,80,41,241,159,city_driving,fuzzy
342.7554366974975,316,168,108,9,141,142,82,150,179,city_driving,fuzzy
342.8559696175383,329,150,82,237,64,90,197,41,92,city_driving,fuzzy
343.3567858986926,545,29,130,55,115,62,168,102,157,city_driving,fuzzy
343.36758509151736,260,45,103,102,255,175,74,7,123,city_driving,fuzzy
343.38690349776056,316,11,248,178,52,205,106,162,9,city_driving,fuzzy
343.4859982310847,329,74,33,121,41,118,1,132,122,city_driving,fuzzy
343.98621700967806,545,98,127,33,101,202,15,73,204,city_driving,fuzzy
343.99634043230395,260,6,222,111,214,233,27,149,76,city_driving,fuzzy
344.0163630297652,316,37,237,84,77,55,210,96,44,city_driving,fuzzy
344.11582378913624,329,90,143,123,116,78,229,183,206,city_driving,fuzzy
344.61625642753165,545,67,227,95,63,164,219,69,20,city_driving,fuzzy
344.625295329516,260,215,167,165,176,169,162,116,213,city_driving,fuzzy
344.64533526298277,316,137,27,115,137,121,60,219,21,city_driving,fuzzy
344.74497395954967,329,179,212,244,40,111,2,158,123,city_driving,fuzzy
345.24532136732665,545,226,33,89,160,27,125,179,67,city_driving,fuzzy
345.255928632353,260,222,200,55,6,132,125,198,14,city_driving,fuzzy
345.2757711991355,316,143,196,163,13,136,46,205,248,city_driving,fuzzy
345.3752913959483,329,57,17,73,122,116,153,119,46,city_driving,fuzzy
345.8745841422104,545,94,93,23,149,246,179,223,254,city_driving,fuzzy
345.8842844941891,260,7,117,249,39,35,119,47,247,city_driving,fuzzy
345.904557130855,316,170,57,117,14,100,242,189,24,city_driving,fuzzy
346.0043526591148,329,60,234,21,192,58,178,21,109,city_driving,fuzzy
346.5037682023351,545,197,98,248,171,140,252,69,21,city_driving,fuzzy
346.5140649252986,260,221,253,49,200,76,144,97,210,city_driving,fuzzy
346.5332540719518,316,97,244,159,125,51,248,45,223,city_driving,fuzzy
346.63379597772786,329,141,141,173,27,11,44,59,114,city_driving,fuzzy
347.1334084972298,545,101,173,206,248,133,89,31,228,city_driving,fuzzy
347.1439132383569,260,134,51,50,110,159,2,211,61,city_driving,fuzzy
347.1645141271535,316,14,82,185,66,137,2,156,12,city_driving,fuzzy
347.26378415051056,329,72,148,237,71,28,40,238,43,city_driving,fuzzy
347.76320971046954,545,219,166,185,149,54,224,72,67,city_driving,fuzzy
347.77377525644084,260,204,47,235,187,201,104,47,239,city_driving,fuzzy
347.79387160999335,316,104,92,223,202,155,232,156,25,city_driving,fuzzy
347.89413652086677,329,122,122,244,86,75,81,107,113,city_driving,fuzzy
348.39374727172674,545,197,11,130,4,226,242,76,215,city_driving,fuzzy
348.4040161816628,260,118,198,155,181,225,58,125,193,city_driving,fuzzy
348.4239293868928,316,31,136,188,23,144,13,45,9,city_driving,fuzzy
348.52327180772124,329,211,43,133,76,127,161,128,193,city_driving,fuzzy
349.02301182496444,545,35,8,8,33,55,171,90,153,city_driving,fuzzy
349.0333393814263,260,41,21,248,203,211,32,245,68,city_driving,fuzzy
349.05321711503444,316,71,67,1,56,41,253,134,197,city_driving,fuzzy
349.15357266211873,329,39,207,120,23,237,187,228,146,city_driving,fuzzy
349.6539693893572,545,74,60,103,170,188,176,177,25,city_driving,fuzzy
349.66390460447076,260,5,101,252,140,57,168,203,246,city_driving,fuzzy
349.6830257000178,316,2,49,18,133,101,128,58,161,city_driving,fuzzy
349.7828031097729,329,68,211,37,236,64,33,102,170,city_driving,fuzzy
350.28358300024644,545,88,184,237,43,227,144,10,37,city_driving,fuzzy
350.2941281300363,260,8,27,101,198,188,16,35,45,city_driving,fuzzy
350.3135958438805,316,31,167,135,121,51,231,221,24,city_driving,fuzzy
350.41291581105816,329,161,89,71,147,126,0,235,223,city_driving,fuzzy
350.91339476440186,545,133,4,130,0,255,31,220,131,city_driving,fuzzy
350.92437157828994,260,152,219,52,98,43,211,93,200,city_driving,fuzzy
350.94522556923243,316,55,127,47,46,74,50,152,227,city_driving,fuzzy
351.0453071358647,329,140,60,9,120,59,200,223,49,city_driving,fuzzy
351.54588071848804,545,55,0,136,84,160,20,80,216,city_driving,fuzzy
351.5562943226524,260,113,191,253,57,50,143,50,213,city_driving,fuzzy
351.57589899742663,316,241,240,244,219,209,24,228,219,city_driving,fuzzy
351.67571608709335,329,72,38,228,154,141,18,87,142,city_driving,fuzzy
352.17653825716934,545,201,82,226,98,95,54,249,186,city_driving,fuzzy
352.18589091548705,260,82,251,230,96,57,157,236,242,city_driving,fuzzy
352.2061513183957,316,20,208,165,35,248,37,32,32,city_driving,fuzzy
352.3069662259661,329,205,122,124,73,176,0,24,88,city_driving,fuzzy
352.8064088041077,545,12,147,155,253,154,189,101,105,city_driving,fuzzy
352.81612430136823,260,112,131,190,36,179,126,213,30,city_driving,fuzzy
352.8370825482648,316,243,183,33,54,113,155,159,73,city_driving,fuzzy
352.93797355675815,329,99,162,128,157,126,146,18,51,city_driving,fuzzy
353.43718614654625,545,60,138,181,91,244,182,216,19,city_driving,fuzzy
353.4466232031051,260,4,201,161,109,75,158,33,216,city_driving,fuzzy
353.4668516998533,316,50,24,22,183,235,36,48,235,city_driving,fuzzy
353.56610748163445,329,60,240,11,129,144,30,38,198,city_driving,fuzzy
354.0660575235182,545,189,190,156,132,125,55,74,98,city_driving,fuzzy
354.0753257064447,260,112,5,214,197,212,219,95,84,city_driving,fuzzy
354.09605427468796,316,82,98,206,198,24,90,122,57,city_driving,fuzzy
354.1951759077366,329,147,78,122,62,111,33,30,201,city_driving,fuzzy
354.6942927626578,545,232,145,245,227,161,37,77,23,city_driving,fuzzy
354.7035942787755,260,200,121,82,111,195,103,227,248,city_driving,fuzzy
354.72453809767626,316,241,32,177,216,183,69,77,11,city_driving,fuzzy
354.8238997606966,329,179,187,200,216,202,88,246,39,city_driving,fuzzy
355.32460523373527,545,25,165,188,79,208,234,220,177,city_driving,fuzzy
355.3355989885693,260,225,26,73,12,252,216,199,216,city_driving,fuzzy
355.35557092652226,316,230,242,51,14,20,187,81,115,city_driving,fuzzy
355.4548478967154,329,32,183,236,58,112,138,36,180,city_driving,fuzzy
355.95420510978175,545,47,209,120,247,227,215,97,64,city_driving,fuzzy
355.9633765781725,260,177,14,185,85,1,124,170,54,city_driving,fuzzy
355.98275949006734,316,52,74,189,149,39,130,213,154,city_driving,fuzzy
356.08255015879433,329,240,162,225,209,230,108,102,136,city_driving,fuzzy
356.58281211192286,545,114,43,74,100,223,175,226,160,city_driving,fuzzy
356.59242094922945,260,194,135,70,217,59,109,68,93,city_driving,fuzzy
356.6118436815259,316,148,216,46,41,249,59,59,116,city_driving,fuzzy
356.71086887965913,329,116,74,118,20,104,124,59,251,city_driving,fuzzy
357.2112663629742,545,94,189,209,152,78,216,147,152,city_driving,fuzzy
357.2203066478002,260,74,90,22,192,37,219,88,7,city_driving,fuzzy
357.24002728218954,316,218,64,186,3,3,56,144,116,city_driving,fuzzy
357.340189878984,329,143,86,119,29,109,115,52,166,city_driving,fuzzy
357.8405801702772,545,198,112,156,198,130,152,205,123,city_driving,fuzzy
357.8508714099074,260,112,235,252,168,88,252,237,127,city_driving,fuzzy
357.87059050041955,316,237,66,118,216,191,12,192,175,city_driving,fuzzy
357.97089330482333,329,162,89,111,47,65,82,101,87,city_driving,fuzzy
358.47153819064437,545,7,33,122,146,54,78,9,24,city_driving,fuzzy
358.48234326434914,260,247,154,52,74,105,106,36,224,city_driving,fuzzy
358.5020648160644,316,115,8,75,162,56,56,218,245,city_driving,fuzzy
358.60201966027546,329,85,231,18,165,209,136,97,194,city_driving,fuzzy
359.1016143492843,545,190,150,24,110,15,109,189,153,city_driving,fuzzy
359.11147698279825,260,43,236,99,254,114,22,221,144,city_driving,fuzzy
359.1323421602926,316,87,120,29,132,135,97,161,26,city_driving,fuzzy
359.23174622871227,329,110,246,206,92,113,119,133,197,city_driving,fuzzy
359.7316138480204,545,64,161,36,67,2,123,227,192,city_driving,fuzzy
359.74122398281696,260,83,143,146,191,176,249,36,27,city_driving,fuzzy
359.76214376429175,316,117,19,27,122,244,5,70,211,city_driving,fuzzy
359.8630779938437,329,225,53,146,3,13,134,231,117,city_driving,fuzzy
360.36379579105164,545,189,249,7,111,138,160,76,1,city_driving,fuzzy
360.37391772005486,260,178,66,155,223,189,218,75,4,city_driving,fuzzy
360.3931400341498,316,50,173,234,39,205,44,161,242,city_driving,fuzzy
360.4933931896274,329,228,96,65,237,14,19,227,128,city_driving,fuzzy
360.9935498435822,545,28,127,119,149,123,234,231,172,city_driving,fuzzy
361.0027542003595,260,137,114,222,217,32,68,47,195,city_driving,fuzzy
361.02371477371764,316,58,240,175,24,251,86,32,182,city_driving,fuzzy
361.1245221504416,329,165,19,71,101,181,12,2,251,city_driving,fuzzy
361.6239830990713,545,111,143,220,126,240,236,24,96,city_driving,fuzzy
361.63406456332285,260,2,240,9,101,176,215,220,49,city_driving,fuzzy
361.6537189717823,316,72,125,141,181,164,198,30,239,city_driving,fuzzy
361.7536626358487,329,163,201,199,153,41,154,178,13,city_driving,fuzzy
362.254553411365,545,103,160,72,242,173,218,151,110,city_driving,fuzzy
362.2647018469695,260,140,3,27,205,31,70,156,213,city_driving,fuzzy
362.28377404685847,316,248,167,95,127,198,222,107,173,city_driving,fuzzy
362.38433745035724,329,92,70,183,79,197,64,176,174,city_driving,fuzzy
362.88528873930386,545,142,156,142,254,219,94,78,66,city_driving,fuzzy
362.8956755505699,260,15,81,194,39,86,90,236,156,city_driving,fuzzy
362.91665852303896,316,150,191,42,7,26,116,1,13,city_driving,fuzzy
363.01571505165106,329,115,138,80,103,215,108,246,251,city_driving,fuzzy
363.5147732736722,545,95,154,0,58,76,120,206,28,city_driving,fuzzy
363.52604498273547,260,85,94,99,88,250,62,222,3,city_driving,fuzzy
363.54504607460495,316,135,12,6,164,43,78,169,163,city_driving,fuzzy
363.64551853749936,329,86,173,93,62,219,171,99,151,city_driving,fuzzy
364.1461837347573,545,220,106,202,129,229,235,83,29,city_driving,fuzzy
364.15640269672383,260,210,201,120,103,144,167,127,180,city_driving,fuzzy
364.17682546269566,316,178,160,160,115,209,236,58,14,city_driving,fuzzy
364.2777629765744,329,131,218,152,193,81,157,102,54,city_driving,fuzzy
364.7780541658327,545,106,77,8,190,33,216,62,78,city_driving,fuzzy
364.7886604566001,260,146,66,131,202,65,36,105,183,city_driving,fuzzy
364.809031890885,316,253,127,0,143,127,190,152,218,city_driving,fuzzy
364.90938386828833,329,10,126,76,132,79,10,109,228,city_driving,fuzzy
365.4103146190971,545,1,32,147,139,247,226,210,67,city_driving,fuzzy
365.4203551779453,260,147,181,163,150,76,135,55,98,city_driving,fuzzy
365.4399859432734,316,60,104,160,22,232,57,201,255,city_driving,fuzzy
365.53928976295833,329,216,82,111,114,214,108,14,62,city_driving,fuzzy
366.0398047337308,545,169,172,99,226,214,66,210,137,city_driving,fuzzy
366.049167117426,260,99,216,171,208,111,244,94,146,city_driving,fuzzy
366.070086438334,316,156,83,249,166,222,150,168,183,city_driving,fuzzy
366.16955969763035,329,149,245,49,148,95,56,127,101,city_driving,fuzzy
366.66933664985106,545,191,60,231,18,247,185,156,171,city_driving,fuzzy
366.6791572499673,260,41,232,254,47,238,108,141,27,city_driving,fuzzy
366.6988970236104,316,61,80,161,15,83,83,57,236,city_driving,fuzzy
366.79873655259485,329,143,110,93,86,229,136,252,84,city_driving,fuzzy
367.2995592353264,545,252,174,75,59,222,110,73,188,city_driving,fuzzy
367.3103685438505,260,0,131,10,150,37,37,238,65,city_driving,fuzzy
367.33066391049357,316,191,133,165,67,160,26,39,250,city_driving,fuzzy
367.4313390981341,329,182,128,185,33,149,138,73,105,city_driving,fuzzy
367.9320573952433,545,250,102,172,124,192,175,151,207,city_driving,fuzzy
367.9415009971607,260,213,90,199,68,65,184,108,29,city_driving,fuzzy
367.96058256951295,316,21,88,208,92,156,242,3,71,city_driving,fuzzy
368.0607448259761,329,71,185,68,150,93,85,125,254,city_driving,fuzzy
368.5606755705817,545,200,127,135,199,132,133,152,41,city_driving,fuzzy
368.5712388660556,260,223,122,121,43,89,116,68,46,city_driving,fuzzy
368.59062853967737,316,83,166,200,214,178,22,93,93,city_driving,fuzzy
368.68986663581916,329,188,177,225,252,29,206,168,175,city_driving,fuzzy
369.18914355862336,545,106,25,208,185,6,90,20,48,city_driving,fuzzy
369.19943905297606,260,86,65,137,116,132,17,51,213,city_driving,fuzzy
369.21951614456,316,67,12,230,222,97,212,84,154,city_driving,fuzzy
369.3187366859685,329,110,4,22,187,187,86,226,25,city_driving,fuzzy
369.8195240632442,545,141,0,94,250,41,133,223,131,city_driving,fuzzy
369.8304354982807,260,7,3,32,58,110,63,209,171,city_driving,fuzzy
369.8502910283667,316,162,245,195,115,46,134,129,72,city_driving,fuzzy
369.94996066242356,329,141,119,31,118,125,57,32,58,city_driving,fuzzy
370.45051286454685,545,125,184,14,32,164,205,27,85,city_driving,fuzzy
370.461427690801,260,178,123,10,116,99,113,58,164,city_driving,fuzzy
370.4814800338758,316,212,47,244,14,16,188,173,86,city_driving,fuzzy
370.5822795860726,329,200,13,248,153,255,127,84,228,city_driving,fuzzy
371.08218052919256,545,153,242,227,171,164,133,253,222,city_driving,fuzzy
371.0916811764368,260,238,23,36,192,182,40,211,223,city_driving,fuzzy
371.1111469111632,316,160,214,146,154,196,240,35,225,city_driving,fuzzy
371.2118344407867,329,138,67,40,22,186,89,244,93,city_driving,fuzzy
371.7120248305588,545,49,154,50,221,239,108,200,219,city_driving,fuzzy
371.72191577636255,260,235,134,215,4,136,85,171,145,city_driving,fuzzy
371.7410168477632,316,93,39,196,220,94,214,168,159,city_driving,fuzzy
371.8409900625154,329,214,8,192,19,74,156,99,232,city_driving,fuzzy
372.34014391242135,545,69,48,157,216,7,85,69,151,city_driving,fuzzy
372.3496604291645,260,244,24,160,137,113,95,125,45,city_driving,fuzzy
372.369657809722,316,24,249,212,233,119,139,189,106,city_driving,fuzzy
372.4702115018351,329,9,223,20,218,155,22,238,165,city_driving,fuzzy
372.97033081251567,545,35,234,66,84,69,233,52,108,city_driving,fuzzy
372.97938320467733,260,158,144,154,164,67,14,242,83,city_driving,fuzzy
372.9998371280647,316,139,209,214,209,33,90,232,52,city_driving,fuzzy
373.0996326989755,329,189,66,72,26,121,182,118,238,city_driving,fuzzy
373.59984625911744,545,80,8,108,141,164,29,159,170,city_driving,fuzzy
373.60732135737214,260,225,41,168,36,82,41,138,217,city_driving,fuzzy
373.62711676858925,316,186,80,144,37,187,131,203,125,city_driving,fuzzy
373.726798171002,329,89,108,160,241,1,147,229,66,city_driving,fuzzy
374.22600456298716,545,100,84,248,105,202,121,135,10,city_driving,fuzzy
374.2371942766209,260,119,179,111,40,61,30,71,27,city_driving,fuzzy
374.25788426687086,316,122,0,21,219,163,137,15,126,city_driving,fuzzy
374.3574156283106,329,85,19,136,136,255,179,230,73,city_driving,fuzzy
374.8581492962333,545,240,67,49,253,68,244,193,45,city_driving,fuzzy
374.8676325618363,260,194,0,44,241,35,202,55,166,city_driving,fuzzy
374.88716234604647,316,195,167,63,107,57,226,63,55,city_driving,fuzzy
374.98657346828514,329,152,197,23,174,171,158,186,150,city_driving,fuzzy
375.4857197544062,545,206,8,244,154,122,60,226,175,city_driving,fuzzy
375.49652116561117,260,146,121,237,38,138,77,99,95,city_driving,fuzzy
375.51751253493507,316,96,189,187,116,95,217,64,191,city_driving,fuzzy
375.61788289468484,329,223,192,187,204,55,16,30,109,city_driving,fuzzy
376.11717282222384,545,158,99,139,6,132,163,79,206,city_driving,fuzzy
376.1271010614395,260,64,79,61,114,53,155,27,100,city_driving,fuzzy
376.14728021741985,316,104,170,30,84,90,233,59,145,city_driving,fuzzy
376.24566134572643,329,254,78,35,253,111,47,40,29,city_driving,fuzzy
376.7454027607128,545,182,22,247,136,156,96,130,79,city_driving,fuzzy
376.7553963438012,260,217,253,143,126,225,163,140,149,city_driving,fuzzy
376.7762435839173,316,114,100,253,202,149,100,237,57,city_driving,fuzzy
376.8764816891567,329,177,94,244,100,102,22,224,124,city_driving,fuzzy
377.37585921630756,545,51,52,7,252,169,48,134,108,city_driving,fuzzy
377.3861039939649,260,45,131,142,183,53,206,125,69,city_driving,fuzzy
377.4063235029579,316,50,131,76,65,245,83,190,114,city_driving,fuzzy
377.50554530419157,329,241,125,216,190,230,178,213,30,city_driving,fuzzy
378.0046188501825,545,64,218,2,44,114,77,155,164,city_driving,fuzzy
378.0158195056972,260,135,240,192,195,97,48,138,127,highway,fuzzy
378.0351989232538,316,171,223,254,49,220,61,210,94,highway,fuzzy
378.13566929784207,329,167,90,226,197,156,106,151,43,highway,fuzzy
378.63533932720253,545,113,61,12,41,230,220,131,185,highway,fuzzy
378.646165128527,260,103,29,189,212,164,37,195,21,highway,fuzzy
378.6651894667973,316,39,1,82,246,85,212,156,253,highway,fuzzy
378.7647396396063,329,111,182,9,219,52,68,21,39,highway,fuzzy
379.2652892430482,545,246,31,194,17,165,212,232,157,highway,fuzzy
379.2743347969384,260,200,206,209,216,109,244,116,100,highway,fuzzy
379.2940095125693,316,213,242,71,138,45,100,201,51,highway,fuzzy
379.39445379373365,329,204,195,238,183,135,39,22,120,highway,fuzzy
379.8946923740063,545,175,98,84,232,114,201,109,58,highway,fuzzy
379.9055118077271,260,239,169,234,11,196,39,21,254,highway,fuzzy
379.92536862743395,316,32,247,204,144,236,7,111,159,highway,fuzzy
380.0246263039134,329,72,231,204,2,81,36,58,242,highway,fuzzy
380.52506625963804,545,30,144,157,9,18,8,40,119,highway,fuzzy
380.53578550600923,260,172,29,120,156,193,46,43,131,highway,fuzzy
380.5547898407173,316,108,185,114,120,187,63,5,96,highway,fuzzy
380.65476329958017,329,118,245,153,120,126,233,44,207,highway,fuzzy
381.1539591831364,545,29,132,202,227,46,44,183,65,highway,fuzzy
381.16394596726013,260,27,94,235,213,170,76,156,53,highway,fuzzy
381.18385100314543,316,149,68,19,213,92,207,191,185,highway,fuzzy
381.2842782074766,329,122,121,81,167,133,141,54,21,highway,fuzzy
381.7857535536854,545,99,91,125,248,12,70,99,42,highway,fuzzy
381.7951810891173,260,7,181,126,94,129,156,145,75,highway,fuzzy
381.8158297213656,316,238,166,147,135,249,26,152,231,highway,fuzzy
381.91574948204396,329,113,215,147,222,30,121,241,63,highway,fuzzy
382.4162798279005,545,128,109,147,58,112,83,213,45,highway,fuzzy
382.4259701092669,260,229,189,202,87,58,217,94,251,highway,fuzzy
382.4466632024341,316,251,97,84,238,150,132,88,70,highway,fuzzy
382.544032517037,329,83,18,182,38,182,135,224,8,highway,fuzzy
383.0443715212646,545,118,32,45,66,127,5,206,133,highway,fuzzy
383.0545795178295,260,10,21,172,74,174,23,103,22,highway,fuzzy
383.07498611745467,316,230,89,32,187,46,12,78,75,highway,fuzzy
383.175243663264,329,114,137,29,224,4,142,67,224,highway,fuzzy
383.6753574163593,545,4,183,133,110,57,91,159,0,highway,fuzzy
383.6859952778548,260,170,105,155,76,197,116,201,46,highway,fuzzy
383.70622211316663,316,10,204,186,136,161,44,55,88,highway,fuzzy
383.8058296338576,329,67,132,68,122,253,223,138,4,highway,fuzzy
384.30528152059105,545,27,133,30,76,21,77,226,192,highway,fuzzy
384.31561810077443,260,192,22,203,127,28,12,198,66,highway,fuzzy
384.3361968719173,316,172,85,32,97,92,49,114,107,highway,fuzzy
384.4355918049942,329,2,91,114,208,104,47,167,26,highway,fuzzy
384.93614305397494,545,71,194,186,212,117,15,22,73,highway,fuzzy
384.94753327001484,260,71,99,190,6,153,201,116,122,highway,fuzzy
384.9665887407929,316,211,70,166,69,231,244,64,111,highway,fuzzy
385.0675570772978,329,192,109,131,149,252,254,164,136,highway,fuzzy
385.5669300365415,545,56,9,34,223,84,227,121,65,highway,fuzzy
385.57614244938935,260,125,1,87,190,197,111,174,116,highway,fuzzy
385.59636805645573,316,95,240,103,250,148,21,157,217,highway,fuzzy
385.6961468368697,329,13,162,223,48,28,177,134,80,highway,fuzzy
386.1955270146653,545,119,21,232,240,142,53,101,177,highway,fuzzy
386.2047707747099,260,252,88,72,22,153,109,134,154,highway,fuzzy
386.22507112155057,316,193,134,88,188,201,184,180,158,highway,fuzzy
386.32421938652817,329,189,17,199,200,206,110,162,34,highway,fuzzy
386.82371891487423,545,166,227,165,35,104,233,99,210,highway,fuzzy
386.8340458603243,260,198,154,8,194,26,99,54,83,highway,fuzzy
386.8545531135604,316,131,97,164,205,29,88,113,180,highway,fuzzy
386.9543236793863,329,103,83,106,32,116,225,206,252,highway,fuzzy
387.4553070857751,545,7,161,1,58,119,137,227,243,highway,fuzzy
387.4659273119888,260,81,123,227,212,42,30,241,182,highway,fuzzy
387.48326040057225,316,91,30,69,252,175,76,68,77,highway,fuzzy
387.58266375245086,329,167,73,45,93,172,69,167,201,highway,fuzzy
388.0825364647472,545,178,15,67,25,225,238,227,155,highway,fuzzy
388.09340679272947,260,182,227,91,163,251,245,64,187,highway,fuzzy
388.1141231769787,316,23,43,218,122,32,115,161,129,highway,fuzzy
388.2131299781883,329,112,150,28,52,194,167,151,107,highway,fuzzy
388.7130393834665,545,170,237,90,76,107,0,86,97,highway,fuzzy
388.72238902028016,260,67,195,70,89,55,7,155,161,highway,fuzzy
388.7429288112372,316,148,117,39,36,71,242,108,189,highway,fuzzy
388.84368058241597,329,68,187,23,45,54,94,23,116,highway,fuzzy
389.3442776498431,545,33,20,235,154,210,59,229,15,highway,fuzzy
389.353816818631,260,152,21,92,11,88,241,232,185,highway,fuzzy
389.3736837952652,316,21,93,86,237,104,172,218,133,highway,fuzzy
389.4730123959334,329,47,150,83,38,90,122,51,238,highway,fuzzy
389.9729419853679,545,228,77,229,227,152,199,8,65,highway,fuzzy
389.9822280539149,260,53,57,47,196,213,3,14,113,highway,fuzzy
390.0015154956329,316,110,16,245,91,26,158,5,44,highway,fuzzy
390.10189765018407,329,86,144,201,15,57,53,208,193,highway,fuzzy
390.6016317752896,545,240,100,47,196,195,74,93,23,highway,fuzzy
390.6122013772864,260,111,107,26,113,143,16,168,0,highway,fuzzy
390.63248363396514,316,110,77,146,244,76,20,5,149,highway,fuzzy
390.7326640211145,329,160,161,121,159,21,209,28,39,highway,fuzzy
391.233343105274,545,10,161,175,134,89,137,79,12,highway,fuzzy
391.24393691739357,260,0,204,240,145,216,242,168,173,highway,fuzzy
391.2630089266676,316,235,95,131,52,92,61,241,228,highway,fuzzy
391.3628451742388,329,83,235,132,244,124,112,197,116,highway,fuzzy
391.862356806693,545,59,187,194,221,126,216,7,234,highway,fuzzy
391.8726479603948,260,72,230,235,53,31,16,181,71,highway,fuzzy
391.8931096225309,316,17,157,113,163,192,116,213,229,highway,fuzzy
391.99257768857143,329,104,20,66,23,68,140,72,30,highway,fuzzy
392.4930206686595,545,230,70,199,75,79,42,153,157,highway,fuzzy
392.5021835177389,260,217,143,158,182,151,44,55,124,highway,fuzzy
392.5214715496802,316,23,170,255,132,92,25,42,87,highway,fuzzy
392.6218001430391,329,176,85,106,65,177,6,17,39,highway,fuzzy
393.12187521688134,545,40,229,137,254,15,83,4,201,highway,fuzzy
393.13124049655505,260,116,239,202,87,230,207,67,14,highway,fuzzy
393.1518278957707,316,32,51,167,38,118,203,118,107,highway,fuzzy
393.25280955627255,329,19,106,73,187,112,227,239,61,highway,fuzzy
393.75323158851984,545,138,187,162,137,110,175,120,204,highway,fuzzy
393.7629434898271,260,83,228,187,132,148,80,247,151,highway,fuzzy
393.7821518743789,316,69,101,195,16,222,32,67,68,highway,fuzzy
393.8820833388591,329,21,248,20,201,94,40,72,191,highway,fuzzy
394.38150373811766,545,66,7,71,217,86,94,218,76,highway,fuzzy
394.39093029460815,260,83,1,175,97,40,57,161,4,highway,fuzzy
394.41144663239754,316,68,20,74,146,33,235,51,148,highway,fuzzy
394.5122098035191,329,209,40,237,226,55,97,228,122,highway,fuzzy
395.0130240425831,545,252,65,157,71,184,151,235,143,highway,fuzzy
395.0232752483779,260,27,58,255,61,221,67,155,82,highway,fuzzy
395.0423481516672,316,165,7,136,225,212,128,36,20,highway,fuzzy
395.14331907179206,329,115,238,141,72,74,55,68,167,highway,fuzzy
395.64383113943325,545,126,45,69,158,80,48,154,187,highway,fuzzy
395.65471236635113,260,61,146,95,26,6,237,84,74,highway,fuzzy
395.67387013481607,316,240,204,235,79,255,36,120,228,highway,fuzzy
395.77460782945116,329,176,205,75,224,186,248,66,239,highway,fuzzy
396.2749237221568,545,11,194,121,149,11,143,125,24,highway,fuzzy
396.28583635360536,260,162,254,49,52,32,65,37,44,highway,fuzzy
396.3061740754564,316,8,216,62,193,52,231,41,88,highway,fuzzy
396.4062865544698,329,233,26,165,234,51,42,172,161,highway,fuzzy
396.9057990931944,545,207,113,226,29,229,52,197,140,highway,fuzzy
396.9155531744669,260,205,207,108,169,106,154,12,114,highway,fuzzy
396.9356425381667,316,216,163,89,19,89,227,48,20,highway,fuzzy
397.03626731904023,329,107,0,155,30,10,160,30,216,highway,fuzzy
397.53607639595,545,71,200,81,151,205,165,153,16,highway,fuzzy
397.54558385073034,260,146,10,237,15,139,112,101,130,highway,fuzzy
397.5653780969574,316,114,0,13,131,160,115,38,183,highway,fuzzy
397.66570355198047,329,255,15,238,136,84,219,112,12,highway,fuzzy
398.16519224265124,545,242,172,211,22,30,75,138,241,highway,fuzzy
398.17449123037585,260,239,46,73,61,125,121,67,5,highway,fuzzy
398.19398388370854,316,19,225,255,245,136,178,87,146,highway,fuzzy
398.29486773851664,329,172,161,90,25,193,96,17,134,highway,fuzzy
398.79539696092985,545,207,45,69,32,102,31,76,84,highway,fuzzy
398.80517977651107,260,144,90,218,207,48,126,128,108,highway,fuzzy
398.8244444059584,316,21,1,46,166,22,233,0,65,highway,fuzzy
398.9238152466624,329,191,176,86,195,198,183,43,89,highway,fuzzy
399.42312893973906,545,253,112,23,65,66,155,174,30,highway,fuzzy
399.4330335012486,260,115,110,241,64,99,243,190,163,highway,fuzzy
399.4528324622277,316,242,188,255,20,14,126,61,45,highway,fuzzy
399.55294060077125,329,100,252,226,64,103,53,240,153,highway,fuzzy
400.05271862668536,545,129,186,163,200,49,204,142,64,highway,fuzzy
400.06187787281885,260,143,254,135,107,129,75,230,150,highway,fuzzy
400.0826871166901,316,151,86,67,59,15,50,38,30,highway,fuzzy
400.1823256899057,329,62,167,178,159,55,114,0,15,highway,fuzzy
400.6814960614601,545,164,245,24,86,160,198,215,0,highway,fuzzy
400.69057028654976,260,238,87,37,163,89,114,231,54,highway,fuzzy
400.71068390396175,316,240,20,50,195,74,10,54,221,highway,fuzzy
400.8102997763064,329,163,85,21,223,157,40,141,29,highway,fuzzy
401.30979829153495,545,152,169,199,110,210,22,217,130,highway,fuzzy
401.31887218096597,260,149,180,57,192,211,143,228,69,highway,fuzzy
401.339660740569,316,6,199,149,21,35,238,85,236,highway,fuzzy
401.4397793057982,329,123,119,93,250,81,5,72,137,highway,fuzzy
401.93917477629043,545,4,50,20,163,10,201,168,172,highway,fuzzy
401.94875586465525,260,22,124,208,122,14,189,143,130,highway,fuzzy
401.9683923085511,316,171,236,220,27,97,80,199,145,highway,fuzzy
402.0680080183129,329,23,138,207,88,61,105,202,16,highway,fuzzy
402.5683628386743,545,198,109,116,148,207,7,157,211,highway,fuzzy
402.57874357201325,260,198,194,53,58,173,49,129,163,highway,fuzzy
402.5987006812526,316,22,233,178,18,61,217,146,228,highway,fuzzy
402.69893348232023,329,236,217,71,49,132,221,229,241,highway,fuzzy
403.19888735494794,545,194,50,56,248,43,84,155,54,highway,fuzzy
403.2086053725376,260,136,93,48,123,20,11,202,122,highway,fuzzy
403.2292820678931,316,234,170,22,243,18,235,5,223,highway,fuzzy
403.329901422521,329,44,30,160,28,17,232,39,148,highway,fuzzy
403.8296770170032,545,158,125,88,107,38,105,216,142,highway,fuzzy
403.84026976339527,260,69,241,13,91,89,182,26,99,highway,fuzzy
403.85963784518447,316,65,217,71,129,255,143,215,167,highway,fuzzy
403.95875531330057,329,55,239,62,15,141,194,255,196,highway,fuzzy
404.459296451712,545,9,3,140,230,12,177,51,207,highway,fuzzy
404.4686208799392,260,119,238,170,244,183,250,146,63,highway,fuzzy
404.4893340307095,316,31,249,1,96,13,202,80,249,highway,fuzzy
404.58929093317084,329,79,191,106,152,187,159,181,248,highway,fuzzy
405.0883871501445,545,76,110,232,110,10,167,112,184,highway,fuzzy
405.0983710694383,260,57,127,136,192,220,52,150,124,highway,fuzzy
405.1191281149625,316,181,19,73,170,45,159,168,88,highway,fuzzy
405.2181807888524,329,9,28,187,201,19,215,90,85,highway,fuzzy
405.7172219060084,545,248,159,239,182,86,27,158,138,highway,fuzzy
405.72800916572425,260,165,228,195,61,81,106,233,74,highway,fuzzy
405.7481538104075,316,105,152,173,230,189,126,183,71,highway,fuzzy
405.84832606364074,329,221,176,38,228,187,75,215,46,highway,fuzzy
406.34911926778364,545,24,97,188,16,109,118,193,45,highway,fuzzy
406.3594279029355,260,173,179,59,3,192,100,76,99,highway,fuzzy
406.3785953257848,316,12,252,114,212,92,123,111,160,highway,fuzzy
406.4780198031451,329,91,245,32,206,136,100,64,91,highway,fuzzy
406.97751035139527,545,36,52,38,217,75,10,141,245,highway,fuzzy
406.98773739307467,260,232,9,115,103,25,172,165,40,highway,fuzzy
407.0076724816876,316,110,162,236,132,148,164,96,116,highway,fuzzy
407.10692703554537,329,204,157,162,120,108,183,145,225,highway,fuzzy
407.60613066141735,545,102,213,40,13,109,188,168,60,highway,fuzzy
407.615778468527,260,186,175,133,207,115,162,24,35,highway,fuzzy
407.63647370549484,316,247,25,126,212,236,210,172,114,highway,fuzzy
407.73639719901513,329,49,5,236,201,143,190,25,143,highway,fuzzy
408.2370491038264,545,219,76,166,175,236,16,80,161,highway,fuzzy
408.2469247051414,260,28,53,150,108,52,52,67,185,highway,fuzzy
408.2670947179629,316,191,18,85,53,27,156,85,8,highway,fuzzy
408.36638894223495,329,148,245,164,187,7,194,190,25,highway,fuzzy
408.8667970488651,545,8,189,242,150,241,125,225,92,highway,fuzzy
408.8758570827714,260,29,79,152,115,208,105,153,130,highway,fuzzy
408.89590922231656,316,195,30,49,108,229,133,0,26,highway,fuzzy
408.9959295947539,329,80,235,204,95,160,101,109,84,highway,fuzzy
409.4950897433514,545,170,193,71,11,20,85,188,91,highway,fuzzy
409.50426462675836,260,242,131,145,99,210,204,28,87,highway,fuzzy
409.52403349619493,316,14,253,74,29,80,29,195,63,highway,fuzzy
409.62356175941875,329,57,247,246,106,243,132,76,8,highway,fuzzy
410.1228622458077,545,54,77,225,217,145,91,248,249,highway,fuzzy
410.1323889654428,260,238,249,133,113,195,22,226,29,highway,fuzzy
410.15218920427134,316,224,27,118,240,103,198,235,64,highway,fuzzy
410.2514526149459,329,69,187,138,161,65,83,206,96,highway,fuzzy
410.7512223979651,545,10,135,18,201,182,45,166,40,highway,fuzzy
410.7606446418546,260,45,182,223,71,48,131,1,156,highway,fuzzy
410.78031679845617,316,134,168,73,13,133,225,54,114,highway,fuzzy
410.8805428103249,329,89,7,232,125,46,231,157,233,highway,fuzzy
411.38121675780656,545,197,40,210,115,41,112,91,40,highway,fuzzy
411.3920631728335,260,144,36,233,92,241,203,239,186,highway,fuzzy
411.4120111448481,316,236,44,100,30,110,192,242,203,highway,fuzzy
411.5118224795326,329,173,172,92,17,113,49,210,7,highway,fuzzy
412.01085584698234,545,67,223,197,116,230,240,147,60,highway,fuzzy
412.02037100590843,260,101,145,38,126,4,1,204,50,highway,fuzzy
412.03983714621455,316,127,44,98,128,26,254,10,12,highway,fuzzy
412.1397701395326,329,227,219,112,81,239,147,185,99,highway,fuzzy
412.64048109155,545,240,92,159,182,228,160,162,88,highway,fuzzy
412.6512918939254,260,53,95,109,115,87,16,179,175,highway,fuzzy
412.6708972011964,316,48,182,30,160,43,9,207,249,highway,fuzzy
412.77157515828486,329,76,126,93,72,20,57,64,7,highway,fuzzy
413.271710193209,545,110,93,69,71,95,165,196,142,highway,fuzzy
413.28119972034665,260,199,81,152,42,188,129,81,73,highway,fuzzy
413.30123999968407,316,226,51,192,132,221,69,95,122,highway,fuzzy
413.40128290377675,329,21,109,207,55,191,91,128,229,highway,fuzzy
413.90090520789437,545,189,99,43,197,142,185,170,122,highway,fuzzy
413.911112588495,260,101,250,217,51,178,132,228,35,highway,fuzzy
413.9308918958884,316,135,137,55,143,20,158,83,192,highway,fuzzy
414.03039560340835,329,152,242,174,142,184,143,192,180,highway,fuzzy
414.5296986869286,545,75,225,22,188,54,206,70,197,highway,fuzzy
414.5405812550012,260,33,243,88,136,37,48,122,153,highway,fuzzy
414.5613068630398,316,35,51,81,81,168,206,209,223,highway,fuzzy
414.6620438381921,329,166,20,7,189,8,162,32,241,highway,fuzzy
415.1624376304135,545,134,232,122,109,118,3,70,78,highway,fuzzy
415.17240932204083,260,227,161,136,121,113,181,17,141,highway,fuzzy
415.19292704343593,316,139,49,179,125,244,16,188,103,highway,fuzzy
415.29326896932514,329,115,35,9,126,35,118,222,87,highway,fuzzy
415.79390705207646,545,122,79,212,105,70,162,56,236,highway,fuzzy
415.80447465150866,260,71,192,214,237,59,203,92,79,highway,fuzzy
415.82362512161046,316,87,204,16,42,224,159,65,152,highway,fuzzy
415.92334116408256,329,194,60,43,84,71,59,28,9,highway,fuzzy
416.423318193553,545,186,107,196,2,233,191,13,252,highway,fuzzy
416.4325272635531,260,101,125,68,108,133,96,253,139,highway,fuzzy
416.4529796419235,316,146,87,209,218,101,250,228,208,highway,fuzzy
416.5533509886096,329,253,13,235,198,150,186,63,122,highway,fuzzy
417.0542812941879,545,3,92,253,204,161,230,56,1,highway,fuzzy
417.06411060166107,260,178,240,195,18,28,77,222,171,highway,fuzzy
417.08460162218717,316,117,61,54,58,52,19,82,18,highway,fuzzy
417.1855356804277,329,130,232,45,67,70,249,96,182,highway,fuzzy
417.6849634340802,545,134,16,147,62,144,108,205,189,highway,fuzzy
417.6957324845511,260,53,187,95,73,211,65,77,224,highway,fuzzy
417.71521303189616,316,104,91,10,201,230,240,37,174,highway,fuzzy
417.81612352315926,329,15,197,51,170,204,158,35,204,highway,fuzzy
418.31700813020046,545,177,144,44,22,48,137,241,219,highway,fuzzy
418.3273751742697,260,197,202,36,132,125,221,210,129,highway,fuzzy
418.34748730340743,316,28,138,160,244,188,2,219,76,highway,fuzzy
418.44659718666776,329,175,148,68,104,132,57,102,17,highway,fuzzy
418.94581046755667,545,120,30,222,169,16,86,59,165,highway,fuzzy
418.95643265205587,260,75,142,125,229,0,196,106,14,highway,fuzzy
418.97575586709564,316,234,205,232,177,238,73,247,133,highway,fuzzy
419.0759520402199,329,84,122,207,86,64,237,175,215,highway,fuzzy
419.57595324106137,545,120,226,62,128,57,205,147,49,highway,fuzzy
419.5853745960543,260,36,177,208,195,17,38,25,118,highway,fuzzy
419.60629281753495,316,94,190,246,131,164,78,104,116,highway,fuzzy
419.70755445940887,329,92,145,232,131,62,247,85,108,highway,fuzzy
420.2081802873773,545,50,167,112,174,170,196,251,190,highway,fuzzy
420.2191451343621,260,92,61,219,185,233,101,77,71,highway,fuzzy
420.2392627370745,316,142,200,243,124,241,210,246,120,highway,fuzzy
420.33964890784665,329,25,165,33,186,207,169,22,164,highway,fuzzy
420.83880010048426,545,75,119,249,103,35,163,247,182,highway,fuzzy
420.8489728081275,260,141,16,190,1,45,94,235,18,highway,fuzzy
420.8680298277539,316,87,31,145,22,42,15,175,211,highway,fuzzy
420.9671289659453,329,103,150,189,155,118,120,85,238,highway,fuzzy
421.46616292807875,545,73,11,158,2,228,110,234,97,highway,fuzzy
421.4756977204456,260,150,198,141,59,64,91,135,71,highway,fuzzy
421.4959729925808,316,132,141,197,238,132,66,171,124,highway,fuzzy
421.59581257705565,329,215,86,4,29,13,71,153,255,highway,fuzzy
422.09622507274963,545,120,160,240,105,47,52,23,43,highway,fuzzy
422.1062272246184,260,141,172,165,169,200,250,203,205,highway,fuzzy
422.1268690456267,316,202,10,124,89,9,115,246,72,highway,fuzzy
422.225950959567,329,145,198,248,115,126,168,185,88,highway,fuzzy
422.7262495357791,545,179,52,107,206,10,185,100,195,highway,fuzzy
422.7363398200076,260,94,32,113,25,178,243,120,231,highway,fuzzy
422.75671011934645,316,140,198,125,4,40,197,202,106,highway,fuzzy
422.8574708192413,329,131,206,115,177,118,212,3,34,highway,fuzzy
423.35786904244566,545,75,36,65,187,35,188,71,111,highway,fuzzy
423.3679005194881,260,39,151,0,243,132,212,66,95,highway,fuzzy
423.3880431189582,316,82,212,53,110,63,61,239,29,highway,fuzzy
423.488504368142,329,202,118,255,130,202,175,217,17,highway,fuzzy
423.9879370572709,545,158,37,54,199,253,221,146,84,highway,fuzzy
423.9986896916335,260,158,200,254,241,36,15,204,162,highway,fuzzy
424.01899468658826,316,222,144,71,194,126,86,185,212,highway,fuzzy
424.11944390094203,329,50,123,146,242,208,100,156,164,highway,fuzzy
424.6191619255885,545,9,177,176,145,244,19,44,141,highway,fuzzy
424.6300931695499,260,111,241,172,136,188,62,23,162,highway,fuzzy
424.6494768571625,316,211,59,158,104,147,61,48,210,highway,fuzzy
424.74898300996017,329,68,251,235,253,67,179,63,229,highway,fuzzy
425.2480045218904,545,222,17,51,32,212,85,39,154,highway,fuzzy
425.25798088593206,260,13,34,34,145,9,229,132,57,highway,fuzzy
425.2773655187844,316,19,85,255,110,139,147,83,0,highway,fuzzy
425.3769472490515,329,76,142,79,26,68,67,142,192,highway,fuzzy
425.87693578111583,545,78,156,11,75,20,111,113,228,highway,fuzzy
425.8868671416284,260,168,144,182,69,206,53,13,183,highway,fuzzy
425.90691923623007,316,78,174,237,191,34,36,213,138,highway,fuzzy
426.00781504867206,329,170,64,88,119,208,247,235,207,highway,fuzzy
426.5083067972956,545,175,249,155,11,93,84,234,193,highway,fuzzy
426.5186420828571,260,146,44,210,83,97,115,19,214,highway,fuzzy
426.5381790793786,316,237,100,191,17,141,201,50,10,highway,fuzzy
426.63768596370613,329,103,224,192,253,216,6,73,204,highway,fuzzy
427.13795111331495,545,41,25,175,87,38,160,92,107,highway,fuzzy
427.14804986272844,260,181,190,34,102,146,221,145,129,highway,fuzzy
427.1683611744897,316,189,146,17,205,23,80,52,123,highway,fuzzy
427.26832249757354,329,141,109,150,90,71,135,218,230,highway,fuzzy
427.76843667335186,545,154,205,142,130,158,75,73,197,highway,fuzzy
427.78000644038286,260,229,23,63,60,56,118,201,92,highway,fuzzy
427.79973829550937,316,73,226,75,185,42,183,180,86,highway,fuzzy
427.8990843120391,329,77,156,139,60,165,194,58,106,highway,fuzzy
428.3988840650022,545,65,169,78,103,145,59,215,116,highway,fuzzy
428.4094974229469,260,204,111,88,2,2,252,144,75,highway,fuzzy
428.4292089863401,316,102,157,98,250,155,42,24,143,highway,fuzzy
428.5284706354953,329,129,114,134,230,42,142,16,205,highway,fuzzy
429.02760599618426,545,236,7,146,67,194,87,120,237,highway,fuzzy
429.0383219676711,260,98,17,122,51,72,201,90,83,highway,fuzzy
429.0588611331125,316,113,100,69,108,131,43,139,97,highway,fuzzy
429.15960134345534,329,195,248,147,159,100,16,171,200,highway,fuzzy
429.65932735414407,545,51,40,229,128,203,89,19,25,highway,fuzzy
429.6695493522412,260,93,13,43,40,138,235,64,197,highway,fuzzy
429.69006078510284,316,232,233,193,112,51,221,163,106,highway,fuzzy
429.791035865961,329,182,232,185,239,96,206,255,115,highway,fuzzy
430.29056560760114,545,104,91,127,170,132,138,218,154,highway,fuzzy
430.30000744980015,260,204,235,182,215,172,16,3,51,highway,fuzzy
430.3207937581191,316,120,248,128,68,129,54,141,236,highway,fuzzy
430.42002054290833,329,94,66,105,73,142,30,248,10,highway,fuzzy
430.92100848798134,545,142,19,122,216,248,192,233,44,highway,fuzzy
430.93151839522596,260,109,186,198,52,51,137,246,128,highway,fuzzy
430.95110557503995,316,201,102,181,32,161,131,127,101,highway,fuzzy
431.0512782787374,329,44,241,97,248,9,124,226,20,highway,fuzzy
431.5509215775549,545,163,9,106,162,65,193,13,162,highway,fuzzy
431.56047595676483,260,127,29,41,191,87,221,79,13,highway,fuzzy
431.5797257100023,316,234,199,179,131,240,98,200,55,highway,fuzzy
431.6794986520914,329,132,88,251,197,77,124,18,80,highway,fuzzy
432.1804471670128,545,167,171,27,199,197,143,129,89,highway,fuzzy
432.1905247503718,260,131,167,47,85,92,160,139,159,highway,fuzzy
432.21001503143736,316,66,15,63,175,241,80,200,151,highway,fuzzy
432.3099493331373,329,167,231,107,255,134,15,211,122,highway,fuzzy
432.8091852580225,545,171,33,59,55,35,252,4,92,highway,fuzzy
432.819931668091,260,164,255,200,155,25,92,181,152,highway,fuzzy
432.8391052758928,316,239,242,176,65,9,52,96,226,highway,fuzzy
432.9392146685398,329,248,182,252,59,208,38,118,12,highway,fuzzy
433.43897839691346,545,252,96,163,176,178,152,247,152,highway,fuzzy
433.4493153078597,260,179,251,46,86,18,212,51,110,highway,fuzzy
433.46895957249546,316,150,112,58,203,174,236,235,182,highway,fuzzy
433.5696500329936,329,12,186,83,232,28,250,178,112,highway,fuzzy
434.0696663929057,545,40,122,241,106,13,42,251,178,highway,fuzzy
434.0799593401101,260,133,89,179,208,36,46,176,57,highway,fuzzy
434.09964865964787,316,192,28,209,57,149,161,84,154,highway,fuzzy
434.1999780325703,329,107,204,73,143,128,187,42,60,highway,fuzzy
434.69934372042695,545,1,234,4,191,42,146,118,51,highway,fuzzy
434.7095595780142,260,80,113,178,195,188,249,207,215,highway,fuzzy
434.7296353996341,316,75,55,228,113,113,93,178,38,highway,fuzzy
434.8305599254556,329,217,245,157,26,191,219,137,92,highway,fuzzy
435.32956337841784,545,49,160,138,225,250,99,105,114,highway,fuzzy
435.33939441203853,260,78,18,155,83,245,168,60,198,highway,fuzzy
435.3590492462399,316,244,28,73,228,65,171,6,104,highway,fuzzy
435.4582304379408,329,31,235,229,131,72,185,37,45,highway,fuzzy
435.9592122794649,545,6,80,126,59,168,204,254,56,highway,fuzzy
435.96933214808473,260,119,243,183,250,230,149,195,87,highway,fuzzy
435.98980687541615,316,108,110,78,192,185,84,200,155,highway,fuzzy
436.0895265274686,329,61,128,194,91,26,12,108,72,highway,fuzzy
436.58853666235024,545,185,62,120,244,189,255,3,165,highway,fuzzy
436.59762111801604,260,138,22,247,7,27,20,214,79,highway,fuzzy
436.61698749213457,316,65,27,212,107,25,170,99,43,highway,fuzzy
436.7174794652392,329,221,29,248,128,68,229,64,104,highway,fuzzy
437.2182897698055,545,39,148,65,148,83,215,91,130,highway,fuzzy
437.2272997816084,260,152,55,41,110,80,112,30,175,highway,fuzzy
437.24796235969706,316,115,180,29,222,19,221,123,33,highway,fuzzy
437.3472478833186,329,54,35,128,109,235,197,52,239,highway,fuzzy
437.8482186680377,545,91,239,209,95,220,97,221,154,highway,fuzzy
437.8583859623142,260,48,222,248,193,156,136,83,62,highway,fuzzy
437.87784568145884,316,152,85,82,130,40,184,153,88,highway,fuzzy
437.9774256306167,329,130,251,116,22,37,75,75,154,highway,fuzzy
438.47826562109356,545,51,171,49,146,88,66,95,30,highway,fuzzy
438.4886105473247,260,59,153,165,252,120,36,152,34,highway,fuzzy
438.50953609037595,316,60,161,62,138,80,155,117,36,highway,fuzzy
438.6103690587781,329,220,167,237,230,87,170,186,118,highway,fuzzy
439.1097342415518,545,145,98,167,136,13,159,169,56,highway,fuzzy
439.11995993368697,260,247,175,20,83,199,222,19,67,highway,fuzzy
439.1399120095706,316,173,13,5,124,86,188,246,74,highway,fuzzy
439.24086275084494,329,131,16,200,202,219,151,240,186,highway,fuzzy
439.7404255851247,545,6,182,142,216,37,254,189,2,highway,fuzzy
439.7499868830477,260,132,140,97,240,105,219,76,209,highway,fuzzy
439.77095497884875,316,135,174,120,166,218,33,138,105,highway,fuzzy
439.871277844338,329,37,15,0,127,239,202,152,156,highway,fuzzy
440.3714291272208,545,60,241,69,212,147,99,224,151,highway,fuzzy
440.3817542446464,260,219,109,50,248,14,104,157,251,highway,fuzzy
440.4019031536775,316,10,245,52,166,174,239,30,121,highway,fuzzy
440.50166706935727,329,238,127,178,201,48,116,154,42,highway,fuzzy
441.00118802963726,545,39,157,206,107,47,66,116,174,highway,fuzzy
441.01213136909683,260,22,162,104,54,215,184,30,141,highway,fuzzy
441.0321294366325,316,1,215,170,5,5,191,172,208,highway,fuzzy
441.13176096852175,329,181,180,182,61,62,77,220,125,highway,fuzzy
441.6323835239057,545,82,22,230,33,115,155,209,5,highway,fuzzy
441.64200829752383,260,142,245,49,101,196,1,0,152,highway,fuzzy
441.66445293420236,316,164,70,244,153,231,234,22,253,highway,fuzzy
441.7647484943159,329,139,157,230,58,11,123,237,254,highway,fuzzy
442.26513303676563,545,7,23,175,143,105,212,178,117,highway,fuzzy
442.2751051973377,260,169,159,202,229,209,218,136,200,highway,fuzzy
442.2945862003023,316,225,166,91,92,21,108,246,68,highway,fuzzy
442.3941809492722,329,107,88,120,178,123,180,144,151,highway,fuzzy
442.8941357349672,545,129,206,11,14,38,228,106,89,highway,fuzzy
442.90497892239875,260,122,109,33,43,19,239,209,247,highway,fuzzy
442.9243976952511,316,201,21,144,70,9,125,120,68,highway,fuzzy
443.02428595300995,329,155,84,32,124,166,151,17,73,highway,fuzzy
443.5252415198101,545,87,54,34,140,252,150,97,40,highway,fuzzy
443.5362213058335,260,37,191,202,161,136,134,227,224,highway,fuzzy
443.55559892003737,316,149,203,188,138,49,179,131,247,highway,fuzzy
443.6561241965425,329,14,94,34,145,21,8,40,200,highway,fuzzy
444.1560229206131,545,84,98,92,213,192,22,58,128,highway,fuzzy
444.1665896743301,260,34,241,233,71,193,165,178,247,highway,fuzzy
444.1874436314092,316,212,17,95,36,101,170,30,245,highway,fuzzy
444.2883597715503,329,197,102,254,29,254,139,113,117,highway,fuzzy
444.7880060722044,545,195,20,116,148,231,185,64,80,highway,fuzzy
444.79830082363605,260,217,23,124,201,135,137,171,209,highway,fuzzy
444.81830988889845,316,187,112,91,134,38,247,254,17,highway,fuzzy
444.9192497276983,329,80,183,114,5,233,111,97,143,highway,fuzzy
445.41830072776247,545,82,134,53,103,24,45,164,95,highway,fuzzy
445.4290683277425,260,236,99,247,20,139,218,215,105,highway,fuzzy
445.44812909449087,316,206,100,52,119,181,239,53,115,highway,fuzzy
445.5482849132725,329,138,217,24,188,66,93,133,31,highway,fuzzy
446.0476548500077,545,169,245,111,16,103,26,23,21,highway,fuzzy
446.05702233487534,260,76,42,155,54,207,224,5,171,highway,fuzzy
446.0776903703494,316,124,102,122,30,197,57,215,71,highway,fuzzy
446.17764669115724,329,195,172,48,154,109,249,241,200,highway,fuzzy
446.67852340216444,545,19,43,152,252,0,141,6,142,highway,fuzzy
446.6881731415558,260,124,89,209,224,71,79,69,68,highway,fuzzy
446.7081074305747,316,14,152,232,41,8,141,24,245,highway,fuzzy
446.8089141413171,329,110,55,184,109,56,178,23,236,highway,fuzzy
447.3081706300382,545,71,7,244,136,172,101,155,248,highway,fuzzy
447.3182395716076,260,112,159,138,11,54,177,8,94,highway,fuzzy
447.33922699630165,316,169,61,39,1,85,224,155,200,highway,fuzzy
447.43886721684504,329,228,27,99,102,51,116,139,93,highway,fuzzy
447.9394222046313,545,58,103,158,80,42,254,13,106,highway,fuzzy
447.94657115824145,260,7,167,202,109,5,141,88,24,highway,fuzzy
447.96722179760576,316,208,79,76,141,162,115,115,168,highway,fuzzy
448.0669352796207,329,167,112,252,133,112,177,58,255,highway,fuzzy
448.5664111132041,545,38,157,103,164,213,79,1,15,highway,fuzzy
448.5773307749618,260,195,25,59,37,193,69,25,116,highway,fuzzy
448.5977383427821,316,41,171,225,198,169,199,133,231,highway,fuzzy
448.698632327147,329,171,253,178,223,188,206,191,48,highway,fuzzy
449.1992019229299,545,161,91,179,183,193,165,214,120,highway,fuzzy
449.2097803988885,260,209,252,67,138,244,18,186,170,highway,fuzzy
449.2294617710734,316,82,144,157,9,185,9,20,126,highway,fuzzy
449.3296480175002,329,98,133,12,239,175,146,231,26,highway,fuzzy
449.8288288911052,545,100,47,226,21,198,74,137,230,highway,fuzzy
449.8386933419286,260,251,64,103,148,140,177,109,147,highway,fuzzy
449.85792902264643,316,71,170,24,32,203,217,6,211,highway,fuzzy
449.9569637673935,329,137,132,200,39,247,159,91,164,highway,fuzzy
450.455978224173,545,186,232,251,38,142,36,112,95,highway,fuzzy
450.466526539182,260,210,254,224,38,193,166,232,11,highway,fuzzy
450.48740293216247,316,233,105,227,145,8,160,20,146,highway,fuzzy
450.5869986463056,329,35,212,112,80,175,156,182,78,highway,fuzzy
451.08799269141207,545,195,238,65,116,123,251,255,82,highway,fuzzy
451.09721901576967,260,6,99,192,137,165,221,60,5,highway,fuzzy
451.1178260345959,316,116,204,197,120,22,151,115,17,highway,fuzzy
451.21700556310196,329,54,231,82,236,216,56,114,173,highway,fuzzy
451.7178592941659,545,191,180,14,3,141,81,137,107,highway,fuzzy
451.72840246541074,260,152,12,55,103,209,191,155,171,highway,fuzzy
451.7482959191725,316,46,27,213,106,88,199,193,153,highway,fuzzy
451.848234829233,329,71,57,15,120,45,117,222,154,highway,fuzzy
452.348637792199,545,0,150,191,63,75,224,189,130,highway,fuzzy
452.3593060127081,260,33,5,213,51,240,133,49,133,highway,fuzzy
452.379350030323,316,4,92,99,232,177,34,117,157,highway,fuzzy
452.48006383864794,329,47,91,201,14,242,48,121,7,highway,fuzzy
452.98088582742656,545,75,237,103,102,186,253,113,63,highway,fuzzy
452.9916709321983,260,74,66,126,158,133,111,3,25,highway,fuzzy
453.01225240571256,316,239,103,125,46,121,254,166,38,highway,fuzzy
453.1112541193871,329,42,162,248,231,180,8,236,169,highway,fuzzy
453.61200610278115,545,146,220,103,255,82,75,231,51,highway,fuzzy
453.6224224900542,260,36,193,35,138,130,223,43,77,highway,fuzzy
453.64277190950224,316,76,215,24,161,126,184,254,146,highway,fuzzy
453.74342754276057,329,96,173,211,115,250,15,217,9,highway,fuzzy
454.2442539088096,545,108,252,147,247,156,32,138,255,highway,fuzzy
454.25417026427647,260,72,160,119,117,54,158,95,244,highway,fuzzy
454.2738410808697,316,78,60,61,130,30,250,76,119,highway,fuzzy
454.37454731451913,329,247,101,174,137,248,16,165,135,highway,fuzzy
454.8740011107963,545,210,181,144,193,214,25,65,14,highway,fuzzy
454.88438708729274,260,234,48,229,43,143,69,115,96,highway,fuzzy
454.9044216892411,316,66,13,35,203,136,199,144,106,highway,fuzzy
455.00409082916406,329,129,9,22,147,32,101,139,55,highway,fuzzy
455.50494584954527,545,97,145,92,221,135,120,122,215,highway,fuzzy
455.51395219140585,260,166,233,113,180,213,136,104,243,highway,fuzzy
455.5344180111058,316,226,33,248,19,121,5,244,178,highway,fuzzy
455.6351221589493,329,187,37,57,114,31,55,196,24,highway,fuzzy
456.1349733951535,545,127,121,90,187,106,187,199,159,highway,fuzzy
456.14425773371585,260,142,157,225,201,96,29,147,75,highway,fuzzy
456.1651943326652,316,56,37,6,99,159,19,128,200,highway,fuzzy
456.26467128169094,329,121,129,191,187,232,174,38,136,highway,fuzzy
456.7640463632089,545,176,120,15,221,50,24,196,196,highway,fuzzy
456.774887767256,260,105,64,173,159,169,135,172,148,highway,fuzzy
456.7945306331957,316,24,243,50,173,81,180,199,172,highway,fuzzy
456.8938692098113,329,159,65,120,229,116,112,90,5,highway,fuzzy
457.39480214444995,545,121,207,197,8,244,75,162,172,highway,fuzzy
457.40421055148926,260,243,157,243,11,65,43,181,204,highway,fuzzy
457.4249116897083,316,102,217,255,140,23,158,168,65,highway,fuzzy
457.52421427345223,329,146,186,99,185,0,175,45,12,highway,fuzzy
458.0242559301184,545,58,161,126,189,186,180,84,69,highway,fuzzy
458.0352394859813,260,99,182,115,114,186,82,110,220,highway,fuzzy
458.05424521244834,316,39,197,55,136,56,121,75,74,highway,fuzzy
458.1538142684639,329,28,189,90,19,142,152,248,185,highway,fuzzy
458.6543837700289,545,89,140,255,201,88,251,103,207,highway,fuzzy
458.6634166271893,260,222,195,41,188,115,162,236,53,highway,fuzzy
458.68343947430776,316,69,79,125,187,74,206,52,192,highway,fuzzy
458.78372756622366,329,107,136,103,235,222,37,59,76,highway,fuzzy
459.2829630363486,545,128,183,133,150,47,230,121,121,highway,fuzzy
459.2923796123017,260,64,215,8,41,224,240,155,255,highway,fuzzy
459.3126454003713,316,90,115,127,165,221,230,137,77,highway,fuzzy
459.41280502521704,329,183,251,96,17,89,141,180,205,highway,fuzzy
459.9127359971136,545,70,53,86,147,161,161,123,255,highway,fuzzy
459.9224012445333,260,165,208,167,55,204,7,221,34,highway,fuzzy
459.94151056518064,316,76,128,83,64,245,192,99,251,highway,fuzzy
460.0413635701822,329,206,179,49,244,200,124,236,82,highway,fuzzy
460.541961120192,545,113,78,108,34,35,216,190,147,highway,fuzzy
460.5521350755416,260,37,51,124,21,54,248,230,178,highway,fuzzy
460.572835105369,316,12,237,232,190,54,242,18,132,highway,fuzzy
460.6727307946284,329,70,103,33,83,73,232,199,237,highway,fuzzy
461.17236612490467,545,183,39,64,219,74,83,255,253,highway,fuzzy
461.18164761580346,260,85,168,45,86,71,175,76,2,highway,fuzzy
461.20141638406903,316,138,234,244,120,94,209,93,166,highway,fuzzy
461.3016102769406,329,103,95,169,39,140,176,63,60,highway,fuzzy
461.8018038183801,545,244,49,120,162,112,172,246,185,highway,fuzzy
461.8118077068932,260,235,163,162,69,1,42,241,233,highway,fuzzy
461.83276166979937,316,73,187,163,180,96,157,23,159,highway,fuzzy
461.93277389607874,329,170,28,49,130,40,72,6,62,highway,fuzzy
462.4333136292524,545,86,176,69,11,25,97,210,113,highway,fuzzy
462.44386199646607,260,68,66,104,249,174,183,27,80,highway,fuzzy
462.4644697215762,316,214,220,99,232,15,70,41,124,highway,fuzzy
462.5653871386401,329,191,24,171,237,88,63,149,94,highway,fuzzy
463.06576521331857,545,192,248,205,39,156,56,30,68,highway,fuzzy
463.07523225685,260,215,24,53,29,98,21,126,226,highway,fuzzy
463.09476231719,316,40,230,185,141,203,139,100,198,highway,fuzzy
463.19415203413365,329,247,198,98,25,61,33,1,5,highway,fuzzy
463.69445744309496,545,209,26,152,31,223,155,200,59,highway,fuzzy
463.705089152634,260,31,241,167,104,202,78,139,218,highway,fuzzy
463.724447575976,316,90,178,229,52,63,44,13,238,highway,fuzzy
463.8244046624726,329,62,28,94,110,246,184,248,64,highway,fuzzy
464.3240113143146,545,223,226,249,158,159,241,1,238,highway,fuzzy
464.33323247890894,260,170,162,91,60,55,158,63,14,highway,fuzzy
464.3539597765764,316,33,225,170,62,135,213,236,111,highway,fuzzy
464.45473487484367,329,102,20,179,168,197,60,227,138,highway,fuzzy
464.9540317930748,545,64,104,70,206,176,178,25,51,highway,fuzzy
464.966869758852,260,15,82,116,57,20,194,178,92,highway,fuzzy
464.98743260989363,316,205,37,192,169,201,163,216,6,highway,fuzzy
465.0869545409124,329,207,122,201,224,252,138,154,36,highway,fuzzy
465.5868469421578,545,75,164,181,49,97,170,141,238,highway,fuzzy
465.5960851619018,260,152,69,176,11,210,82,145,79,highway,fuzzy
465.6169387157924,316,220,28,152,102,223,123,87,81,highway,fuzzy
465.7161859941158,329,109,224,184,203,84,99,93,75,highway,fuzzy
466.217100258134,545,255,168,229,100,91,196,13,128,highway,fuzzy
466.22613049027365,260,57,89,106,71,125,205,23,93,highway,fuzzy
466.24684635532174,316,92,141,246,221,143,52,12,136,highway,fuzzy
466.3475475157959,329,200,99,159,254,44,255,158,128,highway,fuzzy
466.84834654134335,545,51,195,161,51,189,136,129,252,highway,fuzzy
466.85783948523795,260,140,110,46,128,148,207,49,108,highway,fuzzy
466.87862291471635,316,49,34,182,78,220,78,125,182,highway,fuzzy
466.9781207331462,329,77,93,222,226,13,207,141,139,highway,fuzzy
467.4784441930204,545,48,144,2,73,75,51,226,30,highway,fuzzy
467.4875529732077,260,163,253,175,102,184,4,149,23,highway,fuzzy
467.5065573905386,316,166,167,89,124,79,77,197,83,highway,fuzzy
467.6058095738136,329,39,36,69,79,111,95,185,132,highway,fuzzy
468.10666226632713,545,214,207,69,183,210,85,207,183,highway,fuzzy
468.11742959848374,260,17,106,46,231,4,131,3,124,highway,fuzzy
468.13707645646514,316,247,154,187,162,191,0,224,251,highway,fuzzy
468.2365609213992,329,189,254,75,225,212,1,231,243,highway,fuzzy
468.73719070172194,545,136,76,155,107,177,185,156,104,highway,fuzzy
468.7463294702215,260,65,66,14,188,242,65,163,21,highway,fuzzy
468.7668705567396,316,133,92,65,172,57,135,192,63,highway,fuzzy
468.86617370792,329,72,66,102,102,249,187,186,87,highway,fuzzy
469.3661866482543,545,139,136,215,164,78,214,133,80,highway,fuzzy
469.37612926825216,260,251,230,200,55,26,141,86,42,highway,fuzzy
469.39597777526126,316,207,131,126,11,224,245,121,211,highway,fuzzy
469.49686359402995,329,237,129,73,85,197,154,159,177,highway,fuzzy
469.99749904223705,545,113,166,52,130,19,130,47,92,highway,fuzzy
470.00670761609365,260,185,215,38,162,185,192,42,15,highway,fuzzy
470.0276956125992,316,127,25,173,127,156,75,122,184,highway,fuzzy
470.1278285663531,329,141,94,51,128,51,85,238,188,highway,fuzzy
470.6276876608772,545,228,118,75,175,12,207,118,118,highway,fuzzy
470.6376086472337,260,157,181,174,144,47,207,255,214,highway,fuzzy
470.6581679726998,316,236,85,45,8,111,63,89,61,highway,fuzzy
470.757975595552,329,160,114,252,2,181,146,137,22,highway,fuzzy
471.25770035053654,545,64,30,28,44,94,5,212,135,highway,fuzzy
471.26735329700193,260,245,239,145,95,109,34,96,88,highway,fuzzy
471.2870167733836,316,152,162,70,160,114,160,4,136,highway,fuzzy
471.38700434440165,329,204,98,222,171,149,50,217,254,highway,fuzzy
471.8874192252455,545,60,134,30,61,164,130,201,116,highway,fuzzy
471.89729581074727,260,81,49,74,41,62,36,57,100,highway,fuzzy
471.91708826210595,316,77,7,32,232,115,248,196,120,highway,fuzzy
472.01732590341874,329,124,244,32,3,42,236,20,222,highway,fuzzy
472.51717717350743,545,233,48,125,47,27,173,80,119,highway,fuzzy
472.52624143579055,260,160,202,52,43,134,69,23,20,highway,fuzzy
472.54568649377916,316,101,149,101,181,64,145,148,146,highway,fuzzy
472.6447446338392,329,201,180,205,182,94,98,57,6,highway,fuzzy
473.1445965177845,545,195,100,24,198,117,119,244,231,highway,fuzzy
473.15510838386615,260,106,223,196,118,122,14,200,208,highway,fuzzy
473.1752062552177,316,27,239,208,27,102,175,12,205,highway,fuzzy
473.27562235420345,329,121,97,166,197,5,153,220,193,highway,fuzzy
473.77497323225487,545,130,196,77,16,130,58,61,222,highway,fuzzy
473.78512334243146,260,156,133,252,242,83,16,0,97,highway,fuzzy
473.80447177066856,316,118,124,36,181,107,252,200,169,highway,fuzzy
473.90529144790554,329,57,70,160,50,62,219,13,173,highway,fuzzy
474.4058712990674,545,171,189,87,12,78,159,37,90,highway,fuzzy
474.41540477873224,260,195,12,66,188,156,22,182,122,highway,fuzzy
474.4359729987376,316,84,80,30,54,69,28,212,233,highway,fuzzy
474.5365544999704,329,3,251,37,72,70,128,240,135,highway,fuzzy
475.0360488821092,545,114,1,184,94,203,49,140,207,highway,fuzzy
475.04517903412346,260,93,130,130,99,65,221,221,17,highway,fuzzy
475.06446278994764,316,131,24,52,78,1,6,26,168,highway,fuzzy
475.16386223377754,329,197,241,47,205,240,46,5,72,highway,fuzzy
475.664229560538,545,67,181,232,112,213,240,11,198,highway,fuzzy
475.6742009890789,260,52,171,223,56,104,47,248,200,highway,fuzzy
475.6949733222716,316,138,105,104,102,153,199,88,177,highway,fuzzy
475.79516180213113,329,161,206,228,244,187,110,59,173,highway,fuzzy
476.2976600027318,545,218,100,37,141,11,230,76,138,highway,fuzzy
476.307020508194,260,223,148,221,29,99,71,253,92,highway,fuzzy
476.3275844679638,316,193,139,81,38,209,198,239,32,highway,fuzzy
476.42742739056297,329,13,134,133,109,206,97,202,120,highway,fuzzy
476.9271046354942,545,221,201,76,137,155,116,65,133,highway,fuzzy
476.9379518813169,260,171,79,133,45,101,170,130,190,highway,fuzzy
476.95809064357263,316,118,142,161,83,119,209,200,207,highway,fuzzy
477.0579533235962,329,80,189,28,103,131,180,222,4,highway,fuzzy
477.557504173087,545,69,236,153,25,65,201,146,5,highway,fuzzy
477.56844981959716,260,121,229,84,107,236,111,91,197,highway,fuzzy
477.5880338738116,316,195,225,63,5,117,167,79,93,highway,fuzzy
477.6877316170902,329,235,124,244,91,33,166,26,148,highway,fuzzy
478.1870751199334,545,80,66,11,18,252,86,41,249,highway,fuzzy
478.19639457219074,260,154,219,54,172,84,137,38,244,highway,fuzzy
478.21724804946547,316,155,243,87,138,44,89,58,184,highway,fuzzy
478.31682956664093,329,24,46,121,178,59,186,99,161,highway,fuzzy
478.8174255916409,545,129,235,1,177,69,235,216,12,highway,fuzzy
478.828026265375,260,112,182,235,211,208,154,208,134,highway,fuzzy
478.8470478400024,316,65,61,206,18,160,80,26,63,highway,fuzzy
478.94623416642094,329,155,96,199,213,249,196,146,220,highway,fuzzy
479.44562368722524,545,2,210,167,52,220,12,196,4,highway,fuzzy
479.455885005007,260,42,141,65,245,111,61,246,114,highway,fuzzy
479.4767638199808,316,67,212,240,175,77,193,117,180,highway,fuzzy
479.57729702973563,329,148,60,114,170,36,117,28,30,highway,fuzzy
480.0764724928198,545,163,31,105,226,128,79,141,128,highway,fuzzy
480.0872640757412,260,143,24,159,194,99,217,69,226,highway,fuzzy
480.10793200381914,316,202,157,210,155,243,234,86,207,highway,fuzzy
480.2072961075004,329,51,28,88,28,140,82,117,250,highway,fuzzy
480.70793542857774,545,151,209,159,0,198,31,255,190,highway,fuzzy
480.71829425827747,260,191,220,97,197,229,75,64,114,highway,fuzzy
480.73846760377506,316,104,57,156,152,7,205,77,29,highway,fuzzy
480.8394227349032,329,209,198,179,223,158,125,80,180,highway,fuzzy
481.33968600048144,545,183,43,75,131,67,189,8,106,highway,fuzzy
481.3498666620155,260,123,255,241,25,120,0,186,245,highway,fuzzy
481.3697813006286,316,147,101,154,85,165,105,237,228,highway,fuzzy
481.4696851658063,329,16,166,232,137,200,200,233,163,highway,fuzzy
481.9706213378481,545,246,77,238,34,168,252,158,38,highway,fuzzy
481.9807312656872,260,63,238,89,158,37,133,43,176,highway,fuzzy
482.0005481363931,316,108,65,212,126,195,4,198,44,highway,fuzzy
482.0999739173277,329,112,130,189,100,121,244,145,144,highway,fuzzy
482.5995934312734,545,96,146,107,26,208,141,99,214,highway,fuzzy
482.6102788114217,260,16,185,37,164,155,83,178,51,highway,fuzzy
482.629327686777,316,97,213,182,19,86,249,223,20,highway,fuzzy
482.72956660922733,329,236,0,14,11,202,89,46,255,highway,fuzzy
483.2297636073586,545,217,58,226,246,79,185,118,69,highway,fuzzy
483.2391057958513,260,83,34,175,240,225,164,128,42,highway,fuzzy
483.26007248943523,316,252,125,140,151,155,52,153,40,highway,fuzzy
483.3603267750922,329,62,116,229,26,74,197,75,120,highway,fuzzy
483.8599020405426,545,80,16,111,110,128,19,191,191,highway,fuzzy
483.86951698278824,260,141,140,74,156,4,104,254,200,highway,fuzzy
483.89133736549434,316,195,198,214,202,130,201,100,216,highway,fuzzy
483.99122108848513,329,99,18,3,238,18,48,50,193,highway,fuzzy
484.4915015104329,545,145,40,52,244,54,33,172,248,highway,fuzzy
484.50113062305917,260,151,1,103,82,30,223,26,75,highway,fuzzy
484.5213212387548,316,217,16,142,11,234,168,190,193,highway,fuzzy
484.62111278040896,329,37,166,21,192,140,228,138,179,highway,fuzzy
485.12035916022035,545,201,62,194,149,192,34,62,141,highway,fuzzy
485.13092581540803,260,66,254,74,140,68,28,236,180,highway,fuzzy
485.15090508614406,316,140,132,247,201,201,134,181,98,highway,fuzzy
485.25183226789846,329,37,218,113,187,169,55,17,88,highway,fuzzy
485.75199691076625,545,242,155,167,97,138,196,156,194,highway,fuzzy
485.7615059785088,260,41,34,72,215,92,155,33,245,highway,fuzzy
485.78111784780583,316,157,49,82,18,35,241,121,72,highway,fuzzy
485.881427645047,329,160,133,35,38,28,115,90,70,highway,fuzzy
486.3820500324829,545,230,150,213,122,27,142,85,78,highway,fuzzy
486.3913056716139,260,115,199,136,113,144,174,92,230,highway,fuzzy
486.4110800755712,316,223,253,124,82,226,58,243,86,highway,fuzzy
486.5105495040754,329,82,0,218,170,29,37,9,67,highway,fuzzy
487.0111062136267,545,202,3,250,237,59,123,207,211,highway,fuzzy
487.0216625507898,260,167,122,93,97,37,238,1,66,highway,fuzzy
487.0419353354447,316,107,217,246,157,94,135,61,123,highway,fuzzy
487.1424907219262,329,144,253,63,156,96,169,139,111,highway,fuzzy
487.6423933620306,545,73,49,146,102,50,167,100,61,highway,fuzzy
487.6517680677359,260,215,17,135,220,36,88,109,190,highway,fuzzy
487.6718196470867,316,68,115,35,79,41,215,162,173,highway,fuzzy
487.77182381766175,329,0,151,216,76,45,44,90,115,highway,fuzzy
488.2716780312149,545,117,102,137,233,13,2,214,41,highway,fuzzy
488.2809590183268,260,86,220,242,27,78,23,217,57,highway,fuzzy
488.30127357877234,316,94,100,34,194,116,173,165,155,highway,fuzzy
488.4020739160032,329,217,8,156,141,184,145,84,92,highway,fuzzy
488.9029444164097,545,190,92,65,58,192,171,164,12,highway,fuzzy
488.9128299326922,260,203,107,250,224,155,153,6,71,highway,fuzzy
488.9337701862241,316,39,136,212,91,70,194,139,96,highway,fuzzy
489.03326727960075,329,69,166,3,255,19,54,37,144,highway,fuzzy
489.53327428989326,545,22,139,223,9,29,18,40,126,highway,fuzzy
489.5431400314216,260,144,104,193,205,199,74,239,56,highway,fuzzy
489.5639749827168,316,23,34,30,2,127,22,212,88,highway,fuzzy
489.66378933756226,329,186,33,214,16,201,194,12,198,highway,fuzzy
490.164213160881,545,115,70,112,65,1,102,144,241,highway,fuzzy
490.1746201265342,260,102,192,212,146,199,214,18,109,highway,fuzzy
490.194773151829,316,245,248,132,6,152,118,23,191,highway,fuzzy
490.29495731002373,329,76,24,24,244,180,233,11,215,highway,fuzzy
490.79551284206883,545,77,3,229,217,215,245,16,115,highway,fuzzy
490.80617037726563,260,97,190,245,77,69,90,185,240,highway,fuzzy
490.8254511306582,316,51,246,98,133,237,155,28,6,highway,fuzzy
490.92628699152385,329,166,48,187,96,50,16,87,82,highway,fuzzy
491.42691349358967,545,167,155,142,88,176,246,219,45,highway,fuzzy
491.4378535192309,260,225,16,110,203,148,65,44,223,highway,fuzzy
491.4579614908074,316,249,247,43,200,199,52,163,173,highway,fuzzy
491.55777604897366,329,157,195,15,227,34,160,177,212,highway,fuzzy
492.05804303418023,545,135,143,6,145,126,174,203,179,highway,fuzzy
492.06849320410515,260,47,82,41,183,3,147,128,150,highway,fuzzy
492.0880334623367,316,176,94,102,252,232,127,155,155,highway,fuzzy
492.1876307969071,329,13,98,253,145,137,62,112,54,highway,fuzzy
492.6866385304509,545,74,53,152,44,227,148,87,13,highway,fuzzy
492.69731071645606,260,193,242,245,106,222,221,142,24,highway,fuzzy
492.71728152544364,316,43,29,9,48,33,141,104,202,highway,fuzzy
492.8181623256079,329,223,139,168,90,232,9,25,234,highway,fuzzy
493.3188074562835,545,178,68,148,133,136,206,91,237,highway,fuzzy
493.32826879050793,260,226,233,189,182,31,163,38,140,highway,fuzzy
493.3479333312845,316,132,244,105,121,126,23,38,44,highway,fuzzy
493.4472384201044,329,173,66,181,121,246,123,173,104,highway,fuzzy
493.94698339464867,545,106,202,101,91,67,163,187,236,highway,fuzzy
493.9560697855701,260,73,237,213,7,67,82,205,134,highway,fuzzy
493.97627889774736,316,98,115,30,198,221,219,77,225,highway,fuzzy
494.07667395646877,329,150,73,62,76,211,93,206,176,highway,fuzzy
494.57763060890244,545,129,50,71,117,5,19,176,204,highway,fuzzy
494.5877172353887,260,193,189,95,26,65,144,14,242,highway,fuzzy
494.60683534785653,316,94,118,222,120,193,126,24,253,highway,fuzzy
494.7070105763358,329,192,132,210,107,125,103,112,40,highway,fuzzy
495.20681082813985,545,52,106,29,144,136,100,208,100,highway,fuzzy
495.2160486996147,260,225,158,28,54,22,197,185,162,highway,fuzzy
495.2366696514866,316,235,40,42,174,112,53,126,85,highway,fuzzy
495.33629523639394,329,2,11,215,52,154,40,105,5,highway,fuzzy
495.83577483634843,545,203,172,12,148,162,181,92,187,highway,fuzzy
495.84666895652055,260,7,36,206,41,98,231,3,194,highway,fuzzy
495.86736255456265,316,96,45,204,211,107,79,49,39,highway,fuzzy
495.9665453507411,329,97,87,197,152,237,93,78,106,highway,fuzzy
496.46605847214715,545,205,94,222,248,176,53,52,12,highway,fuzzy
496.4758334682875,260,239,233,168,222,134,230,221,96,highway,fuzzy
496.49596960869115,316,193,179,211,64,21,81,122,241,highway,fuzzy
496.5969235089381,329,28,81,110,167,71,116,79,156,highway,fuzzy
497.0976266612744,545,182,104,131,52,68,183,82,68,highway,fuzzy
497.10782280393215,260,37,17,155,76,210,168,62,170,highway,fuzzy
497.1281025030472,316,31,106,210,163,148,14,174,188,highway,fuzzy
497.2288850495245,329,205,240,96,29,233,183,246,180,highway,fuzzy
497.728620763029,545,191,170,68,45,83,168,254,132,highway,fuzzy
497.7390619808331,260,136,131,155,94,129,199,239,149,highway,fuzzy
497.75955680317367,316,207,224,186,197,241,63,114,213,highway,fuzzy
497.85915312838176,329,50,25,205,11,242,93,41,154,highway,fuzzy
498.35832862093827,545,138,69,229,109,29,143,163,31,highway,fuzzy
498.36832305875856,260,245,83,178,20,168,73,224,18,highway,fuzzy
498.3889639463445,316,127,3,113,113,75,189,197,83,highway,fuzzy
498.4897881876023,329,45,185,186,131,7,13,81,18,highway,fuzzy
498.98999540095735,545,25,26,207,63,69,163,171,125,highway,fuzzy
499.0007386463629,260,88,206,196,8,116,176,45,196,highway,fuzzy
499.02145195327273,316,7,125,184,109,210,246,252,162,highway,fuzzy
499.12183465620427,329,63,89,63,35,33,16,46,196,highway,fuzzy
499.62221914460224,545,20,84,170,219,135,222,123,61,highway,fuzzy
499.6331048871797,260,14,19,130,79,195,155,201,183,highway,fuzzy
499.65363069578143,316,83,150,19,80,74,218,209,11,highway,fuzzy
499.7536588427988,329,54,59,70,224,25,217,143,76,highway,fuzzy
500.254656930239,545,121,216,86,176,150,245,143,176,highway,fuzzy
500.26400512317673,260,26,19,155,58,80,233,138,185,highway,fuzzy
500.2849614643071,316,144,240,188,82,201,129,77,9,highway,fuzzy
500.38489209639204,329,183,173,37,25,191,95,118,133,highway,fuzzy
500.88440696457883,545,171,167,218,125,158,13,123,234,highway,fuzzy
500.8946124999884,260,233,14,187,237,38,72,183,194,highway,fuzzy
500.91405031942327,316,67,59,160,214,170,132,142,123,highway,fuzzy
501.0138268971582,329,215,67,239,241,96,74,72,116,highway,fuzzy
501.5142755448182,545,144,114,19,34,132,86,219,242,highway,fuzzy
501.5241654108507,260,228,148,208,160,143,109,170,119,highway,fuzzy
501.5440979433145,316,229,189,107,87,73,144,154,224,highway,fuzzy
501.6444982579071,329,181,46,131,172,110,224,189,68,highway,fuzzy
502.1452718627952,545,180,208,93,206,152,147,122,244,highway,fuzzy
502.15489883165196,260,136,94,242,10,77,203,170,144,highway,fuzzy
502.17465828400043,316,134,36,182,132,213,80,220,74,highway,fuzzy
502.27506960252896,329,168,168,200,247,142,51,195,76,highway,fuzzy
502.77586624251603,545,7,46,32,141,70,132,71,140,highway,fuzzy
502.78585780490437,260,245,113,123,7,138,98,139,38,highway,fuzzy
502.8062140821526,316,213,38,101,253,12,183,183,48,highway,fuzzy
502.9064396281063,329,58,144,112,245,181,175,62,87,highway,fuzzy
503.4071839719827,545,86,56,136,225,121,10,6,80,highway,fuzzy
503.41638955833184,260,65,209,152,138,79,116,138,36,highway,fuzzy
503.43730665332686,316,17,240,226,120,50,31,1,72,highway,fuzzy
503.5368560333514,329,175,34,230,132,58,116,100,110,highway,fuzzy
504.0369597394215,545,91,113,253,147,151,67,94,186,highway,fuzzy
504.04633161298256,260,128,74,72,136,109,71,132,68,braking,fuzzy
504.06639828007525,316,199,187,5,25,138,127,5,120,braking,fuzzy
504.1648758829994,329,189,232,132,239,52,130,180,163,braking,fuzzy
504.6642727843224,545,194,80,89,245,38,40,25,93,braking,fuzzy
504.67516212990654,260,107,209,242,55,53,108,231,18,braking,fuzzy
504.6955051916657,316,251,161,58,74,177,88,246,127,braking,fuzzy
504.794570952825,329,149,213,33,212,6,235,145,6,braking,fuzzy
505.29404867334836,545,141,169,122,14,22,152,108,254,braking,fuzzy
505.30365661286567,260,33,137,86,137,133,81,18,76,braking,fuzzy
505.32399576582486,316,245,216,194,30,241,39,28,124,braking,fuzzy
505.4243629335607,329,88,156,36,69,83,235,66,118,braking,fuzzy
505.9246532902652,545,211,52,22,179,71,3,186,101,braking,fuzzy
505.9347342683161,260,233,29,111,222,109,12,236,204,braking,fuzzy
505.9539177850738,316,247,145,36,231,247,198,39,121,braking,fuzzy
506.0546990900736,329,29,180,189,175,128,113,11,25,braking,fuzzy
506.5547503862546,545,97,205,59,150,157,177,67,197,braking,fuzzy
506.5644960304084,260,130,181,84,56,117,224,121,125,braking,fuzzy
506.584223792468,316,152,90,110,229,48,21,115,216,braking,fuzzy
506.6840832902469,329,173,19,133,196,103,76,114,77,braking,fuzzy
507.1842025691915,545,187,135,178,55,26,159,123,128,braking,fuzzy
507.19482575596135,260,249,173,55,196,83,155,34,235,braking,fuzzy
507.2142547779294,316,74,58,102,97,44,9,198,75,braking,fuzzy
507.3147002664014,329,242,244,79,199,82,185,51,70,braking,fuzzy
507.81566263378454,545,251,33,24,52,100,252,124,38,braking,fuzzy
507.825802420434,260,237,241,31,113,166,166,26,25,braking,fuzzy
507.8466149944368,316,136,227,221,40,99,58,247,59,braking,fuzzy
507.9471720917186,329,248,222,83,195,186,220,30,120,braking,fuzzy
508.4466864692272,545,7,229,147,56,201,213,119,220,braking,fuzzy
508.45621879849375,260,133,231,50,65,144,140,25,74,braking,fuzzy
508.4753639923757,316,189,11,132,170,91,128,172,246,braking,fuzzy
508.57609031282453,329,221,177,115,9,49,181,227,144,braking,fuzzy
509.0770202983685,545,194,107,216,174,96,213,224,42,braking,fuzzy
509.08716798407556,260,147,41,184,214,83,186,243,72,braking,fuzzy
509.1076882442552,316,44,253,136,93,236,87,0,231,braking,fuzzy
509.2070085218373,329,46,225,70,7,5,82,129,242,braking,fuzzy
509.707012357648,545,214,5,210,174,189,226,2,215,braking,fuzzy
509.71628925136775,260,253,211,249,143,64,32,52,241,braking,fuzzy
509.73562119388606,316,206,3,199,227,238,108,186,165,braking,fuzzy
509.8348001839318,329,171,62,40,246,138,65,219,167,braking,fuzzy
510.33413078144883,545,223,176,14,87,152,203,153,235,braking,fuzzy
510.3449017762341,260,116,23,30,27,130,187,226,176,braking,fuzzy
510.36570396880853,316,237,241,215,80,21,84,194,195,braking,fuzzy
510.46653473064254,329,171,127,83,25,108,111,94,220,braking,fuzzy
510.9665934673587,545,163,163,242,184,3,173,237,91,braking,fuzzy
510.9768279083777,260,89,215,78,96,14,196,32,198,braking,fuzzy
510.9958577032183,316,210,4,236,34,203,15,228,219,braking,fuzzy
511.09649683660456,329,248,140,58,210,185,218,94,19,braking,fuzzy
511.59681075262614,545,24,127,191,202,65,1,43,141,braking,fuzzy
511.60634801833766,260,253,230,86,188,110,55,176,97,braking,fuzzy
511.62714227926267,316,62,151,205,184,46,13,103,233,braking,fuzzy
511.7271285845567,329,120,110,111,217,224,229,179,176,braking,fuzzy
512.2280558440713,545,98,221,59,217,36,83,79,107,braking,fuzzy
512.2372480111851,260,102,235,57,82,185,252,247,145,braking,fuzzy
512.2571351641241,316,184,133,197,102,56,70,255,197,braking,fuzzy
512.3571887966732,329,48,79,144,5,183,5,101,50,braking,fuzzy
512.858186596115,545,23,217,94,20,204,146,27,21,braking,fuzzy
512.8676714120054,260,148,143,91,120,235,24,189,104,braking,fuzzy
512.8876851582587,316,157,104,46,109,6,226,243,183,braking,fuzzy
512.9867747501542,329,111,151,46,152,212,135,190,99,braking,fuzzy
513.4858848477111,545,220,167,198,102,146,231,102,107,braking,fuzzy
513.4955543619773,260,170,82,93,230,130,79,4,212,braking,fuzzy
513.515723536586,316,74,237,43,105,84,212,208,108,braking,fuzzy
513.6150840202051,329,170,150,150,1,197,120,181,114,braking,fuzzy
514.1145113380417,545,189,97,178,94,39,143,161,96,braking,fuzzy
514.1237107916181,260,215,145,224,217,65,94,90,229,braking,fuzzy
514.1442889525439,316,146,7,42,240,185,33,187,27,braking,fuzzy
514.2448392964579,329,145,249,46,137,63,31,226,52,braking,fuzzy
514.745475515814,545,201,30,55,236,185,31,240,180,braking,fuzzy
514.7550995078376,260,190,251,182,167,35,146,38,34,braking,fuzzy
514.7757440456259,316,164,157,8,44,14,102,198,181,braking,fuzzy
514.8758728363943,329,119,68,165,191,161,98,30,21,braking,fuzzy
515.3762402750468,545,254,86,115,187,69,206,169,160,braking,fuzzy
515.3859798557058,260,42,183,114,239,63,101,222,47,braking,fuzzy
515.4067544756729,316,47,11,26,13,34,168,94,149,braking,fuzzy
515.5076611351525,329,183,14,201,241,131,37,81,87,braking,fuzzy
516.007794427365,545,184,210,163,36,195,106,228,64,braking,fuzzy
516.0182973776776,260,190,87,180,110,247,191,126,114,braking,fuzzy
516.0389885977431,316,172,56,27,51,31,112,174,175,braking,fuzzy
516.1382126372997,329,22,219,123,182,192,14,81,169,braking,fuzzy
516.6384512999423,545,97,139,120,103,30,229,167,176,braking,fuzzy
516.6494395547653,260,67,177,241,104,198,209,127,217,braking,fuzzy
516.6691158616582,316,38,81,84,81,163,21,235,196,braking,fuzzy
516.7700324586946,329,48,27,181,238,248,241,200,49,braking,fuzzy
517.2693667465238,545,229,114,145,225,221,118,222,6,braking,fuzzy
517.2792208610392,260,1,241,44,49,192,139,40,68,braking,fuzzy
517.2987587740072,316,119,219,169,114,31,208,122,203,braking,fuzzy
517.3982426634813,329,101,146,240,211,170,175,59,137,braking,fuzzy
517.8991958380584,545,55,189,109,209,255,64,191,109,braking,fuzzy
517.9084775978683,260,27,4,106,2,53,64,92,179,braking,fuzzy
517.9288612503855,316,224,215,161,208,46,79,106,120,braking,fuzzy
518.0283324996406,329,58,134,29,248,139,194,222,18,braking,fuzzy
518.5278417014796,545,130,33,44,240,94,15,14,11,braking,fuzzy
518.5386093847184,260,93,112,34,77,242,61,230,118,braking,fuzzy
518.5580296828141,316,94,161,211,75,52,105,35,23,braking,fuzzy
518.6574863178762,329,59,181,78,191,188,253,218,254,braking,fuzzy
519.1572417516193,545,14,69,208,113,17,48,3,224,braking,fuzzy
519.1663307250296,260,171,190,246,204,64,187,169,187,braking,fuzzy
519.1853732393521,316,255,75,64,159,157,171,206,90,braking,fuzzy
519.2856265856523,329,177,26,112,7,176,20,132,242,braking,fuzzy
519.7857168958809,545,218,87,55,211,246,191,248,54,braking,fuzzy
519.7950214689504,260,199,90,129,115,210,166,211,143,braking,fuzzy
519.8149877710899,316,81,118,29,112,163,141,255,153,braking,fuzzy
519.9149132031531,329,23,151,178,113,193,87,98,70,braking,fuzzy
520.4151911838326,545,114,111,240,147,110,164,62,162,braking,fuzzy
520.4255202435018,260,151,195,8,215,64,38,86,138,braking,fuzzy
520.4456905811769,316,204,129,93,207,203,3,185,81,braking,fuzzy
520.5465568616945,329,41,33,56,172,138,77,62,179,braking,fuzzy
521.0462346907293,545,167,60,172,188,46,20,154,115,braking,fuzzy
521.0553649424719,260,195,160,221,60,123,140,167,11,braking,fuzzy
521.0744284080637,316,132,210,87,150,172,115,94,15,braking,fuzzy
521.1739649830203,329,206,3,193,8,123,21,128,155,braking,fuzzy
521.6747313622741,545,178,98,171,198,104,227,113,236,braking,fuzzy
521.6844931281056,260,14,158,95,121,37,233,31,143,braking,fuzzy
521.7048807058256,316,236,226,218,160,241,58,191,232,braking,fuzzy
521.804587821519,329,227,185,85,86,169,247,118,74,braking,fuzzy
522.3049192091452,545,25,5,223,249,31,250,36,170,braking,fuzzy
522.3140837939903,260,140,30,248,87,148,141,115,204,braking,fuzzy
522.3340966196536,316,14,45,81,164,241,179,210,215,braking,fuzzy
522.4348807170318,329,188,25,8,231,189,4,20,171,braking,fuzzy
522.9344988050018,545,102,228,178,247,189,12,244,51,braking,fuzzy
522.9448170731716,260,109,77,10,35,123,134,41,224,braking,fuzzy
522.9656011245169,316,12,195,57,82,56,158,192,161,braking,fuzzy
523.0662106280973,329,154,44,7,110,150,24,51,199,braking,fuzzy
523.56555417677,545,96,148,225,152,210,141,41,18,braking,fuzzy
523.5754851016989,260,213,23,236,91,228,128,136,21,braking,fuzzy
523.5948689267685,316,59,20,180,205,136,190,194,139,braking,fuzzy
523.6947956005415,329,216,193,193,74,23,194,251,52,braking,fuzzy
524.1939646864697,545,175,32,214,39,58,146,160,122,braking,fuzzy
524.2040502767352,260,9,249,113,156,66,72,141,222,braking,fuzzy
524.2245046559937,316,23,157,253,135,156,41,135,243,braking,fuzzy
524.3250338806067,329,164,149,229,159,127,9,31,251,braking,fuzzy
524.8256393600268,545,179,238,130,181,228,172,234,40,braking,fuzzy
524.8354403237088,260,140,215,50,207,129,243,252,104,braking,fuzzy
524.8563182672606,316,53,160,46,11,193,52,184,44,braking,fuzzy
524.9564151861779,329,90,224,196,136,245,89,251,1,braking,fuzzy
525.4567482599484,545,255,228,145,54,125,42,173,129,braking,fuzzy
525.467252889948,260,207,126,141,38,102,150,189,110,braking,fuzzy
525.4876872104412,316,84,75,216,56,137,45,208,137,braking,fuzzy
525.5871444244523,329,136,33,22,129,11,114,213,193,braking,fuzzy
526.0869619782043,545,168,81,25,130,64,220,218,105,braking,fuzzy
526.0978153021473,260,252,100,110,216,97,116,190,48,braking,fuzzy
526.1183873451168,316,100,183,248,3,98,86,58,210,braking,fuzzy
526.2175718159242,329,194,9,33,53,174,181,229,179,braking,fuzzy
526.7178788177227,545,204,89,17,223,169,15,105,75,braking,fuzzy
526.726912447019,260,250,33,4,42,86,119,143,24,braking,fuzzy
526.7473329668833,316,219,204,10,104,213,251,234,228,braking,fuzzy
526.8478283894912,329,27,220,190,21,142,201,107,68,braking,fuzzy
527.3482944663833,545,62,160,185,89,107,129,47,92,braking,fuzzy
527.3585458016169,260,139,168,44,59,177,57,99,146,braking,fuzzy
527.3784242729441,316,228,88,34,216,247,55,57,54,braking,fuzzy
527.4794091719538,329,139,27,126,95,153,142,69,141,braking,fuzzy
527.9797119503351,545,67,188,160,116,68,198,26,53,braking,fuzzy
527.9902491314267,260,232,235,242,27,230,140,178,21,braking,fuzzy
528.0096464690222,316,79,197,80,88,226,177,54,0,braking,fuzzy
528.1087220482681,329,178,82,89,52,162,131,209,218,braking,fuzzy
528.6081260982221,545,38,79,148,125,185,135,193,68,braking,fuzzy
528.6179894116099,260,226,196,141,108,185,147,33,26,braking,fuzzy
528.637555346305,316,246,89,202,185,175,242,3,57,braking,fuzzy
528.7378074046388,329,87,149,11,141,165,183,118,191,braking,fuzzy
529.2376386856338,545,30,208,237,116,116,77,117,140,braking,fuzzy
529.2475730915493,260,254,185,127,16,183,223,191,59,braking,fuzzy
529.2668791581267,316,230,239,23,2,114,22,163,100,braking,fuzzy
529.3663099434307,329,165,135,6,61,40,226,20,33,braking,fuzzy
529.8671533215065,545,42,175,59,174,48,113,67,29,braking,fuzzy
529.876452232221,260,183,224,33,17,73,179,139,180,braking,fuzzy
529.8968258291775,316,140,153,210,98,33,242,52,131,braking,fuzzy
529.9973083228277,329,4,164,234,56,194,50,127,225,braking,fuzzy
530.4970081572145,545,37,32,73,171,45,128,60,21,braking,fuzzy
530.5073782826775,260,211,125,148,174,165,214,113,219,braking,fuzzy
530.5272051735875,316,239,33,81,30,135,25,147,107,braking,fuzzy
530.6271320191506,329,171,36,131,177,108,17,42,251,braking,fuzzy
531.1269692003594,545,230,184,122,182,70,199,168,185,braking,fuzzy
531.1376634129612,260,210,135,191,57,195,131,157,151,braking,fuzzy
531.1572905149718,316,174,181,174,146,227,21,24,213,braking,fuzzy
531.2565547067359,329,251,147,241,22,101,62,250,101,braking,fuzzy
531.7563978853714,545,159,73,122,56,29,189,159,221,braking,fuzzy
531.7656737821882,260,30,161,250,252,219,12,156,112,braking,fuzzy
531.784789458302,316,235,137,141,206,163,25,144,126,braking,fuzzy
531.8854111430941,329,94,209,129,254,232,162,167,143,braking,fuzzy
532.3854541669899,545,167,166,209,226,251,154,36,162,braking,fuzzy
532.3963710254002,260,83,140,86,122,45,81,80,192,braking,fuzzy
532.4161848182974,316,136,111,76,241,72,177,20,161,braking,fuzzy
532.5164087421766,329,125,65,62,113,45,242,11,16,braking,fuzzy
533.0171815386302,545,203,174,240,216,17,222,118,242,braking,fuzzy
533.0265712880207,260,81,224,102,108,188,78,78,142,braking,fuzzy
533.0457197346511,316,156,245,232,92,137,217,189,101,braking,fuzzy
533.1451414600562,329,14,228,86,88,46,132,93,221,braking,fuzzy
533.6444220325254,545,65,193,187,79,161,27,129,54,braking,fuzzy
533.6542621466808,260,152,209,167,193,176,89,158,122,braking,fuzzy
533.6746187356081,316,211,16,12,154,222,205,106,214,braking,fuzzy
533.7747691007172,329,159,202,40,157,99,3,21,71,braking,fuzzy
534.2750425229812,545,13,95,195,74,200,91,184,246,braking,fuzzy
534.2846852488309,260,107,228,170,143,126,4,37,11,braking,fuzzy
534.3053024909229,316,182,200,114,71,248,210,228,138,braking,fuzzy
534.4047954680424,329,119,24,237,64,9,178,109,159,braking,fuzzy
534.9057725090726,545,239,5,109,193,82,113,133,165,braking,fuzzy
534.915847562051,260,165,179,106,251,219,115,89,207,braking,fuzzy
534.9352485066325,316,243,89,121,66,70,103,27,154,braking,fuzzy
535.035948406432,329,156,243,92,215,63,5,170,205,braking,fuzzy
535.5363912973734,545,149,221,185,149,232,198,115,139,braking,fuzzy
535.545425506868,260,80,186,86,173,207,149,220,211,braking,fuzzy
535.5663933139513,316,212,138,79,103,97,237,148,219,braking,fuzzy
535.6672906558296,329,178,202,224,159,191,97,67,103,braking,fuzzy
536.1665591366717,545,129,145,165,21,241,90,154,189,braking,fuzzy
536.1766682296458,260,127,214,27,160,27,166,87,106,braking,fuzzy
536.1966622347563,316,80,95,114,77,45,9,7,65,braking,fuzzy
536.29737340413,329,222,20,159,200,156,90,164,38,braking,fuzzy
536.7975859952116,545,150,93,234,224,180,208,170,210,braking,fuzzy
536.8085393922515,260,102,29,197,162,153,112,16,217,braking,fuzzy
536.8287933317581,316,127,41,60,61,45,30,152,30,braking,fuzzy
536.9286559006115,329,20,241,13,170,216,165,27,76,braking,fuzzy
537.4295999046894,545,107,171,159,87,52,112,182,83,braking,fuzzy
537.4402129135333,260,176,17,100,138,27,219,100,112,braking,fuzzy
537.4598831674236,316,94,112,140,229,77,193,242,254,braking,fuzzy
537.5593815371556,329,174,87,183,194,193,158,120,27,braking,fuzzy
538.0589700217001,545,178,5,24,169,115,163,162,223,braking,fuzzy
538.0685380206008,260,204,163,229,9,79,88,212,61,braking,fuzzy
538.0893612529703,316,170,184,64,59,63,106,54,246,braking,fuzzy
538.1899875165067,329,129,68,20,174,137,53,5,244,braking,fuzzy
538.6900330928725,545,150,99,122,188,220,181,151,240,braking,fuzzy
538.699177964991,260,49,184,153,36,178,108,84,244,braking,fuzzy
538.7201114665129,316,196,218,115,21,93,59,143,17,braking,fuzzy
538.8209296219798,329,13,48,85,240,78,21,241,181,braking,fuzzy
539.320749230522,545,46,37,131,11,66,119,145,253,braking,fuzzy
539.331014471934,260,85,230,228,222,154,244,13,148,braking,fuzzy
539.351348021669,316,199,178,160,87,1,84,161,136,braking,fuzzy
539.4506752347303,329,106,202,147,93,221,47,168,63,braking,fuzzy
539.9514439792101,545,129,151,210,162,218,121,254,104,braking,fuzzy
539.9622608947043,260,228,197,132,214,245,221,61,26,braking,fuzzy
539.981869862583,316,161,39,109,42,89,49,119,145,braking,fuzzy
540.080905250288,329,249,46,236,118,62,67,196,211,braking,fuzzy
540.5813228134575,545,137,149,75,225,71,127,116,241,braking,fuzzy
540.5921521888262,260,110,141,202,185,24,79,222,41,braking,fuzzy
540.6131431446829,316,210,131,154,1,126,215,120,28,braking,fuzzy
540.713344523499,329,24,38,188,237,123,99,213,215,braking,fuzzy
541.2135088367273,545,44,255,235,36,225,242,141,247,braking,fuzzy
541.2242008540189,260,189,228,237,215,133,181,176,57,braking,fuzzy
541.2447024370076,316,254,148,219,197,28,234,6,45,braking,fuzzy
541.3452060034004,329,159,106,237,241,71,202,148,73,braking,fuzzy
541.845360419083,545,17,59,60,130,59,4,44,200,braking,fuzzy
541.8546951943733,260,243,174,131,13,85,9,253,119,braking,fuzzy
541.8737367864651,316,190,110,225,190,56,48,235,230,braking,fuzzy
541.9740974966869,329,81,18,147,124,174,204,144,118,braking,fuzzy
542.4733998316067,545,236,170,83,230,6,41,43,159,braking,fuzzy
542.4833108052218,260,145,14,188,41,110,193,5,166,braking,fuzzy
542.5036747342634,316,62,136,229,97,230,218,134,249,braking,fuzzy
542.6030136469521,329,37,19,140,109,169,201,82,250,braking,fuzzy
543.1022724559838,545,151,230,228,149,0,17,146,63,braking,fuzzy
543.1119543580761,260,230,64,110,143,5,156,98,248,braking,fuzzy
543.1328020555416,316,76,249,185,14,234,62,171,56,braking,fuzzy
543.2329957786591,329,11,187,31,102,167,34,61,13,braking,fuzzy
543.732365569779,545,209,197,0,163,140,219,134,135,braking,fuzzy
543.742990100583,260,194,215,185,37,65,31,222,192,braking,fuzzy
543.7625161234873,316,219,14,184,15,161,250,51,14,braking,fuzzy
543.8623299563196,329,159,102,178,69,134,90,129,199,braking,fuzzy
544.362568696144,545,6,228,209,10,73,109,111,96,braking,fuzzy
544.3733942121142,260,225,185,137,84,229,126,136,177,braking,fuzzy
544.3940776409889,316,216,139,78,63,203,54,114,153,braking,fuzzy
544.4944011406901,329,52,248,68,93,160,215,193,188,braking,fuzzy
544.9951691911825,545,221,21,24,233,99,211,17,214,braking,fuzzy
545.0059919937155,260,8,133,106,213,14,103,141,149,braking,fuzzy
545.0268874558634,316,49,6,37,171,131,130,41,0,braking,fuzzy
545.1272629866868,329,63,57,165,121,96,149,58,127,braking,fuzzy
545.6279300229844,545,85,230,99,155,26,203,114,226,braking,fuzzy
545.6387393956405,260,5,123,103,76,220,23,157,238,braking,fuzzy
545.6587090252245,316,167,245,68,201,68,194,22,23,braking,fuzzy
545.7587716924601,329,78,219,106,187,22,254,242,26,braking,fuzzy
546.2584108564588,545,79,210,251,163,145,47,166,133,braking,fuzzy
546.2678581925262,260,197,99,192,205,20,124,148,202,braking,fuzzy
546.2872890003073,316,81,169,91,141,232,132,142,184,braking,fuzzy
546.3863315662854,329,183,22,95,2,22,152,9,83,braking,fuzzy
546.8857069660244,545,195,214,253,89,108,179,233,224,braking,fuzzy
546.8964776842521,260,187,13,96,44,57,60,122,105,braking,fuzzy
546.9167686043894,316,148,247,220,97,184,123,8,32,braking,fuzzy
547.016600989293,329,165,134,113,54,71,143,232,23,braking,fuzzy
547.5166129237165,545,206,225,159,132,199,95,58,197,braking,fuzzy
547.5258993157967,260,79,7,95,190,176,64,247,237,braking,fuzzy
547.5455098712248,316,252,153,236,214,94,232,43,205,braking,fuzzy
547.6459835784844,329,85,186,9,199,220,245,234,240,braking,fuzzy
548.1458888552942,545,158,43,119,77,91,86,163,129,braking,fuzzy
548.1566784784162,260,211,13,241,178,191,191,198,134,braking,fuzzy
548.1766615670708,316,233,137,220,173,186,12,105,129,braking,fuzzy
548.2766081964403,329,184,207,20,19,145,88,242,64,braking,fuzzy
548.7756543030425,545,78,241,130,246,234,169,34,229,braking,fuzzy
548.7852649534889,260,253,166,227,160,172,3,233,156,braking,fuzzy
548.8052216468342,316,190,16,91,76,233,163,88,207,braking,fuzzy
548.9053019906812,329,110,98,200,53,120,138,233,35,braking,fuzzy
549.4054878031624,545,245,210,105,43,101,135,225,156,braking,fuzzy
549.4158384936759,260,250,127,120,174,39,255,105,178,braking,fuzzy
549.436151083644,316,0,168,83,103,228,194,187,97,braking,fuzzy
549.535547706649,329,105,2,216,160,248,214,189,80,braking,fuzzy
550.0362040117049,545,174,15,232,109,228,104,157,224,braking,fuzzy
550.0461322583515,260,122,197,73,222,234,60,167,153,braking,fuzzy
550.0660686818723,316,244,23,98,179,20,138,114,97,braking,fuzzy
550.1654201217126,329,238,81,29,6,218,141,247,41,braking,fuzzy
550.6651060009735,545,193,162,112,124,170,143,159,97,braking,fuzzy
550.6758938642515,260,86,216,10,237,163,231,154,212,braking,fuzzy
550.6957544548486,316,45,249,61,122,190,157,241,31,braking,fuzzy
550.795598505934,329,179,72,230,90,12,198,23,230,braking,fuzzy
551.2950979869522,545,12,232,131,221,19,119,125,105,braking,fuzzy
551.306053099658,260,250,99,22,134,116,146,192,181,braking,fuzzy
551.3260446704062,316,150,123,98,118,43,40,186,60,braking,fuzzy
551.4252697402143,329,225,156,218,97,99,76,204,70,braking,fuzzy
551.9250738740329,545,183,5,162,135,231,186,89,234,braking,fuzzy
551.9360396553027,260,244,60,108,143,36,172,250,25,braking,fuzzy
551.9567106887132,316,80,164,249,69,173,154,86,73,braking,fuzzy
552.0564100745961,329,68,228,210,184,82,148,247,104,braking,fuzzy
552.5561417835924,545,105,53,61,109,172,124,29,240,braking,fuzzy
552.566485962681,260,34,100,175,14,109,94,232,109,braking,fuzzy
552.5855054384234,316,152,218,51,95,126,104,49,58,braking,fuzzy
552.6849946989666,329,19,138,43,0,144,16,86,27,braking,fuzzy
553.1847091644944,545,24,16,99,252,142,0,148,230,braking,fuzzy
553.1954941672435,260,193,9,60,148,34,7,12,199,braking,fuzzy
553.2154704982904,316,199,77,118,104,222,190,90,185,braking,fuzzy
553.3160216699865,329,60,150,11,1,53,13,194,140,braking,fuzzy
553.8163760418698,545,38,188,135,43,67,238,131,22,braking,fuzzy
553.8255642277917,260,25,173,91,146,232,43,239,248,braking,fuzzy
553.8464872256847,316,164,1,231,80,183,211,98,60,braking,fuzzy
553.9471282431963,329,174,135,216,221,227,102,105,245,braking,fuzzy
554.446288137409,545,220,53,138,31,214,217,185,174,braking,fuzzy
554.4553514942246,260,0,180,210,251,61,133,177,110,braking,fuzzy
554.4753867890688,316,40,81,41,3,98,213,41,94,braking,fuzzy
554.5751261229353,329,37,50,244,232,191,96,165,164,braking,fuzzy
555.0753264583386,545,129,151,2,223,199,34,8,118,braking,fuzzy
555.0853757872578,260,99,93,13,181,11,17,210,185,braking,fuzzy
555.1059617636218,316,181,236,132,186,97,164,254,5,braking,fuzzy
555.2039457273839,329,158,214,102,25,130,254,61,180,braking,fuzzy
555.7042857520196,545,136,213,185,22,230,182,212,123,braking,fuzzy
555.7151607220183,260,32,218,137,101,110,169,182,151,braking,fuzzy
555.7356957090365,316,113,234,232,94,157,32,129,137,braking,fuzzy
555.83621513578,329,252,32,28,105,49,188,101,100,braking,fuzzy
556.3362574737166,545,129,134,111,0,207,22,173,69,braking,fuzzy
556.3454945384948,260,255,233,142,199,179,6,96,122,braking,fuzzy
556.3648699265793,316,50,157,197,119,16,36,75,184,braking,fuzzy
556.46480588864,329,234,34,60,166,1,200,156,244,braking,fuzzy
556.9650380742485,545,144,31,248,126,212,172,79,197,braking,fuzzy
556.9760124824969,260,139,61,39,86,252,126,142,37,braking,fuzzy
556.9954442897343,316,30,176,167,207,186,40,120,197,braking,fuzzy
557.0959701226731,329,244,46,91,96,128,226,15,84,braking,fuzzy
557.5954017925048,545,77,142,241,60,76,186,74,81,braking,fuzzy
557.6051290463231,260,155,239,147,141,123,183,12,132,braking,fuzzy
557.6245852625876,316,204,28,80,248,166,203,72,159,braking,fuzzy
557.7238759717134,329,3,169,223,198,229,167,4,195,braking,fuzzy
558.2229616232422,545,57,81,99,66,7,57,81,251,braking,fuzzy
558.2326444553906,260,41,121,127,56,193,66,175,132,braking,fuzzy
558.251845725744,316,38,188,87,69,148,53,121,158,braking,fuzzy
558.3524085746719,329,122,183,13,188,202,243,121,176,braking,fuzzy
558.8522509140786,545,208,216,35,29,152,116,175,28,braking,fuzzy
558.8618912126302,260,96,237,218,213,169,97,186,195,braking,fuzzy
558.8814766080485,316,59,62,11,241,161,197,201,24,braking,fuzzy
558.9813860021076,329,77,182,129,48,251,130,180,218,braking,fuzzy
559.4808209002357,545,180,76,76,244,36,73,237,11,braking,fuzzy
559.4900431950371,260,187,144,6,233,180,29,245,145,braking,fuzzy
559.5097369040728,316,239,2,245,155,136,199,101,154,braking,fuzzy
559.6094487089229,329,68,251,213,106,73,102,12,234,braking,fuzzy
560.1086694690697,545,108,231,210,219,11,81,94,170,braking,fuzzy
560.1180222288921,260,200,47,194,224,113,52,124,39,braking,fuzzy
560.1373368663305,316,87,3,180,224,191,190,182,190,braking,fuzzy
560.2375948577336,329,193,145,48,237,169,245,158,225,braking,fuzzy
560.7375236632978,545,212,164,16,201,137,175,29,132,braking,fuzzy
560.748095051436,260,151,169,248,198,122,245,58,133,braking,fuzzy
560.7673538952698,316,186,29,114,78,66,184,239,138,braking,fuzzy
560.8664329094929,329,71,159,44,145,102,137,47,237,braking,fuzzy
561.3665258813238,545,48,227,130,45,53,99,111,184,braking,fuzzy
561.3766238228562,260,222,198,132,35,221,102,169,0,braking,fuzzy
561.3964019995537,316,246,0,154,113,242,228,245,237,braking,fuzzy
561.495658902204,329,32,101,244,228,75,176,142,133,braking,fuzzy
561.9961947163781,545,116,119,119,138,243,85,51,126,braking,fuzzy
562.0058264857807,260,62,183,221,154,217,152,127,248,braking,fuzzy
562.0249229117126,316,38,168,215,66,140,172,78,88,braking,fuzzy
562.1240471593251,329,139,1,153,34,178,193,88,147,braking,fuzzy
562.624552559893,545,147,95,155,210,51,70,124,28,braking,fuzzy
562.6349926765733,260,224,169,180,136,1,85,158,41,braking,fuzzy
562.6544062528094,316,97,226,156,114,55,229,174,105,braking,fuzzy
562.753937852451,329,87,238,201,22,14,156,15,138,braking,fuzzy
563.2531037925401,545,29,16,114,61,95,3,52,97,braking,fuzzy
563.2625342225545,260,174,108,56,55,12,255,8,87,braking,fuzzy
563.2835223690383,316,217,119,122,21,45,12,66,158,braking,fuzzy
563.3829388261215,329,78,244,84,187,61,206,211,167,braking,fuzzy
563.8835395020492,545,210,190,189,144,211,241,184,165,braking,fuzzy
563.8941826292665,260,188,233,62,214,18,77,166,230,braking,fuzzy
563.9143305438841,316,205,206,88,68,224,212,135,193,braking,fuzzy
564.014432621997,329,37,14,76,25,166,173,175,45,braking,fuzzy
564.5149019633351,545,165,146,139,92,8,115,136,103,braking,fuzzy
564.5241475311765,260,155,80,226,76,30,102,125,23,braking,fuzzy
564.5440428606476,316,162,82,157,154,18,46,74,111,braking,fuzzy
564.6442773641221,329,218,220,11,123,188,159,99,244,braking,fuzzy
565.1452497925887,545,230,35,223,240,186,178,182,141,braking,fuzzy
565.1551365528145,260,173,112,104,236,73,55,60,124,braking,fuzzy
565.1759279786055,316,178,112,145,177,82,83,184,36,braking,fuzzy
565.2753276148451,329,252,130,103,241,187,242,248,157,braking,fuzzy
565.7753850004553,545,64,202,191,37,157,127,7,50,braking,fuzzy
565.7850764778848,260,158,10,218,251,100,142,52,49,braking,fuzzy
565.8060691595167,316,42,111,246,211,120,74,189,108,braking,fuzzy
565.9068141823354,329,124,235,52,51,249,27,205,207,braking,fuzzy
566.4067009064743,545,71,58,40,108,104,138,72,169,braking,fuzzy
566.4159878117204,260,61,36,64,223,250,29,94,215,braking,fuzzy
566.4354446229258,316,155,193,83,104,140,204,158,60,braking,fuzzy
566.5348107263741,329,100,167,16,12,250,216,209,49,braking,fuzzy
567.0350462071121,545,88,104,102,38,90,198,7,241,braking,fuzzy
567.045170930295,260,166,7,13,150,221,45,250,90,braking,fuzzy
567.0660922953168,316,81,125,136,135,30,232,1,207,braking,fuzzy
567.165885431923,329,60,181,190,253,18,209,254,245,braking,fuzzy
567.6658675339543,545,197,64,179,69,206,64,46,210,braking,fuzzy
567.6767396639846,260,240,58,20,66,152,125,6,39,braking,fuzzy
567.69721938582,316,57,245,184,111,101,210,11,208,braking,fuzzy
567.7963300007968,329,71,136,180,210,184,77,62,197,braking,fuzzy
568.2953896415238,545,79,65,184,183,67,144,74,64,braking,fuzzy
568.3061862772136,260,224,134,29,95,60,115,12,91,braking,fuzzy
568.3259384075784,316,59,82,175,48,28,196,94,22,braking,fuzzy
568.4253939706616,329,161,244,82,94,188,33,232,123,braking,fuzzy
568.9246249349293,545,132,135,246,0,254,155,147,253,braking,fuzzy
568.934613826334,260,76,28,217,230,4,38,5,184,braking,fuzzy
568.953979780281,316,140,116,109,192,91,52,85,187,braking,fuzzy
569.0532686783373,329,7,170,185,48,127,204,197,237,braking,fuzzy
569.5528310493048,545,77,79,188,79,88,81,132,56,braking,fuzzy
569.5623289764858,260,140,156,80,151,135,255,79,191,braking,fuzzy
569.5826822592435,316,56,130,75,3,183,48,244,240,braking,fuzzy
569.6830004516598,329,215,25,59,86,181,23,204,185,braking,fuzzy
570.1821430725006,545,131,168,87,87,53,181,69,183,braking,fuzzy
570.1929924715079,260,70,167,70,128,70,95,236,249,braking,fuzzy
570.2122168932474,316,79,44,154,89,5,32,116,193,braking,fuzzy
570.3117106112778,329,236,254,137,181,91,243,215,119,braking,fuzzy
570.8124790611556,545,212,27,54,137,58,49,116,192,braking,fuzzy
570.8218311414616,260,237,105,99,185,65,136,143,249,braking,fuzzy
570.8409632774836,316,157,207,3,97,223,103,11,101,braking,fuzzy
570.9417817667405,329,56,124,114,228,86,201,113,130,braking,fuzzy
571.4425824923468,545,48,122,114,209,208,224,63,67,braking,fuzzy
571.4533936919897,260,200,138,109,118,109,179,197,155,braking,fuzzy
571.4731222196881,316,38,58,2,28,183,125,127,66,braking,fuzzy
571.5760018415364,329,243,151,15,62,33,119,55,17,braking,fuzzy
572.0751891409294,545,203,29,51,89,168,134,95,199,braking,fuzzy
572.0846908843181,260,137,244,87,19,88,206,150,14,braking,fuzzy
572.1042515323809,316,34,219,85,226,42,181,59,97,braking,fuzzy
572.2047469936834,329,103,239,110,172,207,93,82,105,braking,fuzzy
572.7042329894338,545,205,142,238,233,16,63,176,83,braking,fuzzy
572.714209640122,260,156,22,234,3,183,145,216,73,braking,fuzzy
572.7350870121518,316,126,242,242,85,86,203,107,240,braking,fuzzy
572.8350775423719,329,63,34,154,163,178,223,113,20,braking,fuzzy
573.3343418230402,545,153,104,57,107,170,250,100,62,braking,fuzzy
573.3442770292288,260,64,11,84,156,9,3,10,173,braking,fuzzy
573.3636938136738,316,189,75,150,220,254,56,215,68,braking,fuzzy
573.4646161774356,329,53,3,72,3,71,230,82,101,braking,fuzzy
573.9655471332027,545,247,154,82,242,156,37,140,226,braking,fuzzy
573.975857237898,260,38,33,121,79,63,54,91,45,braking,fuzzy
573.995125085045,316,151,10,106,124,138,238,222,133,braking,fuzzy
574.0946882074849,329,167,9,1,91,78,121,52,206,braking,fuzzy
574.594481976822,545,219,125,232,134,83,0,157,206,braking,fuzzy
574.6049259559444,260,243,1,196,108,235,132,12,196,braking,fuzzy
574.6239543306722,316,95,154,194,118,132,139,197,20,braking,fuzzy
574.72481347616,329,200,45,147,55,31,23,12,110,braking,fuzzy
575.2253256958436,545,191,4,194,125,201,172,31,152,braking,fuzzy
575.2357945437502,260,165,138,35,50,77,169,163,136,braking,fuzzy
575.2554935167419,316,58,216,129,171,11,210,185,102,braking,fuzzy
575.3546637719919,329,91,106,123,34,219,161,118,212,braking,fuzzy
575.8550264570271,545,61,254,78,94,134,40,144,210,braking,fuzzy
575.8647837614327,260,151,114,34,59,117,50,151,39,braking,fuzzy
575.8847585026613,316,247,174,233,121,213,122,7,19,braking,fuzzy
575.985119723867,329,169,203,57,92,52,106,242,138,braking,fuzzy
576.4848159866071,545,214,123,31,20,174,111,57,104,braking,fuzzy
576.4941316486057,260,93,111,183,27,67,211,218,179,braking,fuzzy
576.5140429704562,316,253,84,243,172,125,220,236,27,braking,fuzzy
576.6139397452569,329,245,239,219,113,55,134,41,62,braking,fuzzy
577.1141115085095,545,161,236,77,59,192,55,163,206,braking,fuzzy
577.1242008664368,260,160,147,10,169,126,149,18,58,braking,fuzzy
577.1445829815812,316,219,8,14,131,74,75,104,37,braking,fuzzy
577.2437043753548,329,30,110,151,199,118,43,47,210,braking,fuzzy
577.7444685224576,545,136,58,14,224,210,105,185,31,braking,fuzzy
577.754866080312,260,233,238,51,134,11,160,18,129,braking,fuzzy
577.7748492772134,316,123,199,84,195,153,31,1,69,braking,fuzzy
577.8754204630802,329,37,106,161,117,139,122,27,104,braking,fuzzy
578.3763622641756,545,220,30,233,136,242,201,30,4,braking,fuzzy
578.3865767143736,260,104,241,201,215,143,73,193,134,braking,fuzzy
578.4060604719601,316,57,63,38,96,143,239,76,99,braking,fuzzy
578.506246278579,329,150,160,32,89,208,217,205,180,braking,fuzzy
579.0047318931,545,184,16,237,178,244,127,122,114,braking,fuzzy
579.0142518272975,260,22,139,158,213,96,216,13,85,braking,fuzzy
579.0337061394565,316,210,251,80,129,171,99,99,122,braking,fuzzy
579.1334639941803,329,203,72,177,217,12,9,90,118,braking,fuzzy
579.6333060158373,545,107,171,13,75,169,220,154,180,braking,fuzzy
579.6432580997689,260,227,159,52,159,68,70,172,148,braking,fuzzy
579.6632194308277,316,245,155,240,154,192,28,155,109,braking,fuzzy
579.762606406473,329,69,246,225,12,42,18,8,0,braking,fuzzy
580.2628536018723,545,198,46,41,182,201,136,37,106,braking,fuzzy
580.2736153164059,260,198,191,202,57,97,231,167,60,braking,fuzzy
580.2929407213718,316,171,57,210,20,73,86,122,222,braking,fuzzy
580.3928643753462,329,135,250,152,76,134,39,213,118,braking,fuzzy
580.893017173421,545,186,65,49,121,137,193,131,183,braking,fuzzy
580.9028973920377,260,230,207,152,197,103,49,233,252,braking,fuzzy
580.9237503770441,316,247,17,55,242,135,31,136,186,braking,fuzzy
581.0228582164958,329,96,95,25,207,32,141,10,157,braking,fuzzy
581.5229431284447,545,64,150,203,40,20,236,77,76,braking,fuzzy
581.5320228249158,260,180,172,119,81,254,250,87,44,braking,fuzzy
581.5520404515535,316,183,50,145,79,90,35,53,190,braking,fuzzy
581.6529334390225,329,211,238,24,248,98,154,254,38,braking,fuzzy
582.1534199197631,545,126,10,140,5,30,215,12,240,braking,fuzzy
582.1642855468697,260,128,198,185,240,196,60,17,161,braking,fuzzy
582.1838079733197,316,135,194,234,57,183,198,54,203,braking,fuzzy
582.2828440920239,329,238,227,180,147,47,228,229,43,braking,fuzzy
582.7820678754192,545,240,104,203,251,122,40,199,200,braking,fuzzy
582.7917730715378,260,65,111,111,77,242,241,64,49,braking,fuzzy
582.8116259359696,316,165,34,243,141,63,20,134,46,braking,fuzzy
582.9106811176946,329,196,1,132,44,225,183,230,17,braking,fuzzy
583.4098463177492,545,197,26,55,120,1,87,128,163,braking,fuzzy
583.418931702313,260,126,8,244,145,33,63,96,202,braking,fuzzy
583.4380614589652,316,177,80,61,249,130,39,244,210,braking,fuzzy
583.5383386118734,329,30,139,228,30,88,231,229,103,braking,fuzzy
584.0379433908406,545,43,52,69,177,228,28,172,105,braking,fuzzy
584.047768793988,260,173,165,150,15,34,195,222,79,braking,fuzzy
584.0672540086723,316,149,32,35,189,173,193,166,224,braking,fuzzy
584.1668384150248,329,22,79,187,206,81,187,86,51,braking,fuzzy
584.6669986742081,545,13,51,139,233,162,82,194,49,braking,fuzzy
584.677623838857,260,253,132,169,92,90,31,49,127,braking,fuzzy
584.6984290987405,316,99,34,169,106,167,201,46,161,braking,fuzzy
584.7976276982434,329,253,39,109,35,90,62,234,44,braking,fuzzy
585.2975430719563,545,73,23,238,6,105,97,86,26,braking,fuzzy
585.3079257922561,260,42,38,126,2,67,5,4,93,braking,fuzzy
585.3272793564814,316,35,81,102,166,106,114,112,146,braking,fuzzy
585.4273423327483,329,11,149,36,84,13,159,177,178,braking,fuzzy
585.9273756858563,545,193,186,109,144,107,60,37,112,braking,fuzzy
585.9365454217419,260,237,26,247,98,24,248,107,223,braking,fuzzy
585.9563168690136,316,82,251,150,229,78,82,138,20,braking,fuzzy
586.0570577979989,329,125,213,170,243,12,48,140,92,braking,fuzzy
586.5564801321703,545,100,246,87,118,195,231,31,217,braking,fuzzy
586.5672813865026,260,231,46,27,244,101,51,23,222,braking,fuzzy
586.5876804007113,316,121,6,232,166,98,10,186,253,braking,fuzzy
586.6878276612313,329,223,175,178,65,109,55,194,121,braking,fuzzy
587.1877235160609,545,192,24,169,249,123,21,98,253,braking,fuzzy
587.1979074761067,260,158,219,83,54,189,143,165,189,braking,fuzzy
587.2172265217331,316,156,217,241,102,180,115,230,239,braking,fuzzy
587.3173546274718,329,2,170,66,77,88,91,203,202,braking,fuzzy
587.8179764132597,545,7,50,37,50,160,143,46,94,braking,fuzzy
587.8289317739864,260,117,12,212,239,224,12,164,28,braking,fuzzy
587.8498804320583,316,117,231,38,252,165,76,42,31,braking,fuzzy
587.9505780561177,329,90,39,101,64,227,191,82,202,braking,fuzzy
588.4500116332359,545,168,184,0,101,45,38,151,158,braking,fuzzy
588.4598778738823,260,0,76,74,41,246,71,6,84,braking,fuzzy
588.480732238971,316,9,238,56,147,227,38,205,0,braking,fuzzy
588.5800408205052,329,186,19,110,172,121,30,72,25,braking,fuzzy
589.0807510322053,545,90,185,26,183,75,29,122,80,braking,fuzzy
589.0902880368496,260,76,68,193,50,190,236,173,74,braking,fuzzy
589.1110958944856,316,51,2,191,169,36,183,118,93,braking,fuzzy
589.2110578889834,329,220,58,159,235,137,175,77,206,braking,fuzzy
589.7106122897316,545,141,93,85,107,51,133,255,194,braking,fuzzy
589.7202872999264,260,165,16,233,88,98,250,58,158,braking,fuzzy
589.739993826664,316,110,93,148,141,183,182,181,52,braking,fuzzy
589.8395448614538,329,242,88,175,193,126,190,111,250,braking,fuzzy
590.33861226571,545,180,175,201,138,154,189,176,205,braking,fuzzy
590.3491950882182,260,182,187,106,173,184,12,135,9,braking,fuzzy
590.3695859311179,316,72,73,33,79,131,174,212,24,braking,fuzzy
590.470384281267,329,219,111,255,145,62,228,39,101,braking,fuzzy
590.9705651089573,545,104,23,92,226,230,33,96,220,braking,fuzzy
590.980148794175,260,177,76,128,87,208,21,141,1,braking,fuzzy
591.0011424736211,316,207,175,55,229,164,239,32,183,braking,fuzzy
591.1019992846386,329,160,92,216,82,217,131,176,119,braking,fuzzy
591.6011835484928,545,229,98,105,43,141,21,11,208,braking,fuzzy
591.611978784654,260,188,166,46,208,233,107,59,181,braking,fuzzy
591.6315358767657,316,128,164,130,16,57,233,195,43,braking,fuzzy
591.7315074847206,329,123,15,144,215,163,120,50,13,braking,fuzzy
592.2312947053272,545,1,98,98,60,143,186,37,138,braking,fuzzy
592.2403677019578,260,46,93,84,38,198,95,197,212,braking,fuzzy
592.2606098812358,316,171,68,35,209,27,253,77,252,braking,fuzzy
592.3602188882446,329,70,42,67,100,188,89,195,200,braking,fuzzy
592.8602423634028,545,142,235,11,21,49,170,223,25,braking,fuzzy
592.8696038012206,260,166,130,208,11,229,239,156,212,braking,fuzzy
592.8894097346357,316,223,68,252,147,63,152,27,127,braking,fuzzy
592.9902489474059,329,247,13,111,21,230,59,94,57,braking,fuzzy
593.4898560782061,545,49,49,98,99,33,192,5,37,braking,fuzzy
593.5002408838654,260,2,136,157,200,64,40,158,74,braking,fuzzy
593.5194646233873,316,133,149,27,253,194,103,200,156,braking,fuzzy
593.6188954040324,329,150,126,64,39,74,159,158,228,braking,fuzzy
594.1185901379802,545,53,21,64,42,100,83,59,71,braking,fuzzy
594.1293030072596,260,29,99,147,188,14,242,200,31,braking,fuzzy
594.148976864501,316,6,117,43,160,125,171,208,36,braking,fuzzy
594.2482223701533,329,4,226,149,43,35,170,28,158,braking,fuzzy
594.7474027650734,545,102,37,124,58,112,108,33,9,braking,fuzzy
594.7569980079667,260,188,248,169,18,19,3,155,18,braking,fuzzy
594.7769739823937,316,224,198,6,19,252,120,162,54,braking,fuzzy
594.8771325609446,329,43,115,102,52,82,97,232,217,braking,fuzzy
595.3762127429234,545,190,225,22,159,221,43,67,175,braking,fuzzy
595.3864864780049,260,211,4,99,233,46,114,175,109,braking,fuzzy
595.4063275110692,316,253,67,132,135,17,76,186,208,braking,fuzzy
595.5063811106816,329,80,67,105,60,146,233,183,220,braking,fuzzy
596.0055828813831,545,93,203,245,238,156,24,16,180,braking,fuzzy
596.016305092108,260,168,241,164,247,104,186,50,132,braking,fuzzy
596.037254314125,316,60,170,164,141,63,198,151,85,braking,fuzzy
596.137128777133,329,214,193,36,46,137,200,16,199,braking,fuzzy
596.6371011396799,545,33,50,134,215,21,171,129,232,braking,fuzzy
596.6464787040433,260,175,110,255,218,88,188,58,7,braking,fuzzy
596.6664549153169,316,70,193,228,85,252,66,180,231,braking,fuzzy
596.7671157886067,329,231,182,211,198,43,151,154,173,braking,fuzzy
597.2661922183744,545,76,144,198,242,244,172,148,124,braking,fuzzy
597.2752869622888,260,123,29,150,113,252,77,133,36,braking,fuzzy
597.2954875584988,316,136,27,107,193,167,229,176,59,braking,fuzzy
597.395652648812,329,210,116,28,2,149,191,164,32,braking,fuzzy
597.8965765080009,545,102,255,57,168,204,104,156,253,braking,fuzzy
597.9072529543904,260,107,43,184,122,228,186,127,242,braking,fuzzy
597.9263676975472,316,246,152,61,48,207,191,144,125,braking,fuzzy
598.0260874381942,329,51,153,95,218,149,92,20,4,braking,fuzzy
598.5263117092985,545,143,177,187,36,243,24,195,239,braking,fuzzy
598.5370128542777,260,174,220,89,190,95,195,35,240,braking,fuzzy
598.556542586319,316,99,14,40,124,172,56,42,188,braking,fuzzy
598.6566568838555,329,178,240,163,63,181,24,8,67,braking,fuzzy
599.1569987073677,545,11,93,202,189,97,252,206,132,braking,fuzzy
599.1665247644785,260,140,226,163,89,112,162,241,75,braking,fuzzy
599.1862483484808,316,4,180,236,17,52,176,191,147,braking,fuzzy
599.2860702924412,329,175,207,138,33,234,255,170,152,braking,fuzzy
599.785975129266,545,65,115,61,36,190,129,157,84,braking,fuzzy
599.7953676405549,260,108,143,223,253,144,174,217,106,braking,fuzzy
599.8147374475665,316,219,220,35,78,124,47,14,119,braking,fuzzy
599.9137414612676,329,87,165,184,3,232,65,35,30,braking,fuzzy
600.4136558101299,545,250,102,100,153,246,97,44,223,braking,fuzzy
600.4236804955411,260,143,31,254,91,182,88,232,14,braking,fuzzy
600.4428606940356,316,211,197,1,18,239,3,21,188,braking,fuzzy
600.5438285158784,329,122,171,96,141,127,247,103,69,braking,fuzzy
601.0433871098703,545,151,82,138,37,159,11,236,191,braking,fuzzy
601.0540533023727,260,119,189,13,92,176,36,175,206,braking,fuzzy
601.0748565254873,316,22,242,193,125,232,174,166,187,braking,fuzzy
601.1743854126532,329,10,209,48,255,34,174,82,141,braking,fuzzy
601.674705972129,545,185,97,232,124,196,116,67,227,braking,fuzzy
601.6840041333262,260,205,74,144,119,25,173,72,111,braking,fuzzy
601.703463593874,316,0,13,239,223,2,41,100,13,braking,fuzzy
601.8042569971906,329,234,130,76,114,32,197,87,69,braking,fuzzy
602.304689254293,545,242,8,54,78,160,233,145,136,braking,fuzzy
602.3152537267018,260,43,32,179,164,115,107,30,154,braking,fuzzy
602.3347246938266,316,204,178,83,128,52,117,108,91,braking,fuzzy
602.434115636256,329,6,84,206,164,103,61,188,249,braking,fuzzy
602.9337359538613,545,142,231,123,37,84,156,111,66,braking,fuzzy
602.9431501940325,260,32,35,251,122,49,104,23,117,braking,fuzzy
602.9621654652642,316,66,129,230,70,245,213,40,211,braking,fuzzy
603.0611745822818,329,191,18,239,134,196,39,155,86,braking,fuzzy
603.5610088823854,545,131,70,23,18,142,137,81,244,braking,fuzzy
603.5713166517978,260,46,198,70,62,61,12,115,250,braking,fuzzy
603.591611318401,316,100,163,165,81,58,100,173,131,braking,fuzzy
603.6925987964603,329,174,48,189,49,129,195,12,230,braking,fuzzy
604.1919128522287,545,74,17,2,221,115,202,133,163,braking,fuzzy
604.2021931589746,260,118,56,200,251,133,208,158,3,braking,fuzzy
604.2221479471003,316,76,167,143,182,131,94,31,95,braking,fuzzy
604.3212371281991,329,14,137,114,181,6,210,201,223,braking,fuzzy
604.8219404829553,545,38,75,128,104,33,162,253,110,braking,fuzzy
604.8316237137394,260,33,244,70,220,125,88,118,6,braking,fuzzy
604.851923228581,316,232,137,197,235,199,175,199,8,braking,fuzzy
604.9521737625284,329,24,18,1,230,125,5,221,53,braking,fuzzy
605.4513702278429,545,198,149,177,171,242,71,177,252,braking,fuzzy
605.4612734405669,260,164,243,83,225,239,62,118,95,braking,fuzzy
605.4811099105808,316,220,177,4,101,123,47,75,200,braking,fuzzy
605.5803381267206,329,153,140,27,200,40,250,151,115,braking,fuzzy
606.0798864704008,545,131,61,188,4,174,244,107,178,braking,fuzzy
606.0893190013406,260,186,131,136,225,219,197,192,174,braking,fuzzy
606.1084040044848,316,95,104,67,208,172,171,11,127,braking,fuzzy
606.208128179179,329,70,8,24,97,247,10,220,240,braking,fuzzy
606.7086352522739,545,164,24,69,198,22,27,242,112,braking,fuzzy
606.7183688381382,260,45,184,160,124,161,42,177,129,braking,fuzzy
606.7377826480297,316,212,134,15,228,170,120,34,231,braking,fuzzy
606.8374913385975,329,120,178,130,80,18,168,187,74,braking,fuzzy
607.336788520141,545,117,212,250,83,133,18,159,185,braking,fuzzy
607.3475167026876,260,110,53,164,217,189,79,93,23,braking,fuzzy
607.3669299070411,316,163,226,234,207,141,119,119,125,braking,fuzzy
607.4666931904877,329,184,195,75,58,169,114,194,80,braking,fuzzy
607.9674804288928,545,10,24,79,164,48,146,39,101,braking,fuzzy
607.9781183106718,260,27,150,239,129,13,213,153,200,braking,fuzzy
607.9977676623779,316,205,183,100,83,45,5,120,229,braking,fuzzy
608.0973142953422,329,65,178,11,201,209,63,249,7,braking,fuzzy
608.5977475916601,545,242,204,244,149,201,215,244,229,braking,fuzzy
608.6082973947695,260,52,101,52,137,3,101,109,35,braking,fuzzy
608.6292362682544,316,28,192,196,53,68,0,75,161,braking,fuzzy
608.729325379164,329,219,1,141,91,231,171,74,222,braking,fuzzy
609.2285356215333,545,26,212,136,131,213,248,46,80,braking,fuzzy
609.2381500356489,260,11,165,102,252,234,26,180,47,braking,fuzzy
609.2581591217473,316,209,17,223,30,81,51,75,155,braking,fuzzy
609.3583594851004,329,34,60,148,139,20,215,225,194,braking,fuzzy
609.8576622454417,545,61,74,139,54,68,51,212,198,braking,fuzzy
609.8668691679037,260,98,223,102,148,147,31,77,80,braking,fuzzy
609.8861370652168,316,194,65,97,110,246,23,150,105,braking,fuzzy
609.985672618096,329,136,84,85,136,57,184,175,12,braking,fuzzy
610.4863439393312,545,90,58,86,16,215,176,178,11,braking,fuzzy
610.4963189578298,260,118,219,12,204,132,93,87,187,braking,fuzzy
610.5158482474665,316,22,238,166,157,191,112,177,33,braking,fuzzy
610.6168265183001,329,77,198,96,30,169,244,9,85,braking,fuzzy
611.1172555763303,545,191,206,174,67,64,47,238,32,braking,fuzzy
611.1282129097307,260,164,143,132,164,241,10,211,215,braking,fuzzy
611.1485358205946,316,199,141,198,2,88,52,90,248,braking,fuzzy
611.2490570781956,329,243,156,241,47,206,197,168,82,braking,fuzzy
611.7513643188163,545,189,166,185,59,118,44,74,28,braking,fuzzy
611.7616957852935,260,144,20,201,241,82,125,115,71,braking,fuzzy
611.7825731039139,316,56,2,154,19,165,187,43,194,braking,fuzzy
611.8818340162321,329,28,241,22,211,80,50,29,137,braking,fuzzy
612.3812407062103,545,158,140,127,226,140,226,131,149,braking,fuzzy
612.3905772695862,260,25,239,128,38,143,241,10,48,braking,fuzzy
612.411067317604,316,54,201,19,65,178,65,37,242,braking,fuzzy
612.5116264156959,329,238,114,172,139,100,205,157,134,braking,fuzzy
613.0117322045912,545,79,29,62,107,95,138,49,125,braking,fuzzy
613.0215675057958,260,235,78,93,224,64,180,253,200,braking,fuzzy
613.041239932052,316,243,98,130,60,52,183,173,228,braking,fuzzy
613.1416941965844,329,11,148,253,34,133,237,86,62,braking,fuzzy
613.6415182302429,545,179,66,78,198,71,170,93,183,braking,fuzzy
613.6523440592965,260,55,14,135,185,145,123,245,142,braking,fuzzy
613.6715187989679,316,145,21,60,81,170,39,174,72,braking,fuzzy
613.7721641897655,329,130,221,206,219,30,212,234,160,braking,fuzzy
614.2712068732791,545,36,57,218,97,74,17,145,178,braking,fuzzy
614.2783515081134,260,43,231,197,183,191,120,212,115,braking,fuzzy
614.2983657269897,316,133,74,162,18,218,64,240,181,braking,fuzzy
614.3979274737267,329,63,179,39,168,219,210,31,7,braking,fuzzy
614.8976474355635,545,98,74,110,144,129,193,121,186,braking,fuzzy
614.9076979297296,260,253,196,145,236,104,177,179,66,braking,fuzzy
614.9275712723561,316,219,159,189,26,189,21,136,38,braking,fuzzy
615.0284274295097,329,203,44,132,197,111,65,157,105,braking,fuzzy
615.5293030150033,545,6,117,247,65,46,167,152,155,braking,fuzzy
615.5394975366848,260,77,6,73,25,90,146,46,31,braking,fuzzy
615.5594819532186,316,2,111,180,169,253,208,14,216,braking,fuzzy
615.6592837795265,329,78,214,123,152,249,242,213,250,braking,fuzzy
616.1596397661993,545,179,4,246,56,90,10,252,243,braking,fuzzy
616.1693070940585,260,91,227,140,144,207,221,142,87,braking,fuzzy
616.1895855477187,316,135,197,172,200,48,208,107,249,braking,fuzzy
616.2903125061415,329,135,200,13,226,116,110,206,83,braking,fuzzy
616.7904780292339,545,117,189,162,116,140,108,48,27,braking,fuzzy
616.8002334224865,260,156,9,254,250,161,216,134,122,braking,fuzzy
616.8212305886224,316,66,96,243,152,53,216,10,155,braking,fuzzy
616.9209289961927,329,76,226,172,116,56,131,71,190,braking,fuzzy
617.4231454872129,545,198,74,148,110,42,138,143,107,braking,fuzzy
617.4333887817479,260,192,37,5,164,217,105,120,142,braking,fuzzy
617.4524850732352,316,107,210,122,37,159,200,14,166,braking,fuzzy
617.5518227765481,329,162,144,122,207,115,209,106,206,braking,fuzzy
618.0514423687474,545,67,185,73,159,157,0,46,126,braking,fuzzy
618.0620808608749,260,124,165,150,25,18,139,46,58,braking,fuzzy
618.0814124851877,316,213,121,192,224,140,14,166,34,braking,fuzzy
618.1805047397092,329,38,172,61,176,38,192,216,41,braking,fuzzy
618.6808379056811,545,33,148,155,233,176,105,84,236,braking,fuzzy
618.6908542828864,260,20,37,61,146,188,151,218,4,braking,fuzzy
618.711154333961,316,233,239,174,67,74,51,31,167,braking,fuzzy
618.8111530140436,329,87,159,151,35,105,68,201,229,braking,fuzzy
619.3107111448492,545,129,73,20,53,119,193,13,98,braking,fuzzy
619.3215406024752,260,126,164,16,145,62,95,7,128,braking,fuzzy
619.3410808825954,316,134,223,208,186,143,227,244,203,braking,fuzzy
619.4402208760521,329,44,214,30,255,57,12,44,164,braking,fuzzy
619.941115987875,545,55,244,83,30,159,52,189,127,braking,fuzzy
619.9516073371083,260,157,95,25,181,156,177,247,130,braking,fuzzy
619.971777270033,316,92,133,190,252,131,223,163,136,braking,fuzzy
620.0721756115483,329,18,167,84,132,117,110,7,230,braking,fuzzy
620.571555449476,545,233,134,190,130,69,110,224,247,braking,fuzzy
620.5810485527786,260,63,80,213,218,125,77,9,117,braking,fuzzy
620.6002473462645,316,101,184,241,198,214,98,166,242,braking,fuzzy
620.7012351176854,329,98,122,134,133,150,69,18,12,braking,fuzzy
621.2017698371967,545,121,251,209,10,234,107,217,70,braking,fuzzy
621.2119793505377,260,144,25,61,235,225,45,230,252,braking,fuzzy
621.2317854139237,316,131,121,252,218,67,26,220,154,braking,fuzzy
621.3326008080636,329,119,43,125,22,71,25,111,252,braking,fuzzy
621.8320116932543,545,194,50,181,242,64,249,39,244,braking,fuzzy
621.8411473222193,260,178,239,147,122,7,56,247,167,braking,fuzzy
621.8619218550413,316,117,49,116,5,187,129,147,16,braking,fuzzy
621.9619318628677,329,85,211,107,23,241,94,5,66,braking,fuzzy
622.4617426007874,545,1,225,137,117,113,116,252,58,braking,fuzzy
622.4725979815197,260,242,220,59,130,82,155,48,21,braking,fuzzy
622.4919306582394,316,236,131,98,25,179,237,120,213,braking,fuzzy
622.5914945540414,329,45,203,27,198,170,254,127,230,braking,fuzzy
623.0924331442905,545,65,140,149,89,86,170,35,245,braking,fuzzy
623.1029074892601,260,23,230,189,149,254,54,117,17,braking,fuzzy
623.1224517645093,316,164,20,176,77,247,223,1,225,braking,fuzzy
623.2224013085577,329,132,98,202,136,56,230,251,156,braking,fuzzy
623.7226691100361,545,20,68,62,139,59,227,53,1,braking,fuzzy
623.7325092578828,260,213,27,162,173,226,92,241,170,braking,fuzzy
623.7522610633484,316,81,92,61,85,62,254,96,77,braking,fuzzy
623.852017681225,329,227,196,68,69,7,146,52,109,braking,fuzzy
624.3517262848468,545,180,207,28,226,78,6,23,125,braking,fuzzy
624.3624835592566,260,147,82,50,39,5,1,15,77,braking,fuzzy
624.3824451003742,316,171,45,131,169,175,27,199,252,braking,fuzzy
624.4819878505224,329,94,90,178,73,251,179,106,128,braking,fuzzy
624.9827555288911,545,94,200,186,43,32,93,21,114,braking,fuzzy
624.9930371455134,260,86,250,171,58,173,215,206,214,braking,fuzzy
625.0123637703598,316,187,56,105,65,149,210,87,134,braking,fuzzy
625.1121783882262,329,2,182,195,5,100,240,60,186,braking,fuzzy
625.6127984745068,545,150,241,2,23,103,254,29,54,braking,fuzzy
625.6232258606517,260,124,134,174,11,246,130,211,8,braking,fuzzy
625.642228056993,316,213,95,139,73,89,184,99,23,braking,fuzzy
625.7430062867377,329,173,142,71,205,164,168,125,178,braking,fuzzy
626.2439964333432,545,55,177,222,182,6,53,27,108,braking,fuzzy
626.2543676298751,260,79,108,212,179,144,213,69,134,braking,fuzzy
626.2739142397529,316,72,221,115,215,84,52,38,229,braking,fuzzy
626.3732333109671,329,254,187,245,141,195,14,125,26,braking,fuzzy
626.8738105662342,545,96,159,230,122,237,227,241,1,braking,fuzzy
626.8828823597503,260,72,56,230,89,53,99,152,45,braking,fuzzy
626.9021602831116,316,130,183,119,206,249,39,155,1,braking,fuzzy
627.0021776875068,329,212,81,134,19,205,2,102,34,braking,fuzzy
627.5021042550429,545,93,101,103,230,39,95,228,193,braking,fuzzy
627.5122197751801,260,13,140,76,75,99,156,211,223,braking,fuzzy
627.5317086305388,316,96,10,228,54,189,247,145,68,braking,fuzzy
627.6309326719643,329,108,182,33,141,246,10,153,81,braking,fuzzy
628.1309663759098,545,205,168,113,66,78,172,46,85,braking,fuzzy
628.1401179850886,260,78,190,131,130,203,94,234,129,braking,fuzzy
628.1591395506791,316,234,166,82,57,19,125,103,117,braking,fuzzy
628.2589149171565,329,71,170,206,34,231,22,105,142,braking,fuzzy
628.7582683927583,545,120,24,213,186,96,240,111,124,braking,fuzzy
628.7686925427477,260,180,115,43,217,244,132,108,142,braking,fuzzy
628.7885986898182,316,2,150,2,60,79,71,171,238,braking,fuzzy
628.8885958429524,329,179,136,151,73,156,138,156,26,braking,fuzzy
629.3884711353804,545,206,236,34,64,75,216,214,63,braking,fuzzy
629.3994302342333,260,167,94,125,118,177,44,207,226,braking,fuzzy
629.4197208121681,316,234,244,95,59,45,92,125,132,braking,fuzzy
629.5205836069879,329,193,46,119,5,214,13,145,7,braking,fuzzy
630.0196270641732,545,147,243,82,65,177,217,229,89,braking,fuzzy
630.02966987428,260,160,172,67,81,125,182,80,253,reverse,fuzzy
630.049405121101,316,100,190,67,3,54,49,92,20,reverse,fuzzy
630.1484994766939,329,166,86,43,236,242,230,79,2,reverse,fuzzy
630.6492962012564,545,12,73,223,211,140,18,246,37,reverse,fuzzy
630.6583262556153,260,168,206,22,222,118,230,165,116,reverse,fuzzy
630.6785239552031,316,79,148,54,162,26,65,52,132,reverse,fuzzy
630.7789668438598,329,19,37,225,198,70,251,237,6,reverse,fuzzy
631.2792801460146,545,59,189,170,29,212,210,163,202,reverse,fuzzy
631.2895289808324,260,123,189,2,8,153,1,37,70,reverse,fuzzy
631.3095421795886,316,102,105,198,104,123,56,186,65,reverse,fuzzy
631.4088402447052,329,50,245,173,12,152,28,5,186,reverse,fuzzy
631.9096367010444,545,253,255,46,78,182,6,15,199,reverse,fuzzy
631.9204882259143,260,169,9,8,58,248,146,36,239,reverse,fuzzy
631.9408284119332,316,123,69,88,152,9,161,212,128,reverse,fuzzy
632.0411444406785,329,26,29,43,168,46,133,223,143,reverse,fuzzy
632.5408125097902,545,52,119,254,230,116,12,53,195,reverse,fuzzy
632.550558928814,260,200,215,114,30,204,25,44,22,reverse,fuzzy
632.5696186473006,316,42,238,18,193,146,29,115,219,reverse,fuzzy
632.6692675578206,329,208,149,100,190,148,153,219,239,reverse,fuzzy
633.16874429596,545,126,118,157,142,251,10,112,236,reverse,fuzzy
633.1796504142534,260,197,92,172,119,69,60,77,241,reverse,fuzzy
633.1987450690655,316,116,38,87,155,94,127,29,71,reverse,fuzzy
633.2990873025901,329,131,91,180,151,150,208,196,227,reverse,fuzzy
633.8000619878947,545,221,245,205,12,220,229,130,128,reverse,fuzzy
633.8105037202952,260,30,129,91,235,166,231,4,77,reverse,fuzzy
633.830118368856,316,28,86,28,254,105,251,162,1,reverse,fuzzy
633.929577218749,329,129,30,230,117,140,69,50,238,reverse,fuzzy
634.4286428531033,545,85,226,198,3,134,197,35,5,reverse,fuzzy
634.4389778232396,260,62,48,101,152,35,163,82,170,reverse,fuzzy
634.4587242328005,316,195,240,180,184,202,10,27,182,reverse,fuzzy
634.5596692228451,329,209,235,34,195,254,4,211,39,reverse,fuzzy
635.0601898779121,545,34,59,132,184,47,25,93,246,reverse,fuzzy
635.0710374912097,260,111,121,117,136,229,149,58,139,reverse,fuzzy
635.091462509264,316,143,68,44,246,19,214,153,255,reverse,fuzzy
635.1919223171044,329,11,83,200,106,122,133,174,216,reverse,fuzzy
635.6927928133377,545,43,146,224,20,132,152,204,66,reverse,fuzzy
635.7021206791388,260,242,83,107,50,221,241,220,121,reverse,fuzzy
635.7225473911576,316,253,116,159,120,226,16,20,65,reverse,fuzzy
635.8232115817391,329,93,66,114,58,16,197,141,114,reverse,fuzzy
636.3241564679854,545,202,136,217,37,183,230,21,145,reverse,fuzzy
636.334193037837,260,56,119,246,25,196,247,243,81,reverse,fuzzy
636.3536093785671,316,255,146,88,192,218,66,119,175,reverse,fuzzy
636.4540622515685,329,6,129,224,191,239,65,25,254,reverse,fuzzy
636.9546134700877,545,186,49,239,118,224,100,156,187,reverse,fuzzy
636.9645829635884,260,164,9,138,9,47,1,118,212,reverse,fuzzy
636.983593864382,316,84,119,137,207,179,93,31,98,reverse,fuzzy
637.0839715215984,329,13,30,12,219,18,120,8,166,reverse,fuzzy
637.5833268589313,545,126,148,130,8,23,149,88,50,reverse,fuzzy
637.5924852139445,260,170,244,189,160,30,222,35,227,reverse,fuzzy
637.6115863619929,316,245,36,35,173,175,218,11,240,reverse,fuzzy
637.7113531857198,329,56,85,49,232,66,199,122,122,reverse,fuzzy
638.2117762390287,545,76,133,133,109,136,193,159,250,reverse,fuzzy
638.2207962639379,260,185,75,198,97,156,165,7,241,reverse,fuzzy
638.2408042804891,316,152,223,131,92,176,138,32,130,reverse,fuzzy
638.3409764389601,329,61,160,112,59,196,49,9,215,reverse,fuzzy
638.8425889761943,545,200,65,19,244,129,111,73,35,reverse,fuzzy
638.8521100485267,260,32,203,109,226,13,130,245,27,reverse,fuzzy
638.8715407189227,316,194,201,133,196,47,160,221,112,reverse,fuzzy
638.9717484058592,329,253,182,188,123,222,160,183,240,reverse,fuzzy
639.4722032650742,545,149,87,191,236,14,174,247,165,reverse,fuzzy
639.4819688910176,260,211,241,97,109,118,179,227,231,reverse,fuzzy
639.5013029114454,316,52,133,173,226,66,131,243,221,reverse,fuzzy
639.6020920849703,329,210,76,96,160,217,233,125,93,reverse,fuzzy
640.1028136999471,545,146,30,245,80,35,91,179,104,reverse,fuzzy
640.1119565718595,260,93,98,204,172,52,54,249,202,reverse,fuzzy
640.1326070444526,316,224,176,1,7,223,217,37,220,reverse,fuzzy
640.2332355904084,329,143,129,241,87,74,174,221,200,reverse,fuzzy
640.7335221609042,545,74,181,132,12,200,160,150,22,reverse,fuzzy
640.7443017036671,260,213,238,204,30,98,33,118,128,reverse,fuzzy
640.7643068807878,316,65,182,12,127,222,73,137,5,reverse,fuzzy
640.8651705977259,329,20,164,2,155,90,14,18,201,reverse,fuzzy
641.3657578794188,545,131,11,205,88,245,122,125,95,reverse,fuzzy
641.3750274094456,260,170,127,193,161,165,159,32,220,reverse,fuzzy
641.3948197859715,316,35,95,180,42,206,237,0,101,reverse,fuzzy
641.4949583634323,329,104,130,110,214,168,184,60,2,reverse,fuzzy
641.9954844269358,545,196,101,149,214,134,250,219,88,reverse,fuzzy
642.0063883250441,260,111,219,239,111,248,52,117,223,reverse,fuzzy
642.0264685018221,316,209,165,199,139,33,88,123,102,reverse,fuzzy
642.1282937522926,329,222,228,105,213,43,217,109,85,reverse,fuzzy
642.6279867601919,545,81,18,143,155,231,226,48,204,reverse,fuzzy
642.6380861332474,260,164,74,158,131,158,42,245,89,reverse,fuzzy
642.6572636259889,316,119,212,85,4,3,206,175,44,reverse,fuzzy
642.7582248654625,329,80,59,43,203,91,255,242,32,reverse,fuzzy
643.2585350243612,545,168,143,103,121,66,85,82,123,reverse,fuzzy
643.2683605009837,260,114,208,18,168,4,45,232,220,reverse,fuzzy
643.2888621868857,316,106,154,108,21,37,226,160,10,reverse,fuzzy
643.3893197936193,329,99,181,165,248,127,70,85,220,reverse,fuzzy
643.8894134648725,545,49,244,16,14,15,88,47,61,reverse,fuzzy
643.8996081133455,260,13,40,1,49,108,234,26,43,reverse,fuzzy
643.9200407948646,316,177,176,43,80,251,170,224,118,reverse,fuzzy
644.0197537634759,329,116,139,3,130,117,47,231,190,reverse,fuzzy
644.5207260049091,545,122,190,128,85,97,93,79,38,reverse,fuzzy
644.5303031107404,260,77,207,65,145,248,229,52,98,reverse,fuzzy
644.5495879784395,316,181,240,229,55,127,45,181,8,reverse,fuzzy
644.648795089826,329,157,88,19,168,236,218,120,215,reverse,fuzzy
645.1487113848926,545,185,83,119,104,146,204,97,124,reverse,fuzzy
645.1589163321793,260,70,83,139,75,49,177,29,230,reverse,fuzzy
645.1795308285544,316,179,120,131,89,78,40,34,211,reverse,fuzzy
645.2803897638747,329,148,209,133,243,159,118,107,90,reverse,fuzzy
645.7795202124299,545,13,0,174,225,136,255,157,180,reverse,fuzzy
645.7866516627398,260,195,114,83,222,4,92,101,60,reverse,fuzzy
645.8065481671116,316,247,113,16,204,65,200,166,222,reverse,fuzzy
645.9056475642295,329,154,125,198,182,245,187,67,214,reverse,fuzzy
646.4065564724359,545,114,107,174,62,39,102,160,198,reverse,fuzzy
646.4162530243043,260,118,174,250,168,129,234,129,16,reverse,fuzzy
646.4359860695627,316,153,42,144,242,33,141,17,33,reverse,fuzzy
646.5363991970154,329,237,118,27,47,110,72,67,128,reverse,fuzzy
647.0371441187767,545,246,139,235,13,172,111,150,228,reverse,fuzzy
647.0488991558669,260,95,40,73,26,119,73,204,225,reverse,fuzzy
647.0690349710158,316,169,49,163,74,161,192,71,250,reverse,fuzzy
647.1692256765023,329,56,53,223,234,27,161,204,107,reverse,fuzzy
647.669565583775,545,212,30,138,63,188,173,167,141,reverse,fuzzy
647.6792509159735,260,75,236,181,183,153,202,50,142,reverse,fuzzy
647.6994040586857,316,27,204,160,2,24,25,104,149,reverse,fuzzy
647.7991946107277,329,148,240,84,188,242,137,95,29,reverse,fuzzy
648.2990446790743,545,234,166,28,106,84,187,170,129,reverse,fuzzy
648.3094169804697,260,244,73,1,68,109,167,249,34,reverse,fuzzy
648.3302196559713,316,218,11,141,61,59,59,46,76,reverse,fuzzy
648.4305011142108,329,227,9,76,108,35,34,127,56,reverse,fuzzy
648.930303882988,545,125,47,28,240,9,123,140,122,reverse,fuzzy
648.9402142392306,260,241,10,26,248,207,60,3,127,reverse,fuzzy
648.9609189686358,316,180,58,39,38,74,42,51,154,reverse,fuzzy
649.0611996743895,329,168,14,223,251,131,162,102,163,reverse,fuzzy
649.560593074681,545,133,17,167,65,231,67,55,19,reverse,fuzzy
649.5697277810531,260,87,69,206,230,138,53,142,250,reverse,fuzzy
649.5890776700968,316,81,62,240,112,191,143,45,144,reverse,fuzzy
649.6898958777051,329,47,138,48,246,190,56,133,5,reverse,fuzzy
650.1901498858431,545,174,62,150,211,211,249,5,68,reverse,fuzzy
650.2006530078247,260,56,205,12,104,137,213,103,240,reverse,fuzzy
650.22058809906,316,98,36,198,30,69,204,206,32,reverse,fuzzy
650.3202169865956,329,214,175,126,0,181,143,223,22,reverse,fuzzy
650.8203712772831,545,95,172,33,226,60,91,28,49,reverse,fuzzy
650.8312522850832,260,207,254,29,81,34,216,155,16,reverse,fuzzy
650.8519163401762,316,11,44,107,2,116,233,229,46,reverse,fuzzy
650.9528488431035,329,72,192,36,156,60,146,38,192,reverse,fuzzy
651.452228834202,545,253,137,13,132,206,5,251,170,reverse,fuzzy
651.4629132031064,260,131,237,123,182,66,67,108,178,reverse,fuzzy
651.4819361255478,316,252,10,191,140,2,114,36,91,reverse,fuzzy
651.5827834708737,329,238,13,170,8,45,12,25,34,reverse,fuzzy
652.0825697052152,545,219,24,31,83,111,208,46,212,reverse,fuzzy
652.0922997718719,260,103,113,78,204,3,241,52,22,reverse,fuzzy
652.111830497979,316,113,2,22,242,246,124,116,205,reverse,fuzzy
652.2120866467445,329,115,108,241,39,106,81,99,99,reverse,fuzzy
652.7126087248021,545,169,237,121,186,117,255,138,68,reverse,fuzzy
652.7220842612925,260,37,218,135,159,79,183,124,182,reverse,fuzzy
652.7426913211837,316,140,142,197,46,44,236,1,149,reverse,fuzzy
652.8426403118943,329,169,85,249,153,75,163,28,98,reverse,fuzzy
653.3424015518372,545,178,80,151,127,114,174,241,84,reverse,fuzzy
653.3532063818843,260,110,115,255,198,57,117,154,195,reverse,fuzzy
653.3724279504315,316,179,115,194,171,254,146,238,46,reverse,fuzzy
653.4733293314364,329,42,52,136,186,212,183,213,89,reverse,fuzzy
653.9725921548801,545,7,212,163,4,91,255,113,78,reverse,fuzzy
653.982489733597,260,6,201,164,66,10,214,20,182,reverse,fuzzy
654.002899008908,316,67,223,79,76,79,26,97,254,reverse,fuzzy
654.1031710983079,329,223,179,71,39,35,232,107,57,reverse,fuzzy
654.6027506045555,545,28,205,101,180,82,139,59,252,reverse,fuzzy
654.6124603700432,260,11,145,198,196,220,66,243,106,reverse,fuzzy
654.6332491675983,316,5,77,228,234,63,117,39,25,reverse,fuzzy
654.7331802416586,329,123,152,100,149,123,221,0,199,reverse,fuzzy
655.2336524580819,545,178,133,164,75,200,9,167,213,reverse,fuzzy
655.2435461606603,260,191,84,33,105,247,204,249,169,reverse,fuzzy
655.2643210134402,316,234,55,167,59,182,72,245,167,reverse,fuzzy
655.3640233591216,329,157,231,162,52,110,102,91,189,reverse,fuzzy
655.863057444098,545,118,192,93,169,225,62,75,76,reverse,fuzzy
655.873137943544,260,213,51,110,181,123,195,142,145,reverse,fuzzy
655.8914581898257,316,106,95,25,53,57,104,35,86,reverse,fuzzy
655.991868207612,329,177,246,154,98,31,47,96,140,reverse,fuzzy
656.4920867714668,545,225,80,68,24,142,159,85,44,reverse,fuzzy
656.5011119628476,260,241,178,55,241,46,162,61,235,reverse,fuzzy
656.5213710051393,316,227,98,98,160,124,0,104,139,reverse,fuzzy
656.620589009431,329,172,14,231,127,7,219,77,179,reverse,fuzzy
657.1198279046603,545,2,37,39,136,16,170,237,254,reverse,fuzzy
657.1297062210097,260,161,159,227,96,98,124,80,237,reverse,fuzzy
657.1494778050317,316,255,159,183,4,48,226,205,123,reverse,fuzzy
657.2503987553456,329,140,164,231,202,118,80,194,209,reverse,fuzzy
657.7511258060285,545,57,153,156,236,245,186,183,111,reverse,fuzzy
657.7613982357304,260,188,56,26,192,170,180,55,31,reverse,fuzzy
657.7806576263511,316,239,79,193,84,123,7,193,250,reverse,fuzzy
657.880119535564,329,34,156,121,179,55,227,154,115,reverse,fuzzy
658.3807956084004,545,248,69,54,100,82,164,76,5,reverse,fuzzy
658.3898824262228,260,194,71,146,132,97,197,114,4,reverse,fuzzy
658.408897306466,316,47,199,220,16,67,173,248,46,reverse,fuzzy
658.5083300628673,329,130,159,49,86,66,98,159,220,reverse,fuzzy
659.0092596325417,545,206,86,217,17,7,22,28,88,reverse,fuzzy
659.018818097547,260,254,94,177,240,162,140,34,178,reverse,fuzzy
659.0379432490247,316,153,160,48,223,30,78,143,233,reverse,fuzzy
659.1370971327667,329,196,87,42,110,240,241,33,138,reverse,fuzzy
659.6372019016517,545,167,181,121,135,210,14,199,108,reverse,fuzzy
659.6478134404371,260,214,213,76,73,8,240,217,120,reverse,fuzzy
659.668077972974,316,165,133,251,19,187,67,61,247,reverse,fuzzy
659.7688461513671,329,14,253,96,186,242,126,98,14,reverse,fuzzy
660.2688273542938,545,221,78,2,51,181,66,63,31,reverse,fuzzy
660.2797639854768,260,224,146,161,36,150,236,49,148,reverse,fuzzy
660.2988401134351,316,34,146,250,49,102,179,14,9,reverse,fuzzy
660.3993667761542,329,139,186,149,169,111,176,206,91,reverse,fuzzy
660.8986125203216,545,97,115,22,185,113,37,108,56,reverse,fuzzy
660.9078227746439,260,88,183,227,123,244,86,9,199,reverse,fuzzy
660.927271082739,316,163,161,254,124,255,151,109,26,reverse,fuzzy
661.0268707930217,329,67,126,14,142,189,240,1,80,reverse,fuzzy
661.5259450175981,545,135,68,138,77,233,94,204,39,reverse,fuzzy
661.5363115698867,260,208,153,133,24,141,236,174,142,reverse,fuzzy
661.5568549533076,316,87,146,159,243,175,209,100,119,reverse,fuzzy
661.6570728153087,329,175,237,38,215,178,50,124,148,reverse,fuzzy
662.1565713053601,545,28,9,230,239,181,173,215,10,reverse,fuzzy
662.1658525330175,260,19,249,246,192,63,179,92,10,reverse,fuzzy
662.1867167611247,316,167,190,206,107,145,254,119,161,reverse,fuzzy
662.2872401798278,329,230,93,122,199,152,144,85,157,reverse,fuzzy
662.7868580441838,545,228,216,78,93,78,252,48,154,reverse,fuzzy
662.7975648273457,260,209,128,98,63,38,115,138,104,reverse,fuzzy
662.8173837536613,316,42,132,50,205,144,49,140,216,reverse,fuzzy
662.9181307078802,329,156,137,10,158,102,112,199,184,reverse,fuzzy
663.4172853778409,545,11,27,95,244,36,212,84,3,reverse,fuzzy
663.4277861007128,260,25,53,14,10,49,204,74,190,reverse,fuzzy
663.4474268315313,316,71,102,45,61,146,240,83,160,reverse,fuzzy
663.5471706479321,329,73,84,78,24,233,236,4,201,reverse,fuzzy
664.0463017399203,545,119,91,105,140,192,33,79,142,reverse,fuzzy
664.0556407271798,260,140,41,175,92,112,49,97,184,reverse,fuzzy
664.0761457663591,316,160,30,11,104,33,118,64,27,reverse,fuzzy
664.1759092321195,329,147,5,24,11,150,1,241,81,reverse,fuzzy
664.6751901223855,545,45,108,89,122,194,92,170,58,reverse,fuzzy
664.6856912704573,260,95,246,41,41,131,28,134,213,reverse,fuzzy
664.7061586080953,316,166,61,14,206,89,236,90,31,reverse,fuzzy
664.8053968185715,329,64,232,180,51,150,193,23,29,reverse,fuzzy
665.3049512715452,545,42,5,219,56,251,109,189,224,reverse,fuzzy
665.3146175093865,260,150,25,89,226,13,218,162,33,reverse,fuzzy
665.3341345291772,316,195,82,229,247,91,110,211,210,reverse,fuzzy
665.4334028498132,329,5,199,190,171,226,238,47,36,reverse,fuzzy
665.9334286398919,545,68,204,163,144,16,222,72,98,reverse,fuzzy
665.9431877741285,260,22,50,36,244,137,134,154,64,reverse,fuzzy
665.9626417926091,316,211,10,54,237,190,218,7,214,reverse,fuzzy
666.0636532893523,329,23,144,145,125,137,192,34,161,reverse,fuzzy
666.5646372167656,545,9,154,43,204,169,163,6,254,reverse,fuzzy
666.57449138438,260,125,250,178,126,10,240,217,23,reverse,fuzzy
666.5941370950989,316,213,238,112,112,77,188,191,86,reverse,fuzzy
666.6943039475708,329,74,53,252,51,242,31,182,94,reverse,fuzzy
667.1947868882341,545,113,85,31,69,210,98,76,62,reverse,fuzzy
667.2044772505599,260,137,17,216,12,165,94,252,130,reverse,fuzzy
667.2238261807913,316,209,217,133,43,64,205,191,25,reverse,fuzzy
667.3239217146033,329,164,224,105,96,9,166,56,112,reverse,fuzzy
667.8236406933781,545,57,12,5,166,248,97,163,84,reverse,fuzzy
667.8334175298577,260,27,85,23,154,89,145,240,126,reverse,fuzzy
667.854416183318,316,167,95,20,206,118,237,22,122,reverse,fuzzy
667.9542616753165,329,27,180,30,191,8,33,79,252,reverse,fuzzy
668.454025577353,545,84,98,155,63,194,225,215,31,reverse,fuzzy
668.4632813501009,260,202,64,65,196,243,141,169,79,reverse,fuzzy
668.4839299330289,316,146,82,185,177,186,110,51,1,reverse,fuzzy
668.5845594424001,329,139,17,232,249,239,141,167,224,reverse,fuzzy
669.0854797161213,545,25,169,54,249,170,44,75,231,reverse,fuzzy
669.0954546543763,260,1,215,137,72,10,74,23,235,reverse,fuzzy
669.1144627773273,316,94,187,120,140,46,115,95,232,reverse,fuzzy
669.2148764533413,329,236,42,17,119,119,161,17,77,reverse,fuzzy
669.7153920101689,545,10,65,125,203,97,251,101,209,reverse,fuzzy
669.7262088619093,260,112,246,82,215,143,66,219,64,reverse,fuzzy
669.7467895995505,316,170,43,73,51,121,97,217,238,reverse,fuzzy
669.8471980901468,329,220,194,22,245,130,34,67,248,reverse,fuzzy
670.347719875962,545,229,142,253,116,70,56,241,166,reverse,fuzzy
670.3580914249505,260,120,155,42,108,178,9,59,123,reverse,fuzzy
670.3783683655315,316,56,119,173,208,17,117,233,195,reverse,fuzzy
670.4785254813698,329,245,179,139,251,148,117,26,80,reverse,fuzzy
670.9794427817749,545,67,41,232,13,228,166,196,163,reverse,fuzzy
670.9898577680611,260,167,27,20,202,210,41,18,119,reverse,fuzzy
671.0094422134207,316,233,60,237,253,157,212,79,13,reverse,fuzzy
671.1102732523581,329,207,149,63,211,20,48,121,18,reverse,fuzzy
671.6102054054045,545,180,114,173,76,34,119,141,168,reverse,fuzzy
671.6205684165603,260,185,108,85,0,175,207,68,60,reverse,fuzzy
671.640713291222,316,145,250,173,94,134,82,208,46,reverse,fuzzy
671.7416327912481,329,234,63,245,86,176,213,175,142,reverse,fuzzy
672.2408172936179,545,96,120,87,6,58,230,104,12,reverse,fuzzy
672.250911141055,260,18,245,98,47,1,97,63,233,reverse,fuzzy
672.2706354355378,316,127,95,243,235,155,212,203,17,reverse,fuzzy
672.3709200419828,329,219,212,176,185,40,183,230,49,reverse,fuzzy
672.8701068601513,545,106,159,114,81,40,193,166,212,reverse,fuzzy
672.880237519779,260,64,30,172,55,194,88,8,148,reverse,fuzzy
672.9000252970902,316,89,165,144,72,44,206,198,29,reverse,fuzzy
673.0006208510616,329,39,2,80,248,226,173,60,24,reverse,fuzzy
673.5012404852189,545,192,209,138,186,23,186,202,215,reverse,fuzzy
673.510585697414,260,76,126,33,207,14,76,98,100,reverse,fuzzy
673.5300628562502,316,181,242,169,213,64,137,74,46,reverse,fuzzy
673.6304866905159,329,67,202,59,146,116,143,182,232,reverse,fuzzy
674.1296683018952,545,108,129,122,173,207,17,143,157,reverse,fuzzy
674.1389661169222,260,228,120,234,146,212,191,167,39,reverse,fuzzy
674.1581477811873,316,169,34,64,190,166,59,206,184,reverse,fuzzy
674.2587765979309,329,170,92,16,201,141,92,222,49,reverse,fuzzy
674.759080993015,545,5,7,145,21,159,144,35,19,reverse,fuzzy
674.7683835151714,260,97,190,82,172,244,35,213,173,reverse,fuzzy
674.7881950719963,316,127,53,215,36,76,206,39,66,reverse,fuzzy
674.8872683401386,329,44,45,2,140,96,221,245,43,reverse,fuzzy
675.3868090954398,545,221,54,116,19,61,48,254,58,reverse,fuzzy
675.3969248615397,260,131,35,120,108,239,83,48,75,reverse,fuzzy
675.4159676797642,316,173,23,207,145,189,182,233,11,reverse,fuzzy
675.5154652153495,329,171,146,139,125,11,24,195,156,reverse,fuzzy
676.015845197723,545,105,28,61,74,180,132,185,219,reverse,fuzzy
676.0267930102289,260,84,25,52,70,107,78,248,127,reverse,fuzzy
676.0460440085125,316,36,86,79,200,38,205,220,79,reverse,fuzzy
676.1455983212097,329,110,107,244,24,205,6,26,76,reverse,fuzzy
676.6464205956012,545,19,14,30,124,36,146,57,228,reverse,fuzzy
676.6572371484976,260,15,234,29,59,252,157,93,59,reverse,fuzzy
676.6774287367441,316,6,0,101,252,244,23,249,141,reverse,fuzzy
676.7767808573604,329,61,248,107,149,203,219,131,216,reverse,fuzzy
677.2769089192027,545,140,236,230,223,208,80,195,81,reverse,fuzzy
677.2877371619545,260,126,154,64,223,247,107,29,242,reverse,fuzzy
677.3074716220042,316,245,22,74,110,96,156,112,74,reverse,fuzzy
677.4073674287458,329,247,160,186,41,67,140,76,166,reverse,fuzzy
677.9074312498884,545,160,211,9,105,229,42,153,237,reverse,fuzzy
677.9170845807029,260,81,148,228,116,12,9,255,252,reverse,fuzzy
677.9374626613092,316,140,41,143,178,206,169,175,221,reverse,fuzzy
678.0369008675042,329,114,21,243,95,230,30,85,95,reverse,fuzzy
678.5360526661375,545,122,15,135,247,217,139,115,207,reverse,fuzzy
678.5461168578933,260,134,31,91,249,119,18,16,140,reverse,fuzzy
678.5652225013966,316,144,243,121,192,130,85,103,112,reverse,fuzzy
678.6648071600091,329,132,153,170,51,32,167,79,237,reverse,fuzzy
679.1638680930376,545,24,36,234,73,169,17,60,254,reverse,fuzzy
679.1730940742067,260,232,251,223,123,182,222,201,1,reverse,fuzzy
679.1940437827835,316,245,52,142,112,65,197,149,185,reverse,fuzzy
679.2932024875905,329,150,246,109,53,113,129,186,46,reverse,fuzzy
679.7929727005483,545,160,254,238,116,39,45,30,127,reverse,fuzzy
679.8036309892267,260,186,176,112,26,142,70,181,111,reverse,fuzzy
679.8246208145703,316,228,189,239,169,172,148,106,23,reverse,fuzzy
679.9253484468582,329,239,159,227,190,219,70,14,159,reverse,fuzzy
680.4244761278865,545,99,17,52,111,82,210,171,253,reverse,fuzzy
680.4338702113291,260,187,206,177,102,13,30,110,106,reverse,fuzzy
680.4548477603892,316,82,69,3,75,53,157,66,3,reverse,fuzzy
680.5543336158079,329,225,154,39,97,192,254,59,124,reverse,fuzzy
681.0549300448878,545,252,37,131,175,9,241,216,143,reverse,fuzzy
681.064798316501,260,219,79,174,7,180,79,153,177,reverse,fuzzy
681.0850882857796,316,168,210,143,209,9,158,7,43,reverse,fuzzy
681.1850858555375,329,242,155,70,242,190,13,204,96,reverse,fuzzy
681.6851229722013,545,251,29,126,234,35,53,230,12,reverse,fuzzy
681.6954336903522,260,44,41,39,195,44,140,230,159,reverse,fuzzy
681.715465423441,316,228,125,142,23,100,231,223,41,reverse,fuzzy
681.8148295757127,329,42,126,173,203,196,56,250,9,reverse,fuzzy
682.3138958604466,545,216,233,218,49,5,227,0,95,reverse,fuzzy
682.3238326439104,260,136,1,189,197,163,111,144,241,reverse,fuzzy
682.3436677505898,316,120,107,205,25,6,73,144,107,reverse,fuzzy
682.4427850709634,329,25,164,217,64,79,94,105,25,reverse,fuzzy
682.9436830589456,545,204,112,64,153,154,66,212,88,reverse,fuzzy
682.9543114509287,260,49,255,52,83,49,66,132,46,reverse,fuzzy
682.9753105698321,316,96,198,115,134,8,170,2,82,reverse,fuzzy
683.0744942502764,329,0,188,170,75,23,122,247,97,reverse,fuzzy
683.5754687820378,545,88,15,248,130,166,104,75,101,reverse,fuzzy
683.584572237288,260,24,214,230,91,110,238,116,249,reverse,fuzzy
683.6035755390064,316,77,136,129,204,206,86,3,132,reverse,fuzzy
683.7032793780802,329,18,220,137,67,42,103,45,220,reverse,fuzzy
684.2028140657837,545,134,61,11,237,11,173,244,21,reverse,fuzzy
684.2129193220522,260,17,78,96,50,102,235,218,101,reverse,fuzzy
684.2338259914618,316,88,101,112,50,235,38,59,1,reverse,fuzzy
684.3344241461834,329,58,85,56,254,226,46,225,216,reverse,fuzzy
684.8338460891831,545,137,181,32,13,244,147,37,139,reverse,fuzzy
684.8429290049278,260,210,16,50,53,128,204,136,191,reverse,fuzzy
684.8622474049848,316,21,139,107,203,212,235,145,245,reverse,fuzzy
684.9618243101385,329,80,128,188,122,200,201,116,108,reverse,fuzzy
685.4610105295295,545,237,85,171,46,45,124,162,238,reverse,fuzzy
685.4710694434451,260,179,67,106,240,182,82,155,99,reverse,fuzzy
685.4911954665707,316,144,215,103,84,126,10,155,254,reverse,fuzzy
685.5904809124883,329,121,6,226,242,115,57,68,171,reverse,fuzzy
686.090220468806,545,115,111,8,31,56,99,54,35,reverse,fuzzy
686.0995663522698,260,75,214,173,60,3,217,163,12,reverse,fuzzy
686.1193330762752,316,5,157,158,91,207,183,76,179,reverse,fuzzy
686.2186956342296,329,81,228,240,253,179,94,78,180,reverse,fuzzy
686.7193240897069,545,106,79,226,192,73,137,160,119,reverse,fuzzy
686.7308429765435,260,109,94,6,98,69,218,205,163,reverse,fuzzy
686.7513733878218,316,111,158,58,169,168,203,142,253,reverse,fuzzy
686.852338923355,329,242,100,47,182,249,24,135,82,reverse,fuzzy
687.3529137540471,545,145,38,85,173,233,8,30,108,reverse,fuzzy
687.3627618557655,260,199,89,4,231,117,81,94,120,reverse,fuzzy
687.3830524330665,316,200,33,224,59,230,210,8,232,reverse,fuzzy
687.4832776763033,329,154,19,214,254,58,253,49,108,reverse,fuzzy
687.9829122266357,545,124,57,41,96,44,28,165,249,reverse,fuzzy
687.9935147182644,260,23,100,99,111,93,177,11,74,reverse,fuzzy
688.0128482781322,316,81,224,81,213,166,241,147,80,reverse,fuzzy
688.1125488729388,329,137,241,71,98,185,176,71,25,reverse,fuzzy
688.6132560963532,545,180,178,101,100,229,230,62,8,reverse,fuzzy
688.6226930181754,260,112,189,44,64,6,65,51,238,reverse,fuzzy
688.6420079625128,316,104,16,250,186,3,145,97,130,reverse,fuzzy
688.7428073137895,329,127,140,187,138,252,188,91,150,reverse,fuzzy
689.2429247945806,545,225,47,185,26,43,8,225,37,reverse,fuzzy
689.2526291358647,260,150,220,15,215,173,145,159,109,reverse,fuzzy
689.2733825100172,316,47,150,92,32,205,98,72,169,reverse,fuzzy
689.3742528823782,329,157,175,2,94,189,54,248,189,reverse,fuzzy
689.8750439566383,545,71,16,190,128,123,149,197,106,reverse,fuzzy
689.8846145149038,260,11,176,109,150,118,7,97,126,reverse,fuzzy
689.9052765416305,316,39,31,246,233,49,93,247,98,reverse,fuzzy
690.0059952734426,329,243,97,22,33,154,64,152,64,reverse,fuzzy
690.5050809368597,545,1,43,154,158,82,27,87,43,reverse,fuzzy
690.5149305947192,260,17,226,124,236,9,11,197,124,reverse,fuzzy
690.5342493731673,316,118,70,98,231,55,14,220,47,reverse,fuzzy
690.6344478526573,329,112,166,115,180,108,24,59,112,reverse,fuzzy
691.13392795441,545,134,182,177,223,44,13,57,89,reverse,fuzzy
691.1446181880699,260,240,153,228,69,194,19,86,100,reverse,fuzzy
691.1640846060753,316,16,40,232,10,186,44,104,136,reverse,fuzzy
691.2634392810841,329,18,74,208,21,245,188,107,129,reverse,fuzzy
691.7637823409231,545,167,56,166,212,106,32,216,49,reverse,fuzzy
691.7738287613939,260,94,92,127,210,26,137,224,166,reverse,fuzzy
691.7944675127578,316,2,252,99,138,123,198,37,216,reverse,fuzzy
691.894074596724,329,64,111,166,173,51,42,134,164,reverse,fuzzy
692.3945317852643,545,236,140,111,161,184,51,122,251,reverse,fuzzy
692.4035610960481,260,148,5,104,111,51,165,144,111,reverse,fuzzy
692.4233748960243,316,168,153,66,104,176,81,70,127,reverse,fuzzy
692.5224302756563,329,82,150,127,107,39,40,72,172,reverse,fuzzy
693.0230918747906,545,222,190,20,212,199,23,150,152,reverse,fuzzy
693.0329694986484,260,116,109,79,18,45,136,44,197,reverse,fuzzy
693.0519712695148,316,14,6,201,62,126,196,38,198,reverse,fuzzy
693.1515178948598,329,255,249,73,166,59,216,21,156,reverse,fuzzy
693.6524658881968,545,128,111,127,230,85,183,29,200,reverse,fuzzy
693.6619494358766,260,232,90,168,69,242,13,237,12,reverse,fuzzy
693.6813452547691,316,12,251,211,69,63,56,230,117,reverse,fuzzy
693.7814512964467,329,17,37,150,251,181,132,124,149,reverse,fuzzy
694.2818565511458,545,38,29,132,222,106,142,177,46,reverse,fuzzy
694.2911733281393,260,57,171,152,107,99,222,248,211,reverse,fuzzy
694.3113826181856,316,113,60,238,108,2,216,57,172,reverse,fuzzy
694.4118017451938,329,54,18,89,253,158,187,138,36,reverse,fuzzy
694.9124070603339,545,180,241,232,228,84,4,136,116,reverse,fuzzy
694.9225223983856,260,235,119,252,38,165,196,150,151,reverse,fuzzy
694.9434761613666,316,251,5,161,241,76,158,2,235,reverse,fuzzy
695.0443432470424,329,31,123,43,151,49,250,109,199,reverse,fuzzy
695.5450918901511,545,97,181,14,56,68,160,249,131,reverse,fuzzy
695.5550431789495,260,79,91,179,113,16,63,219,173,reverse,fuzzy
695.5749708268041,316,238,177,235,54,254,125,201,68,reverse,fuzzy
695.6747409407885,329,90,79,81,227,58,104,44,157,reverse,fuzzy
696.1753915191772,545,26,21,175,209,104,208,167,252,reverse,fuzzy
696.1857387298382,260,17,210,163,91,2,248,125,203,reverse,fuzzy
696.2058415687051,316,135,192,65,123,37,115,72,110,reverse,fuzzy
696.3063817801351,329,115,124,6,55,161,133,13,169,reverse,fuzzy
696.8069282723114,545,211,1,103,59,224,132,242,81,reverse,fuzzy
696.816599018419,260,208,250,243,237,15,69,124,60,reverse,fuzzy
696.8374133460997,316,112,176,245,54,139,147,189,164,reverse,fuzzy
696.9381038535463,329,191,223,51,249,188,131,234,100,reverse,fuzzy
697.4374279157986,545,88,167,118,146,105,157,244,66,reverse,fuzzy
697.4470025200812,260,82,91,101,37,249,205,210,52,reverse,fuzzy
697.4662218492753,316,226,200,64,251,48,200,18,234,reverse,fuzzy
697.5658986037498,329,159,230,4,250,20,163,15,43,reverse,fuzzy
698.0660607299778,545,53,131,154,105,215,228,208,23,reverse,fuzzy
698.0766253236991,260,88,86,140,75,239,153,142,7,reverse,fuzzy
698.0973182427351,316,223,10,216,156,246,218,200,58,reverse,fuzzy
698.1974990038165,329,173,42,248,35,202,29,234,88,reverse,fuzzy
698.6972390141516,545,192,247,231,189,202,87,24,117,reverse,fuzzy
698.7063865813375,260,22,42,105,204,225,82,83,232,reverse,fuzzy
698.7257575628096,316,183,183,131,61,251,72,218,159,reverse,fuzzy
698.8256489246872,329,160,62,252,17,27,182,175,221,reverse,fuzzy
699.3263232775959,545,135,152,53,193,155,229,111,12,reverse,fuzzy
699.3366174697506,260,0,198,200,156,85,113,90,48,reverse,fuzzy
699.3568346323341,316,180,153,176,239,223,150,205,11,reverse,fuzzy
699.4560646918312,329,163,144,253,76,133,103,11,113,reverse,fuzzy
699.9557943148128,545,4,247,101,177,149,95,72,94,reverse,fuzzy
699.9649637818401,260,151,231,7,116,139,19,27,226,reverse,fuzzy
699.984077765947,316,216,148,35,220,33,147,125,195,reverse,fuzzy
700.0838718413858,329,110,131,202,42,21,250,91,94,reverse,fuzzy
700.5836030207947,545,79,40,71,172,208,161,195,72,reverse,fuzzy
700.5938684929505,260,181,167,129,116,247,188,182,195,reverse,fuzzy
700.6132752104304,316,129,227,85,188,195,88,110,88,reverse,fuzzy
700.7140730850867,329,119,6,14,58,190,60,85,218,reverse,fuzzy
701.2136415504477,545,198,166,53,100,191,174,86,84,reverse,fuzzy
701.2236639212873,260,194,26,112,185,8,134,142,96,reverse,fuzzy
701.2429310550156,316,152,8,140,16,210,120,147,15,reverse,fuzzy
701.3435890647601,329,39,33,209,151,40,170,180,115,reverse,fuzzy
701.8431348612036,545,103,56,48,23,187,15,63,254,reverse,fuzzy
701.8528638016735,260,24,206,108,244,208,27,182,224,reverse,fuzzy
701.8721674128932,316,246,140,11,74,87,61,37,216,reverse,fuzzy
701.9716223835534,329,109,246,31,74,244,204,6,95,reverse,fuzzy
702.47251837712,545,82,25,127,37,82,69,132,235,reverse,fuzzy
702.4823080491497,260,231,251,173,47,147,245,195,239,reverse,fuzzy
702.5020603296176,316,167,54,43,2,208,34,10,2,reverse,fuzzy
702.6028849478248,329,226,81,152,140,211,65,65,13,reverse,fuzzy
703.1032683134404,545,179,220,94,152,211,84,93,211,reverse,fuzzy
703.1127240098958,260,97,190,77,53,108,116,177,213,reverse,fuzzy
703.1334846571298,316,200,191,181,161,206,198,196,0,reverse,fuzzy
703.234441899795,329,75,127,89,105,167,96,24,203,reverse,fuzzy
703.7348528046748,545,64,79,75,161,37,191,64,213,reverse,fuzzy
703.7449001168214,260,174,200,162,225,105,34,147,207,reverse,fuzzy
703.7644048575695,316,158,255,251,253,235,211,46,227,reverse,fuzzy
703.8651278168047,329,247,173,15,163,223,44,240,58,reverse,fuzzy
704.3655040691141,545,195,235,65,17,34,93,167,94,reverse,fuzzy
704.3760709914502,260,87,174,176,24,250,106,42,133,reverse,fuzzy
704.3967261508601,316,232,38,134,43,95,1,167,176,reverse,fuzzy
704.4959388005068,329,10,11,85,122,200,11,12,207,reverse,fuzzy
704.9960577483066,545,52,116,130,57,234,31,120,30,reverse,fuzzy
705.0057447755964,260,109,32,224,222,71,129,17,49,reverse,fuzzy
705.0267234349154,316,53,168,89,147,245,200,175,136,reverse,fuzzy
705.1261108948106,329,98,152,185,183,174,202,5,52,reverse,fuzzy
705.6257203593018,545,35,222,27,233,186,225,83,59,reverse,fuzzy
705.6348847774473,260,33,1,21,91,245,248,177,128,reverse,fuzzy
705.6546255580216,316,156,169,3,248,198,160,35,12,reverse,fuzzy
705.7550965850996,329,184,81,30,84,146,232,185,250,reverse,fuzzy
706.2558537820335,545,106,85,193,21,248,156,91,21,reverse,fuzzy
706.2648787759067,260,229,187,118,246,147,129,204,102,reverse,fuzzy
706.28494045567,316,117,37,161,160,36,148,186,131,reverse,fuzzy
706.3850555682496,329,140,92,27,166,4,218,150,152,reverse,fuzzy
706.8849911704674,545,111,201,241,138,121,5,57,76,reverse,fuzzy
706.8943201311542,260,184,233,18,193,180,47,215,123,reverse,fuzzy
706.9152617071262,316,9,169,216,203,124,241,28,88,reverse,fuzzy
707.0159038985863,329,29,251,186,116,165,152,63,116,reverse,fuzzy
707.5161866028058,545,42,74,68,169,33,162,122,226,reverse,fuzzy
707.5258363422743,260,166,238,3,181,44,150,33,171,reverse,fuzzy
707.5448899442779,316,45,114,220,220,131,87,39,206,reverse,fuzzy
707.6458321532156,329,148,246,241,77,195,230,224,4,reverse,fuzzy
708.1454291106926,545,52,214,22,6,66,231,22,216,reverse,fuzzy
708.1557026335661,260,107,111,78,187,39,94,75,134,reverse,fuzzy
708.1747067088254,316,94,154,163,86,72,140,197,36,reverse,fuzzy
708.2742065448704,329,105,215,181,133,198,109,180,203,reverse,fuzzy
708.7740778010003,545,200,166,33,95,39,91,111,245,reverse,fuzzy
708.7845294257246,260,94,28,61,29,145,179,172,156,reverse,fuzzy
708.8053430180037,316,204,153,217,56,241,232,233,32,reverse,fuzzy
708.9056242014017,329,47,63,102,15,137,41,108,183,reverse,fuzzy
709.4057781870569,545,57,60,106,82,30,123,48,20,reverse,fuzzy
709.4142535290955,260,132,158,163,247,27,114,7,232,reverse,fuzzy
709.4334822318516,316,192,112,28,33,144,233,212,165,reverse,fuzzy
709.5330707120875,329,4,86,175,161,42,106,39,40,reverse,fuzzy
710.0334916165499,545,243,187,149,173,203,249,190,153,reverse,fuzzy
710.0427647191506,260,38,91,141,1,239,150,61,166,reverse,fuzzy
710.0631226362397,316,156,52,217,153,126,130,203,215,reverse,fuzzy
710.1621231374254,329,33,226,71,57,181,132,170,49,reverse,fuzzy
710.6629409729373,545,107,21,181,142,40,56,74,45,reverse,fuzzy
710.6726791354952,260,131,75,180,79,119,172,197,110,reverse,fuzzy
710.6917889441039,316,176,58,5,38,33,70,45,27,reverse,fuzzy
710.7910785752047,329,54,163,102,214,29,16,74,185,reverse,fuzzy
711.2915437667893,545,199,83,183,137,16,1,227,125,reverse,fuzzy
711.3023614622796,260,191,15,58,90,124,0,106,139,reverse,fuzzy
711.3223758341193,316,203,92,186,172,93,193,126,112,reverse,fuzzy
711.4233349815462,329,170,248,171,36,216,152,86,20,reverse,fuzzy
711.9226242113066,545,97,71,37,65,36,83,158,94,reverse,fuzzy
711.9324336521502,260,161,108,81,233,89,75,58,152,reverse,fuzzy
711.9515144362051,316,248,53,69,10,162,213,132,224,reverse,fuzzy
712.0518191159719,329,35,140,21,60,89,101,3,151,reverse,fuzzy
712.5527829888109,545,92,97,122,203,165,8,82,154,reverse,fuzzy
712.5622290909578,260,153,226,95,2,18,235,217,222,reverse,fuzzy
712.5815814399472,316,75,140,208,92,221,26,5,107,reverse,fuzzy
712.6813011296446,329,17,150,139,136,216,108,117,136,reverse,fuzzy
713.1813324788028,545,150,7,72,179,24,115,79,164,reverse,fuzzy
713.1903686437843,260,57,33,214,110,219,248,69,210,reverse,fuzzy
713.2101375466433,316,137,123,145,198,0,140,127,28,reverse,fuzzy
713.3100124977735,329,168,62,84,245,55,65,89,65,reverse,fuzzy
713.8099955848035,545,236,110,155,155,128,135,165,186,reverse,fuzzy
713.8200452191369,260,205,36,75,98,103,142,212,133,reverse,fuzzy
713.8395773974786,316,120,112,0,131,230,195,22,242,reverse,fuzzy
713.9392794287254,329,179,55,74,253,174,6,82,232,reverse,fuzzy
714.4383329991407,545,73,152,59,170,8,53,208,77,reverse,fuzzy
714.4479606379981,260,233,33,168,150,157,154,105,186,reverse,fuzzy
714.4673051075293,316,50,0,42,32,167,61,47,77,reverse,fuzzy
714.5681211468756,329,102,66,82,154,24,240,93,15,reverse,fuzzy
715.0678991233442,545,159,70,134,220,224,220,235,24,reverse,fuzzy
715.077047772526,260,167,65,0,208,179,204,52,46,reverse,fuzzy
715.0979073937599,316,178,240,140,134,67,113,149,154,reverse,fuzzy
715.1969526665533,329,101,206,144,236,207,211,147,151,reverse,fuzzy
715.6974460707199,545,236,7,153,121,244,92,255,182,reverse,fuzzy
715.7085850708056,260,108,169,45,42,15,153,103,173,reverse,fuzzy
715.728939955007,316,81,111,214,155,155,67,135,31,reverse,fuzzy
715.8291459105362,329,118,253,66,163,8,121,98,183,reverse,fuzzy
716.3287824814914,545,242,26,207,224,36,7,155,99,reverse,fuzzy
716.338767628463,260,96,71,82,187,79,102,75,190,reverse,fuzzy
716.3594388039563,316,53,189,197,142,191,168,255,39,reverse,fuzzy
716.4589637200935,329,26,175,161,96,87,113,51,50,reverse,fuzzy
716.958610082859,545,42,66,64,20,142,42,241,121,reverse,fuzzy
716.9679483742318,260,138,126,237,74,214,47,59,145,reverse,fuzzy
716.9886846620144,316,70,68,16,183,38,111,59,4,reverse,fuzzy
717.0893223531651,329,221,253,147,10,4,27,180,205,reverse,fuzzy
717.5891210712358,545,28,214,219,72,57,110,245,182,reverse,fuzzy
717.5984725465995,260,126,171,199,135,201,135,59,17,reverse,fuzzy
717.6181368600537,316,189,202,229,35,194,163,255,217,reverse,fuzzy
717.7172514942602,329,69,9,158,254,1,128,229,123,reverse,fuzzy
718.2175850897215,545,102,50,145,185,193,201,107,117,reverse,fuzzy
718.2266074304757,260,155,9,168,248,115,245,102,65,reverse,fuzzy
718.2468123672232,316,176,226,37,134,255,15,117,99,reverse,fuzzy
718.3471311634413,329,31,134,154,104,0,138,6,200,reverse,fuzzy
718.8468868276624,545,34,196,60,59,28,242,238,201,reverse,fuzzy
718.8566439497796,260,243,181,219,66,2,86,134,19,reverse,fuzzy
718.8768685461913,316,153,130,152,119,74,102,28,209,reverse,fuzzy
718.9762295864743,329,239,38,228,230,111,247,161,94,reverse,fuzzy
719.4759267925415,545,23,145,78,113,49,38,14,115,reverse,fuzzy
719.4863365556049,260,78,105,85,59,140,87,165,118,reverse,fuzzy
719.5067264448181,316,112,23,250,60,73,21,14,244,reverse,fuzzy
719.607431898484,329,148,78,76,132,107,205,100,214,reverse,fuzzy
720.106671825943,545,6,233,29,191,36,189,96,37,reverse,fuzzy
720.1169843880666,260,110,174,53,220,66,188,244,233,reverse,fuzzy
720.1360324497551,316,116,201,180,19,8,204,64,36,reverse,fuzzy
720.2368933175447,329,153,237,224,110,122,230,107,191,reverse,fuzzy
720.7369039127926,545,152,108,73,151,21,128,113,228,reverse,fuzzy
720.7472352145345,260,30,127,154,151,205,21,31,150,reverse,fuzzy
720.7665017257219,316,148,104,227,241,183,207,227,105,reverse,fuzzy
720.8655820337146,329,108,238,173,128,249,101,148,105,reverse,fuzzy
721.3654228431849,545,182,185,78,247,194,156,219,176,reverse,fuzzy
721.3749856582488,260,245,224,247,229,250,180,15,149,reverse,fuzzy
721.3942422614946,316,198,217,210,66,97,222,156,247,reverse,fuzzy
721.4933152778133,329,18,231,120,221,82,30,92,201,reverse,fuzzy
721.9942002393074,545,39,47,0,39,244,65,61,73,reverse,fuzzy
722.0046494960119,260,209,163,64,28,185,161,191,46,reverse,fuzzy
722.0250850911143,316,197,104,211,136,215,120,57,98,reverse,fuzzy
722.1254653505315,329,68,201,130,255,3,32,180,91,reverse,fuzzy
722.6254045610624,545,166,133,90,72,200,0,229,0,reverse,fuzzy
722.6358695058859,260,174,129,20,200,156,230,245,151,reverse,fuzzy
722.6552957855611,316,150,37,5,107,55,2,42,34,reverse,fuzzy
722.7547202880842,329,173,249,84,187,245,190,43,22,reverse,fuzzy
723.2539959753466,545,159,30,87,84,111,50,191,103,reverse,fuzzy
723.2638006309859,260,142,237,184,64,65,42,56,156,reverse,fuzzy
723.284011551222,316,38,119,120,218,203,184,40,190,reverse,fuzzy
723.3836200368373,329,126,27,36,206,209,7,147,248,reverse,fuzzy
723.8845658335836,545,255,75,69,162,208,116,136,68,reverse,fuzzy
723.8954337700688,260,48,192,16,171,194,84,58,55,reverse,fuzzy
723.9150809292211,316,142,112,58,94,244,192,161,252,reverse,fuzzy
724.0158843956093,329,239,119,99,176,202,107,176,25,reverse,fuzzy
724.5151492458319,545,116,122,56,156,246,231,99,159,reverse,fuzzy
724.5254066499721,260,204,26,76,99,163,235,244,154,reverse,fuzzy
724.544950917957,316,18,81,197,75,33,213,78,61,reverse,fuzzy
724.6442848026229,329,169,55,169,99,170,125,30,154,reverse,fuzzy
725.1436982521121,545,252,121,178,11,38,38,55,115,reverse,fuzzy
725.1537520737119,260,106,246,174,175,239,65,48,25,reverse,fuzzy
725.1734573490353,316,124,196,181,114,170,56,251,121,reverse,fuzzy
725.2731276828762,329,11,15,171,233,152,36,179,75,reverse,fuzzy
725.7733613471461,545,110,44,137,145,241,167,41,96,reverse,fuzzy
725.7838055264073,260,104,255,72,69,163,214,153,153,reverse,fuzzy
725.8032368887999,316,153,201,104,35,38,176,240,167,reverse,fuzzy
725.9035742658389,329,3,192,187,29,111,20,27,63,reverse,fuzzy
726.4036702339782,545,61,83,47,12,122,29,162,97,reverse,fuzzy
726.4140548780966,260,33,249,47,183,123,159,183,250,reverse,fuzzy
726.4342625205653,316,20,25,192,4,84,21,225,143,reverse,fuzzy
726.5339032503596,329,28,70,48,93,186,56,157,106,reverse,fuzzy
727.033063300874,545,19,52,87,3,32,137,84,146,reverse,fuzzy
727.0431119561712,260,134,116,236,125,197,180,183,17,reverse,fuzzy
727.0637259460736,316,211,0,78,60,209,97,112,41,reverse,fuzzy
727.1631122496988,329,54,199,71,40,21,116,39,36,reverse,fuzzy
727.6627127097721,545,102,163,7,54,49,146,222,3,reverse,fuzzy
727.6729899216567,260,241,74,36,160,187,118,108,236,reverse,fuzzy
727.6938949791436,316,208,202,59,142,117,58,36,28,reverse,fuzzy
727.7944779675962,329,89,204,242,36,153,174,252,131,reverse,fuzzy
728.294102597834,545,11,30,101,233,148,236,217,208,reverse,fuzzy
728.3034924936157,260,243,53,41,94,203,186,12,56,reverse,fuzzy
728.3225959038274,316,255,25,191,151,8,51,225,198,reverse,fuzzy
728.4216972704477,329,29,4,240,216,233,218,221,56,reverse,fuzzy
728.9217184286415,545,230,21,219,104,229,149,23,93,reverse,fuzzy
728.9320957732893,260,129,30,177,39,228,172,43,65,reverse,fuzzy
728.952504751923,316,245,61,150,73,102,53,251,16,reverse,fuzzy
729.0527460308949,329,33,72,143,126,210,249,224,203,reverse,fuzzy
729.5523906507976,545,107,73,40,104,103,70,190,67,reverse,fuzzy
729.5619760372696,260,227,155,165,135,235,34,27,237,reverse,fuzzy
729.5821545421215,316,154,20,7,119,129,167,157,62,reverse,fuzzy
729.6831024460076,329,146,120,236,54,223,185,203,165,reverse,fuzzy
730.1839659815738,545,56,242,52,178,177,66,202,116,reverse,fuzzy
730.1946329193522,260,56,55,251,86,246,27,115,166,reverse,fuzzy
730.2144316106196,316,245,39,132,86,65,140,172,222,reverse,fuzzy
730.3140687562368,329,211,155,44,47,38,192,162,177,reverse,fuzzy
730.8143129434811,545,129,165,232,116,118,147,141,135,reverse,fuzzy
730.8238874701194,260,90,176,45,253,240,179,38,208,reverse,fuzzy
730.8441724308364,316,253,177,253,137,52,234,215,122,reverse,fuzzy
730.9441426814674,329,159,255,75,35,192,176,72,109,reverse,fuzzy
731.4436458090279,545,89,93,4,18,4,197,237,57,reverse,fuzzy
731.4535935080743,260,241,81,27,22,151,68,190,138,reverse,fuzzy
731.4732356856667,316,170,215,85,149,130,134,129,133,reverse,fuzzy
731.5733253292241,329,187,194,130,18,167,211,43,236,reverse,fuzzy
732.0737556679796,545,240,205,167,146,119,108,145,171,reverse,fuzzy
732.08316263296,260,22,205,200,235,218,205,137,8,reverse,fuzzy
732.10257866909,316,129,92,71,7,76,59,217,77,reverse,fuzzy
732.2028034585916,329,28,202,111,111,93,238,133,179,reverse,fuzzy
732.7034010758845,545,100,12,110,217,65,203,43,242,reverse,fuzzy
732.7127430076035,260,251,4,185,212,154,184,178,181,reverse,fuzzy
732.7337377774063,316,29,189,149,142,161,198,25,239,reverse,fuzzy
732.8329960830661,329,144,84,62,169,195,45,123,57,reverse,fuzzy
733.331888557484,545,98,88,89,218,118,30,64,168,reverse,fuzzy
733.3419754669533,260,26,88,206,194,254,152,85,228,reverse,fuzzy
733.3623802903567,316,129,125,76,210,116,49,119,233,reverse,fuzzy
733.4622786138931,329,8,128,193,11,19,98,71,231,reverse,fuzzy
733.9621786653444,545,120,10,195,157,224,25,84,74,reverse,fuzzy
733.9713307098768,260,118,132,241,27,204,196,220,184,reverse,fuzzy
733.9906644618851,316,54,8,57,131,141,37,86,138,reverse,fuzzy
734.0899766077204,329,21,40,121,212,77,214,171,80,reverse,fuzzy
734.5891363058633,545,65,209,33,7,229,0,145,74,reverse,fuzzy
734.5988820533202,260,66,74,189,5,77,152,100,170,reverse,fuzzy
734.619162416022,316,80,209,77,194,94,171,238,99,reverse,fuzzy
734.7182898089567,329,23,19,250,123,61,198,229,128,reverse,fuzzy
735.2177015410554,545,121,14,34,172,239,153,37,183,reverse,fuzzy
735.2284842822098,260,167,5,19,3,172,250,183,95,reverse,fuzzy
735.2477167641061,316,104,195,164,88,121,146,216,218,reverse,fuzzy
735.3467741736166,329,136,223,11,46,225,132,75,137,reverse,fuzzy
735.8467226304342,545,48,110,90,153,185,186,129,251,reverse,fuzzy
735.8557427354742,260,119,148,198,36,13,161,19,90,reverse,fuzzy
735.8756475551339,316,93,43,35,153,140,14,220,182,reverse,fuzzy
735.976562017971,329,107,248,202,167,232,188,186,140,reverse,fuzzy
736.4763611485662,545,113,19,19,41,134,192,104,162,reverse,fuzzy
736.4855371611428,260,255,22,241,107,216,137,37,184,reverse,fuzzy
736.5061729819441,316,49,61,201,25,52,143,61,45,reverse,fuzzy
736.6052755496074,329,97,49,156,190,104,177,127,5,reverse,fuzzy
737.1044953203412,545,250,5,116,234,171,214,163,218,reverse,fuzzy
737.114861487477,260,171,40,17,137,80,131,38,60,reverse,fuzzy
737.1341838071713,316,48,187,17,143,96,87,228,213,reverse,fuzzy
737.2347816192505,329,7,24,63,129,48,54,252,98,reverse,fuzzy
737.7350752028455,545,20,245,62,114,38,172,154,187,reverse,fuzzy
737.7445772385075,260,122,94,1,36,180,155,16,252,reverse,fuzzy
737.7647539431168,316,209,25,203,245,175,130,102,236,reverse,fuzzy
737.8653725290118,329,200,20,127,181,171,43,98,197,reverse,fuzzy
738.3657525897335,545,175,57,90,2,217,70,91,84,reverse,fuzzy
738.3756038694634,260,219,155,230,62,19,236,253,90,reverse,fuzzy
738.395960923124,316,244,21,169,140,100,113,14,6,reverse,fuzzy
738.4964800399458,329,85,229,26,173,13,26,49,78,reverse,fuzzy
738.9955439540925,545,137,24,248,152,224,240,128,82,reverse,fuzzy
739.0077647642133,260,12,190,207,188,236,133,123,239,reverse,fuzzy
739.0269141859113,316,111,123,30,211,54,121,228,25,reverse,fuzzy
739.1274352983468,329,77,182,132,80,122,94,37,163,reverse,fuzzy
739.6271503332312,545,94,80,7,108,126,163,147,76,reverse,fuzzy
739.6361976298865,260,170,222,123,125,52,100,67,152,reverse,fuzzy
739.6559061205703,316,157,32,200,140,211,2,32,228,reverse,fuzzy
739.7563549132434,329,151,117,132,147,36,184,72,87,reverse,fuzzy
740.2555637898655,545,240,91,239,240,81,228,150,194,reverse,fuzzy
740.2652236938071,260,101,100,12,9,186,181,59,204,reverse,fuzzy
740.285114773446,316,181,243,95,247,38,250,14,152,reverse,fuzzy
740.3854587121778,329,227,14,211,61,250,48,214,140,reverse,fuzzy
740.8852352404454,545,169,15,173,23,55,103,1,232,reverse,fuzzy
740.8949102411387,260,90,186,98,159,207,33,140,171,reverse,fuzzy
740.915658837906,316,2,60,17,123,55,105,164,155,reverse,fuzzy
741.0154347208884,329,179,53,74,38,0,239,170,14,reverse,fuzzy
741.5159590458993,545,73,84,150,64,110,139,1,118,reverse,fuzzy
741.5255242100814,260,32,215,115,229,77,197,164,30,reverse,fuzzy
741.5452021963517,316,248,113,237,104,89,229,68,103,reverse,fuzzy
741.6445423452232,329,43,115,199,219,170,101,244,135,reverse,fuzzy
742.1447012045332,545,20,18,156,191,86,255,196,197,reverse,fuzzy
742.155016119071,260,238,104,227,182,49,55,62,70,reverse,fuzzy
742.175372957503,316,143,4,28,23,97,188,203,6,reverse,fuzzy
742.2762625688555,329,119,230,245,115,197,69,131,65,reverse,fuzzy
742.7756318121155,545,214,235,77,72,153,227,181,252,reverse,fuzzy
742.7850624367017,260,81,185,200,88,1,124,207,184,reverse,fuzzy
742.8044316861922,316,40,171,33,51,87,206,237,160,reverse,fuzzy
742.9037824453401,329,103,54,191,136,255,88,149,237,reverse,fuzzy
743.4041766940704,545,248,27,6,46,185,97,5,52,reverse,fuzzy
743.4136346417384,260,77,25,74,192,98,237,69,146,reverse,fuzzy
743.434072261125,316,21,67,102,111,201,245,150,116,reverse,fuzzy
743.533211837378,329,221,101,27,47,32,170,211,5,reverse,fuzzy
744.032525151373,545,117,217,228,242,91,206,239,157,reverse,fuzzy
744.0431783416324,260,210,247,244,21,145,34,68,123,reverse,fuzzy
744.0629644158943,316,225,50,218,66,207,46,207,176,reverse,fuzzy
744.1635894158806,329,133,20,235,236,16,81,21,47,reverse,fuzzy
744.6636526299502,545,108,236,93,197,199,53,79,100,reverse,fuzzy
744.672680227253,260,66,185,44,111,232,0,108,188,reverse,fuzzy
744.6932103211572,316,100,149,158,188,249,64,139,35,reverse,fuzzy
744.7932547682217,329,16,78,135,132,238,212,221,251,reverse,fuzzy
745.2930521507528,545,60,216,219,37,154,174,122,151,reverse,fuzzy
745.3026094074298,260,242,21,70,90,198,243,218,155,reverse,fuzzy
745.3222888725147,316,20,235,26,217,47,180,99,204,reverse,fuzzy
745.421768605371,329,242,236,186,131,128,233,145,250,reverse,fuzzy
745.9216261319352,545,151,113,45,174,110,31,121,72,reverse,fuzzy
745.9317296983038,260,152,252,120,162,78,211,26,160,reverse,fuzzy
745.9522587458733,316,111,199,224,236,7,175,76,46,reverse,fuzzy
746.0523817835651,329,239,86,219,109,134,65,46,168,reverse,fuzzy
746.5515567703154,545,203,0,56,144,154,248,96,180,reverse,fuzzy
746.5622833552724,260,42,222,52,33,16,35,177,63,reverse,fuzzy
746.5826796511956,316,42,194,178,168,67,204,38,42,reverse,fuzzy
746.6825519031955,329,230,31,212,167,13,70,236,155,reverse,fuzzy
747.1829550452431,545,23,59,86,212,128,172,28,211,reverse,fuzzy
747.1942853957278,260,86,183,112,70,16,96,25,29,reverse,fuzzy
747.2151358854875,316,236,210,81,7,247,61,221,72,reverse,fuzzy
747.3152566975709,329,239,189,60,103,204,227,190,200,reverse,fuzzy
747.8143203291949,545,100,97,5,162,141,107,179,253,reverse,fuzzy
747.8242232815151,260,86,226,171,174,195,40,238,119,reverse,fuzzy
747.8449940876174,316,41,247,231,72,217,207,226,39,reverse,fuzzy
747.9443905417637,329,21,16,35,97,129,205,152,99,reverse,fuzzy
748.4434051946039,545,113,142,250,89,15,49,187,66,reverse,fuzzy
748.4532106864407,260,52,110,47,84,161,215,130,88,reverse,fuzzy
748.473359858423,316,81,176,191,0,224,145,126,5,reverse,fuzzy
748.5725269122296,329,177,182,132,82,12,108,44,66,reverse,fuzzy
749.072660399799,545,89,111,196,125,247,190,73,103,reverse,fuzzy
749.0825251966144,260,223,57,239,130,130,26,78,173,reverse,fuzzy
749.1020203238938,316,133,169,161,136,109,79,2,240,reverse,fuzzy
749.2021553968885,329,121,249,236,234,153,65,178,204,reverse,fuzzy
749.7015555120574,545,88,8,65,194,178,252,191,178,reverse,fuzzy
749.7120152310184,260,90,250,68,229,185,15,89,119,reverse,fuzzy
749.7315734066989,316,216,254,47,115,33,50,148,7,reverse,fuzzy
749.8309133806496,329,181,172,40,116,26,237,59,47,reverse,fuzzy
750.3316589152075,545,221,253,99,14,16,49,144,128,reverse,fuzzy
750.3425274306999,260,128,181,84,5,85,181,239,196,reverse,fuzzy
750.3616135977321,316,151,219,230,114,117,83,1,83,reverse,fuzzy
750.4625660776653,329,223,135,185,48,186,50,26,230,reverse,fuzzy
750.9618830338843,545,141,235,154,94,202,93,189,24,reverse,fuzzy
750.9728252957067,260,59,12,95,59,133,10,204,120,reverse,fuzzy
750.992485558117,316,159,116,196,49,230,126,38,160,reverse,fuzzy
751.0918491322586,329,54,6,112,205,209,133,246,161,reverse,fuzzy
751.5913962101857,545,30,185,211,140,131,201,196,182,reverse,fuzzy
751.6008280662322,260,182,167,27,147,69,24,186,226,reverse,fuzzy
751.6217512454673,316,176,165,227,26,169,228,113,163,reverse,fuzzy
751.7222297540171,329,190,205,199,81,46,148,132,120,reverse,fuzzy
752.2231622205501,545,24,223,117,115,44,91,73,53,reverse,fuzzy
752.2333873516524,260,106,246,167,89,217,34,128,112,reverse,fuzzy
752.2539722239469,316,105,139,95,139,104,224,98,136,reverse,fuzzy
752.3544432418051,329,252,214,190,251,239,242,179,181,reverse,fuzzy
752.8552177498792,545,33,180,123,142,172,61,165,62,reverse,fuzzy
752.8653872889001,260,168,130,46,185,81,48,232,95,reverse,fuzzy
752.8844783661067,316,194,68,92,55,218,211,151,189,reverse,fuzzy
752.9840761427938,329,237,79,199,94,147,97,181,97,reverse,fuzzy
753.4834761912526,545,84,164,59,191,147,53,79,127,reverse,fuzzy
753.4934219190218,260,46,86,118,157,120,10,168,55,reverse,fuzzy
753.5136197695114,316,197,143,1,154,101,130,110,89,reverse,fuzzy
753.6141001976326,329,165,122,71,216,31,204,44,150,reverse,fuzzy
754.1150243536342,545,103,212,149,49,32,199,244,227,reverse,fuzzy
754.1242790473926,260,191,211,43,249,154,179,27,113,reverse,fuzzy
754.1447039887105,316,6,7,162,237,47,228,194,21,reverse,fuzzy
754.2456248975357,329,242,136,127,16,207,213,165,25,reverse,fuzzy
754.7461089068404,545,92,113,231,233,105,159,122,203,reverse,fuzzy
754.756446779416,260,202,166,162,217,137,44,97,23,reverse,fuzzy
754.7771276333035,316,73,174,157,181,75,74,119,94,reverse,fuzzy
754.87728075105,329,104,53,17,88,136,191,68,225,reverse,fuzzy
755.3780218288252,545,76,2,111,135,203,98,13,35,reverse,fuzzy
755.3886074379991,260,165,43,122,17,83,75,156,40,reverse,fuzzy
755.4092533394144,316,216,190,177,20,31,189,59,208,reverse,fuzzy
755.5093177792759,329,175,19,202,178,81,77,125,38,reverse,fuzzy
756.0090814080602,545,136,8,186,203,18,211,218,25,reverse,fuzzy
756.0182956884362,260,241,32,138,18,101,32,171,255,idle,fuzzy
756.0391746285447,316,15,128,188,28,178,158,131,65,idle,fuzzy
756.1386147908025,329,78,70,200,43,170,211,101,195,idle,fuzzy
756.6383623773736,545,81,189,234,185,92,189,46,163,idle,fuzzy
756.6480889444211,260,61,64,140,250,183,187,221,44,idle,fuzzy
756.6686517732898,316,37,185,42,143,176,39,138,211,idle,fuzzy
756.7695182539599,329,236,41,237,122,235,122,240,252,idle,fuzzy
757.2696422814123,545,13,237,63,37,169,120,12,254,idle,fuzzy
757.2801666968103,260,142,175,85,48,183,20,55,100,idle,fuzzy
757.3008334562047,316,182,187,183,247,204,248,119,236,idle,fuzzy
757.4015830713196,329,112,126,10,170,95,28,109,95,idle,fuzzy
757.9023777288012,545,200,132,32,10,56,147,201,38,idle,fuzzy
757.9133726467174,260,86,19,100,209,55,177,29,44,idle,fuzzy
757.934305593871,316,26,99,180,165,105,23,161,155,idle,fuzzy
758.0351213083649,329,190,11,194,133,185,186,76,159,idle,fuzzy
758.5342746030476,545,55,141,100,42,44,76,14,236,idle,fuzzy
758.5448827606773,260,24,28,168,129,209,176,227,54,idle,fuzzy
758.5647901146714,316,82,202,245,130,191,34,27,251,idle,fuzzy
758.6639794498038,329,131,66,6,154,52,182,101,198,idle,fuzzy
759.16371586554,545,66,210,165,26,167,124,114,153,idle,fuzzy
759.1739294526282,260,204,72,145,46,116,178,139,133,idle,fuzzy
759.1937684257474,316,76,22,135,78,7,117,90,60,idle,fuzzy
759.2941639397817,329,195,232,61,191,222,143,175,87,idle,fuzzy
759.794704645063,545,180,118,201,34,95,43,137,153,idle,fuzzy
759.8046061715083,260,67,95,226,210,62,84,168,155,idle,fuzzy
759.8242889083529,316,228,135,23,73,99,69,22,105,idle,fuzzy
759.9241711905366,329,195,147,246,149,135,236,150,62,idle,fuzzy
760.4246472953172,545,224,198,37,56,201,166,132,243,idle,fuzzy
760.4340320084829,260,49,86,182,138,60,161,230,225,idle,fuzzy
760.453532817295,316,78,48,220,153,26,137,81,85,idle,fuzzy
760.5527267368174,329,54,171,109,194,24,194,83,15,idle,fuzzy
761.0537115555169,545,207,89,111,255,101,49,24,75,idle,fuzzy
761.0641714713664,260,20,88,186,152,43,194,169,83,idle,fuzzy
761.0837252027324,316,162,220,38,23,92,145,17,196,idle,fuzzy
761.1832771973811,329,26,223,27,247,240,228,27,232,idle,fuzzy
761.6829901636687,545,116,48,59,86,142,211,64,35,idle,fuzzy
761.6936568070246,260,3,53,197,2,236,142,37,243,idle,fuzzy
761.7132562473688,316,93,162,202,129,60,7,54,18,idle,fuzzy
761.8137947783773,329,46,74,135,96,10,105,17,107,idle,fuzzy
762.3136415038215,545,203,31,34,25,36,234,21,254,idle,fuzzy
762.3237287401652,260,237,213,151,223,67,147,89,252,idle,fuzzy
762.3445672372314,316,89,190,138,130,192,193,212,204,idle,fuzzy
762.4451449228686,329,203,13,5,3,224,245,169,77,idle,fuzzy
762.9458953154543,545,166,137,74,47,10,165,49,197,idle,fuzzy
762.9567705422122,260,243,222,154,248,86,46,169,73,idle,fuzzy
762.9775860704434,316,250,138,241,253,9,132,107,176,idle,fuzzy
763.0779398724625,329,44,62,95,207,6,160,254,123,idle,fuzzy
763.5784290939396,545,9,192,60,204,61,107,8,236,idle,fuzzy
763.5892417297268,260,199,184,236,219,82,192,49,230,idle,fuzzy
763.6085910600705,316,79,6,74,75,31,230,170,67,idle,fuzzy
763.7088256209714,329,100,48,52,169,253,165,14,239,idle,fuzzy
764.2088836924862,545,147,108,108,193,148,172,96,111,idle,fuzzy
764.2182493229992,260,15,27,120,255,73,239,234,222,idle,fuzzy
764.2381141262396,316,94,43,95,187,191,44,87,49,idle,fuzzy
764.3386105979865,329,151,191,14,15,139,178,205,61,idle,fuzzy
764.8390338982691,545,54,47,28,243,34,204,19,13,idle,fuzzy
764.8488812074016,260,33,128,124,48,104,189,205,231,idle,fuzzy
764.8685673545426,316,212,200,119,212,7,53,180,236,idle,fuzzy
764.9677529087027,329,4,9,65,225,184,68,181,48,idle,fuzzy
765.4678723120315,545,112,227,18,178,93,246,121,14,idle,fuzzy
765.4782069186565,260,175,179,5,216,159,33,93,160,idle,fuzzy
765.4983408503823,316,188,79,110,132,14,160,199,51,idle,fuzzy
765.599226641292,329,241,211,225,60,2,26,243,121,idle,fuzzy
766.0990570031184,545,146,180,207,49,87,157,64,246,idle,fuzzy
766.1098739099704,260,142,154,58,108,169,192,205,144,idle,fuzzy
766.1295622822714,316,108,21,238,235,156,206,110,133,idle,fuzzy
766.2290762916238,329,66,134,155,50,70,180,246,0,idle,fuzzy
766.7293133303519,545,115,253,119,63,195,244,189,24,idle,fuzzy
766.7401554608646,260,190,105,217,214,12,153,6,220,idle,fuzzy
766.7608684906602,316,102,112,59,59,90,45,168,27,idle,fuzzy
766.8618012892064,329,68,39,186,178,68,127,11,163,idle,fuzzy
767.3626797926718,545,8,81,52,54,149,244,59,46,idle,fuzzy
767.3732643882656,260,112,162,79,160,203,94,246,210,idle,fuzzy
767.3940600952122,316,124,167,133,198,182,76,216,67,idle,fuzzy
767.4949008485463,329,151,186,31,190,247,139,216,132,idle,fuzzy
767.995833381191,545,141,184,25,240,237,220,130,72,idle,fuzzy
768.0062067499633,260,111,249,7,116,73,96,153,245,idle,fuzzy
768.026138627837,316,73,185,120,83,20,197,106,173,idle,fuzzy
768.1267806510779,329,148,158,179,251,70,113,116,23,idle,fuzzy
768.6260487236646,545,165,85,127,1,243,225,33,117,idle,fuzzy
768.6356329945123,260,63,80,226,28,163,207,73,250,idle,fuzzy
768.6552144414779,316,104,255,71,73,19,71,118,89,idle,fuzzy
768.7561882926874,329,136,101,88,18,178,240,45,2,idle,fuzzy
769.2569743708109,545,157,91,130,191,161,241,137,32,idle,fuzzy
769.267932011164,260,242,212,231,178,69,243,146,158,idle,fuzzy
769.2873502143784,316,75,132,42,122,74,86,167,4,idle,fuzzy
769.386638589977,329,154,140,209,122,97,9,52,234,idle,fuzzy
769.8859403854988,545,164,86,48,166,38,153,207,135,idle,fuzzy
769.8950758074333,260,36,35,82,156,84,111,73,121,idle,fuzzy
769.9149379080693,316,243,161,107,223,233,28,168,206,idle,fuzzy
770.0155184758257,329,33,40,237,223,58,109,55,58,idle,fuzzy
770.5145252801618,545,252,168,168,169,31,145,183,238,idle,fuzzy
770.5240128798519,260,236,227,229,135,26,11,107,197,idle,fuzzy
770.5432798366239,316,134,65,63,46,226,156,198,90,idle,fuzzy
770.6426944489733,329,172,9,92,175,43,2,117,122,idle,fuzzy
771.1435859062472,545,235,142,154,89,8,140,101,237,idle,fuzzy
771.1544738175575,260,41,240,151,77,207,248,66,148,idle,fuzzy
771.1739491567499,316,235,1,216,72,161,175,187,8,idle,fuzzy
771.2748611231481,329,58,161,249,167,86,190,180,130,idle,fuzzy
771.7747493400808,545,69,131,17,117,101,237,9,95,idle,fuzzy
771.7843499639023,260,72,161,80,144,101,224,227,133,idle,fuzzy
771.8051151308596,316,174,212,6,107,154,39,193,55,idle,fuzzy
771.9047868118781,329,148,100,40,12,138,70,72,73,idle,fuzzy
772.4048695196745,545,145,71,53,5,115,146,174,231,idle,fuzzy
772.415277289777,260,186,106,38,155,216,1,51,85,idle,fuzzy
772.4351967317182,316,31,8,194,132,212,239,52,90,idle,fuzzy
772.5346600514832,329,111,108,46,210,175,10,209,186,idle,fuzzy
773.0343536249978,545,28,84,193,151,248,250,135,204,idle,fuzzy
773.0436942022994,260,151,113,11,90,171,170,126,36,idle,fuzzy
773.0630230259535,316,51,84,44,205,70,81,251,216,idle,fuzzy
773.1621239156607,329,59,220,6,161,248,129,143,104,idle,fuzzy
773.6620252867247,545,43,208,207,80,210,225,195,143,idle,fuzzy
773.6721389340515,260,212,140,200,14,179,132,2,1,idle,fuzzy
773.6929969326588,316,61,156,81,28,96,247,141,248,idle,fuzzy
773.7928301295838,329,253,60,198,14,176,251,60,59,idle,fuzzy
774.2929709888999,545,226,211,249,26,126,69,65,159,idle,fuzzy
774.3034751588876,260,198,17,26,92,201,252,84,48,idle,fuzzy
774.32303749594,316,186,47,75,222,11,103,104,39,idle,fuzzy
774.4235921899296,329,25,241,19,26,106,78,251,181,idle,fuzzy
774.9245850488168,545,250,45,218,200,78,101,129,9,idle,fuzzy
774.9342542319805,260,242,74,204,26,184,219,63,29,idle,fuzzy
774.9548164338656,316,110,234,16,255,149,236,5,93,idle,fuzzy
775.0538396903696,329,32,174,138,19,33,66,64,108,idle,fuzzy
775.5535097647421,545,18,200,217,47,202,60,189,251,idle,fuzzy
775.5627596577626,260,211,202,162,124,193,103,93,14,idle,fuzzy
775.5824809278367,316,135,87,129,161,128,120,198,239,idle,fuzzy
775.6818492876394,329,254,45,51,84,136,215,124,193,idle,fuzzy
776.1809651097976,545,69,227,92,176,142,220,135,126,idle,fuzzy
776.1905153954576,260,163,33,35,88,252,244,158,75,idle,fuzzy
776.2104340115067,316,45,222,60,235,171,244,187,183,idle,fuzzy
776.3110169478011,329,180,147,47,183,17,182,151,38,idle,fuzzy
776.8106517047732,545,179,20,177,33,39,89,84,186,idle,fuzzy
776.8213332687191,260,171,2,190,56,60,14,98,146,idle,fuzzy
776.841997993857,316,162,215,226,45,221,108,108,103,idle,fuzzy
776.9412265806716,329,234,99,134,84,196,83,53,193,idle,fuzzy
777.4406591585399,545,250,251,218,28,41,238,123,182,idle,fuzzy
777.4496859625433,260,244,58,5,4,200,201,204,221,idle,fuzzy
777.4699843857676,316,84,255,132,22,102,67,30,112,idle,fuzzy
777.5701009664899,329,187,12,244,128,164,54,137,19,idle,fuzzy
778.069780943074,545,15,90,190,56,193,102,136,215,idle,fuzzy
778.0800742889934,260,52,65,72,66,110,60,93,5,idle,fuzzy
778.0997234440287,316,57,232,192,203,118,197,152,226,idle,fuzzy
778.2003157520587,329,156,58,210,120,233,29,32,249,idle,fuzzy
778.7003392403635,545,113,111,93,186,52,101,194,126,idle,fuzzy
778.7098903250154,260,231,89,4,208,212,140,237,240,idle,fuzzy
778.7290052424494,316,32,100,202,25,105,199,32,30,idle,fuzzy
778.8284093172609,329,74,48,211,52,64,173,81,78,idle,fuzzy
779.3281652935406,545,110,197,216,93,156,5,234,16,idle,fuzzy
779.3376361837717,260,108,115,119,20,115,124,156,168,idle,fuzzy
779.3580130390284,316,0,242,52,220,25,125,151,128,idle,fuzzy
779.457598935971,329,242,95,177,39,255,46,103,45,idle,fuzzy
779.9569078870015,545,251,176,41,91,10,227,132,92,idle,fuzzy
779.9663951636076,260,121,238,207,13,184,38,187,75,idle,fuzzy
779.9856213327716,316,10,179,38,13,120,60,65,56,idle,fuzzy
780.0865090058209,329,240,39,185,129,114,189,110,145,idle,fuzzy
780.5862756714115,545,7,192,46,108,90,46,108,209,idle,fuzzy
780.5954453241795,260,116,200,55,144,26,139,169,28,idle,fuzzy
780.6149135186616,316,53,225,135,74,67,202,67,69,idle,fuzzy
780.7140187517441,329,150,13,42,249,57,43,225,200,idle,fuzzy
781.2132731239424,545,178,149,230,7,114,111,94,108,idle,fuzzy
781.2238996625296,260,75,80,90,108,37,204,221,226,idle,fuzzy
781.2444687356218,316,250,108,100,94,120,48,90,164,idle,fuzzy
781.3447711682946,329,96,225,200,0,199,26,32,177,idle,fuzzy
781.8445289762645,545,168,128,130,27,46,204,79,159,idle,fuzzy
781.8540270241291,260,66,27,25,58,120,92,61,130,idle,fuzzy
781.8731412782038,316,240,243,11,123,195,111,187,174,idle,fuzzy
781.9723237206339,329,154,247,167,102,92,31,11,40,idle,fuzzy
782.4715662048693,545,118,170,231,5,42,162,183,78,idle,fuzzy
782.4825578499282,260,55,129,20,152,69,235,148,19,idle,fuzzy
782.501918776635,316,184,43,167,248,40,208,149,13,idle,fuzzy
782.6013644611081,329,91,187,38,136,127,100,241,35,idle,fuzzy
783.1011151186011,545,190,35,252,113,172,53,105,177,idle,fuzzy
783.1117323813768,260,158,195,149,153,72,6,161,128,idle,fuzzy
783.1316922014648,316,19,246,9,93,209,216,29,87,idle,fuzzy
783.2326435281375,329,56,241,21,52,29,46,219,50,idle,fuzzy
783.7334368371851,545,160,96,243,246,143,221,137,211,idle,fuzzy
783.7437781957652,260,216,102,81,95,141,175,173,120,idle,fuzzy
783.7643001832815,316,104,117,83,147,114,52,114,131,idle,fuzzy
783.8652406367528,329,253,51,132,34,169,72,50,85,idle,fuzzy
784.3661476629563,545,183,96,94,24,212,74,251,188,idle,fuzzy
784.3759989360873,260,21,100,141,161,142,46,246,22,idle,fuzzy
784.3960389739104,316,176,151,52,164,217,139,86,52,idle,fuzzy
784.496206425389,329,216,46,138,56,82,80,5,241,idle,fuzzy
784.9959771990617,545,45,70,75,240,221,162,239,76,idle,fuzzy
785.005041364363,260,176,41,207,240,74,237,52,38,idle,fuzzy
785.024232452988,316,16,95,94,104,158,50,57,131,idle,fuzzy
785.1244167961867,329,22,234,217,175,109,106,223,144,idle,fuzzy
785.6241725494816,545,220,255,240,7,214,253,22,226,idle,fuzzy
785.6344095341373,260,80,139,60,194,253,105,181,97,idle,fuzzy
785.6545474923097,316,227,6,166,177,16,92,83,3,idle,fuzzy
785.7538376358951,329,209,119,102,124,80,137,93,201,idle,fuzzy
786.2531066832721,545,189,181,131,112,214,125,53,39,idle,fuzzy
786.2638077160175,260,30,95,141,255,34,183,168,135,idle,fuzzy
786.2839816351544,316,36,39,68,108,68,189,62,216,idle,fuzzy
786.3830334010017,329,101,157,172,58,159,230,58,196,idle,fuzzy
786.8832618983371,545,173,207,92,185,172,25,28,172,idle,fuzzy
786.8933691981447,260,110,189,214,40,121,179,75,107,idle,fuzzy
786.9136653713166,316,184,12,254,13,228,176,191,232,idle,fuzzy
787.0139220838296,329,88,158,97,77,60,121,91,36,idle,fuzzy
787.5144333960293,545,231,14,248,18,24,77,130,225,idle,fuzzy
