timestamp,can_id,b0,b1,b2,b3,b4,b5,b6,b7,state,attack_type
0.01046202915081117,260,0,128,0,51,0,80,5,0,idle,none
0.029696323572006623,316,0,128,0,51,0,80,5,0,idle,none
0.13033181803601884,329,0,128,0,51,0,80,5,0,idle,none
0.6296787085227289,545,0,128,0,51,0,80,5,0,idle,none
0.6393771274081061,260,0,128,0,51,0,80,5,0,idle,none
0.6585418103401035,316,0,128,0,51,0,80,5,0,idle,none
0.7579880429202643,329,0,128,0,51,0,80,5,0,idle,none
1.2573066217844682,545,0,128,0,51,0,80,5,0,idle,none
1.266575376894406,260,0,128,0,51,0,80,5,0,idle,none
1.2867395562054806,316,0,128,0,51,0,80,5,0,idle,none
1.386348190367856,329,0,128,0,51,0,80,5,0,idle,none
1.8870754525010998,545,0,128,0,51,0,80,5,0,idle,none
1.8972657980082386,260,0,128,0,51,0,80,5,0,idle,none
1.9163928891948752,316,0,128,0,51,0,80,5,0,idle,none
2.0160576298901174,329,0,128,0,51,0,80,5,0,idle,none
2.515589049302157,545,0,128,0,51,0,80,5,0,idle,none
2.525622068594098,260,0,128,0,51,0,80,5,0,idle,none
2.544873894963447,316,0,128,0,51,0,80,5,0,idle,none
2.645504539581958,329,0,128,0,51,0,80,5,0,idle,none
3.1456768104289976,545,0,128,0,51,0,80,5,0,idle,none
3.1566664398731996,260,0,128,0,51,0,80,5,0,idle,none
3.1772969241520563,316,0,128,0,51,0,80,5,0,idle,none
3.277738906748263,329,0,128,0,51,0,80,5,0,idle,none
3.777565698504587,545,0,128,0,51,0,80,5,0,idle,none
3.7882854569624382,260,0,128,0,51,0,80,5,0,idle,none
3.809099760003241,316,0,128,0,51,0,80,5,0,idle,none
3.9092494377334615,329,0,128,0,51,0,80,5,0,idle,none
4.408749049228957,545,0,128,0,51,0,80,5,0,idle,none
4.418159772489717,260,0,128,0,51,0,80,5,0,idle,none
4.438626965073264,316,0,128,0,51,0,80,5,0,idle,none
4.53942834261496,329,0,128,0,51,0,80,5,0,idle,none
5.039807089386353,545,0,128,0,51,0,80,5,0,idle,none
5.049630566225409,260,0,128,0,51,0,80,5,0,idle,none
5.068912612900231,316,0,128,0,51,0,80,5,0,idle,none
5.168614055455817,329,0,128,0,51,0,80,5,0,idle,none
5.668925823356993,545,0,128,0,51,0,80,5,0,idle,none
5.679568146473634,260,0,128,0,51,0,80,5,0,idle,none
5.699895619356072,316,0,128,0,51,0,80,5,0,idle,none
5.8001787784879655,329,0,128,0,51,0,80,5,0,idle,none
6.300252891563766,545,0,128,0,51,0,80,5,0,idle,none
6.310211652998608,260,0,128,0,51,0,80,5,0,idle,none
6.329215016469671,316,0,128,0,51,0,80,5,0,idle,none
6.430104119693171,329,0,128,0,51,0,80,5,0,idle,none
6.92991334507256,545,0,128,0,51,0,80,5,0,idle,none
6.940500298833052,260,0,128,0,51,0,80,5,0,idle,none
6.960231544337506,316,0,128,0,51,0,80,5,0,idle,none
7.060480504337729,329,0,128,0,51,0,80,5,0,idle,none
7.559550705482328,545,0,128,0,51,0,80,5,0,idle,none
7.569795155271946,260,0,128,0,51,0,80,5,0,idle,none
7.590255434719726,316,0,128,0,51,0,80,5,0,idle,none
7.690683331920994,329,0,128,0,51,0,80,5,0,idle,none
8.189708144401536,545,0,128,0,51,0,80,5,0,idle,none
8.200097897376235,260,0,128,0,51,0,80,5,0,idle,none
8.220564365645284,316,0,128,0,51,0,80,5,0,idle,none
8.31974220976128,329,0,128,0,51,0,80,5,0,idle,none
8.820394695081669,545,0,128,0,51,0,80,5,0,idle,none
8.83089365304494,260,0,128,0,51,0,80,5,0,idle,none
8.851324478651529,316,0,128,0,51,0,80,5,0,idle,none
8.952111101772154,329,0,128,0,51,0,80,5,0,idle,none
9.452171294469927,545,0,128,0,51,0,80,5,0,idle,none
9.462461658023743,260,0,128,0,51,0,80,5,0,idle,none
9.482029238762184,316,0,128,0,51,0,80,5,0,idle,none
9.58182345924704,329,0,128,0,51,0,80,5,0,idle,none
10.08268198488661,545,0,128,0,51,0,80,5,0,idle,none
10.092654590270321,260,0,128,0,51,0,80,5,0,idle,none
10.112063003074097,316,0,128,0,51,0,80,5,0,idle,none
10.21111189726443,329,0,128,0,51,0,80,5,0,idle,none
10.711784572352016,545,0,128,0,51,0,80,5,0,idle,none
10.721582177069145,260,0,128,0,51,0,80,5,0,idle,none
10.741634326588812,316,0,128,0,51,0,80,5,0,idle,none
10.840774604625057,329,0,128,0,51,0,80,5,0,idle,none
11.339911335996185,545,0,128,0,51,0,80,5,0,idle,none
11.34940145053089,260,0,128,0,51,0,80,5,0,idle,none
11.370186310914516,316,0,128,0,51,0,80,5,0,idle,none
11.470659705919662,329,0,128,0,51,0,80,5,0,idle,none
11.97121717968291,545,0,128,0,51,0,80,5,0,idle,none
11.98200109548296,260,0,128,0,51,0,80,5,0,idle,none
12.002966862331196,316,0,128,0,51,0,80,5,0,idle,none
12.102259542919105,329,0,128,0,51,0,80,5,0,idle,none
12.602357182866546,545,0,128,0,51,0,80,5,0,idle,none
12.612721768651392,260,0,128,0,51,0,80,5,0,idle,none
12.632130471496964,316,0,128,0,51,0,80,5,0,idle,none
12.732494188744838,329,0,128,0,51,0,80,5,0,idle,none
13.23219798307693,545,0,128,0,51,0,80,5,0,idle,none
13.242456213013229,260,0,128,0,51,0,80,5,0,idle,none
13.262921629685346,316,0,128,0,51,0,80,5,0,idle,none
13.362018484464112,329,0,128,0,51,0,80,5,0,idle,none
13.862076237928234,545,0,128,0,51,0,80,5,0,idle,none
13.872138688701597,260,0,128,0,51,0,80,5,0,idle,none
13.89136839654361,316,0,128,0,51,0,80,5,0,idle,none
13.990566097399235,329,0,128,0,51,0,80,5,0,idle,none
14.491368536483881,545,0,128,0,51,0,80,5,0,idle,none
14.5018267772833,260,0,128,0,51,0,80,5,0,idle,none
14.521377059771718,316,0,128,0,51,0,80,5,0,idle,none
14.620530707720395,329,0,128,0,51,0,80,5,0,idle,none
15.12101830982587,545,0,128,0,51,0,80,5,0,idle,none
15.130209408841706,260,0,128,0,51,0,80,5,0,idle,none
15.15018769406249,316,0,128,0,51,0,80,5,0,idle,none
15.250583810984768,329,0,128,0,51,0,80,5,0,idle,none
15.750580879082968,545,0,128,0,51,0,80,5,0,idle,none
15.760422838351177,260,0,128,0,51,0,80,5,0,idle,none
15.780104281783638,316,0,128,0,51,0,80,5,0,idle,none
15.879545897381888,329,0,128,0,51,0,80,5,0,idle,none
16.380298595855958,545,0,128,0,51,0,80,5,0,idle,none
16.390927797898907,260,0,128,0,51,0,80,5,0,idle,none
16.411310412237633,316,0,128,0,51,0,80,5,0,idle,none
16.51119079203947,329,0,128,0,51,0,80,5,0,idle,none
17.01126423134541,545,0,128,0,51,0,80,5,0,idle,none
17.02137814599886,260,0,128,0,51,0,80,5,0,idle,none
17.04230285113976,316,0,128,0,51,0,80,5,0,idle,none
17.141847668630042,329,0,128,0,51,0,80,5,0,idle,none
17.64186158205967,545,0,128,0,51,0,80,5,0,idle,none
17.65245339027487,260,0,128,0,51,0,80,5,0,idle,none
17.672125556726346,316,0,128,0,51,0,80,5,0,idle,none
17.771724872069576,329,0,128,0,51,0,80,5,0,idle,none
18.271503448087625,545,0,128,0,51,0,80,5,0,idle,none
18.28230551987702,260,0,128,0,51,0,80,5,0,idle,none
18.302801271970853,316,0,128,0,51,0,80,5,0,idle,none
18.403027282133163,329,0,128,0,51,0,80,5,0,idle,none
18.903701414650225,545,0,128,0,51,0,80,5,0,idle,none
18.913524290442172,260,0,128,0,51,0,80,5,0,idle,none
18.93293582645341,316,0,128,0,51,0,80,5,0,idle,none
19.03261528059793,329,0,128,0,51,0,80,5,0,idle,none
19.531649014124476,545,0,128,0,51,0,80,5,0,idle,none
19.542290461913318,260,0,128,0,51,0,80,5,0,idle,none
19.562953809955935,316,0,128,0,51,0,80,5,0,idle,none
19.66325326787444,329,0,128,0,51,0,80,5,0,idle,none
20.162982062326357,545,0,128,0,51,0,80,5,0,idle,none
20.173872130814978,260,0,128,0,51,0,80,5,0,idle,none
20.194460539019484,316,0,128,0,51,0,80,5,0,idle,none
20.293645652573122,329,0,128,0,51,0,80,5,0,idle,none
20.79342988908063,545,0,128,0,51,0,80,5,0,idle,none
20.802761162613475,260,0,128,0,51,0,80,5,0,idle,none
20.822149104318168,316,0,128,0,51,0,80,5,0,idle,none
20.922209718511457,329,0,128,0,51,0,80,5,0,idle,none
21.422145049509943,545,0,128,0,51,0,80,5,0,idle,none
21.432310883133393,260,0,128,0,51,0,80,5,0,idle,none
21.45269261313408,316,0,128,0,51,0,80,5,0,idle,none
21.55304445497162,329,0,128,0,51,0,80,5,0,idle,none
22.053112967988934,545,0,128,0,51,0,80,5,0,idle,none
22.06267479765218,260,0,128,0,51,0,80,5,0,idle,none
22.082646826215413,316,0,128,0,51,0,80,5,0,idle,none
22.18181502672131,329,0,128,0,51,0,80,5,0,idle,none
22.682461789696436,545,0,128,0,51,0,80,5,0,idle,none
22.69346784961639,260,0,128,0,51,0,80,5,0,idle,none
22.71350153730739,316,0,128,0,51,0,80,5,0,idle,none
22.81253222528318,329,0,128,0,51,0,80,5,0,idle,none
23.3115552622852,545,0,128,0,51,0,80,5,0,idle,none
23.320980173109007,260,0,128,0,51,0,80,5,0,idle,none
23.340424548553983,316,0,128,0,51,0,80,5,0,idle,none
23.440052487973286,329,0,128,0,51,0,80,5,0,idle,none
23.93995565439689,545,0,128,0,51,0,80,5,0,idle,none
23.94899823188138,260,0,128,0,51,0,80,5,0,idle,none
23.969270015570846,316,0,128,0,51,0,80,5,0,idle,none
24.069028807030197,329,0,128,0,51,0,80,5,0,idle,none
24.569072404072624,545,0,128,0,51,0,80,5,0,idle,none
24.578139527875706,260,0,128,0,51,0,80,5,0,idle,none
24.598887130314644,316,0,128,0,51,0,80,5,0,idle,none
24.699383080156164,329,0,128,0,51,0,80,5,0,idle,none
25.199459822943453,545,0,128,0,51,0,80,5,0,idle,none
25.208961929600598,260,0,128,0,51,0,80,5,0,idle,none
25.22995588999399,316,0,128,0,51,0,80,5,0,idle,none
25.329665932639376,329,0,128,0,51,0,80,5,0,idle,none
25.828748400328816,545,0,128,0,51,0,80,5,0,idle,none
25.839149069260497,260,0,128,0,51,0,80,5,0,idle,none
25.859362183764272,316,0,128,0,51,0,80,5,0,idle,none
25.95972390626899,329,0,128,0,51,0,80,5,0,idle,none
26.459074708901923,545,0,128,0,51,0,80,5,0,idle,none
26.469334597755,260,0,128,0,51,0,80,5,0,idle,none
26.489337808906896,316,0,128,0,51,0,80,5,0,idle,none
26.589348448015034,329,0,128,0,51,0,80,5,0,idle,none
27.089545220788303,545,0,128,0,51,0,80,5,0,idle,none
27.09981583102115,260,0,128,0,51,0,80,5,0,idle,none
27.12069722914643,316,0,128,0,51,0,80,5,0,idle,none
27.221210513304932,329,0,128,0,51,0,80,5,0,idle,none
27.721770701988042,545,0,128,0,51,0,80,5,0,idle,none
27.732429286582228,260,0,128,0,51,0,80,5,0,idle,none
27.751543656988478,316,0,128,0,51,0,80,5,0,idle,none
27.85181182010576,329,0,128,0,51,0,80,5,0,idle,none
28.352298937868785,545,0,128,0,51,0,80,5,0,idle,none
28.362753260435532,260,0,128,0,51,0,80,5,0,idle,none
28.381974144382816,316,0,128,0,51,0,80,5,0,idle,none
28.482582257623303,329,0,128,0,51,0,80,5,0,idle,none
28.982340199563655,545,0,128,0,51,0,80,5,0,idle,none
28.993276994554023,260,0,128,0,51,0,80,5,0,idle,none
29.01385168274521,316,0,128,0,51,0,80,5,0,idle,none
29.11425501599338,329,0,128,0,51,0,80,5,0,idle,none
29.614590995869833,545,0,128,0,51,0,80,5,0,idle,none
29.62491078146729,260,0,128,0,51,0,80,5,0,idle,none
29.64561051588584,316,0,128,0,51,0,80,5,0,idle,none
29.745049784419656,329,0,128,0,51,0,80,5,0,idle,none
30.24468162666656,545,0,128,0,51,0,80,5,0,idle,none
30.255092090682034,260,0,128,0,51,0,80,5,0,idle,none
30.275191144496844,316,0,128,0,51,0,80,5,0,idle,none
30.37462116733411,329,0,128,0,51,0,80,5,0,idle,none
30.875113466456355,545,0,128,0,51,0,80,5,0,idle,none
30.885222978152818,260,0,128,0,51,0,80,5,0,idle,none
30.90518569662646,316,0,128,0,51,0,80,5,0,idle,none
31.00517570374103,329,0,128,0,51,0,80,5,0,idle,none
31.504458773590322,545,0,128,0,51,0,80,5,0,idle,none
31.51475329560233,260,0,128,0,51,0,80,5,0,idle,none
31.535598013076026,316,0,128,0,51,0,80,5,0,idle,none
31.636226947181196,329,0,128,0,51,0,80,5,0,idle,none
32.13526766453494,545,0,128,0,51,0,80,5,0,idle,none
32.14509965722662,260,0,128,0,51,0,80,5,0,idle,none
32.165748078858975,316,0,128,0,51,0,80,5,0,idle,none
32.26552133807012,329,0,128,0,51,0,80,5,0,idle,none
32.76456370672514,545,0,128,0,51,0,80,5,0,idle,none
32.77429321358178,260,0,128,0,51,0,80,5,0,idle,none
32.79447998373818,316,0,128,0,51,0,80,5,0,idle,none
32.89455046050035,329,0,128,0,51,0,80,5,0,idle,none
33.39531992886511,545,0,128,0,51,0,80,5,0,idle,none
33.40493931778265,260,0,128,0,51,0,80,5,0,idle,none
33.42470517960659,316,0,128,0,51,0,80,5,0,idle,none
33.524277570832666,329,0,128,0,51,0,80,5,0,idle,none
34.023650180944664,545,0,128,0,51,0,80,5,0,idle,none
34.03293227015735,260,0,128,0,51,0,80,5,0,idle,none
34.05263025888291,316,0,128,0,51,0,80,5,0,idle,none
34.15279790596354,329,0,128,0,51,0,80,5,0,idle,none
34.65188747582381,545,0,128,0,51,0,80,5,0,idle,none
34.662876697495605,260,0,128,0,51,0,80,5,0,idle,none
34.68237915280024,316,0,128,0,51,0,80,5,0,idle,none
34.78209097266188,329,0,128,0,51,0,80,5,0,idle,none
35.28186460074512,545,0,128,0,51,0,80,5,0,idle,none
35.29257246736158,260,0,128,0,51,0,80,5,0,idle,none
35.31197544840229,316,0,128,0,51,0,80,5,0,idle,none
35.41272538930955,329,0,128,0,51,0,80,5,0,idle,none
35.91174698740438,545,0,128,0,51,0,80,5,0,idle,none
35.92267735376497,260,0,128,0,51,0,80,5,0,idle,none
35.94366850267963,316,0,128,0,51,0,80,5,0,idle,none
36.04363815933314,329,0,128,0,51,0,80,5,0,idle,none
36.54419527139685,545,0,128,0,51,0,80,5,0,idle,none
36.553741464437536,260,0,128,0,51,0,80,5,0,idle,none
36.57434049137848,316,0,128,0,51,0,80,5,0,idle,none
36.673459201714024,329,0,128,0,51,0,80,5,0,idle,none
37.172488626207695,545,0,128,0,51,0,80,5,0,idle,none
37.182307680786764,260,0,128,0,51,0,80,5,0,idle,none
37.20209480582842,316,0,128,0,51,0,80,5,0,idle,none
37.30228788338413,329,0,128,0,51,0,80,5,0,idle,none
37.801818522849224,545,0,128,0,51,0,80,5,0,idle,none
37.812334981333805,260,0,128,0,51,0,80,5,0,idle,none
37.83173177445429,316,0,128,0,51,0,80,5,0,idle,none
37.932555989762264,329,0,128,0,51,0,80,5,0,idle,none
38.43303367478268,545,0,128,0,51,0,80,5,0,idle,none
38.44284233859589,260,0,128,0,51,0,80,5,0,idle,none
38.46319519278371,316,0,128,0,51,0,80,5,0,idle,none
38.562478958755676,329,0,128,0,51,0,80,5,0,idle,none
39.061725315142574,545,0,128,0,51,0,80,5,0,idle,none
39.07213973839864,260,0,128,0,51,0,80,5,0,idle,none
39.09265848384654,316,0,128,0,51,0,80,5,0,idle,none
39.19282860047431,329,0,128,0,51,0,80,5,0,idle,none
39.69197082971905,545,0,128,0,51,0,80,5,0,idle,none
39.70163793916687,260,0,128,0,51,0,80,5,0,idle,none
39.721102551326354,316,0,128,0,51,0,80,5,0,idle,none
39.820258107777356,329,0,128,0,51,0,80,5,0,idle,none
40.31937425934366,545,0,128,0,51,0,80,5,0,idle,none
40.328988047109604,260,0,128,0,51,0,80,5,0,idle,none
40.34840653545991,316,0,128,0,51,0,80,5,0,idle,none
40.448548809681014,329,0,128,0,51,0,80,5,0,idle,none
40.948869286508646,545,0,128,0,51,0,80,5,0,idle,none
40.95972895833955,260,0,128,0,51,0,80,5,0,idle,none
40.97933360684598,316,0,128,0,51,0,80,5,0,idle,none
41.079365395584375,329,0,128,0,51,0,80,5,0,idle,none
41.57960131569668,545,0,128,0,51,0,80,5,0,idle,none
41.588661357928615,260,0,128,0,51,0,80,5,0,idle,none
41.60802894418217,316,0,128,0,51,0,80,5,0,idle,none
41.70788454659682,329,0,128,0,51,0,80,5,0,idle,none
42.20769706326623,545,0,128,0,51,0,80,5,0,idle,none
42.21802806372945,260,0,128,0,51,0,80,5,0,idle,none
42.23834120397092,316,0,128,0,51,0,80,5,0,idle,none
42.33760836331697,329,0,128,0,51,0,80,5,0,idle,none
42.83753629248108,545,0,128,0,51,0,80,5,0,idle,none
42.8472719941595,260,0,128,0,51,0,80,5,0,idle,none
42.866813380603226,316,0,128,0,51,0,80,5,0,idle,none
42.966082478484275,329,0,128,0,51,0,80,5,0,idle,none
43.46657189725257,545,0,128,0,51,0,80,5,0,idle,none
43.47725297794965,260,0,128,0,51,0,80,5,0,idle,none
43.498004706139994,316,0,128,0,51,0,80,5,0,idle,none
43.59871709582491,329,0,128,0,51,0,80,5,0,idle,none
44.09843675221347,545,0,128,0,51,0,80,5,0,idle,none
44.10941829350764,260,0,128,0,51,0,80,5,0,idle,none
44.12850814668318,316,0,128,0,51,0,80,5,0,idle,none
44.228702093273306,329,0,128,0,51,0,80,5,0,idle,none
44.72864112284567,545,0,128,0,51,0,80,5,0,idle,none
44.738360648959926,260,0,128,0,51,0,80,5,0,idle,none
44.75921029533054,316,0,128,0,51,0,80,5,0,idle,none
44.859770637900176,329,0,128,0,51,0,80,5,0,idle,none
45.358887481494016,545,0,128,0,51,0,80,5,0,idle,none
45.36838656088253,260,0,128,0,51,0,80,5,0,idle,none
45.38826050415001,316,0,128,0,51,0,80,5,0,idle,none
45.488820129750934,329,0,128,0,51,0,80,5,0,idle,none
45.98877210046083,545,0,128,0,51,0,80,5,0,idle,none
45.999292238161146,260,0,128,0,51,0,80,5,0,idle,none
46.01924213021397,316,0,128,0,51,0,80,5,0,idle,none
46.121632470413175,329,0,128,0,51,0,80,5,0,idle,none
46.62088917648623,545,0,128,0,51,0,80,5,0,idle,none
46.63076070444217,260,0,128,0,51,0,80,5,0,idle,none
46.65078371976431,316,0,128,0,51,0,80,5,0,idle,none
46.749991432327725,329,0,128,0,51,0,80,5,0,idle,none
47.2501101191974,545,0,128,0,51,0,80,5,0,idle,none
47.26087675079883,260,0,128,0,51,0,80,5,0,idle,none
47.28161563889426,316,0,128,0,51,0,80,5,0,idle,none
47.382200525228505,329,0,128,0,51,0,80,5,0,idle,none
47.88216829326364,545,0,128,0,51,0,80,5,0,idle,none
47.892875606305466,260,0,128,0,51,0,80,5,0,idle,none
47.91361474480597,316,0,128,0,51,0,80,5,0,idle,none
48.01300155665413,329,0,128,0,51,0,80,5,0,idle,none
48.51346874172478,545,0,128,0,51,0,80,5,0,idle,none
48.524308881244195,260,0,128,0,51,0,80,5,0,idle,none
48.54481530168142,316,0,128,0,51,0,80,5,0,idle,none
48.64387349623259,329,0,128,0,51,0,80,5,0,idle,none
49.144799658398796,545,0,128,0,51,0,80,5,0,idle,none
49.15487199121965,260,0,128,0,51,0,80,5,0,idle,none
49.1746699254393,316,0,128,0,51,0,80,5,0,idle,none
49.275364025507635,329,0,128,0,51,0,80,5,0,idle,none
49.775520600038355,545,0,128,0,51,0,80,5,0,idle,none
49.78636595359557,260,0,128,0,51,0,80,5,0,idle,none
49.80647175908155,316,0,128,0,51,0,80,5,0,idle,none
49.90692652049876,329,0,128,0,51,0,80,5,0,idle,none
50.40642810214037,545,0,128,0,51,0,80,5,0,idle,none
50.41566518217963,260,0,128,0,51,0,80,5,0,idle,none
50.43663032194118,316,0,128,0,51,0,80,5,0,idle,none
50.53660679288385,329,0,128,0,51,0,80,5,0,idle,none
51.03598953552154,545,0,128,0,51,0,80,5,0,idle,none
51.04689844497093,260,0,128,0,51,0,80,5,0,idle,none
51.06703124689597,316,0,128,0,51,0,80,5,0,idle,none
51.16658143828801,329,0,128,0,51,0,80,5,0,idle,none
51.66579712580059,545,0,128,0,51,0,80,5,0,idle,none
51.67481293730555,260,0,128,0,51,0,80,5,0,idle,none
51.69554764713446,316,0,128,0,51,0,80,5,0,idle,none
51.795335381125675,329,0,128,0,51,0,80,5,0,idle,none
52.29565098881195,545,0,128,0,51,0,80,5,0,idle,none
52.306071812821735,260,0,128,0,51,0,80,5,0,idle,none
52.326352804511984,316,0,128,0,51,0,80,5,0,idle,none
52.42613501547705,329,0,128,0,51,0,80,5,0,idle,none
52.92573408046176,545,0,128,0,51,0,80,5,0,idle,none
52.93596608899,260,0,128,0,51,0,80,5,0,idle,none
52.95570352128524,316,0,128,0,51,0,80,5,0,idle,none
53.05539040533552,329,0,128,0,51,0,80,5,0,idle,none
53.55487608593458,545,0,128,0,51,0,80,5,0,idle,none
53.564593014407215,260,0,128,0,51,0,80,5,0,idle,none
53.583855783307705,316,0,128,0,51,0,80,5,0,idle,none
53.684635058752015,329,0,128,0,51,0,80,5,0,idle,none
54.184512866109216,545,0,128,0,51,0,80,5,0,idle,none
54.19392705520591,260,0,128,0,51,0,80,5,0,idle,none
54.214439432738466,316,0,128,0,51,0,80,5,0,idle,none
54.31355304965103,329,0,128,0,51,0,80,5,0,idle,none
54.81439119778332,545,0,128,0,51,0,80,5,0,idle,none
54.824392690120455,260,0,128,0,51,0,80,5,0,idle,none
54.84379540631934,316,0,128,0,51,0,80,5,0,idle,none
54.94390128558407,329,0,128,0,51,0,80,5,0,idle,none
55.44538308896998,545,0,128,0,51,0,80,5,0,idle,none
55.45562306365947,260,0,128,0,51,0,80,5,0,idle,none
55.47659443647044,316,0,128,0,51,0,80,5,0,idle,none
55.576303123727584,329,0,128,0,51,0,80,5,0,idle,none
56.07672201212405,545,0,128,0,51,0,80,5,0,idle,none
56.08627014786389,260,0,128,0,51,0,80,5,0,idle,none
56.1064272847851,316,0,128,0,51,0,80,5,0,idle,none
56.20689790534985,329,0,128,0,51,0,80,5,0,idle,none
56.70780722837079,545,0,128,0,51,0,80,5,0,idle,none
56.71853544008186,260,0,128,0,51,0,80,5,0,idle,none
56.73807211135036,316,0,128,0,51,0,80,5,0,idle,none
56.837459694742655,329,0,128,0,51,0,80,5,0,idle,none
57.33829306350039,545,0,128,0,51,0,80,5,0,idle,none
57.34791824398091,260,0,128,0,51,0,80,5,0,idle,none
57.36878174283139,316,0,128,0,51,0,80,5,0,idle,none
57.468930683601535,329,0,128,0,51,0,80,5,0,idle,none
57.96867108919241,545,0,128,0,51,0,80,5,0,idle,none
57.97927163438534,260,0,128,0,51,0,80,5,0,idle,none
58.00004848302079,316,0,128,0,51,0,80,5,0,idle,none
58.100416786539405,329,0,128,0,51,0,80,5,0,idle,none
58.600046044174476,545,0,128,0,51,0,80,5,0,idle,none
58.60945154267716,260,0,128,0,51,0,80,5,0,idle,none
58.62968168287078,316,0,128,0,51,0,80,5,0,idle,none
58.73007365928376,329,0,128,0,51,0,80,5,0,idle,none
59.230244798640975,545,0,128,0,51,0,80,5,0,idle,none
59.24032837105229,260,0,128,0,51,0,80,5,0,idle,none
59.26093542937626,316,0,128,0,51,0,80,5,0,idle,none
59.36125515204033,329,0,128,0,51,0,80,5,0,idle,none
59.861906383620585,545,0,128,0,51,0,80,5,0,idle,none
59.872210116696934,260,0,128,0,51,0,80,5,0,idle,none
59.89191364106088,316,0,128,0,51,0,80,5,0,idle,none
59.99145218017738,329,0,128,0,51,0,80,5,0,idle,none
60.490829076363795,545,0,128,0,51,0,80,5,0,idle,none
60.50091904591807,260,0,128,0,51,0,80,5,0,idle,none
60.52189201562645,316,0,128,0,51,0,80,5,0,idle,none
60.62235284378791,329,0,128,0,51,0,80,5,0,idle,none
61.1214356795236,545,0,128,0,51,0,80,5,0,idle,none
61.13164367608922,260,0,128,0,51,0,80,5,0,idle,none
61.15208488738484,316,0,128,0,51,0,80,5,0,idle,none
61.251712068723805,329,0,128,0,51,0,80,5,0,idle,none
61.75234251214016,545,0,128,0,51,0,80,5,0,idle,none
61.762860739089604,260,0,128,0,51,0,80,5,0,idle,none
61.78276896974891,316,0,128,0,51,0,80,5,0,idle,none
61.88198994744075,329,0,128,0,51,0,80,5,0,idle,none
62.38245247208569,545,0,128,0,51,0,80,5,0,idle,none
62.39172398540365,260,0,128,0,51,0,80,5,0,idle,none
62.411012712646304,316,0,128,0,51,0,80,5,0,idle,none
62.51091104850223,329,0,128,0,51,0,80,5,0,idle,none
63.01176059143807,545,0,128,0,51,0,80,5,0,idle,none
63.022305716908235,260,0,128,0,51,0,80,5,0,idle,none
63.04245498877898,316,0,128,0,51,0,80,5,0,idle,none
63.143137702251316,329,0,128,0,51,0,80,5,0,idle,none
63.64376759775748,545,0,128,0,51,0,80,5,0,idle,none
63.65402558237577,260,0,128,0,51,0,80,5,0,idle,none
63.673626859407484,316,0,128,0,51,0,80,5,0,idle,none
63.77317714780483,329,0,128,0,51,0,80,5,0,idle,none
64.27168760433949,545,0,128,0,51,0,80,5,0,idle,none
64.2826443765978,260,0,128,0,51,0,80,5,0,idle,none
64.3024416321507,316,0,128,0,51,0,80,5,0,idle,none
64.40284495099532,329,0,128,0,51,0,80,5,0,idle,none
64.90357873486982,545,0,128,0,51,0,80,5,0,idle,none
64.91423412594709,260,0,128,0,51,0,80,5,0,idle,none
64.93501015313662,316,0,128,0,51,0,80,5,0,idle,none
65.03498925196244,329,0,128,0,51,0,80,5,0,idle,none
65.5351561580201,545,0,128,0,51,0,80,5,0,idle,none
65.54603018106961,260,0,128,0,51,0,80,5,0,idle,none
65.56572532696728,316,0,128,0,51,0,80,5,0,idle,none
65.66621007011604,329,0,128,0,51,0,80,5,0,idle,none
66.16590235527383,545,0,128,0,51,0,80,5,0,idle,none
66.1755530240462,260,0,128,0,51,0,80,5,0,idle,none
66.19580429241245,316,0,128,0,51,0,80,5,0,idle,none
66.29541148984903,329,0,128,0,51,0,80,5,0,idle,none
66.79555103536957,545,0,128,0,51,0,80,5,0,idle,none
66.80585334683647,260,0,128,0,51,0,80,5,0,idle,none
66.82678018734265,316,0,128,0,51,0,80,5,0,idle,none
66.92572825574769,329,0,128,0,51,0,80,5,0,idle,none
67.42602035391391,545,0,128,0,51,0,80,5,0,idle,none
67.43517060286484,260,0,128,0,51,0,80,5,0,idle,none
67.45468983869061,316,0,128,0,51,0,80,5,0,idle,none
67.55510280467557,329,0,128,0,51,0,80,5,0,idle,none
68.05533060284625,545,0,128,0,51,0,80,5,0,idle,none
68.0656080711254,260,0,128,0,51,0,80,5,0,idle,none
68.08602689833349,316,0,128,0,51,0,80,5,0,idle,none
68.18518955737821,329,0,128,0,51,0,80,5,0,idle,none
68.68432974767106,545,0,128,0,51,0,80,5,0,idle,none
68.69405353829234,260,0,128,0,51,0,80,5,0,idle,none
68.71329428769269,316,0,128,0,51,0,80,5,0,idle,none
68.8124000216488,329,0,128,0,51,0,80,5,0,idle,none
69.312607473317,545,0,128,0,51,0,80,5,0,idle,none
69.32297975678105,260,0,128,0,51,0,80,5,0,idle,none
69.3422944744426,316,0,128,0,51,0,80,5,0,idle,none
69.44173237670631,329,0,128,0,51,0,80,5,0,idle,none
69.94271735292132,545,0,128,0,51,0,80,5,0,idle,none
69.9532644701723,260,0,128,0,51,0,80,5,0,idle,none
69.97278542568806,316,0,128,0,51,0,80,5,0,idle,none
70.07216018071799,329,0,128,0,51,0,80,5,0,idle,none
70.57150486309835,545,0,128,0,51,0,80,5,0,idle,none
70.58191484853711,260,0,128,0,51,0,80,5,0,idle,none
70.60290511901577,316,0,128,0,51,0,80,5,0,idle,none
70.70226542022174,329,0,128,0,51,0,80,5,0,idle,none
71.20262237231262,545,0,128,0,51,0,80,5,0,idle,none
71.21321030380226,260,0,128,0,51,0,80,5,0,idle,none
71.23280582034856,316,0,128,0,51,0,80,5,0,idle,none
71.333116327134,329,0,128,0,51,0,80,5,0,idle,none
71.83300828642142,545,0,128,0,51,0,80,5,0,idle,none
71.84320284415874,260,0,128,0,51,0,80,5,0,idle,none
71.86370477085956,316,0,128,0,51,0,80,5,0,idle,none
71.96345726049613,329,0,128,0,51,0,80,5,0,idle,none
72.46390658984996,545,0,128,0,51,0,80,5,0,idle,none
72.47346818485518,260,0,128,0,51,0,80,5,0,idle,none
72.49271015110652,316,0,128,0,51,0,80,5,0,idle,none
72.59196330874057,329,0,128,0,51,0,80,5,0,idle,none
73.09186539382864,545,0,128,0,51,0,80,5,0,idle,none
73.10138066543006,260,0,128,0,51,0,80,5,0,idle,none
73.12188530135907,316,0,128,0,51,0,80,5,0,idle,none
73.22106728354633,329,0,128,0,51,0,80,5,0,idle,none
73.7208101416836,545,0,128,0,51,0,80,5,0,idle,none
73.73125209307504,260,0,128,0,51,0,80,5,0,idle,none
73.75035305751352,316,0,128,0,51,0,80,5,0,idle,none
73.84986639801207,329,0,128,0,51,0,80,5,0,idle,none
74.35007684302234,545,0,128,0,51,0,80,5,0,idle,none
74.36089505447845,260,0,128,0,51,0,80,5,0,idle,none
74.38063353782695,316,0,128,0,51,0,80,5,0,idle,none
74.48144471594834,329,0,128,0,51,0,80,5,0,idle,none
74.98050112255304,545,0,128,0,51,0,80,5,0,idle,none
74.99008758346008,260,0,128,0,51,0,80,5,0,idle,none
75.01085816856165,316,0,128,0,51,0,80,5,0,idle,none
75.11180546202202,329,0,128,0,51,0,80,5,0,idle,none
75.61517984276159,545,0,128,0,51,0,80,5,0,idle,none
75.62418736219927,260,0,128,0,51,0,80,5,0,idle,none
75.64335987463015,316,0,128,0,51,0,80,5,0,idle,none
75.74331543081647,329,0,128,0,51,0,80,5,0,idle,none
76.24346267548685,545,0,128,0,51,0,80,5,0,idle,none
76.25330969031735,260,0,128,0,51,0,80,5,0,idle,none
76.27251863102282,316,0,128,0,51,0,80,5,0,idle,none
76.37186863032746,329,0,128,0,51,0,80,5,0,idle,none
76.87105749824217,545,0,128,0,51,0,80,5,0,idle,none
76.88052802392401,260,0,128,0,51,0,80,5,0,idle,none
76.90063432463684,316,0,128,0,51,0,80,5,0,idle,none
77.0008352493405,329,0,128,0,51,0,80,5,0,idle,none
77.50111913793552,545,0,128,0,51,0,80,5,0,idle,none
77.51074286015879,260,0,128,0,51,0,80,5,0,idle,none
77.52986791570167,316,0,128,0,51,0,80,5,0,idle,none
77.62896313614677,329,0,128,0,51,0,80,5,0,idle,none
78.13152077292678,545,0,128,0,51,0,80,5,0,idle,none
78.14236730420149,260,0,128,0,51,0,80,5,0,idle,none
78.16261521570617,316,0,128,0,51,0,80,5,0,idle,none
78.2617514054817,329,0,128,0,51,0,80,5,0,idle,none
78.76198444579458,545,0,128,0,51,0,80,5,0,idle,none
78.77156496348704,260,0,128,0,51,0,80,5,0,idle,none
78.79121260902112,316,0,128,0,51,0,80,5,0,idle,none
78.89164835323,329,0,128,0,51,0,80,5,0,idle,none
79.39151381073793,545,0,128,0,51,0,80,5,0,idle,none
79.40233612904707,260,0,128,0,51,0,80,5,0,idle,none
79.42295716216496,316,0,128,0,51,0,80,5,0,idle,none
79.52345957309583,329,0,128,0,51,0,80,5,0,idle,none
80.02385685960455,545,0,128,0,51,0,80,5,0,idle,none
80.03422635625905,260,0,128,0,51,0,80,5,0,idle,none
80.0509127265599,316,0,128,0,51,0,80,5,0,idle,none
80.15168981279443,329,0,128,0,51,0,80,5,0,idle,none
80.65180155679354,545,0,128,0,51,0,80,5,0,idle,none
80.66164003963505,260,0,128,0,51,0,80,5,0,idle,none
80.68067705134422,316,0,128,0,51,0,80,5,0,idle,none
80.78155018248049,329,0,128,0,51,0,80,5,0,idle,none
81.28130829652618,545,0,128,0,51,0,80,5,0,idle,none
81.2921177692492,260,0,128,0,51,0,80,5,0,idle,none
81.31308255510956,316,0,128,0,51,0,80,5,0,idle,none
81.41289501574211,329,0,128,0,51,0,80,5,0,idle,none
81.91311126976834,545,0,128,0,51,0,80,5,0,idle,none
81.92328366884931,260,0,128,0,51,0,80,5,0,idle,none
81.94242232431466,316,0,128,0,51,0,80,5,0,idle,none
82.04312053538973,329,0,128,0,51,0,80,5,0,idle,none
82.54231812251702,545,0,128,0,51,0,80,5,0,idle,none
82.55269340401001,260,0,128,0,51,0,80,5,0,idle,none
82.5731140931276,316,0,128,0,51,0,80,5,0,idle,none
82.6729221299157,329,0,128,0,51,0,80,5,0,idle,none
83.17362944562798,545,0,128,0,51,0,80,5,0,idle,none
83.184178045786,260,0,128,0,51,0,80,5,0,idle,none
83.20416127029362,316,0,128,0,51,0,80,5,0,idle,none
83.30397940400475,329,0,128,0,51,0,80,5,0,idle,none
83.80361000849084,545,0,128,0,51,0,80,5,0,idle,none
83.81396953496149,260,0,128,0,51,0,80,5,0,idle,none
83.83399450144327,316,0,128,0,51,0,80,5,0,idle,none
83.93303653749213,329,0,128,0,51,0,80,5,0,idle,none
84.43332757159722,545,0,128,0,51,0,80,5,0,idle,none
84.44271667568151,260,0,128,0,51,0,80,5,0,idle,none
84.46351734526284,316,0,128,0,51,0,80,5,0,idle,none
84.56315217490146,329,0,128,0,51,0,80,5,0,idle,none
85.06277881162193,545,0,128,0,51,0,80,5,0,idle,none
85.07243335403103,260,0,128,0,51,0,80,5,0,idle,none
85.0924463550631,316,0,128,0,51,0,80,5,0,idle,none
85.19204867257672,329,0,128,0,51,0,80,5,0,idle,none
85.6917239493525,545,0,128,0,51,0,80,5,0,idle,none
85.70149900365774,260,0,128,0,51,0,80,5,0,idle,none
85.72145841599954,316,0,128,0,51,0,80,5,0,idle,none
85.82049194015693,329,0,128,0,51,0,80,5,0,idle,none
86.3197992792175,545,0,128,0,51,0,80,5,0,idle,none
86.32892750820216,260,0,128,0,51,0,80,5,0,idle,none
86.34867252576727,316,0,128,0,51,0,80,5,0,idle,none
86.44846490274618,329,0,128,0,51,0,80,5,0,idle,none
86.94835620200354,545,0,128,0,51,0,80,5,0,idle,none
86.9585203467067,260,0,128,0,51,0,80,5,0,idle,none
86.97923466761563,316,0,128,0,51,0,80,5,0,idle,none
87.07871291401729,329,0,128,0,51,0,80,5,0,idle,none
87.57802689526983,545,0,128,0,51,0,80,5,0,idle,none
87.5881582575778,260,0,128,0,51,0,80,5,0,idle,none
87.60853826119688,316,0,128,0,51,0,80,5,0,idle,none
87.70817206967547,329,0,128,0,51,0,80,5,0,idle,none
88.20841437930862,545,0,128,0,51,0,80,5,0,idle,none
88.21774130154348,260,0,128,0,51,0,80,5,0,idle,none
88.23680167526851,316,0,128,0,51,0,80,5,0,idle,none
88.33731747828962,329,0,128,0,51,0,80,5,0,idle,none
88.83829490481445,545,0,128,0,51,0,80,5,0,idle,none
88.84734217125965,260,0,128,0,51,0,80,5,0,idle,none
88.86680657515684,316,0,128,0,51,0,80,5,0,idle,none
88.96740676216409,329,0,128,0,51,0,80,5,0,idle,none
89.46832665657368,545,0,128,0,51,0,80,5,0,idle,none
89.47853596706419,260,0,128,0,51,0,80,5,0,idle,none
89.49908705204058,316,0,128,0,51,0,80,5,0,idle,none
89.59973654469155,329,0,128,0,51,0,80,5,0,idle,none
90.09990024126175,545,0,128,0,51,0,80,5,0,idle,none
90.10910401564635,260,0,128,0,51,0,80,5,0,idle,none
90.12811323454852,316,0,128,0,51,0,80,5,0,idle,none
90.2273244271284,329,0,128,0,51,0,80,5,0,idle,none
90.72830968348664,545,0,128,0,51,0,80,5,0,idle,none
90.7375249398854,260,0,128,0,51,0,80,5,0,idle,none
90.75675277303999,316,0,128,0,51,0,80,5,0,idle,none
90.85642441486867,329,0,128,0,51,0,80,5,0,idle,none
91.35590511175687,545,0,128,0,51,0,80,5,0,idle,none
91.36522989281102,260,0,128,0,51,0,80,5,0,idle,none
91.38519180553695,316,0,128,0,51,0,80,5,0,idle,none
91.48519143211523,329,0,128,0,51,0,80,5,0,idle,none
91.98519824062184,545,0,128,0,51,0,80,5,0,idle,none
91.99582293850489,260,0,128,0,51,0,80,5,0,idle,none
92.01629201584328,316,0,128,0,51,0,80,5,0,idle,none
92.1160633426387,329,0,128,0,51,0,80,5,0,idle,none
92.61610917857361,545,0,128,0,51,0,80,5,0,idle,none
92.62587445318357,260,0,128,0,51,0,80,5,0,idle,none
92.64559014597323,316,0,128,0,51,0,80,5,0,idle,none
92.7459148081969,329,0,128,0,51,0,80,5,0,idle,none
93.24651256697146,545,0,128,0,51,0,80,5,0,idle,none
93.25747732517726,260,0,128,0,51,0,80,5,0,idle,none
93.27662343009126,316,0,128,0,51,0,80,5,0,idle,none
93.37595177842198,329,0,128,0,51,0,80,5,0,idle,none
93.87510233572914,545,0,128,0,51,0,80,5,0,idle,none
93.88416519644218,260,0,128,0,51,0,80,5,0,idle,none
93.90478885319119,316,0,128,0,51,0,80,5,0,idle,none
94.0039528193179,329,0,128,0,51,0,80,5,0,idle,none
94.50438999463695,545,0,128,0,51,0,80,5,0,idle,none
94.51390181300509,260,0,128,0,51,0,80,5,0,idle,none
94.53383605161441,316,0,128,0,51,0,80,5,0,idle,none
94.63327501839878,329,0,128,0,51,0,80,5,0,idle,none
95.13330871007696,545,0,128,0,51,0,80,5,0,idle,none
95.14399721589142,260,0,128,0,51,0,80,5,0,idle,none
95.16392349852701,316,0,128,0,51,0,80,5,0,idle,none
95.26300911275413,329,0,128,0,51,0,80,5,0,idle,none
95.76250861290742,545,0,128,0,51,0,80,5,0,idle,none
95.7725335009436,260,0,128,0,51,0,80,5,0,idle,none
95.79246059906653,316,0,128,0,51,0,80,5,0,idle,none
95.89207161546368,329,0,128,0,51,0,80,5,0,idle,none
96.3925640240637,545,0,128,0,51,0,80,5,0,idle,none
96.40190729105028,260,0,128,0,51,0,80,5,0,idle,none
96.42243735336366,316,0,128,0,51,0,80,5,0,idle,none
96.52273776657863,329,0,128,0,51,0,80,5,0,idle,none
97.02220888690725,545,0,128,0,51,0,80,5,0,idle,none
97.0316329656779,260,0,128,0,51,0,80,5,0,idle,none
97.05176772069574,316,0,128,0,51,0,80,5,0,idle,none
97.1520365261919,329,0,128,0,51,0,80,5,0,idle,none
97.65174884870468,545,0,128,0,51,0,80,5,0,idle,none
97.6609610051906,260,0,128,0,51,0,80,5,0,idle,none
97.68105434550125,316,0,128,0,51,0,80,5,0,idle,none
97.78158961072704,329,0,128,0,51,0,80,5,0,idle,none
98.28111001696207,545,0,128,0,51,0,80,5,0,idle,none
98.29080396307762,260,0,128,0,51,0,80,5,0,idle,none
98.3117496558449,316,0,128,0,51,0,80,5,0,idle,none
98.41120080344241,329,0,128,0,51,0,80,5,0,idle,none
98.91108635389767,545,0,128,0,51,0,80,5,0,idle,none
98.9204059542186,260,0,128,0,51,0,80,5,0,idle,none
98.94082983895633,316,0,128,0,51,0,80,5,0,idle,none
99.04112175844182,329,0,128,0,51,0,80,5,0,idle,none
99.54147485278179,545,0,128,0,51,0,80,5,0,idle,none
99.55174780320255,260,0,128,0,51,0,80,5,0,idle,none
99.57132670940003,316,0,128,0,51,0,80,5,0,idle,none
99.67177428331922,329,0,128,0,51,0,80,5,0,idle,none
100.17226878441811,545,0,128,0,51,0,80,5,0,idle,none
100.18183979675445,260,0,128,0,51,0,80,5,0,idle,none
100.20140020065578,316,0,128,0,51,0,80,5,0,idle,none
100.3016699290137,329,0,128,0,51,0,80,5,0,idle,none
100.80185773697433,545,0,128,0,51,0,80,5,0,idle,none
100.81284360341726,260,0,128,0,51,0,80,5,0,idle,none
100.83282010630401,316,0,128,0,51,0,80,5,0,idle,none
100.93220087550021,329,0,128,0,51,0,80,5,0,idle,none
101.43162443058985,545,0,128,0,51,0,80,5,0,idle,none
101.44102282296977,260,0,128,0,51,0,80,5,0,idle,none
101.46023560164325,316,0,128,0,51,0,80,5,0,idle,none
101.55962485113422,329,0,128,0,51,0,80,5,0,idle,none
102.059367049224,545,0,128,0,51,0,80,5,0,idle,none
102.07003949876209,260,0,128,0,51,0,80,5,0,idle,none
102.09028173667224,316,0,128,0,51,0,80,5,0,idle,none
102.19098954971467,329,0,128,0,51,0,80,5,0,idle,none
102.69125354630087,545,0,128,0,51,0,80,5,0,idle,none
102.70217692612313,260,0,128,0,51,0,80,5,0,idle,none
102.7219836244611,316,0,128,0,51,0,80,5,0,idle,none
102.82204694029006,329,0,128,0,51,0,80,5,0,idle,none
103.32155519609842,545,0,128,0,51,0,80,5,0,idle,none
103.33116865079175,260,0,128,0,51,0,80,5,0,idle,none
103.35056337654812,316,0,128,0,51,0,80,5,0,idle,none
103.45131696264346,329,0,128,0,51,0,80,5,0,idle,none
103.94936165172365,545,0,128,0,51,0,80,5,0,idle,none
103.95906693177044,260,0,128,0,51,0,80,5,0,idle,none
103.97866505507524,316,0,128,0,51,0,80,5,0,idle,none
104.07772145965649,329,0,128,0,51,0,80,5,0,idle,none
104.57849235067476,545,0,128,0,51,0,80,5,0,idle,none
104.58891610700746,260,0,128,0,51,0,80,5,0,idle,none
104.60888715977339,316,0,128,0,51,0,80,5,0,idle,none
104.70953888516608,329,0,128,0,51,0,80,5,0,idle,none
105.20913906739244,545,0,128,0,51,0,80,5,0,idle,none
105.21893245545684,260,0,128,0,51,0,80,5,0,idle,none
105.2391566088772,316,0,128,0,51,0,80,5,0,idle,none
105.33892518616663,329,0,128,0,51,0,80,5,0,idle,none
105.83925366194774,545,0,128,0,51,0,80,5,0,idle,none
105.84939477912918,260,0,128,0,51,0,80,5,0,idle,none
105.87022822894002,316,0,128,0,51,0,80,5,0,idle,none
105.97072868907325,329,0,128,0,51,0,80,5,0,idle,none
106.47030410095418,545,0,128,0,51,0,80,5,0,idle,none
106.48085372876578,260,0,128,0,51,0,80,5,0,idle,none
106.50147164919716,316,0,128,0,51,0,80,5,0,idle,none
106.60096725479538,329,0,128,0,51,0,80,5,0,idle,none
107.10421163151383,545,0,128,0,51,0,80,5,0,idle,none
107.11443986066763,260,0,128,0,51,0,80,5,0,idle,none
107.13434885340888,316,0,128,0,51,0,80,5,0,idle,none
107.23452057544873,329,0,128,0,51,0,80,5,0,idle,none
107.73416384868446,545,0,128,0,51,0,80,5,0,idle,none
107.74390285323531,260,0,128,0,51,0,80,5,0,idle,none
107.76382699697123,316,0,128,0,51,0,80,5,0,idle,none
107.86414431166949,329,0,128,0,51,0,80,5,0,idle,none
108.3635432026764,545,0,128,0,51,0,80,5,0,idle,none
108.372928988926,260,0,128,0,51,0,80,5,0,idle,none
108.39214033123702,316,0,128,0,51,0,80,5,0,idle,none
108.49294776406259,329,0,128,0,51,0,80,5,0,idle,none
108.99328376976113,545,0,128,0,51,0,80,5,0,idle,none
109.00301219176018,260,0,128,0,51,0,80,5,0,idle,none
109.023401625034,316,0,128,0,51,0,80,5,0,idle,none
109.12327238501561,329,0,128,0,51,0,80,5,0,idle,none
109.62360212052312,545,0,128,0,51,0,80,5,0,idle,none
109.63316352791038,260,0,128,0,51,0,80,5,0,idle,none
109.65365698391417,316,0,128,0,51,0,80,5,0,idle,none
109.75427341692935,329,0,128,0,51,0,80,5,0,idle,none
110.2539965458293,545,0,128,0,51,0,80,5,0,idle,none
110.26363850342132,260,0,128,0,51,0,80,5,0,idle,none
110.28426583264064,316,0,128,0,51,0,80,5,0,idle,none
110.38364824009493,329,0,128,0,51,0,80,5,0,idle,none
110.8828103089452,545,0,128,0,51,0,80,5,0,idle,none
110.89346541998958,260,0,128,0,51,0,80,5,0,idle,none
110.91329012654838,316,0,128,0,51,0,80,5,0,idle,none
111.0140637535605,329,0,128,0,51,0,80,5,0,idle,none
111.51456970506553,545,0,128,0,51,0,80,5,0,idle,none
111.52447504225171,260,0,128,0,51,0,80,5,0,idle,none
111.543757389311,316,0,128,0,51,0,80,5,0,idle,none
111.64460187200285,329,0,128,0,51,0,80,5,0,idle,none
112.14508130733735,545,0,128,0,51,0,80,5,0,idle,none
112.15522975749886,260,0,128,0,51,0,80,5,0,idle,none
112.17432568457633,316,0,128,0,51,0,80,5,0,idle,none
112.27353009559496,329,0,128,0,51,0,80,5,0,idle,none
112.77255799537852,545,0,128,0,51,0,80,5,0,idle,none
112.78187431240522,260,0,128,0,51,0,80,5,0,idle,none
112.80139231477432,316,0,128,0,51,0,80,5,0,idle,none
112.90204947091709,329,0,128,0,51,0,80,5,0,idle,none
113.40225411703233,545,0,128,0,51,0,80,5,0,idle,none
113.4131889769659,260,0,128,0,51,0,80,5,0,idle,none
113.4322734193823,316,0,128,0,51,0,80,5,0,idle,none
113.53297973604984,329,0,128,0,51,0,80,5,0,idle,none
114.03260377637416,545,0,128,0,51,0,80,5,0,idle,none
114.04183604011216,260,0,128,0,51,0,80,5,0,idle,none
114.06092662685589,316,0,128,0,51,0,80,5,0,idle,none
114.16057893691959,329,0,128,0,51,0,80,5,0,idle,none
114.66141375823871,545,0,128,0,51,0,80,5,0,idle,none
114.67089754258922,260,0,128,0,51,0,80,5,0,idle,none
114.6909519869716,316,0,128,0,51,0,80,5,0,idle,none
114.79193598048772,329,0,128,0,51,0,80,5,0,idle,none
115.29269998737293,545,0,128,0,51,0,80,5,0,idle,none
115.30318369406642,260,0,128,0,51,0,80,5,0,idle,none
115.32235236132631,316,0,128,0,51,0,80,5,0,idle,none
115.42184416504664,329,0,128,0,51,0,80,5,0,idle,none
115.92266102708923,545,0,128,0,51,0,80,5,0,idle,none
115.93236937158723,260,0,128,0,51,0,80,5,0,idle,none
115.95309348386523,316,0,128,0,51,0,80,5,0,idle,none
116.05374433153308,329,0,128,0,51,0,80,5,0,idle,none
116.55352836134651,545,0,128,0,51,0,80,5,0,idle,none
116.56293221186645,260,0,128,0,51,0,80,5,0,idle,none
116.58279554751441,316,0,128,0,51,0,80,5,0,idle,none
116.68325911571797,329,0,128,0,51,0,80,5,0,idle,none
117.18425629532415,545,0,128,0,51,0,80,5,0,idle,none
117.19484311764471,260,0,128,0,51,0,80,5,0,idle,none
117.21472092623037,316,0,128,0,51,0,80,5,0,idle,none
117.3156509192822,329,0,128,0,51,0,80,5,0,idle,none
117.81539513900756,545,0,128,0,51,0,80,5,0,idle,none
117.82535065443655,260,0,128,0,51,0,80,5,0,idle,none
117.84598905100326,316,0,128,0,51,0,80,5,0,idle,none
117.94514900451489,329,0,128,0,51,0,80,5,0,idle,none
118.4483409542869,545,0,128,0,51,0,80,5,0,idle,none
118.45778151847861,260,0,128,0,51,0,80,5,0,idle,none
118.47716836312483,316,0,128,0,51,0,80,5,0,idle,none
118.57694780354831,329,0,128,0,51,0,80,5,0,idle,none
119.0765999062702,545,0,128,0,51,0,80,5,0,idle,none
119.08665427211034,260,0,128,0,51,0,80,5,0,idle,none
119.10571783448019,316,0,128,0,51,0,80,5,0,idle,none
119.20623839155319,329,0,128,0,51,0,80,5,0,idle,none
119.7068556548756,545,0,128,0,51,0,80,5,0,idle,none
119.71660515317241,260,0,128,0,51,0,80,5,0,idle,none
119.73644782193608,316,0,128,0,51,0,80,5,0,idle,none
119.8360654542466,329,0,128,0,51,0,80,5,0,idle,none
120.33542369882686,545,0,128,0,51,0,80,5,0,idle,none
120.34603513905425,260,0,128,0,51,0,80,5,0,idle,none
120.3650929647575,316,0,128,0,51,0,80,5,0,idle,none
120.46518311529978,329,0,128,0,51,0,80,5,0,idle,none
120.96509099145453,545,0,128,0,51,0,80,5,0,idle,none
120.97545007220255,260,0,128,0,51,0,80,5,0,idle,none
120.99458836270868,316,0,128,0,51,0,80,5,0,idle,none
121.09388564697048,329,0,128,0,51,0,80,5,0,idle,none
121.59292578797928,545,0,128,0,51,0,80,5,0,idle,none
121.60212338731004,260,0,128,0,51,0,80,5,0,idle,none
121.62248619558362,316,0,128,0,51,0,80,5,0,idle,none
121.72246595848344,329,0,128,0,51,0,80,5,0,idle,none
122.22252065536416,545,0,128,0,51,0,80,5,0,idle,none
122.23185617342573,260,0,128,0,51,0,80,5,0,idle,none
122.25141718260798,316,0,128,0,51,0,80,5,0,idle,none
122.35095316459726,329,0,128,0,51,0,80,5,0,idle,none
122.85095841343495,545,0,128,0,51,0,80,5,0,idle,none
122.86116565945416,260,0,128,0,51,0,80,5,0,idle,none
122.8806971971677,316,0,128,0,51,0,80,5,0,idle,none
122.98011926311978,329,0,128,0,51,0,80,5,0,idle,none
123.4803829734641,545,0,128,0,51,0,80,5,0,idle,none
123.4900810462141,260,0,128,0,51,0,80,5,0,idle,none
123.51069295609393,316,0,128,0,51,0,80,5,0,idle,none
123.61030950151869,329,0,128,0,51,0,80,5,0,idle,none
124.11082576482428,545,0,128,0,51,0,80,5,0,idle,none
124.1217897438595,260,0,128,0,51,0,80,5,0,idle,none
124.14135743683786,316,0,128,0,51,0,80,5,0,idle,none
124.24198611633398,329,0,128,0,51,0,80,5,0,idle,none
124.74101231221245,545,0,128,0,51,0,80,5,0,idle,none
124.75026293092293,260,0,128,0,51,0,80,5,0,idle,none
124.76952132854164,316,0,128,0,51,0,80,5,0,idle,none
124.8691068073828,329,0,128,0,51,0,80,5,0,idle,none
125.36918403571845,545,0,128,0,51,0,80,5,0,idle,none
125.37886466831293,260,0,128,0,51,0,80,5,0,idle,none
125.39891167892598,316,0,128,0,51,0,80,5,0,idle,none
125.49990072183579,329,0,128,0,51,0,80,5,0,idle,none
125.99918460677847,545,0,128,0,51,0,80,5,0,idle,none
126.01007254895212,260,0,128,0,51,0,80,5,0,parking,none
126.03092228376471,316,0,128,0,51,0,80,5,0,parking,none
126.13041397648567,329,0,128,0,51,0,80,5,0,parking,none
126.63127334292413,545,0,128,0,51,0,80,5,0,parking,none
126.64210236522527,260,0,128,0,51,0,80,5,0,parking,none
126.66144798469927,316,0,128,0,51,0,80,5,0,parking,none
126.76108518192706,329,0,128,0,51,0,80,5,0,parking,none
127.26048562160379,545,0,128,0,51,0,80,5,0,parking,none
127.27085608504588,260,0,128,0,51,0,80,5,0,parking,none
127.29127014668487,316,0,128,0,51,0,80,5,0,parking,none
127.39037659115095,329,0,128,0,51,0,80,5,0,parking,none
127.88965670229173,545,0,128,0,51,0,80,5,0,parking,none
127.89882079790526,260,0,128,0,51,0,80,5,0,parking,none
127.91935735221587,316,0,128,0,51,0,80,5,0,parking,none
128.0194632979172,329,0,128,0,51,0,80,5,0,parking,none
128.51984211870007,545,0,128,0,51,0,80,5,0,parking,none
128.5307520865018,260,0,128,0,51,0,80,5,0,parking,none
128.55120327344542,316,0,128,0,51,0,80,5,0,parking,none
128.65056429725567,329,0,128,0,51,0,80,5,0,parking,none
129.15148788855117,545,0,128,0,51,0,80,5,0,parking,none
129.1619604539378,260,0,128,0,51,0,80,5,0,parking,none
129.18192267091604,316,0,128,0,51,0,80,5,0,parking,none
129.2818535274102,329,0,128,0,51,0,80,5,0,parking,none
129.78111683187433,545,0,128,0,51,0,80,5,0,parking,none
129.7903505578264,260,0,128,0,51,0,80,5,0,parking,none
129.81086552056945,316,0,128,0,51,0,80,5,0,parking,none
129.91038898553032,329,0,128,0,51,0,80,5,0,parking,none
130.41005344060758,545,0,128,0,51,0,80,5,0,parking,none
130.41987145787292,260,0,128,0,51,0,80,5,0,parking,none
130.44032313642435,316,0,128,0,51,0,80,5,0,parking,none
130.53935322237098,329,0,128,0,51,0,80,5,0,parking,none
131.0400441773295,545,0,128,0,51,0,80,5,0,parking,none
131.04978719555552,260,0,128,0,51,0,80,5,0,parking,none
131.0694710814064,316,0,128,0,51,0,80,5,0,parking,none
131.16866016029962,329,0,128,0,51,0,80,5,0,parking,none
131.67179416112083,545,0,128,0,51,0,80,5,0,parking,none
131.68117494035545,260,0,128,0,51,0,80,5,0,parking,none
131.7018013378667,316,0,128,0,51,0,80,5,0,parking,none
131.8009742818607,329,0,128,0,51,0,80,5,0,parking,none
132.30051149579253,545,0,128,0,51,0,80,5,0,parking,none
132.31027392563018,260,0,128,0,51,0,80,5,0,parking,none
132.33051997985388,316,0,128,0,51,0,80,5,0,parking,none
132.4305393795302,329,0,128,0,51,0,80,5,0,parking,none
132.93014018045338,545,0,128,0,51,0,80,5,0,parking,none
132.9396428316732,260,0,128,0,51,0,80,5,0,parking,none
132.9587485918169,316,0,128,0,51,0,80,5,0,parking,none
133.05810980704265,329,0,128,0,51,0,80,5,0,parking,none
133.55908878221734,545,0,128,0,51,0,80,5,0,parking,none
133.5692605514042,260,0,128,0,51,0,80,5,0,parking,none
133.58844020744414,316,0,128,0,51,0,80,5,0,parking,none
133.68899197881265,329,0,128,0,51,0,80,5,0,parking,none
134.18970629606255,545,0,128,0,51,0,80,5,0,parking,none
134.19969699495124,260,0,128,0,51,0,80,5,0,parking,none
134.2196691866877,316,0,128,0,51,0,80,5,0,parking,none
134.32046278825464,329,0,128,0,51,0,80,5,0,parking,none
134.82030958774533,545,0,128,0,51,0,80,5,0,parking,none
134.829620436546,260,0,128,0,51,0,80,5,0,parking,none
134.8497862701919,316,0,128,0,51,0,80,5,0,parking,none
134.94992854719695,329,0,128,0,51,0,80,5,0,parking,none
135.44960389253802,545,0,128,0,51,0,80,5,0,parking,none
135.4591248070662,260,0,128,0,51,0,80,5,0,parking,none
135.47912189920214,316,0,128,0,51,0,80,5,0,parking,none
135.580090464643,329,0,128,0,51,0,80,5,0,parking,none
136.08051126808024,545,0,128,0,51,0,80,5,0,parking,none
136.08970288326623,260,0,128,0,51,0,80,5,0,parking,none
136.11069812495467,316,0,128,0,51,0,80,5,0,parking,none
136.21012331793193,329,0,128,0,51,0,80,5,0,parking,none
136.70912891001944,545,0,128,0,51,0,80,5,0,parking,none
136.7188183725746,260,0,128,0,51,0,80,5,0,parking,none
136.738194974329,316,0,128,0,51,0,80,5,0,parking,none
136.83796810998166,329,0,128,0,51,0,80,5,0,parking,none
137.3376652020573,545,0,128,0,51,0,80,5,0,parking,none
137.34813923350865,260,0,128,0,51,0,80,5,0,parking,none
137.3690331402017,316,0,128,0,51,0,80,5,0,parking,none
137.46993941565384,329,0,128,0,51,0,80,5,0,parking,none
137.96954597742226,545,0,128,0,51,0,80,5,0,parking,none
137.98003480484462,260,0,128,0,51,0,80,5,0,parking,none
137.99974399299066,316,0,128,0,51,0,80,5,0,parking,none
138.09935663373045,329,0,128,0,51,0,80,5,0,parking,none
138.59971080232148,545,0,128,0,51,0,80,5,0,parking,none
138.6088182032433,260,0,128,0,51,0,80,5,0,parking,none
138.62821144800955,316,0,128,0,51,0,80,5,0,parking,none
138.72854479680495,329,0,128,0,51,0,80,5,0,parking,none
139.22785127472866,545,0,128,0,51,0,80,5,0,parking,none
139.23842239561378,260,0,128,0,51,0,80,5,0,parking,none
139.25916346883895,316,0,128,0,51,0,80,5,0,parking,none
139.35968014251122,329,0,128,0,51,0,80,5,0,parking,none
139.85914193788489,545,0,128,0,51,0,80,5,0,parking,none
139.8719414446326,260,0,128,0,51,0,80,5,0,parking,none
139.89161253587753,316,0,128,0,51,0,80,5,0,parking,none
139.99189722984687,329,0,128,0,51,0,80,5,0,parking,none
140.49138528189914,545,0,128,0,51,0,80,5,0,parking,none
140.50226704402647,260,0,128,0,51,0,80,5,0,parking,none
140.52285025992546,316,0,128,0,51,0,80,5,0,parking,none
140.6236879915061,329,0,128,0,51,0,80,5,0,parking,none
141.12394271605092,545,0,128,0,51,0,80,5,0,parking,none
141.13438676207593,260,0,128,0,51,0,80,5,0,parking,none
141.1541632931052,316,0,128,0,51,0,80,5,0,parking,none
141.2550381419394,329,0,128,0,51,0,80,5,0,parking,none
141.7560311482232,545,0,128,0,51,0,80,5,0,parking,none
141.76547872039924,260,0,128,0,51,0,80,5,0,parking,none
141.7855299085528,316,0,128,0,51,0,80,5,0,parking,none
141.88480645010196,329,0,128,0,51,0,80,5,0,parking,none
142.38498948586488,545,0,128,0,51,0,80,5,0,parking,none
142.3957022164919,260,0,128,0,51,0,80,5,0,parking,none
142.41579836550991,316,0,128,0,51,0,80,5,0,parking,none
142.5152281067115,329,0,128,0,51,0,80,5,0,parking,none
143.01467586538237,545,0,128,0,51,0,80,5,0,parking,none
143.02467336119835,260,0,128,0,51,0,80,5,0,parking,none
143.0442366183137,316,0,128,0,51,0,80,5,0,parking,none
143.1446285858845,329,0,128,0,51,0,80,5,0,parking,none
143.6447651617475,545,0,128,0,51,0,80,5,0,parking,none
143.6547926238089,260,0,128,0,51,0,80,5,0,parking,none
143.67403719912116,316,0,128,0,51,0,80,5,0,parking,none
143.77313820217572,329,0,128,0,51,0,80,5,0,parking,none
144.27391686171052,545,0,128,0,51,0,80,5,0,parking,none
144.2841908000099,260,0,128,0,51,0,80,5,0,parking,none
144.30467624476023,316,0,128,0,51,0,80,5,0,parking,none
144.4045898254083,329,0,128,0,51,0,80,5,0,parking,none
144.9050733337449,545,0,128,0,51,0,80,5,0,parking,none
144.91481599785163,260,0,128,0,51,0,80,5,0,parking,none
144.93523980000626,316,0,128,0,51,0,80,5,0,parking,none
145.03459675026377,329,0,128,0,51,0,80,5,0,parking,none
145.53498003838607,545,0,128,0,51,0,80,5,0,parking,none
145.5459010630026,260,0,128,0,51,0,80,5,0,parking,none
145.56566935567017,316,0,128,0,51,0,80,5,0,parking,none
145.66591811718015,329,0,128,0,51,0,80,5,0,parking,none
146.16704855339347,545,0,128,0,51,0,80,5,0,parking,none
146.17709214164967,260,0,128,0,51,0,80,5,0,parking,none
146.19804900898905,316,0,128,0,51,0,80,5,0,parking,none
146.29700732332634,329,0,128,0,51,0,80,5,0,parking,none
146.7972873221732,545,0,128,0,51,0,80,5,0,parking,none
146.8063276196786,260,0,128,0,51,0,80,5,0,parking,none
146.82719952508845,316,0,128,0,51,0,80,5,0,parking,none
146.9271661965675,329,0,128,0,51,0,80,5,0,parking,none
147.42803748473668,545,0,128,0,51,0,80,5,0,parking,none
147.43734178412157,260,0,128,0,51,0,80,5,0,parking,none
147.45819948857718,316,0,128,0,51,0,80,5,0,parking,none
147.5573759466525,329,0,128,0,51,0,80,5,0,parking,none
148.05673270314827,545,0,128,0,51,0,80,5,0,parking,none
148.0669579513777,260,0,128,0,51,0,80,5,0,parking,none
148.0871134242775,316,0,128,0,51,0,80,5,0,parking,none
148.1863885429574,329,0,128,0,51,0,80,5,0,parking,none
148.68615709835723,545,0,128,0,51,0,80,5,0,parking,none
148.69623041756103,260,0,128,0,51,0,80,5,0,parking,none
148.71623922947197,316,0,128,0,51,0,80,5,0,parking,none
148.81694853529106,329,0,128,0,51,0,80,5,0,parking,none
149.31745210945633,545,0,128,0,51,0,80,5,0,parking,none
149.32814142459594,260,0,128,0,51,0,80,5,0,parking,none
149.34828686700456,316,0,128,0,51,0,80,5,0,parking,none
149.44780890119532,329,0,128,0,51,0,80,5,0,parking,none
149.9474069265271,545,0,128,0,51,0,80,5,0,parking,none
149.95819584813407,260,0,128,0,51,0,80,5,0,parking,none
149.9785181853171,316,0,128,0,51,0,80,5,0,parking,none
150.07773634121386,329,0,128,0,51,0,80,5,0,parking,none
150.57782470043372,545,0,128,0,51,0,80,5,0,parking,none
150.58780154835515,260,0,128,0,51,0,80,5,0,parking,none
150.60742574658337,316,0,128,0,51,0,80,5,0,parking,none
150.70699056522497,329,0,128,0,51,0,80,5,0,parking,none
151.2066244818672,545,0,128,0,51,0,80,5,0,parking,none
151.21576617529144,260,0,128,0,51,0,80,5,0,parking,none
151.23622421895084,316,0,128,0,51,0,80,5,0,parking,none
151.33609483936434,329,0,128,0,51,0,80,5,0,parking,none
151.83590600153255,545,0,128,0,51,0,80,5,0,parking,none
151.846513341163,260,0,128,0,51,0,80,5,0,parking,none
151.867277718015,316,0,128,0,51,0,80,5,0,parking,none
151.967206379424,329,0,128,0,51,0,80,5,0,parking,none
152.4668209289787,545,0,128,0,51,0,80,5,0,parking,none
152.47658883768,260,0,128,0,51,0,80,5,0,parking,none
152.49603900229368,316,0,128,0,51,0,80,5,0,parking,none
152.59552396064032,329,0,128,0,51,0,80,5,0,parking,none
153.09533571838176,545,0,128,0,51,0,80,5,0,parking,none
153.10383483922732,260,0,128,0,51,0,80,5,0,parking,none
153.12448262108853,316,0,128,0,51,0,80,5,0,parking,none
153.22525446991426,329,0,128,0,51,0,80,5,0,parking,none
153.72456290863707,545,0,128,0,51,0,80,5,0,parking,none
153.73452587235894,260,0,128,0,51,0,80,5,0,parking,none
153.75447859178257,316,0,128,0,51,0,80,5,0,parking,none
153.8540250705534,329,0,128,0,51,0,80,5,0,parking,none
154.3533364887239,545,0,128,0,51,0,80,5,0,parking,none
154.36261375285454,260,0,128,0,51,0,80,5,0,parking,none
154.38300900116346,316,0,128,0,51,0,80,5,0,parking,none
154.48292250031244,329,0,128,0,51,0,80,5,0,parking,none
154.9824046739716,545,0,128,0,51,0,80,5,0,parking,none
154.99288267103876,260,0,128,0,51,0,80,5,0,parking,none
155.01292119518303,316,0,128,0,51,0,80,5,0,parking,none
155.11256712804962,329,0,128,0,51,0,80,5,0,parking,none
155.61204494295427,545,0,128,0,51,0,80,5,0,parking,none
155.62226023577202,260,0,128,0,51,0,80,5,0,parking,none
155.64183757276317,316,0,128,0,51,0,80,5,0,parking,none
155.7447747355559,329,0,128,0,51,0,80,5,0,parking,none
156.24419015478614,545,0,128,0,51,0,80,5,0,parking,none
156.2544118104395,260,0,128,0,51,0,80,5,0,parking,none
156.27354308048282,316,0,128,0,51,0,80,5,0,parking,none
156.37369096680348,329,0,128,0,51,0,80,5,0,parking,none
156.87457348829423,545,0,128,0,51,0,80,5,0,parking,none
156.88496613162488,260,0,128,0,51,0,80,5,0,parking,none
156.90578169860603,316,0,128,0,51,0,80,5,0,parking,none
157.00623416374972,329,0,128,0,51,0,80,5,0,parking,none
157.50563749165667,545,0,128,0,51,0,80,5,0,parking,none
157.51547657760293,260,0,128,0,51,0,80,5,0,parking,none
157.53580734638396,316,0,128,0,51,0,80,5,0,parking,none
157.63508499208683,329,0,128,0,51,0,80,5,0,parking,none
158.13571605943355,545,0,128,0,51,0,80,5,0,parking,none
158.14601935318103,260,0,128,0,51,0,80,5,0,parking,none
158.16503428173047,316,0,128,0,51,0,80,5,0,parking,none
158.2645550602654,329,0,128,0,51,0,80,5,0,parking,none
158.76527726509704,545,0,128,0,51,0,80,5,0,parking,none
158.77522387500238,260,0,128,0,51,0,80,5,0,parking,none
158.7957499800673,316,0,128,0,51,0,80,5,0,parking,none
158.89579792246434,329,0,128,0,51,0,80,5,0,parking,none
159.39576618843387,545,0,128,0,51,0,80,5,0,parking,none
159.40531091022498,260,0,128,0,51,0,80,5,0,parking,none
159.42459435525885,316,0,128,0,51,0,80,5,0,parking,none
159.5243763623891,329,0,128,0,51,0,80,5,0,parking,none
160.02431076258068,545,0,128,0,51,0,80,5,0,parking,none
160.03301617229002,260,0,128,0,51,0,80,5,0,parking,none
160.05291647245977,316,0,128,0,51,0,80,5,0,parking,none
160.15369296202192,329,0,128,0,51,0,80,5,0,parking,none
160.65430051970569,545,0,128,0,51,0,80,5,0,parking,none
160.66379768382447,260,0,128,0,51,0,80,5,0,parking,none
160.68446959831593,316,0,128,0,51,0,80,5,0,parking,none
160.78479853759706,329,0,128,0,51,0,80,5,0,parking,none
161.28405846270823,545,0,128,0,51,0,80,5,0,parking,none
161.29353886667062,260,0,128,0,51,0,80,5,0,parking,none
161.31394111728773,316,0,128,0,51,0,80,5,0,parking,none
161.41470922852517,329,0,128,0,51,0,80,5,0,parking,none
161.91514469453207,545,0,128,0,51,0,80,5,0,parking,none
161.92432700909168,260,0,128,0,51,0,80,5,0,parking,none
161.94526715846067,316,0,128,0,51,0,80,5,0,parking,none
162.04550285535527,329,0,128,0,51,0,80,5,0,parking,none
162.54458687880233,545,0,128,0,51,0,80,5,0,parking,none
162.55361018083914,260,0,128,0,51,0,80,5,0,parking,none
162.5736240271293,316,0,128,0,51,0,80,5,0,parking,none
162.67419318963925,329,0,128,0,51,0,80,5,0,parking,none
163.1741911918224,545,0,128,0,51,0,80,5,0,parking,none
163.18354097102872,260,0,128,0,51,0,80,5,0,parking,none
163.20406849840123,316,0,128,0,51,0,80,5,0,parking,none
163.3034327364114,329,0,128,0,51,0,80,5,0,parking,none
163.80335339556126,545,0,128,0,51,0,80,5,0,parking,none
163.81416452671672,260,0,128,0,51,0,80,5,0,parking,none
163.83354948856666,316,0,128,0,51,0,80,5,0,parking,none
163.93417890786537,329,0,128,0,51,0,80,5,0,parking,none
164.43517266041448,545,0,128,0,51,0,80,5,0,parking,none
164.44499023599792,260,0,128,0,51,0,80,5,0,parking,none
164.46417249739775,316,0,128,0,51,0,80,5,0,parking,none
164.56405693549704,329,0,128,0,51,0,80,5,0,parking,none
165.06460314388974,545,0,128,0,51,0,80,5,0,parking,none
165.07375741180599,260,0,128,0,51,0,80,5,0,parking,none
165.0937703048803,316,0,128,0,51,0,80,5,0,parking,none
165.19349028156694,329,0,128,0,51,0,80,5,0,parking,none
165.6925057657226,545,0,128,0,51,0,80,5,0,parking,none
165.70317748232873,260,0,128,0,51,0,80,5,0,parking,none
165.72126297696022,316,0,128,0,51,0,80,5,0,parking,none
165.82059563906134,329,0,128,0,51,0,80,5,0,parking,none
166.320184984766,545,0,128,0,51,0,80,5,0,parking,none
166.3304987361494,260,0,128,0,51,0,80,5,0,parking,none
166.35220300415784,316,0,128,0,51,0,80,5,0,parking,none
166.4529739213339,329,0,128,0,51,0,80,5,0,parking,none
166.95269250186945,545,0,128,0,51,0,80,5,0,parking,none
166.9629359051289,260,0,128,0,51,0,80,5,0,parking,none
166.98343526080637,316,0,128,0,51,0,80,5,0,parking,none
167.08391421439512,329,0,128,0,51,0,80,5,0,parking,none
167.58348970737092,545,0,128,0,51,0,80,5,0,parking,none
167.5931973919758,260,0,128,0,51,0,80,5,0,parking,none
167.61323597239303,316,0,128,0,51,0,80,5,0,parking,none
167.71381375795193,329,0,128,0,51,0,80,5,0,parking,none
168.21296500074595,545,0,128,0,51,0,80,5,0,parking,none
168.2223897826989,260,0,128,0,51,0,80,5,0,parking,none
168.24162925958996,316,0,128,0,51,0,80,5,0,parking,none
168.3425192460744,329,0,128,0,51,0,80,5,0,parking,none
168.84206319321373,545,0,128,0,51,0,80,5,0,parking,none
168.8523127728771,260,0,128,0,51,0,80,5,0,parking,none
168.8722937764588,316,0,128,0,51,0,80,5,0,parking,none
168.97144495440298,329,0,128,0,51,0,80,5,0,parking,none
169.47056844033452,545,0,128,0,51,0,80,5,0,parking,none
169.48140901518795,260,0,128,0,51,0,80,5,0,parking,none
169.5007375742839,316,0,128,0,51,0,80,5,0,parking,none
169.60122578915804,329,0,128,0,51,0,80,5,0,parking,none
170.102131501909,545,0,128,0,51,0,80,5,0,parking,none
170.1115171450396,260,0,128,0,51,0,80,5,0,parking,none
170.1320491492696,316,0,128,0,51,0,80,5,0,parking,none
170.23139469509383,329,0,128,0,51,0,80,5,0,parking,none
170.73148866971428,545,0,128,0,51,0,80,5,0,parking,none
170.74071952708093,260,0,128,0,51,0,80,5,0,parking,none
170.75988302400293,316,0,128,0,51,0,80,5,0,parking,none
170.85905724320227,329,0,128,0,51,0,80,5,0,parking,none
171.3586473567099,545,0,128,0,51,0,80,5,0,parking,none
171.36893667190915,260,0,128,0,51,0,80,5,0,parking,none
171.38907299094723,316,0,128,0,51,0,80,5,0,parking,none
171.48859794956718,329,0,128,0,51,0,80,5,0,parking,none
171.98800445132517,545,0,128,0,51,0,80,5,0,parking,none
171.99755040839736,260,0,128,0,51,0,80,5,0,parking,none
172.01660471238034,316,0,128,0,51,0,80,5,0,parking,none
172.1161660109967,329,0,128,0,51,0,80,5,0,parking,none
172.61609406642913,545,0,128,0,51,0,80,5,0,parking,none
172.6266519693719,260,0,128,0,51,0,80,5,0,parking,none
172.6470656926253,316,0,128,0,51,0,80,5,0,parking,none
172.7469619584869,329,0,128,0,51,0,80,5,0,parking,none
173.2465788322248,545,0,128,0,51,0,80,5,0,parking,none
173.25600264732432,260,0,128,0,51,0,80,5,0,parking,none
173.27646377968185,316,0,128,0,51,0,80,5,0,parking,none
173.3757681303293,329,0,128,0,51,0,80,5,0,parking,none
173.8751182844959,545,0,128,0,51,0,80,5,0,parking,none
173.8852719482926,260,0,128,0,51,0,80,5,0,parking,none
173.9049701801984,316,0,128,0,51,0,80,5,0,parking,none
174.0050124973015,329,0,128,0,51,0,80,5,0,parking,none
174.5052310605688,545,0,128,0,51,0,80,5,0,parking,none
174.5145589699847,260,0,128,0,51,0,80,5,0,parking,none
174.53494286324226,316,0,128,0,51,0,80,5,0,parking,none
174.63450544647364,329,0,128,0,51,0,80,5,0,parking,none
175.13487760803173,545,0,128,0,51,0,80,5,0,parking,none
175.1448019861665,260,0,128,0,51,0,80,5,0,parking,none
175.16393790006907,316,0,128,0,51,0,80,5,0,parking,none
175.26360189508438,329,0,128,0,51,0,80,5,0,parking,none
175.76411090347892,545,0,128,0,51,0,80,5,0,parking,none
175.7749499076549,260,0,128,0,51,0,80,5,0,parking,none
175.7952313606229,316,0,128,0,51,0,80,5,0,parking,none
175.89613170677254,329,0,128,0,51,0,80,5,0,parking,none
176.39533301909174,545,0,128,0,51,0,80,5,0,parking,none
176.40499552854547,260,0,128,0,51,0,80,5,0,parking,none
176.42462929686684,316,0,128,0,51,0,80,5,0,parking,none
176.52423484799874,329,0,128,0,51,0,80,5,0,parking,none
177.02477442281148,545,0,128,0,51,0,80,5,0,parking,none
177.0352352496657,260,0,128,0,51,0,80,5,0,parking,none
177.05546430866164,316,0,128,0,51,0,80,5,0,parking,none
177.15482428358177,329,0,128,0,51,0,80,5,0,parking,none
177.65448419768055,545,0,128,0,51,0,80,5,0,parking,none
177.6651409666232,260,0,128,0,51,0,80,5,0,parking,none
177.68572773748946,316,0,128,0,51,0,80,5,0,parking,none
177.78538411893737,329,0,128,0,51,0,80,5,0,parking,none
178.28553766580387,545,0,128,0,51,0,80,5,0,parking,none
178.29552438590474,260,0,128,0,51,0,80,5,0,parking,none
178.3161418796171,316,0,128,0,51,0,80,5,0,parking,none
178.41647544328995,329,0,128,0,51,0,80,5,0,parking,none
178.91721795247324,545,0,128,0,51,0,80,5,0,parking,none
178.92682807543946,260,0,128,0,51,0,80,5,0,parking,none
178.94739756617184,316,0,128,0,51,0,80,5,0,parking,none
179.04759437378343,329,0,128,0,51,0,80,5,0,parking,none
179.5475961320719,545,0,128,0,51,0,80,5,0,parking,none
179.55755534332764,260,0,128,0,51,0,80,5,0,parking,none
179.5777280258422,316,0,128,0,51,0,80,5,0,parking,none
179.67868844895114,329,0,128,0,51,0,80,5,0,parking,none
180.17911724099426,545,0,128,0,51,0,80,5,0,parking,none
180.18851427153004,260,0,128,0,51,0,80,5,0,parking,none
180.20866688202392,316,0,128,0,51,0,80,5,0,parking,none
180.3089106592241,329,0,128,0,51,0,80,5,0,parking,none
180.80894658992037,545,0,128,0,51,0,80,5,0,parking,none
180.81826426913122,260,0,128,0,51,0,80,5,0,parking,none
180.83792740927134,316,0,128,0,51,0,80,5,0,parking,none
180.9371884190639,329,0,128,0,51,0,80,5,0,parking,none
181.43639574182055,545,0,128,0,51,0,80,5,0,parking,none
181.44731439267997,260,0,128,0,51,0,80,5,0,parking,none
181.46823909085717,316,0,128,0,51,0,80,5,0,parking,none
181.5684903898909,329,0,128,0,51,0,80,5,0,parking,none
182.06775123392717,545,0,128,0,51,0,80,5,0,parking,none
182.07845467473152,260,0,128,0,51,0,80,5,0,parking,none
182.09863413036956,316,0,128,0,51,0,80,5,0,parking,none
182.1994053584346,329,0,128,0,51,0,80,5,0,parking,none
182.69982807993986,545,0,128,0,51,0,80,5,0,parking,none
182.71075687507786,260,0,128,0,51,0,80,5,0,parking,none
182.73305399514396,316,0,128,0,51,0,80,5,0,parking,none
182.83261217691248,329,0,128,0,51,0,80,5,0,parking,none
183.33182471826902,545,0,128,0,51,0,80,5,0,parking,none
183.341349078872,260,0,128,0,51,0,80,5,0,parking,none
183.3609924539385,316,0,128,0,51,0,80,5,0,parking,none
183.46031635645033,329,0,128,0,51,0,80,5,0,parking,none
183.95987393081896,545,0,128,0,51,0,80,5,0,parking,none
183.9706652531276,260,0,128,0,51,0,80,5,0,parking,none
183.9915042175372,316,0,128,0,51,0,80,5,0,parking,none
184.09056629389823,329,0,128,0,51,0,80,5,0,parking,none
184.58963338704973,545,0,128,0,51,0,80,5,0,parking,none
184.60058435196325,260,0,128,0,51,0,80,5,0,parking,none
184.61998559015387,316,0,128,0,51,0,80,5,0,parking,none
184.72045035628705,329,0,128,0,51,0,80,5,0,parking,none
185.21946711858556,545,0,128,0,51,0,80,5,0,parking,none
185.22914344964536,260,0,128,0,51,0,80,5,0,parking,none
185.24911103243835,316,0,128,0,51,0,80,5,0,parking,none
185.3484102619093,329,0,128,0,51,0,80,5,0,parking,none
185.84929569876883,545,0,128,0,51,0,80,5,0,parking,none
185.85951013492377,260,0,128,0,51,0,80,5,0,parking,none
185.87866242997535,316,0,128,0,51,0,80,5,0,parking,none
185.97904565074757,329,0,128,0,51,0,80,5,0,parking,none
186.4787997791429,545,0,128,0,51,0,80,5,0,parking,none
186.48818292738991,260,0,128,0,51,0,80,5,0,parking,none
186.50769428160703,316,0,128,0,51,0,80,5,0,parking,none
186.60779264205527,329,0,128,0,51,0,80,5,0,parking,none
187.10777900182256,545,0,128,0,51,0,80,5,0,parking,none
187.11506875709762,260,0,128,0,51,0,80,5,0,parking,none
187.13580745696297,316,0,128,0,51,0,80,5,0,parking,none
187.23639272810593,329,0,128,0,51,0,80,5,0,parking,none
187.7359784434212,545,0,128,0,51,0,80,5,0,parking,none
187.74621894242452,260,0,128,0,51,0,80,5,0,parking,none
187.7661922490113,316,0,128,0,51,0,80,5,0,parking,none
187.86403128098962,329,0,128,0,51,0,80,5,0,parking,none
188.36487394672665,545,0,128,0,51,0,80,5,0,parking,none
188.37514903481645,260,0,128,0,51,0,80,5,0,parking,none
188.3956616020798,316,0,128,0,51,0,80,5,0,parking,none
188.49484790181964,329,0,128,0,51,0,80,5,0,parking,none
188.9958348423945,545,0,128,0,51,0,80,5,0,parking,none
189.00208858702393,260,0,128,0,51,0,80,5,0,parking,none
189.02303853920247,316,0,128,0,51,0,80,5,0,parking,none
189.12393949644272,329,0,128,0,51,0,80,5,0,parking,none
189.62345313469288,545,0,128,0,51,0,80,5,0,parking,none
189.6328800454494,260,0,128,0,51,0,80,5,0,parking,none
189.6526803379793,316,0,128,0,51,0,80,5,0,parking,none
189.75176316317834,329,0,128,0,51,0,80,5,0,parking,none
190.25158773447728,545,0,128,0,51,0,80,5,0,parking,none
190.2618474269349,260,0,128,0,51,0,80,5,0,parking,none
190.2823704257433,316,0,128,0,51,0,80,5,0,parking,none
190.38310942920955,329,0,128,0,51,0,80,5,0,parking,none
190.882795974729,545,0,128,0,51,0,80,5,0,parking,none
190.8934881208676,260,0,128,0,51,0,80,5,0,parking,none
190.91410875348825,316,0,128,0,51,0,80,5,0,parking,none
191.01366392080612,329,0,128,0,51,0,80,5,0,parking,none
191.51460263014243,545,0,128,0,51,0,80,5,0,parking,none
191.52366259668636,260,0,128,0,51,0,80,5,0,parking,none
191.5443075570827,316,0,128,0,51,0,80,5,0,parking,none
191.64523468779345,329,0,128,0,51,0,80,5,0,parking,none
192.14529157124102,545,0,128,0,51,0,80,5,0,parking,none
192.15560913702578,260,0,128,0,51,0,80,5,0,parking,none
192.17656578775035,316,0,128,0,51,0,80,5,0,parking,none
192.27585910988472,329,0,128,0,51,0,80,5,0,parking,none
192.77612802846224,545,0,128,0,51,0,80,5,0,parking,none
192.78584132399436,260,0,128,0,51,0,80,5,0,parking,none
192.80672563455565,316,0,128,0,51,0,80,5,0,parking,none
192.9070511848033,329,0,128,0,51,0,80,5,0,parking,none
193.40693900088002,545,0,128,0,51,0,80,5,0,parking,none
193.41672190278763,260,0,128,0,51,0,80,5,0,parking,none
193.43627075304218,316,0,128,0,51,0,80,5,0,parking,none
193.5362984163738,329,0,128,0,51,0,80,5,0,parking,none
194.03577956579247,545,0,128,0,51,0,80,5,0,parking,none
194.04636071957842,260,0,128,0,51,0,80,5,0,parking,none
194.06646225868386,316,0,128,0,51,0,80,5,0,parking,none
194.16733315479942,329,0,128,0,51,0,80,5,0,parking,none
194.66714105802527,545,0,128,0,51,0,80,5,0,parking,none
194.6763933393309,260,0,128,0,51,0,80,5,0,parking,none
194.69611836817805,316,0,128,0,51,0,80,5,0,parking,none
194.797094248338,329,0,128,0,51,0,80,5,0,parking,none
195.29656568590718,545,0,128,0,51,0,80,5,0,parking,none
195.30582032801186,260,0,128,0,51,0,80,5,0,parking,none
195.32643112728124,316,0,128,0,51,0,80,5,0,parking,none
195.42673091351602,329,0,128,0,51,0,80,5,0,parking,none
195.92762157414595,545,0,128,0,51,0,80,5,0,parking,none
195.93814871462078,260,0,128,0,51,0,80,5,0,parking,none
195.9588541258457,316,0,128,0,51,0,80,5,0,parking,none
196.05795605496155,329,0,128,0,51,0,80,5,0,parking,none
196.55769293004627,545,0,128,0,51,0,80,5,0,parking,none
196.56814187494606,260,0,128,0,51,0,80,5,0,parking,none
196.5884119290541,316,0,128,0,51,0,80,5,0,parking,none
196.68840821563634,329,0,128,0,51,0,80,5,0,parking,none
197.1880876212963,545,0,128,0,51,0,80,5,0,parking,none
197.1980749399524,260,0,128,0,51,0,80,5,0,parking,none
197.2188664490477,316,0,128,0,51,0,80,5,0,parking,none
197.3193182139766,329,0,128,0,51,0,80,5,0,parking,none
197.81950348290985,545,0,128,0,51,0,80,5,0,parking,none
197.82869261816123,260,0,128,0,51,0,80,5,0,parking,none
197.84855020043162,316,0,128,0,51,0,80,5,0,parking,none
197.94781075174677,329,0,128,0,51,0,80,5,0,parking,none
198.44870242688035,545,0,128,0,51,0,80,5,0,parking,none
198.45953611399986,260,0,128,0,51,0,80,5,0,parking,none
198.48010089249496,316,0,128,0,51,0,80,5,0,parking,none
198.58082784704925,329,0,128,0,51,0,80,5,0,parking,none
199.08177290551785,545,0,128,0,51,0,80,5,0,parking,none
199.09145097449786,260,0,128,0,51,0,80,5,0,parking,none
199.1117443918958,316,0,128,0,51,0,80,5,0,parking,none
199.21154595704886,329,0,128,0,51,0,80,5,0,parking,none
199.71094325361415,545,0,128,0,51,0,80,5,0,parking,none
199.72177317136695,260,0,128,0,51,0,80,5,0,parking,none
199.74178470763138,316,0,128,0,51,0,80,5,0,parking,none
199.8426798479368,329,0,128,0,51,0,80,5,0,parking,none
200.34254640540308,545,0,128,0,51,0,80,5,0,parking,none
200.35306889419087,260,0,128,0,51,0,80,5,0,parking,none
200.37379597548306,316,0,128,0,51,0,80,5,0,parking,none
200.47387748153974,329,0,128,0,51,0,80,5,0,parking,none
200.9729381593821,545,0,128,0,51,0,80,5,0,parking,none
200.98195807843507,260,0,128,0,51,0,80,5,0,parking,none
201.0016821347733,316,0,128,0,51,0,80,5,0,parking,none
201.10099803868172,329,0,128,0,51,0,80,5,0,parking,none
201.60191409201968,545,0,128,0,51,0,80,5,0,parking,none
201.6123612133786,260,0,128,0,51,0,80,5,0,parking,none
201.63226759735028,316,0,128,0,51,0,80,5,0,parking,none
201.7314663066995,329,0,128,0,51,0,80,5,0,parking,none
202.23137832409697,545,0,128,0,51,0,80,5,0,parking,none
202.24127284825525,260,0,128,0,51,0,80,5,0,parking,none
202.26066898593646,316,0,128,0,51,0,80,5,0,parking,none
202.36009738480993,329,0,128,0,51,0,80,5,0,parking,none
202.86068907880636,545,0,128,0,51,0,80,5,0,parking,none
202.8699245292324,260,0,128,0,51,0,80,5,0,parking,none
202.88995337257646,316,0,128,0,51,0,80,5,0,parking,none
202.9901147609892,329,0,128,0,51,0,80,5,0,parking,none
203.48973674885394,545,0,128,0,51,0,80,5,0,parking,none
203.5004202645012,260,0,128,0,51,0,80,5,0,parking,none
203.52127708761174,316,0,128,0,51,0,80,5,0,parking,none
203.62178207052477,329,0,128,0,51,0,80,5,0,parking,none
204.12083099026185,545,0,128,0,51,0,80,5,0,parking,none
204.13094158672126,260,0,128,0,51,0,80,5,0,parking,none
204.1513726332232,316,0,128,0,51,0,80,5,0,parking,none
204.2506545059306,329,0,128,0,51,0,80,5,0,parking,none
204.75078034123774,545,0,128,0,51,0,80,5,0,parking,none
204.76070776311124,260,0,128,0,51,0,80,5,0,parking,none
204.78024190488773,316,0,128,0,51,0,80,5,0,parking,none
204.88100661899944,329,0,128,0,51,0,80,5,0,parking,none
205.38144289865565,545,0,128,0,51,0,80,5,0,parking,none
205.39088207307594,260,0,128,0,51,0,80,5,0,parking,none
205.41031650711528,316,0,128,0,51,0,80,5,0,parking,none
205.51027586574818,329,0,128,0,51,0,80,5,0,parking,none
206.00964460968527,545,0,128,0,51,0,80,5,0,parking,none
206.02009986422453,260,0,128,0,51,0,80,5,0,parking,none
206.04008131329948,316,0,128,0,51,0,80,5,0,parking,none
206.13964782484172,329,0,128,0,51,0,80,5,0,parking,none
206.639852541122,545,0,128,0,51,0,80,5,0,parking,none
206.6502128482494,260,0,128,0,51,0,80,5,0,parking,none
206.6702092318573,316,0,128,0,51,0,80,5,0,parking,none
206.77051195094734,329,0,128,0,51,0,80,5,0,parking,none
207.2708168559039,545,0,128,0,51,0,80,5,0,parking,none
207.27994177730753,260,0,128,0,51,0,80,5,0,parking,none
207.30062901590819,316,0,128,0,51,0,80,5,0,parking,none
207.3997542949141,329,0,128,0,51,0,80,5,0,parking,none
207.90068364468956,545,0,128,0,51,0,80,5,0,parking,none
207.90972322978328,260,0,128,0,51,0,80,5,0,parking,none
207.92893310033034,316,0,128,0,51,0,80,5,0,parking,none
208.02807640888548,329,0,128,0,51,0,80,5,0,parking,none
208.5282201033362,545,0,128,0,51,0,80,5,0,parking,none
208.53859242055813,260,0,128,0,51,0,80,5,0,parking,none
208.55852979341603,316,0,128,0,51,0,80,5,0,parking,none
208.65923645025777,329,0,128,0,51,0,80,5,0,parking,none
209.15988096034368,545,0,128,0,51,0,80,5,0,parking,none
209.1703772518275,260,0,128,0,51,0,80,5,0,parking,none
209.19067080790163,316,0,128,0,51,0,80,5,0,parking,none
209.2900853716962,329,0,128,0,51,0,80,5,0,parking,none
209.79079678417577,545,0,128,0,51,0,80,5,0,parking,none
209.80013376368123,260,0,128,0,51,0,80,5,0,parking,none
209.82073585665677,316,0,128,0,51,0,80,5,0,parking,none
209.91994990599002,329,0,128,0,51,0,80,5,0,parking,none
210.41914483171936,545,0,128,0,51,0,80,5,0,parking,none
210.42926702785047,260,0,128,0,51,0,80,5,0,parking,none
210.44945408986322,316,0,128,0,51,0,80,5,0,parking,none
210.54892210513853,329,0,128,0,51,0,80,5,0,parking,none
211.04827667911525,545,0,128,0,51,0,80,5,0,parking,none
211.05762329068136,260,0,128,0,51,0,80,5,0,parking,none
211.07835212820882,316,0,128,0,51,0,80,5,0,parking,none
211.17752451663452,329,0,128,0,51,0,80,5,0,parking,none
211.67704754144006,545,0,128,0,51,0,80,5,0,parking,none
211.68663824943638,260,0,128,0,51,0,80,5,0,parking,none
211.70631139280735,316,0,128,0,51,0,80,5,0,parking,none
211.80541789184488,329,0,128,0,51,0,80,5,0,parking,none
212.30545185827555,545,0,128,0,51,0,80,5,0,parking,none
212.31497394781516,260,0,128,0,51,0,80,5,0,parking,none
212.33410203766417,316,0,128,0,51,0,80,5,0,parking,none
212.43426513263702,329,0,128,0,51,0,80,5,0,parking,none
212.93374251244322,545,0,128,0,51,0,80,5,0,parking,none
212.94427402721408,260,0,128,0,51,0,80,5,0,parking,none
212.96444905771753,316,0,128,0,51,0,80,5,0,parking,none
213.0642733537825,329,0,128,0,51,0,80,5,0,parking,none
213.56392158698557,545,0,128,0,51,0,80,5,0,parking,none
213.57482921523507,260,0,128,0,51,0,80,5,0,parking,none
213.5948415000134,316,0,128,0,51,0,80,5,0,parking,none
213.694270997402,329,0,128,0,51,0,80,5,0,parking,none
214.19441645977184,545,0,128,0,51,0,80,5,0,parking,none
214.20371510265963,260,0,128,0,51,0,80,5,0,parking,none
214.22325751970638,316,0,128,0,51,0,80,5,0,parking,none
214.3227969039388,329,0,128,0,51,0,80,5,0,parking,none
214.82362771597226,545,0,128,0,51,0,80,5,0,parking,none
214.8343365547962,260,0,128,0,51,0,80,5,0,parking,none
214.85468271285143,316,0,128,0,51,0,80,5,0,parking,none
214.95488047343937,329,0,128,0,51,0,80,5,0,parking,none
215.45460865515147,545,0,128,0,51,0,80,5,0,parking,none
215.46529471226492,260,0,128,0,51,0,80,5,0,parking,none
215.48449665321684,316,0,128,0,51,0,80,5,0,parking,none
215.58350162129636,329,0,128,0,51,0,80,5,0,parking,none
216.08374220938137,545,0,128,0,51,0,80,5,0,parking,none
216.09405321637655,260,0,128,0,51,0,80,5,0,parking,none
216.11327410365308,316,0,128,0,51,0,80,5,0,parking,none
216.2128390485092,329,0,128,0,51,0,80,5,0,parking,none
216.71312047101583,545,0,128,0,51,0,80,5,0,parking,none
216.7227481217207,260,0,128,0,51,0,80,5,0,parking,none
216.74340354831614,316,0,128,0,51,0,80,5,0,parking,none
216.84387626028155,329,0,128,0,51,0,80,5,0,parking,none
217.34333466648377,545,0,128,0,51,0,80,5,0,parking,none
217.35294069158587,260,0,128,0,51,0,80,5,0,parking,none
217.3723346892062,316,0,128,0,51,0,80,5,0,parking,none
217.4716170876847,329,0,128,0,51,0,80,5,0,parking,none
217.97203475869483,545,0,128,0,51,0,80,5,0,parking,none
217.9821352850714,260,0,128,0,51,0,80,5,0,parking,none
218.00185687946697,316,0,128,0,51,0,80,5,0,parking,none
218.10180199092582,329,0,128,0,51,0,80,5,0,parking,none
218.60205758863978,545,0,128,0,51,0,80,5,0,parking,none
218.61277047142113,260,0,128,0,51,0,80,5,0,parking,none
218.63219340288748,316,0,128,0,51,0,80,5,0,parking,none
218.7330073047049,329,0,128,0,51,0,80,5,0,parking,none
219.2325725040774,545,0,128,0,51,0,80,5,0,parking,none
219.24203345163312,260,0,128,0,51,0,80,5,0,parking,none
219.2619551431508,316,0,128,0,51,0,80,5,0,parking,none
219.36117883407783,329,0,128,0,51,0,80,5,0,parking,none
219.8613560550793,545,0,128,0,51,0,80,5,0,parking,none
219.87090096575753,260,0,128,0,51,0,80,5,0,parking,none
219.89155581104973,316,0,128,0,51,0,80,5,0,parking,none
219.99180992037745,329,0,128,0,51,0,80,5,0,parking,none
220.49243710511755,545,0,128,0,51,0,80,5,0,parking,none
220.50217281569337,260,0,128,0,51,0,80,5,0,parking,none
220.52275112503688,316,0,128,0,51,0,80,5,0,parking,none
220.62201799234614,329,0,128,0,51,0,80,5,0,parking,none
221.12171257298496,545,0,128,0,51,0,80,5,0,parking,none
221.13269169930348,260,0,128,0,51,0,80,5,0,parking,none
221.1532646904679,316,0,128,0,51,0,80,5,0,parking,none
221.253658753969,329,0,128,0,51,0,80,5,0,parking,none
221.75320402505224,545,0,128,0,51,0,80,5,0,parking,none
221.763976339782,260,0,128,0,51,0,80,5,0,parking,none
221.78332016750832,316,0,128,0,51,0,80,5,0,parking,none
221.88270948505212,329,0,128,0,51,0,80,5,0,parking,none
222.38306620218978,545,0,128,0,51,0,80,5,0,parking,none
222.39385785516004,260,0,128,0,51,0,80,5,0,parking,none
222.41441997406136,316,0,128,0,51,0,80,5,0,parking,none
222.5140554842091,329,0,128,0,51,0,80,5,0,parking,none
223.013505286613,545,0,128,0,51,0,80,5,0,parking,none
223.02339039157445,260,0,128,0,51,0,80,5,0,parking,none
223.04246890081976,316,0,128,0,51,0,80,5,0,parking,none
223.14306078277974,329,0,128,0,51,0,80,5,0,parking,none
223.6437528304183,545,0,128,0,51,0,80,5,0,parking,none
223.65402705896392,260,0,128,0,51,0,80,5,0,parking,none
223.67350196634172,316,0,128,0,51,0,80,5,0,parking,none
223.774385443223,329,0,128,0,51,0,80,5,0,parking,none
224.2739250231906,545,0,128,0,51,0,80,5,0,parking,none
224.28479855052942,260,0,128,0,51,0,80,5,0,parking,none
224.30463863091396,316,0,128,0,51,0,80,5,0,parking,none
224.40376595929703,329,0,128,0,51,0,80,5,0,parking,none
224.90290922796214,545,0,128,0,51,0,80,5,0,parking,none
224.91289928937113,260,0,128,0,51,0,80,5,0,parking,none
224.9326709625916,316,0,128,0,51,0,80,5,0,parking,none
225.03295786623926,329,0,128,0,51,0,80,5,0,parking,none
225.53246111657538,545,0,128,0,51,0,80,5,0,parking,none
225.541809399462,260,0,128,0,51,0,80,5,0,parking,none
225.5609062696507,316,0,128,0,51,0,80,5,0,parking,none
225.6614498568444,329,0,128,0,51,0,80,5,0,parking,none
226.1613686322883,545,0,128,0,51,0,80,5,0,parking,none
226.17062067601162,260,0,128,0,51,0,80,5,0,parking,none
226.19090379585654,316,0,128,0,51,0,80,5,0,parking,none
226.29139032817727,329,0,128,0,51,0,80,5,0,parking,none
226.79141488675202,545,0,128,0,51,0,80,5,0,parking,none
226.801848608611,260,0,128,0,51,0,80,5,0,parking,none
226.82104307765252,316,0,128,0,51,0,80,5,0,parking,none
226.92049194912525,329,0,128,0,51,0,80,5,0,parking,none
227.42140694203164,545,0,128,0,51,0,80,5,0,parking,none
227.4309652401679,260,0,128,0,51,0,80,5,0,parking,none
227.45031720565927,316,0,128,0,51,0,80,5,0,parking,none
227.55035144725127,329,0,128,0,51,0,80,5,0,parking,none
228.0509366975988,545,0,128,0,51,0,80,5,0,parking,none
228.06099712084767,260,0,128,0,51,0,80,5,0,parking,none
228.080425378995,316,0,128,0,51,0,80,5,0,parking,none
228.18004535418487,329,0,128,0,51,0,80,5,0,parking,none
228.67973575629196,545,0,128,0,51,0,80,5,0,parking,none
228.68918979903842,260,0,128,0,51,0,80,5,0,parking,none
228.70823905407877,316,0,128,0,51,0,80,5,0,parking,none
228.80737760110546,329,0,128,0,51,0,80,5,0,parking,none
229.30760431543922,545,0,128,0,51,0,80,5,0,parking,none
229.31850707009013,260,0,128,0,51,0,80,5,0,parking,none
229.3378869738503,316,0,128,0,51,0,80,5,0,parking,none
229.43775329779066,329,0,128,0,51,0,80,5,0,parking,none
229.93732601798948,545,0,128,0,51,0,80,5,0,parking,none
229.94787626620962,260,0,128,0,51,0,80,5,0,parking,none
229.967252285336,316,0,128,0,51,0,80,5,0,parking,none
230.067280403748,329,0,128,0,51,0,80,5,0,parking,none
230.56640258720492,545,0,128,0,51,0,80,5,0,parking,none
230.57608956951987,260,0,128,0,51,0,80,5,0,parking,none
230.59690381307476,316,0,128,0,51,0,80,5,0,parking,none
230.69668268997182,329,0,128,0,51,0,80,5,0,parking,none
231.19647710744513,545,0,128,0,51,0,80,5,0,parking,none
231.20721326973137,260,0,128,0,51,0,80,5,0,parking,none
231.22654042604128,316,0,128,0,51,0,80,5,0,parking,none
231.32647052676057,329,0,128,0,51,0,80,5,0,parking,none
231.8255136955432,545,0,128,0,51,0,80,5,0,parking,none
231.83578110848617,260,0,128,0,51,0,80,5,0,parking,none
231.85505440317226,316,0,128,0,51,0,80,5,0,parking,none
231.95494641046724,329,0,128,0,51,0,80,5,0,parking,none
232.45443074556826,545,0,128,0,51,0,80,5,0,parking,none
232.46406798323676,260,0,128,0,51,0,80,5,0,parking,none
232.4845108140314,316,0,128,0,51,0,80,5,0,parking,none
232.58406910416454,329,0,128,0,51,0,80,5,0,parking,none
233.08412292069343,545,0,128,0,51,0,80,5,0,parking,none
233.0931408108991,260,0,128,0,51,0,80,5,0,parking,none
233.1125459725721,316,0,128,0,51,0,80,5,0,parking,none
233.21164078066002,329,0,128,0,51,0,80,5,0,parking,none
233.7117458493391,545,0,128,0,51,0,80,5,0,parking,none
233.72205491018786,260,0,128,0,51,0,80,5,0,parking,none
233.74243466294402,316,0,128,0,51,0,80,5,0,parking,none
233.8423005601479,329,0,128,0,51,0,80,5,0,parking,none
234.34203604379795,545,0,128,0,51,0,80,5,0,parking,none
234.3517169624093,260,0,128,0,51,0,80,5,0,parking,none
234.37197241361656,316,0,128,0,51,0,80,5,0,parking,none
234.4709927606235,329,0,128,0,51,0,80,5,0,parking,none
234.9709844975262,545,0,128,0,51,0,80,5,0,parking,none
234.98192917812727,260,0,128,0,51,0,80,5,0,parking,none
235.00114353015286,316,0,128,0,51,0,80,5,0,parking,none
235.10143127835082,329,0,128,0,51,0,80,5,0,parking,none
235.60087086357504,545,0,128,0,51,0,80,5,0,parking,none
235.61121442134302,260,0,128,0,51,0,80,5,0,parking,none
235.63063456583328,316,0,128,0,51,0,80,5,0,parking,none
235.73049841478735,329,0,128,0,51,0,80,5,0,parking,none
236.2310134770427,545,0,128,0,51,0,80,5,0,parking,none
236.24115372260096,260,0,128,0,51,0,80,5,0,parking,none
236.26102634980919,316,0,128,0,51,0,80,5,0,parking,none
236.3609713221327,329,0,128,0,51,0,80,5,0,parking,none
236.86195162002215,545,0,128,0,51,0,80,5,0,parking,none
236.8724271612208,260,0,128,0,51,0,80,5,0,parking,none
236.89342695401012,316,0,128,0,51,0,80,5,0,parking,none
236.99310512725242,329,0,128,0,51,0,80,5,0,parking,none
237.4922560624373,545,0,128,0,51,0,80,5,0,parking,none
237.50236888016184,260,0,128,0,51,0,80,5,0,parking,none
237.52479958091848,316,0,128,0,51,0,80,5,0,parking,none
237.62479486981294,329,0,128,0,51,0,80,5,0,parking,none
238.12417126177778,545,0,128,0,51,0,80,5,0,parking,none
238.1332740124471,260,0,128,0,51,0,80,5,0,parking,none
238.15265924433928,316,0,128,0,51,0,80,5,0,parking,none
238.25210745498163,329,0,128,0,51,0,80,5,0,parking,none
238.75158855700298,545,0,128,0,51,0,80,5,0,parking,none
238.76067463717828,260,0,128,0,51,0,80,5,0,parking,none
238.78034140692193,316,0,128,0,51,0,80,5,0,parking,none
238.87984084418423,329,0,128,0,51,0,80,5,0,parking,none
239.38053083707817,545,0,128,0,51,0,80,5,0,parking,none
239.39136731869192,260,0,128,0,51,0,80,5,0,parking,none
239.41184319873946,316,0,128,0,51,0,80,5,0,parking,none
239.51241226847839,329,0,128,0,51,0,80,5,0,parking,none
240.0116778905573,545,0,128,0,51,0,80,5,0,parking,none
240.02247677544688,260,0,128,0,51,0,80,5,0,parking,none
240.04201983608942,316,0,128,0,51,0,80,5,0,parking,none
240.14121728056816,329,0,128,0,51,0,80,5,0,parking,none
240.6414657714416,545,0,128,0,51,0,80,5,0,parking,none
240.65132052871255,260,0,128,0,51,0,80,5,0,parking,none
240.6711235141756,316,0,128,0,51,0,80,5,0,parking,none
240.7702277967473,329,0,128,0,51,0,80,5,0,parking,none
241.2692740719926,545,0,128,0,51,0,80,5,0,parking,none
241.2785233022229,260,0,128,0,51,0,80,5,0,parking,none
241.2976313874827,316,0,128,0,51,0,80,5,0,parking,none
241.39811127273558,329,0,128,0,51,0,80,5,0,parking,none
241.8973781252722,545,0,128,0,51,0,80,5,0,parking,none
241.9071401133788,260,0,128,0,51,0,80,5,0,parking,none
241.9262006649993,316,0,128,0,51,0,80,5,0,parking,none
242.02657685149595,329,0,128,0,51,0,80,5,0,parking,none
242.5258884323462,545,0,128,0,51,0,80,5,0,parking,none
242.5366614133548,260,0,128,0,51,0,80,5,0,parking,none
242.55602378044827,316,0,128,0,51,0,80,5,0,parking,none
242.6560687034802,329,0,128,0,51,0,80,5,0,parking,none
243.15645525441576,545,0,128,0,51,0,80,5,0,parking,none
243.1657293169059,260,0,128,0,51,0,80,5,0,parking,none
243.18539805236685,316,0,128,0,51,0,80,5,0,parking,none
243.285054539339,329,0,128,0,51,0,80,5,0,parking,none
243.7845255890414,545,0,128,0,51,0,80,5,0,parking,none
243.7946771607201,260,0,128,0,51,0,80,5,0,parking,none
243.8144048656584,316,0,128,0,51,0,80,5,0,parking,none
243.914510902476,329,0,128,0,51,0,80,5,0,parking,none
244.4135721260955,545,0,128,0,51,0,80,5,0,parking,none
244.42371758806527,260,0,128,0,51,0,80,5,0,parking,none
244.44310625277717,316,0,128,0,51,0,80,5,0,parking,none
244.54313325988852,329,0,128,0,51,0,80,5,0,parking,none
245.04334118698262,545,0,128,0,51,0,80,5,0,parking,none
245.05244769480643,260,0,128,0,51,0,80,5,0,parking,none
245.07338388553092,316,0,128,0,51,0,80,5,0,parking,none
245.17284238688526,329,0,128,0,51,0,80,5,0,parking,none
245.67266861038345,545,0,128,0,51,0,80,5,0,parking,none
245.6828843287859,260,0,128,0,51,0,80,5,0,parking,none
245.7038248273121,316,0,128,0,51,0,80,5,0,parking,none
245.8043948067938,329,0,128,0,51,0,80,5,0,parking,none
246.3040131410744,545,0,128,0,51,0,80,5,0,parking,none
246.31430979257556,260,0,128,0,51,0,80,5,0,parking,none
246.33334791554435,316,0,128,0,51,0,80,5,0,parking,none
246.4327491856842,329,0,128,0,51,0,80,5,0,parking,none
246.93212933151491,545,0,128,0,51,0,80,5,0,parking,none
246.94190241378035,260,0,128,0,51,0,80,5,0,parking,none
246.96173267646938,316,0,128,0,51,0,80,5,0,parking,none
247.0610324350534,329,0,128,0,51,0,80,5,0,parking,none
247.56018541194965,545,0,128,0,51,0,80,5,0,parking,none
247.57043213611337,260,0,128,0,51,0,80,5,0,parking,none
247.59041978960678,316,0,128,0,51,0,80,5,0,parking,none
247.69100651578157,329,0,128,0,51,0,80,5,0,parking,none
248.1917704212726,545,0,128,0,51,0,80,5,0,parking,none
248.20251151969762,260,0,128,0,51,0,80,5,0,parking,none
248.22335884974362,316,0,128,0,51,0,80,5,0,parking,none
248.324080806109,329,0,128,0,51,0,80,5,0,parking,none
248.82315941238755,545,0,128,0,51,0,80,5,0,parking,none
248.83238631642854,260,0,128,0,51,0,80,5,0,parking,none
248.85179838035987,316,0,128,0,51,0,80,5,0,parking,none
248.95193674345307,329,0,128,0,51,0,80,5,0,parking,none
249.45280961723782,545,0,128,0,51,0,80,5,0,parking,none
249.46319784814457,260,0,128,0,51,0,80,5,0,parking,none
249.48311403691287,316,0,128,0,51,0,80,5,0,parking,none
249.58305014308306,329,0,128,0,51,0,80,5,0,parking,none
250.08289651080585,545,0,128,0,51,0,80,5,0,parking,none
250.09376952903276,260,0,128,0,51,0,80,5,0,parking,none
250.11319760844412,316,0,128,0,51,0,80,5,0,parking,none
250.21354888240393,329,0,128,0,51,0,80,5,0,parking,none
250.71335952321124,545,0,128,0,51,0,80,5,0,parking,none
250.72283578625974,260,0,128,0,51,0,80,5,0,parking,none
250.74284293728877,316,0,128,0,51,0,80,5,0,parking,none
250.84239489323824,329,0,128,0,51,0,80,5,0,parking,none
251.34202248314574,545,0,128,0,51,0,80,5,0,parking,none
251.35226264441778,260,0,128,0,51,0,80,5,0,parking,none
251.3721298759761,316,0,128,0,51,0,80,5,0,parking,none
251.47128132954842,329,0,128,0,51,0,80,5,0,parking,none
251.97148471924598,545,0,128,0,51,0,80,5,0,parking,none
251.98128439572517,260,1,128,0,51,1,86,5,2,city_driving,none
252.00089124931193,316,2,128,1,51,2,86,5,2,city_driving,none
252.1017291431978,329,2,128,1,51,2,86,6,2,city_driving,none
252.6025271965454,545,3,128,1,51,3,86,6,2,city_driving,none
252.61269120011406,260,4,128,2,51,4,86,6,2,city_driving,none
252.63238622500808,316,5,128,2,51,5,86,6,2,city_driving,none
252.7315502846586,329,6,128,2,51,6,86,7,2,city_driving,none
253.2317566235492,545,6,128,3,51,6,86,7,2,city_driving,none
253.2411071963893,260,7,128,3,51,7,86,7,2,city_driving,none
253.26012957297513,316,8,128,3,51,8,86,7,2,city_driving,none
253.3606681414486,329,9,128,4,51,9,86,8,2,city_driving,none
253.86017960122206,545,10,128,4,51,10,86,8,2,city_driving,none
253.86921850646502,260,10,128,4,51,10,86,8,2,city_driving,none
253.8897714329193,316,11,128,4,51,11,86,8,2,city_driving,none
253.99020945004156,329,12,128,5,51,12,86,9,2,city_driving,none
254.48990193651125,545,13,128,5,51,13,86,9,2,city_driving,none
254.5008275877194,260,14,128,5,51,14,86,9,2,city_driving,none
254.52157639981795,316,14,128,6,51,14,86,9,2,city_driving,none
254.62086560014777,329,15,128,6,51,15,86,10,2,city_driving,none
255.12084543078115,545,16,128,6,51,16,86,10,2,city_driving,none
255.13048759883847,260,17,128,7,51,17,86,10,2,city_driving,none
255.14967833067075,316,18,128,7,51,18,86,10,2,city_driving,none
255.24924004998877,329,18,128,7,51,18,86,11,2,city_driving,none
255.748366010309,545,19,128,8,51,19,86,11,2,city_driving,none
255.75823991981198,260,20,128,8,51,20,86,11,2,city_driving,none
255.77771751405206,316,21,128,8,51,21,86,11,2,city_driving,none
255.87867488483573,329,22,128,9,51,22,86,11,2,city_driving,none
256.3791543687248,545,22,128,9,51,22,86,12,2,city_driving,none
256.3886275854075,260,23,128,9,51,23,86,12,2,city_driving,none
256.40800313917515,316,24,128,10,51,24,86,12,2,city_driving,none
256.5070993241027,329,25,128,10,51,25,86,12,2,city_driving,none
257.0079996822057,545,26,128,10,51,26,86,13,2,city_driving,none
257.01771390228726,260,26,128,11,51,26,86,13,2,city_driving,none
257.03739048145525,316,27,128,11,51,27,86,13,2,city_driving,none
257.1367427621142,329,28,128,11,51,28,86,13,2,city_driving,none
257.6370914025097,545,29,128,12,51,29,86,14,2,city_driving,none
257.64713348631904,260,30,128,12,51,30,86,14,2,city_driving,none
257.66698911988266,316,30,128,12,51,30,86,14,2,city_driving,none
257.7678522588218,329,31,128,12,51,31,86,14,2,city_driving,none
258.2682189305493,545,32,128,13,51,32,86,15,2,city_driving,none
258.2773440048718,260,33,128,13,51,33,86,15,2,city_driving,none
258.29739566411047,316,34,128,13,51,34,86,15,2,city_driving,none
258.3973915974492,329,34,128,14,51,34,86,15,2,city_driving,none
258.8981618453237,545,35,128,14,51,35,86,16,2,city_driving,none
258.9072809507292,260,36,128,14,51,36,86,16,2,city_driving,none
258.9275674433867,316,37,128,15,51,37,86,16,2,city_driving,none
259.0283874214717,329,38,128,15,51,38,86,16,2,city_driving,none
259.5274998584774,545,38,128,15,51,38,86,17,2,city_driving,none
259.53676105520145,260,39,128,16,51,39,86,17,2,city_driving,none
259.55669660600154,316,40,128,16,51,40,86,17,2,city_driving,none
259.6571974892157,329,41,128,16,51,41,86,17,2,city_driving,none
260.1571471252808,545,42,128,17,51,42,86,17,2,city_driving,none
260.16632173444776,260,42,128,17,51,42,86,18,2,city_driving,none
260.18616288619626,316,43,128,17,51,43,86,18,2,city_driving,none
260.28714731699796,329,44,128,18,51,44,86,18,2,city_driving,none
260.7867934236522,545,45,128,18,51,45,86,18,2,city_driving,none
260.79709765377214,260,46,128,18,51,46,86,19,2,city_driving,none
260.81668467078663,316,46,128,19,51,46,86,19,2,city_driving,none
260.9157850779998,329,47,128,19,51,47,86,19,2,city_driving,none
261.41492633935945,545,48,128,19,51,48,86,19,2,city_driving,none
261.4256643370031,260,49,128,20,51,49,86,20,2,city_driving,none
261.4458439421354,316,50,128,20,51,50,86,20,2,city_driving,none
261.5460008077597,329,50,128,20,51,50,86,20,2,city_driving,none
262.04651827297874,545,51,128,20,51,51,86,20,2,city_driving,none
262.0572421763041,260,52,128,21,51,52,86,21,2,city_driving,none
262.0769090145693,316,53,128,21,51,53,86,21,2,city_driving,none
262.17782153099324,329,54,128,21,51,54,86,21,2,city_driving,none
262.67716172965066,545,54,128,22,51,54,86,21,2,city_driving,none
262.6870193132124,260,55,128,22,51,55,86,22,2,city_driving,none
262.70775041391187,316,56,128,22,51,56,86,22,2,city_driving,none
262.80774128818547,329,57,128,23,51,57,86,22,2,city_driving,none
263.30694293790833,545,58,128,23,51,58,86,22,2,city_driving,none
263.316490660089,260,58,128,23,51,58,86,23,2,city_driving,none
263.33748619985306,316,59,128,24,51,59,86,23,2,city_driving,none
263.43798380720835,329,60,128,24,51,60,86,23,2,city_driving,none
263.9386444252327,545,60,128,24,51,60,86,23,2,city_driving,none
263.948793512647,260,60,128,24,51,60,86,23,2,city_driving,none
263.96863512051976,316,60,128,24,51,60,86,23,2,city_driving,none
264.0681640162103,329,60,128,24,51,60,86,23,2,city_driving,none
264.56847089979163,545,60,128,24,51,60,86,23,2,city_driving,none
264.5794232280501,260,60,128,24,51,60,86,23,2,city_driving,none
264.59943434304284,316,60,128,24,51,60,86,23,2,city_driving,none
264.6998310861299,329,60,128,24,51,60,86,23,2,city_driving,none
265.19927745960865,545,60,128,24,51,60,86,23,2,city_driving,none
265.2096350011477,260,60,128,24,51,60,86,23,2,city_driving,none
265.2297260196378,316,60,128,24,51,60,86,23,2,city_driving,none
265.3291508119795,329,60,128,24,51,60,86,23,2,city_driving,none
265.8296300394079,545,60,128,24,51,60,86,23,2,city_driving,none
265.8400476194355,260,60,128,24,51,60,86,23,2,city_driving,none
265.86020677189424,316,60,128,24,51,60,86,23,2,city_driving,none
265.9601346040513,329,60,128,24,51,60,86,23,2,city_driving,none
266.4608296547446,545,60,128,24,51,60,86,23,2,city_driving,none
266.47102861492374,260,60,128,24,51,60,86,23,2,city_driving,none
266.4901171287379,316,60,128,24,51,60,86,23,2,city_driving,none
266.590844902702,329,60,128,24,51,60,86,23,2,city_driving,none
267.09097936054303,545,60,128,24,51,60,86,23,2,city_driving,none
267.10165182354365,260,60,128,24,51,60,86,23,2,city_driving,none
267.12168937622806,316,60,128,24,51,60,86,23,2,city_driving,none
267.22266555514216,329,60,128,24,51,60,86,23,2,city_driving,none
267.72324227138364,545,60,128,24,51,60,86,23,2,city_driving,none
267.7340890158983,260,60,128,24,51,60,86,23,2,city_driving,none
267.75344987069155,316,60,128,24,51,60,86,23,2,city_driving,none
267.85286361283903,329,60,128,24,51,60,86,23,2,city_driving,none
268.35241708100534,545,60,128,24,51,60,86,23,2,city_driving,none
268.36235366171803,260,60,128,24,51,60,86,23,2,city_driving,none
268.3830406083073,316,60,128,24,51,60,86,23,2,city_driving,none
268.4822355954221,329,60,128,24,51,60,86,23,2,city_driving,none
268.9829048128611,545,60,128,24,51,60,86,23,2,city_driving,none
268.9921175398165,260,60,128,24,51,60,86,23,2,city_driving,none
269.01290564499953,316,60,128,24,51,60,86,23,2,city_driving,none
269.11222933232403,329,60,128,24,51,60,86,23,2,city_driving,none
269.6120747081385,545,60,128,24,51,60,86,23,2,city_driving,none
269.6215433791604,260,60,128,24,51,60,86,23,2,city_driving,none
269.64153665291485,316,60,128,24,51,60,86,23,2,city_driving,none
269.74178345777887,329,60,128,24,51,60,86,23,2,city_driving,none
270.24225463347767,545,60,128,24,51,60,86,23,2,city_driving,none
270.2517835722145,260,60,128,24,51,60,86,23,2,city_driving,none
270.27131446078135,316,60,128,24,51,60,86,23,2,city_driving,none
270.3711751485482,329,60,128,24,51,60,86,23,2,city_driving,none
270.8719230546179,545,60,128,24,51,60,86,23,2,city_driving,none
270.88281673416674,260,60,128,24,51,60,86,23,2,city_driving,none
270.9036372305792,316,60,128,24,51,60,86,23,2,city_driving,none
271.0030901467896,329,60,128,24,51,60,86,23,2,city_driving,none
271.50304142357317,545,60,128,24,51,60,86,23,2,city_driving,none
271.51365308335147,260,60,128,24,51,60,86,23,2,city_driving,none
271.53384755991726,316,60,128,24,51,60,86,23,2,city_driving,none
271.63443729091745,329,60,128,24,51,60,86,23,2,city_driving,none
272.13525239270643,545,60,128,24,51,60,86,23,2,city_driving,none
272.1455261900363,260,60,128,24,51,60,86,23,2,city_driving,none
272.1645363739275,316,60,128,24,51,60,86,23,2,city_driving,none
272.26364686506406,329,60,128,24,51,60,86,23,2,city_driving,none
272.7639151975822,545,60,128,24,51,60,86,23,2,city_driving,none
272.7740058830724,260,60,128,24,51,60,86,23,2,city_driving,none
272.7906763850958,316,60,128,24,51,60,86,23,2,city_driving,none
272.8913090589977,329,60,128,24,51,60,86,23,2,city_driving,none
273.3909322179602,545,60,128,24,51,60,86,23,2,city_driving,none
273.40146567338644,260,60,128,24,51,60,86,23,2,city_driving,none
273.4205961259172,316,60,128,24,51,60,86,23,2,city_driving,none
273.5198722222645,329,60,128,24,51,60,86,23,2,city_driving,none
274.02079098884735,545,60,128,24,51,60,86,23,2,city_driving,none
274.03090767289143,260,60,128,24,51,60,86,23,2,city_driving,none
274.0508024532587,316,60,128,24,51,60,86,23,2,city_driving,none
274.15178222364864,329,60,128,24,51,60,86,23,2,city_driving,none
274.65174848573577,545,60,128,24,51,60,86,23,2,city_driving,none
274.66269486296403,260,60,128,24,51,60,86,23,2,city_driving,none
274.68355639072723,316,60,128,24,51,60,86,23,2,city_driving,none
274.7834534694899,329,60,128,24,51,60,86,23,2,city_driving,none
275.2829618488912,545,60,128,24,51,60,86,23,2,city_driving,none
275.2933508515418,260,60,128,24,51,60,86,23,2,city_driving,none
275.31392613375857,316,60,128,24,51,60,86,23,2,city_driving,none
275.4131246575892,329,60,128,24,51,60,86,23,2,city_driving,none
275.91264980681365,545,60,128,24,51,60,86,23,2,city_driving,none
275.92170339216824,260,60,128,24,51,60,86,23,2,city_driving,none
275.94259475786436,316,60,128,24,51,60,86,23,2,city_driving,none
276.0426392352588,329,60,128,24,51,60,86,23,2,city_driving,none
276.5426049020712,545,60,128,24,51,60,86,23,2,city_driving,none
276.55333720301877,260,60,128,24,51,60,86,23,2,city_driving,none
276.57242986595367,316,60,128,24,51,60,86,23,2,city_driving,none
276.6720356371732,329,60,128,24,51,60,86,23,2,city_driving,none
277.1720026069995,545,60,128,24,51,60,86,23,2,city_driving,none
277.1829607370376,260,60,128,24,51,60,86,23,2,city_driving,none
277.2028253416008,316,60,128,24,51,60,86,23,2,city_driving,none
277.3026639232422,329,60,128,24,51,60,86,23,2,city_driving,none
277.8034525437863,545,60,128,24,51,60,86,23,2,city_driving,none
277.8141886393215,260,60,128,24,51,60,86,23,2,city_driving,none
277.83397711408867,316,60,128,24,51,60,86,23,2,city_driving,none
277.9345744520418,329,60,128,24,51,60,86,23,2,city_driving,none
278.4344041071404,545,60,128,24,51,60,86,23,2,city_driving,none
278.4440475218914,260,60,128,24,51,60,86,23,2,city_driving,none
278.46371314733267,316,60,128,24,51,60,86,23,2,city_driving,none
278.5635482992223,329,60,128,24,51,60,86,23,2,city_driving,none
279.0630099824145,545,60,128,24,51,60,86,23,2,city_driving,none
279.07302098093925,260,60,128,24,51,60,86,23,2,city_driving,none
279.0938012163946,316,60,128,24,51,60,86,23,2,city_driving,none
279.1938344136751,329,60,128,24,51,60,86,23,2,city_driving,none
279.6933069353281,545,60,128,24,51,60,86,23,2,city_driving,none
279.70323822417055,260,60,128,24,51,60,86,23,2,city_driving,none
279.72373904442554,316,60,128,24,51,60,86,23,2,city_driving,none
279.8237532614629,329,60,128,24,51,60,86,23,2,city_driving,none
280.3236473202982,545,60,128,24,51,60,86,23,2,city_driving,none
280.33331380899506,260,60,128,24,51,60,86,23,2,city_driving,none
280.35253851594865,316,60,128,24,51,60,86,23,2,city_driving,none
280.4535126501392,329,60,128,24,51,60,86,23,2,city_driving,none
280.95257543313863,545,60,128,24,51,60,86,23,2,city_driving,none
280.96222447682777,260,60,128,24,51,60,86,23,2,city_driving,none
280.98308850765284,316,60,128,24,51,60,86,23,2,city_driving,none
281.08295026529356,329,60,128,24,51,60,86,23,2,city_driving,none
281.58330819476083,545,60,128,24,51,60,86,23,2,city_driving,none
281.594291653054,260,60,128,24,51,60,86,23,2,city_driving,none
281.6143267223728,316,60,128,24,51,60,86,23,2,city_driving,none
281.7144482577739,329,60,128,24,51,60,86,23,2,city_driving,none
282.21397036831644,545,60,128,24,51,60,86,23,2,city_driving,none
282.22496098527483,260,60,128,24,51,60,86,23,2,city_driving,none
282.2451289974241,316,60,128,24,51,60,86,23,2,city_driving,none
282.34441235234027,329,60,128,24,51,60,86,23,2,city_driving,none
282.84492185250326,545,60,128,24,51,60,86,23,2,city_driving,none
282.8553609061816,260,60,128,24,51,60,86,23,2,city_driving,none
282.8745452061137,316,60,128,24,51,60,86,23,2,city_driving,none
282.97383218995,329,60,128,24,51,60,86,23,2,city_driving,none
283.47478137193696,545,60,128,24,51,60,86,23,2,city_driving,none
283.4847654646808,260,60,128,24,51,60,86,23,2,city_driving,none
283.5057001900774,316,60,128,24,51,60,86,23,2,city_driving,none
283.6060079608294,329,60,128,24,51,60,86,23,2,city_driving,none
284.1053709472153,545,60,128,24,51,60,86,23,2,city_driving,none
284.11442545730193,260,60,128,24,51,60,86,23,2,city_driving,none
284.134673581546,316,60,128,24,51,60,86,23,2,city_driving,none
284.2352459217947,329,60,128,24,51,60,86,23,2,city_driving,none
284.7358415685934,545,60,128,24,51,60,86,23,2,city_driving,none
284.74646035188914,260,60,128,24,51,60,86,23,2,city_driving,none
284.76570058646405,316,60,128,24,51,60,86,23,2,city_driving,none
284.86470271583624,329,60,128,24,51,60,86,23,2,city_driving,none
285.3640742605195,545,60,128,24,51,60,86,23,2,city_driving,none
285.37330607422945,260,60,128,24,51,60,86,23,2,city_driving,none
285.39309437205793,316,60,128,24,51,60,86,23,2,city_driving,none
285.49399462198676,329,60,128,24,51,60,86,23,2,city_driving,none
285.9931106424532,545,60,128,24,51,60,86,23,2,city_driving,none
286.00291041729656,260,60,128,24,51,60,86,23,2,city_driving,none
286.02267224523723,316,60,128,24,51,60,86,23,2,city_driving,none
286.1225903208794,329,60,128,24,51,60,86,23,2,city_driving,none
286.6235562994029,545,60,128,24,51,60,86,23,2,city_driving,none
286.6331454549067,260,60,128,24,51,60,86,23,2,city_driving,none
286.6525930053143,316,60,128,24,51,60,86,23,2,city_driving,none
286.7532852688494,329,60,128,24,51,60,86,23,2,city_driving,none
287.25305650331603,545,60,128,24,51,60,86,23,2,city_driving,none
287.26271915153234,260,60,128,24,51,60,86,23,2,city_driving,none
287.28313499449047,316,60,128,24,51,60,86,23,2,city_driving,none
287.3824051713478,329,60,128,24,51,60,86,23,2,city_driving,none
287.8825996572929,545,60,128,24,51,60,86,23,2,city_driving,none
287.8930056674078,260,60,128,24,51,60,86,23,2,city_driving,none
287.91248075171467,316,60,128,24,51,60,86,23,2,city_driving,none
288.01277221036344,329,60,128,24,51,60,86,23,2,city_driving,none
288.51356368778386,545,60,128,24,51,60,86,23,2,city_driving,none
288.5225840111951,260,60,128,24,51,60,86,23,2,city_driving,none
288.54208616991804,316,60,128,24,51,60,86,23,2,city_driving,none
288.64302899858325,329,60,128,24,51,60,86,23,2,city_driving,none
289.14356926164487,545,60,128,24,51,60,86,23,2,city_driving,none
289.1529592990013,260,60,128,24,51,60,86,23,2,city_driving,none
289.17393769375553,316,60,128,24,51,60,86,23,2,city_driving,none
289.2741966118549,329,60,128,24,51,60,86,23,2,city_driving,none
289.7748864519384,545,60,128,24,51,60,86,23,2,city_driving,none
289.78389863532357,260,60,128,24,51,60,86,23,2,city_driving,none
289.8036531946175,316,60,128,24,51,60,86,23,2,city_driving,none
289.90437000178605,329,60,128,24,51,60,86,23,2,city_driving,none
290.40385745413016,545,60,128,24,51,60,86,23,2,city_driving,none
290.4133910231526,260,60,128,24,51,60,86,23,2,city_driving,none
290.43433792607044,316,60,128,24,51,60,86,23,2,city_driving,none
290.5343632793293,329,60,128,24,51,60,86,23,2,city_driving,none
291.03415641718215,545,60,128,24,51,60,86,23,2,city_driving,none
291.0448745870916,260,60,128,24,51,60,86,23,2,city_driving,none
291.06540056057725,316,60,128,24,51,60,86,23,2,city_driving,none
291.16476691277387,329,60,128,24,51,60,86,23,2,city_driving,none
291.6651078598069,545,60,128,24,51,60,86,23,2,city_driving,none
291.6744063013881,260,60,128,24,51,60,86,23,2,city_driving,none
291.6951613469503,316,60,128,24,51,60,86,23,2,city_driving,none
291.79536118642966,329,60,128,24,51,60,86,23,2,city_driving,none
292.2954529857373,545,60,128,24,51,60,86,23,2,city_driving,none
292.30453649060746,260,60,128,24,51,60,86,23,2,city_driving,none
292.324528433716,316,60,128,24,51,60,86,23,2,city_driving,none
292.42547330469944,329,60,128,24,51,60,86,23,2,city_driving,none
292.9258672772313,545,60,128,24,51,60,86,23,2,city_driving,none
292.936525994831,260,60,128,24,51,60,86,23,2,city_driving,none
292.9556920400971,316,60,128,24,51,60,86,23,2,city_driving,none
293.0550421257765,329,60,128,24,51,60,86,23,2,city_driving,none
293.5553452381519,545,60,128,24,51,60,86,23,2,city_driving,none
293.56481587239534,260,60,128,24,51,60,86,23,2,city_driving,none
293.5856274556928,316,60,128,24,51,60,86,23,2,city_driving,none
293.68524324253883,329,60,128,24,51,60,86,23,2,city_driving,none
294.1860357829975,545,60,128,24,51,60,86,23,2,city_driving,none
294.19620815031186,260,60,128,24,51,60,86,23,2,city_driving,none
294.2155887604289,316,60,128,24,51,60,86,23,2,city_driving,none
294.31574300943464,329,60,128,24,51,60,86,23,2,city_driving,none
294.815430905776,545,60,128,24,51,60,86,23,2,city_driving,none
294.8253050406499,260,60,128,24,51,60,86,23,2,city_driving,none
294.84432074486614,316,60,128,24,51,60,86,23,2,city_driving,none
294.94526839457905,329,60,128,24,51,60,86,23,2,city_driving,none
295.4445874521324,545,60,128,24,51,60,86,23,2,city_driving,none
295.45466815592,260,60,128,24,51,60,86,23,2,city_driving,none
295.47421220871354,316,60,128,24,51,60,86,23,2,city_driving,none
295.5744770971752,329,60,128,24,51,60,86,23,2,city_driving,none
296.0739690769854,545,60,128,24,51,60,86,23,2,city_driving,none
296.08368419597133,260,60,128,24,51,60,86,23,2,city_driving,none
296.1032476878542,316,60,128,24,51,60,86,23,2,city_driving,none
296.20292581003895,329,60,128,24,51,60,86,23,2,city_driving,none
296.70338435117066,545,60,128,24,51,60,86,23,2,city_driving,none
296.71280033955037,260,60,128,24,51,60,86,23,2,city_driving,none
296.73218086358594,316,60,128,24,51,60,86,23,2,city_driving,none
296.8324478869722,329,60,128,24,51,60,86,23,2,city_driving,none
297.33235975599155,545,60,128,24,51,60,86,23,2,city_driving,none
297.3432176268441,260,60,128,24,51,60,86,23,2,city_driving,none
297.36294330316304,316,60,128,24,51,60,86,23,2,city_driving,none
297.46330392762763,329,60,128,24,51,60,86,23,2,city_driving,none
297.964287049145,545,60,128,24,51,60,86,23,2,city_driving,none
297.9739688078127,260,60,128,24,51,60,86,23,2,city_driving,none
297.9947992657829,316,60,128,24,51,60,86,23,2,city_driving,none
298.09534179367455,329,60,128,24,51,60,86,23,2,city_driving,none
298.5959510715867,545,60,128,24,51,60,86,23,2,city_driving,none
298.6066803499913,260,60,128,24,51,60,86,23,2,city_driving,none
298.62599844752305,316,60,128,24,51,60,86,23,2,city_driving,none
298.72649665827794,329,60,128,24,51,60,86,23,2,city_driving,none
299.22636213814206,545,60,128,24,51,60,86,23,2,city_driving,none
299.2360262917013,260,60,128,24,51,60,86,23,2,city_driving,none
299.2568009447522,316,60,128,24,51,60,86,23,2,city_driving,none
299.3575781122351,329,60,128,24,51,60,86,23,2,city_driving,none
299.85787904884296,545,60,128,24,51,60,86,23,2,city_driving,none
299.8671472949848,260,60,128,24,51,60,86,23,2,city_driving,none
299.8869612391787,316,60,128,24,51,60,86,23,2,city_driving,none
299.987150209457,329,60,128,24,51,60,86,23,2,city_driving,none
300.48709336219105,545,60,128,24,51,60,86,23,2,city_driving,none
300.4964144929725,260,60,128,24,51,60,86,23,2,city_driving,none
300.51641302350765,316,60,128,24,51,60,86,23,2,city_driving,none
300.6164319604917,329,60,128,24,51,60,86,23,2,city_driving,none
301.1172714672125,545,60,128,24,51,60,86,23,2,city_driving,none
301.12787702353506,260,60,128,24,51,60,86,23,2,city_driving,none
301.1484644546801,316,60,128,24,51,60,86,23,2,city_driving,none
301.24820449378075,329,60,128,24,51,60,86,23,2,city_driving,none
301.74878533027055,545,60,128,24,51,60,86,23,2,city_driving,none
301.7596715115995,260,60,128,24,51,60,86,23,2,city_driving,none
301.7803077634911,316,60,128,24,51,60,86,23,2,city_driving,none
301.8807922899236,329,60,128,24,51,60,86,23,2,city_driving,none
302.3810289351836,545,60,128,24,51,60,86,23,2,city_driving,none
302.3919392887241,260,60,128,24,51,60,86,23,2,city_driving,none
302.4111452956803,316,60,128,24,51,60,86,23,2,city_driving,none
302.51070958886817,329,60,128,24,51,60,86,23,2,city_driving,none
303.0109495478718,545,60,128,24,51,60,86,23,2,city_driving,none
303.0202177415705,260,60,128,24,51,60,86,23,2,city_driving,none
303.0395867443313,316,60,128,24,51,60,86,23,2,city_driving,none
303.13970408246706,329,60,128,24,51,60,86,23,2,city_driving,none
303.640117456681,545,60,128,24,51,60,86,23,2,city_driving,none
303.65044114252663,260,60,128,24,51,60,86,23,2,city_driving,none
303.67066779106233,316,60,128,24,51,60,86,23,2,city_driving,none
303.7707589193767,329,60,128,24,51,60,86,23,2,city_driving,none
304.2707086065119,545,60,128,24,51,60,86,23,2,city_driving,none
304.28064224215416,260,60,128,24,51,60,86,23,2,city_driving,none
304.301171265434,316,60,128,24,51,60,86,23,2,city_driving,none
304.40025811128277,329,60,128,24,51,60,86,23,2,city_driving,none
304.90073155833306,545,60,128,24,51,60,86,23,2,city_driving,none
304.9108402689568,260,60,128,24,51,60,86,23,2,city_driving,none
304.9310612958453,316,60,128,24,51,60,86,23,2,city_driving,none
305.0307077946707,329,60,128,24,51,60,86,23,2,city_driving,none
305.5313787225499,545,60,128,24,51,60,86,23,2,city_driving,none
305.54111296501634,260,60,128,24,51,60,86,23,2,city_driving,none
305.56037574197774,316,60,128,24,51,60,86,23,2,city_driving,none
305.6607843787961,329,60,128,24,51,60,86,23,2,city_driving,none
306.16053235604915,545,60,128,24,51,60,86,23,2,city_driving,none
306.1702476446702,260,60,128,24,51,60,86,23,2,city_driving,none
306.19041728038115,316,60,128,24,51,60,86,23,2,city_driving,none
306.28994081457,329,60,128,24,51,60,86,23,2,city_driving,none
306.78964529528906,545,60,128,24,51,60,86,23,2,city_driving,none
306.79979656360734,260,60,128,24,51,60,86,23,2,city_driving,none
306.81939710785986,316,60,128,24,51,60,86,23,2,city_driving,none
306.919805262856,329,60,128,24,51,60,86,23,2,city_driving,none
307.420515926752,545,60,128,24,51,60,86,23,2,city_driving,none
307.4310156533073,260,60,128,24,51,60,86,23,2,city_driving,none
307.45143044987844,316,60,128,24,51,60,86,23,2,city_driving,none
307.55104970835265,329,60,128,24,51,60,86,23,2,city_driving,none
308.0516674126975,545,60,128,24,51,60,86,23,2,city_driving,none
308.0611167226168,260,60,128,24,51,60,86,23,2,city_driving,none
308.0814018067372,316,60,128,24,51,60,86,23,2,city_driving,none
308.1819915407023,329,60,128,24,51,60,86,23,2,city_driving,none
308.681321793918,545,60,128,24,51,60,86,23,2,city_driving,none
308.69108027060133,260,60,128,24,51,60,86,23,2,city_driving,none
308.71110372782283,316,60,128,24,51,60,86,23,2,city_driving,none
308.811086849249,329,60,128,24,51,60,86,23,2,city_driving,none
309.3102192697042,545,60,128,24,51,60,86,23,2,city_driving,none
309.320471037108,260,60,128,24,51,60,86,23,2,city_driving,none
309.34048920125406,316,60,128,24,51,60,86,23,2,city_driving,none
309.44143871279783,329,60,128,24,51,60,86,23,2,city_driving,none
309.9408772636201,545,60,128,24,51,60,86,23,2,city_driving,none
309.9506025832403,260,60,128,24,51,60,86,23,2,city_driving,none
309.9714082230393,316,60,128,24,51,60,86,23,2,city_driving,none
310.071712344009,329,60,128,24,51,60,86,23,2,city_driving,none
310.5719200968541,545,60,128,24,51,60,86,23,2,city_driving,none
310.58195876122494,260,60,128,24,51,60,86,23,2,city_driving,none
310.6020302651916,316,60,128,24,51,60,86,23,2,city_driving,none
310.70209652901127,329,60,128,24,51,60,86,23,2,city_driving,none
311.2012512913452,545,60,128,24,51,60,86,23,2,city_driving,none
311.2103731230199,260,60,128,24,51,60,86,23,2,city_driving,none
311.2304552269784,316,60,128,24,51,60,86,23,2,city_driving,none
311.3312389192066,329,60,128,24,51,60,86,23,2,city_driving,none
311.8313758162259,545,60,128,24,51,60,86,23,2,city_driving,none
311.8415772636961,260,60,128,24,51,60,86,23,2,city_driving,none
311.86127239351924,316,60,128,24,51,60,86,23,2,city_driving,none
311.961397632164,329,60,128,24,51,60,86,23,2,city_driving,none
312.4622299456588,545,60,128,24,51,60,86,23,2,city_driving,none
312.4727225152476,260,60,128,24,51,60,86,23,2,city_driving,none
312.4920746333005,316,60,128,24,51,60,86,23,2,city_driving,none
312.591359462999,329,60,128,24,51,60,86,23,2,city_driving,none
313.09226673401747,545,60,128,24,51,60,86,23,2,city_driving,none
313.1014781242044,260,60,128,24,51,60,86,23,2,city_driving,none
313.1222423686931,316,60,128,24,51,60,86,23,2,city_driving,none
313.2219659568522,329,60,128,24,51,60,86,23,2,city_driving,none
313.72206872075185,545,60,128,24,51,60,86,23,2,city_driving,none
313.73247764700903,260,60,128,24,51,60,86,23,2,city_driving,none
313.7527988063478,316,60,128,24,51,60,86,23,2,city_driving,none
313.85299682063516,329,60,128,24,51,60,86,23,2,city_driving,none
314.3533005983901,545,60,128,24,51,60,86,23,2,city_driving,none
314.36416208565583,260,60,128,24,51,60,86,23,2,city_driving,none
314.38451875296994,316,60,128,24,51,60,86,23,2,city_driving,none
314.48410485257796,329,60,128,24,51,60,86,23,2,city_driving,none
314.98343933001996,545,60,128,24,51,60,86,23,2,city_driving,none
314.9928161346068,260,60,128,24,51,60,86,23,2,city_driving,none
315.01182949307736,316,60,128,24,51,60,86,23,2,city_driving,none
315.1124462206886,329,60,128,24,51,60,86,23,2,city_driving,none
315.6115225221793,545,60,128,24,51,60,86,23,2,city_driving,none
315.6225150064888,260,60,128,24,51,60,86,23,2,city_driving,none
315.6434796535105,316,60,128,24,51,60,86,23,2,city_driving,none
315.74368385400953,329,60,128,24,51,60,86,23,2,city_driving,none
316.2427138017067,545,60,128,24,51,60,86,23,2,city_driving,none
316.2533355143547,260,60,128,24,51,60,86,23,2,city_driving,none
316.2730336420702,316,60,128,24,51,60,86,23,2,city_driving,none
316.3733515381028,329,60,128,24,51,60,86,23,2,city_driving,none
316.8725268887927,545,60,128,24,51,60,86,23,2,city_driving,none
316.88280236513725,260,60,128,24,51,60,86,23,2,city_driving,none
316.90253202405773,316,60,128,24,51,60,86,23,2,city_driving,none
317.00209329439343,329,60,128,24,51,60,86,23,2,city_driving,none
317.5012077878352,545,60,128,24,51,60,86,23,2,city_driving,none
317.51122659522014,260,60,128,24,51,60,86,23,2,city_driving,none
317.53072747507167,316,60,128,24,51,60,86,23,2,city_driving,none
317.6313321356837,329,60,128,24,51,60,86,23,2,city_driving,none
318.1320395042962,545,60,128,24,51,60,86,23,2,city_driving,none
318.14166005997924,260,60,128,24,51,60,86,23,2,city_driving,none
318.1608361397013,316,60,128,24,51,60,86,23,2,city_driving,none
318.2604610666951,329,60,128,24,51,60,86,23,2,city_driving,none
318.76105002036303,545,60,128,24,51,60,86,23,2,city_driving,none
318.7718744637668,260,60,128,24,51,60,86,23,2,city_driving,none
318.79165144686783,316,60,128,24,51,60,86,23,2,city_driving,none
318.89239732128067,329,60,128,24,51,60,86,23,2,city_driving,none
319.3924747919788,545,60,128,24,51,60,86,23,2,city_driving,none
319.4017415350118,260,60,128,24,51,60,86,23,2,city_driving,none
319.4221398503873,316,60,128,24,51,60,86,23,2,city_driving,none
319.5216383916805,329,60,128,24,51,60,86,23,2,city_driving,none
320.0215719905641,545,60,128,24,51,60,86,23,2,city_driving,none
320.03134053231753,260,60,128,24,51,60,86,23,2,city_driving,none
320.0505327574731,316,60,128,24,51,60,86,23,2,city_driving,none
320.1495453455473,329,60,128,24,51,60,86,23,2,city_driving,none
320.6504101150798,545,60,128,24,51,60,86,23,2,city_driving,none
320.66090523703934,260,60,128,24,51,60,86,23,2,city_driving,none
320.68052319817144,316,60,128,24,51,60,86,23,2,city_driving,none
320.78090490533975,329,60,128,24,51,60,86,23,2,city_driving,none
321.2807191216145,545,60,128,24,51,60,86,23,2,city_driving,none
321.2907529898978,260,60,128,24,51,60,86,23,2,city_driving,none
321.31136747078455,316,60,128,24,51,60,86,23,2,city_driving,none
321.4105701687393,329,60,128,24,51,60,86,23,2,city_driving,none
321.9111461832985,545,60,128,24,51,60,86,23,2,city_driving,none
321.92144448978337,260,60,128,24,51,60,86,23,2,city_driving,none
321.94120916566163,316,60,128,24,51,60,86,23,2,city_driving,none
322.04032638263186,329,60,128,24,51,60,86,23,2,city_driving,none
322.5399717853806,545,60,128,24,51,60,86,23,2,city_driving,none
322.5497890692774,260,60,128,24,51,60,86,23,2,city_driving,none
322.5695860719465,316,60,128,24,51,60,86,23,2,city_driving,none
322.66927832250434,329,60,128,24,51,60,86,23,2,city_driving,none
323.16846018665296,545,60,128,24,51,60,86,23,2,city_driving,none
323.1791053122607,260,60,128,24,51,60,86,23,2,city_driving,none
323.19872658742213,316,60,128,24,51,60,86,23,2,city_driving,none
323.29775879505803,329,60,128,24,51,60,86,23,2,city_driving,none
323.79873049258737,545,60,128,24,51,60,86,23,2,city_driving,none
323.808290607357,260,60,128,24,51,60,86,23,2,city_driving,none
323.8277412540243,316,60,128,24,51,60,86,23,2,city_driving,none
323.92821501105533,329,60,128,24,51,60,86,23,2,city_driving,none
324.4275626773349,545,60,128,24,51,60,86,23,2,city_driving,none
324.4371902757664,260,60,128,24,51,60,86,23,2,city_driving,none
324.4578526496852,316,60,128,24,51,60,86,23,2,city_driving,none
324.557476093335,329,60,128,24,51,60,86,23,2,city_driving,none
325.05752327427547,545,60,128,24,51,60,86,23,2,city_driving,none
325.06697847463823,260,60,128,24,51,60,86,23,2,city_driving,none
325.0873791885129,316,60,128,24,51,60,86,23,2,city_driving,none
325.1868976852392,329,60,128,24,51,60,86,23,2,city_driving,none
325.6868311985472,545,60,128,24,51,60,86,23,2,city_driving,none
325.69641364633264,260,60,128,24,51,60,86,23,2,city_driving,none
325.7159263127897,316,60,128,24,51,60,86,23,2,city_driving,none
325.8164974957613,329,60,128,24,51,60,86,23,2,city_driving,none
326.31704783608933,545,60,128,24,51,60,86,23,2,city_driving,none
326.32640024818824,260,60,128,24,51,60,86,23,2,city_driving,none
326.34731528712825,316,60,128,24,51,60,86,23,2,city_driving,none
326.44669702043535,329,60,128,24,51,60,86,23,2,city_driving,none
326.9473914445156,545,60,128,24,51,60,86,23,2,city_driving,none
326.956591696583,260,60,128,24,51,60,86,23,2,city_driving,none
326.9762320036013,316,60,128,24,51,60,86,23,2,city_driving,none
327.0758391360882,329,60,128,24,51,60,86,23,2,city_driving,none
327.57506264469725,545,60,128,24,51,60,86,23,2,city_driving,none
327.5856153288471,260,60,128,24,51,60,86,23,2,city_driving,none
327.60483530480855,316,60,128,24,51,60,86,23,2,city_driving,none
327.70474135824026,329,60,128,24,51,60,86,23,2,city_driving,none
328.20446999481493,545,60,128,24,51,60,86,23,2,city_driving,none
328.2152443102697,260,60,128,24,51,60,86,23,2,city_driving,none
328.2357542991114,316,60,128,24,51,60,86,23,2,city_driving,none
328.3360443952189,329,60,128,24,51,60,86,23,2,city_driving,none
328.83547420843513,545,60,128,24,51,60,86,23,2,city_driving,none
328.8459591023903,260,60,128,24,51,60,86,23,2,city_driving,none
328.86504921006724,316,60,128,24,51,60,86,23,2,city_driving,none
328.96417752349294,329,60,128,24,51,60,86,23,2,city_driving,none
329.46457907464657,545,60,128,24,51,60,86,23,2,city_driving,none
329.4739041931368,260,60,128,24,51,60,86,23,2,city_driving,none
329.494874424571,316,60,128,24,51,60,86,23,2,city_driving,none
329.59542153384456,329,60,128,24,51,60,86,23,2,city_driving,none
330.09458788773634,545,60,128,24,51,60,86,23,2,city_driving,none
330.1054855574942,260,60,128,24,51,60,86,23,2,city_driving,none
330.1257681380173,316,60,128,24,51,60,86,23,2,city_driving,none
330.22530483704065,329,60,128,24,51,60,86,23,2,city_driving,none
330.72583558729997,545,60,128,24,51,60,86,23,2,city_driving,none
330.73610515603195,260,60,128,24,51,60,86,23,2,city_driving,none
330.7568839858705,316,60,128,24,51,60,86,23,2,city_driving,none
330.85634120909174,329,60,128,24,51,60,86,23,2,city_driving,none
331.35632284440294,545,60,128,24,51,60,86,23,2,city_driving,none
331.3659306095192,260,60,128,24,51,60,86,23,2,city_driving,none
331.3856675597859,316,60,128,24,51,60,86,23,2,city_driving,none
331.48529473520495,329,60,128,24,51,60,86,23,2,city_driving,none
331.9844622951739,545,60,128,24,51,60,86,23,2,city_driving,none
331.9943283236665,260,60,128,24,51,60,86,23,2,city_driving,none
332.0133815454546,316,60,128,24,51,60,86,23,2,city_driving,none
332.11376544571306,329,60,128,24,51,60,86,23,2,city_driving,none
332.6136747467941,545,60,128,24,51,60,86,23,2,city_driving,none
332.62385308670406,260,60,128,24,51,60,86,23,2,city_driving,none
332.6444997197018,316,60,128,24,51,60,86,23,2,city_driving,none
332.7449167532923,329,60,128,24,51,60,86,23,2,city_driving,none
333.24404164187945,545,60,128,24,51,60,86,23,2,city_driving,none
333.254429297646,260,60,128,24,51,60,86,23,2,city_driving,none
333.2749914450692,316,60,128,24,51,60,86,23,2,city_driving,none
333.37404546009185,329,60,128,24,51,60,86,23,2,city_driving,none
333.8730831133551,545,60,128,24,51,60,86,23,2,city_driving,none
333.8825247795749,260,60,128,24,51,60,86,23,2,city_driving,none
333.9016212771672,316,60,128,24,51,60,86,23,2,city_driving,none
334.00088969680377,329,60,128,24,51,60,86,23,2,city_driving,none
334.50023110322735,545,60,128,24,51,60,86,23,2,city_driving,none
334.50927808029206,260,60,128,24,51,60,86,23,2,city_driving,none
334.52908456815646,316,60,128,24,51,60,86,23,2,city_driving,none
334.6287588263889,329,60,128,24,51,60,86,23,2,city_driving,none
335.1293473103579,545,60,128,24,51,60,86,23,2,city_driving,none
335.1399881908725,260,60,128,24,51,60,86,23,2,city_driving,none
335.16012659175,316,60,128,24,51,60,86,23,2,city_driving,none
335.2601272503274,329,60,128,24,51,60,86,23,2,city_driving,none
335.76032471549985,545,60,128,24,51,60,86,23,2,city_driving,none
335.7701864583098,260,60,128,24,51,60,86,23,2,city_driving,none
335.7910448886712,316,60,128,24,51,60,86,23,2,city_driving,none
335.89138451906837,329,60,128,24,51,60,86,23,2,city_driving,none
336.3922939087123,545,60,128,24,51,60,86,23,2,city_driving,none
336.40267834743497,260,60,128,24,51,60,86,23,2,city_driving,none
336.4224650410742,316,60,128,24,51,60,86,23,2,city_driving,none
336.52340640340947,329,60,128,24,51,60,86,23,2,city_driving,none
337.0240720456783,545,60,128,24,51,60,86,23,2,city_driving,none
337.0344457583635,260,60,128,24,51,60,86,23,2,city_driving,none
337.0544255402423,316,60,128,24,51,60,86,23,2,city_driving,none
337.15167798693057,329,60,128,24,51,60,86,23,2,city_driving,none
337.6507771940097,545,60,128,24,51,60,86,23,2,city_driving,none
337.6604711615258,260,60,128,24,51,60,86,23,2,city_driving,none
337.6811433705299,316,60,128,24,51,60,86,23,2,city_driving,none
337.7803503027758,329,60,128,24,51,60,86,23,2,city_driving,none
338.2811291518252,545,60,128,24,51,60,86,23,2,city_driving,none
338.2909514037771,260,60,128,24,51,60,86,23,2,city_driving,none
338.31049745168673,316,60,128,24,51,60,86,23,2,city_driving,none
338.4099783382841,329,60,128,24,51,60,86,23,2,city_driving,none
338.9092532466295,545,60,128,24,51,60,86,23,2,city_driving,none
338.9201907543143,260,60,128,24,51,60,86,23,2,city_driving,none
338.9405061118368,316,60,128,24,51,60,86,23,2,city_driving,none
339.04141250688997,329,60,128,24,51,60,86,23,2,city_driving,none
339.54112680807935,545,60,128,24,51,60,86,23,2,city_driving,none
339.5502844080214,260,60,128,24,51,60,86,23,2,city_driving,none
339.5695016257268,316,60,128,24,51,60,86,23,2,city_driving,none
339.66953843718005,329,60,128,24,51,60,86,23,2,city_driving,none
340.1694046490081,545,60,128,24,51,60,86,23,2,city_driving,none
340.1791866463992,260,60,128,24,51,60,86,23,2,city_driving,none
340.19868379163273,316,60,128,24,51,60,86,23,2,city_driving,none
340.29897334423225,329,60,128,24,51,60,86,23,2,city_driving,none
340.79906267483875,545,60,128,24,51,60,86,23,2,city_driving,none
340.8099153098621,260,60,128,24,51,60,86,23,2,city_driving,none
340.8308549396982,316,60,128,24,51,60,86,23,2,city_driving,none
340.93184646355655,329,60,128,24,51,60,86,23,2,city_driving,none
341.43127733486756,545,60,128,24,51,60,86,23,2,city_driving,none
341.44184352156276,260,60,128,24,51,60,86,23,2,city_driving,none
341.4614565785616,316,60,128,24,51,60,86,23,2,city_driving,none
341.5611599490002,329,60,128,24,51,60,86,23,2,city_driving,none
342.0607615396168,545,60,128,24,51,60,86,23,2,city_driving,none
342.0697668911219,260,60,128,24,51,60,86,23,2,city_driving,none
342.09063997262564,316,60,128,24,51,60,86,23,2,city_driving,none
342.1904477496473,329,60,128,24,51,60,86,23,2,city_driving,none
342.6898273682456,545,60,128,24,51,60,86,23,2,city_driving,none
342.70016255005356,260,60,128,24,51,60,86,23,2,city_driving,none
342.71978475154896,316,60,128,24,51,60,86,23,2,city_driving,none
342.8192489098552,329,60,128,24,51,60,86,23,2,city_driving,none
343.32006395218673,545,60,128,24,51,60,86,23,2,city_driving,none
343.3301480595963,260,60,128,24,51,60,86,23,2,city_driving,none
343.3510105710376,316,60,128,24,51,60,86,23,2,city_driving,none
343.4518478020506,329,60,128,24,51,60,86,23,2,city_driving,none
343.9526937928844,545,60,128,24,51,60,86,23,2,city_driving,none
343.96201828457106,260,60,128,24,51,60,86,23,2,city_driving,none
343.98178498435465,316,60,128,24,51,60,86,23,2,city_driving,none
344.0809893773276,329,60,128,24,51,60,86,23,2,city_driving,none
344.58124997465484,545,60,128,24,51,60,86,23,2,city_driving,none
344.5908267251091,260,60,128,24,51,60,86,23,2,city_driving,none
344.61081198100067,316,60,128,24,51,60,86,23,2,city_driving,none
344.71015333066003,329,60,128,24,51,60,86,23,2,city_driving,none
345.21101165668244,545,60,128,24,51,60,86,23,2,city_driving,none
345.2201152738909,260,60,128,24,51,60,86,23,2,city_driving,none
345.2397541566169,316,60,128,24,51,60,86,23,2,city_driving,none
345.34072739000135,329,60,128,24,51,60,86,23,2,city_driving,none
345.83984423358555,545,60,128,24,51,60,86,23,2,city_driving,none
345.8498419406349,260,60,128,24,51,60,86,23,2,city_driving,none
345.8704033510028,316,60,128,24,51,60,86,23,2,city_driving,none
345.97030106496663,329,60,128,24,51,60,86,23,2,city_driving,none
346.4693416347856,545,60,128,24,51,60,86,23,2,city_driving,none
346.47927208260586,260,60,128,24,51,60,86,23,2,city_driving,none
346.49871870811353,316,60,128,24,51,60,86,23,2,city_driving,none
346.5992844903864,329,60,128,24,51,60,86,23,2,city_driving,none
347.09950535685385,545,60,128,24,51,60,86,23,2,city_driving,none
347.11008303920175,260,60,128,24,51,60,86,23,2,city_driving,none
347.1307099852142,316,60,128,24,51,60,86,23,2,city_driving,none
347.23168133156145,329,60,128,24,51,60,86,23,2,city_driving,none
347.7318749495242,545,60,128,24,51,60,86,23,2,city_driving,none
347.74195956848183,260,60,128,24,51,60,86,23,2,city_driving,none
347.762653390528,316,60,128,24,51,60,86,23,2,city_driving,none
347.86231465433275,329,60,128,24,51,60,86,23,2,city_driving,none
348.36132612037744,545,60,128,24,51,60,86,23,2,city_driving,none
348.3716116427773,260,60,128,24,51,60,86,23,2,city_driving,none
348.39108416601175,316,60,128,24,51,60,86,23,2,city_driving,none
348.4910981149369,329,60,128,24,51,60,86,23,2,city_driving,none
348.99180103083324,545,60,128,24,51,60,86,23,2,city_driving,none
349.0026368024861,260,60,128,24,51,60,86,23,2,city_driving,none
349.02261339228875,316,60,128,24,51,60,86,23,2,city_driving,none
349.12214204092135,329,60,128,24,51,60,86,23,2,city_driving,none
349.62142279270813,545,60,128,24,51,60,86,23,2,city_driving,none
349.6309190648822,260,60,128,24,51,60,86,23,2,city_driving,none
349.65174295329825,316,60,128,24,51,60,86,23,2,city_driving,none
349.75144814152736,329,60,128,24,51,60,86,23,2,city_driving,none
350.25215601509296,545,60,128,24,51,60,86,23,2,city_driving,none
350.2623654529273,260,60,128,24,51,60,86,23,2,city_driving,none
350.2815791998052,316,60,128,24,51,60,86,23,2,city_driving,none
350.382006114476,329,60,128,24,51,60,86,23,2,city_driving,none
350.88401166978144,545,60,128,24,51,60,86,23,2,city_driving,none
350.89392025190847,260,60,128,24,51,60,86,23,2,city_driving,none
350.91367484573715,316,60,128,24,51,60,86,23,2,city_driving,none
351.0136925535008,329,60,128,24,51,60,86,23,2,city_driving,none
351.5130699982419,545,60,128,24,51,60,86,23,2,city_driving,none
351.52310131943256,260,60,128,24,51,60,86,23,2,city_driving,none
351.5423815155828,316,60,128,24,51,60,86,23,2,city_driving,none
351.6421602917882,329,60,128,24,51,60,86,23,2,city_driving,none
352.143092470635,545,60,128,24,51,60,86,23,2,city_driving,none
352.1529491171049,260,60,128,24,51,60,86,23,2,city_driving,none
352.17261819533854,316,60,128,24,51,60,86,23,2,city_driving,none
352.2727225296095,329,60,128,24,51,60,86,23,2,city_driving,none
352.77187123786655,545,60,128,24,51,60,86,23,2,city_driving,none
352.78280827444587,260,60,128,24,51,60,86,23,2,city_driving,none
352.80332516389717,316,60,128,24,51,60,86,23,2,city_driving,none
352.90372842146974,329,60,128,24,51,60,86,23,2,city_driving,none
353.4047106280921,545,60,128,24,51,60,86,23,2,city_driving,none
353.4147079906541,260,60,128,24,51,60,86,23,2,city_driving,none
353.4337702433195,316,60,128,24,51,60,86,23,2,city_driving,none
353.5343862376142,329,60,128,24,51,60,86,23,2,city_driving,none
354.03501411120664,545,60,128,24,51,60,86,23,2,city_driving,none
354.0453402024838,260,60,128,24,51,60,86,23,2,city_driving,none
354.06468026936625,316,60,128,24,51,60,86,23,2,city_driving,none
354.1638082668247,329,60,128,24,51,60,86,23,2,city_driving,none
354.6635673616646,545,60,128,24,51,60,86,23,2,city_driving,none
354.6738134704623,260,60,128,24,51,60,86,23,2,city_driving,none
354.6933441388055,316,60,128,24,51,60,86,23,2,city_driving,none
354.7931148643759,329,60,128,24,51,60,86,23,2,city_driving,none
355.29373412643736,545,60,128,24,51,60,86,23,2,city_driving,none
355.30355222404177,260,60,128,24,51,60,86,23,2,city_driving,none
355.32361491157496,316,60,128,24,51,60,86,23,2,city_driving,none
355.42319604508276,329,60,128,24,51,60,86,23,2,city_driving,none
355.9228579298108,545,60,128,24,51,60,86,23,2,city_driving,none
355.93328754560133,260,60,128,24,51,60,86,23,2,city_driving,none
355.9540154540216,316,60,128,24,51,60,86,23,2,city_driving,none
356.053125520499,329,60,128,24,51,60,86,23,2,city_driving,none
356.5539903615004,545,60,128,24,51,60,86,23,2,city_driving,none
356.564568410601,260,60,128,24,51,60,86,23,2,city_driving,none
356.58469587975173,316,60,128,24,51,60,86,23,2,city_driving,none
356.6837584605887,329,60,128,24,51,60,86,23,2,city_driving,none
357.1829593680377,545,60,128,24,51,60,86,23,2,city_driving,none
357.1936367589075,260,60,128,24,51,60,86,23,2,city_driving,none
357.2131051221323,316,60,128,24,51,60,86,23,2,city_driving,none
357.31224737674637,329,60,128,24,51,60,86,23,2,city_driving,none
357.8118817225486,545,60,128,24,51,60,86,23,2,city_driving,none
357.82208218794227,260,60,128,24,51,60,86,23,2,city_driving,none
357.8429178247802,316,60,128,24,51,60,86,23,2,city_driving,none
357.9428104306847,329,60,128,24,51,60,86,23,2,city_driving,none
358.44260735800225,545,60,128,24,51,60,86,23,2,city_driving,none
358.4516232423311,260,60,128,24,51,60,86,23,2,city_driving,none
358.472554897122,316,60,128,24,51,60,86,23,2,city_driving,none
358.57234784251847,329,60,128,24,51,60,86,23,2,city_driving,none
359.0717781660908,545,60,128,24,51,60,86,23,2,city_driving,none
359.0808474855187,260,60,128,24,51,60,86,23,2,city_driving,none
359.1011882986712,316,60,128,24,51,60,86,23,2,city_driving,none
359.2018399876148,329,60,128,24,51,60,86,23,2,city_driving,none
359.70095098336253,545,60,128,24,51,60,86,23,2,city_driving,none
359.7111213783741,260,60,128,24,51,60,86,23,2,city_driving,none
359.7305326095619,316,60,128,24,51,60,86,23,2,city_driving,none
359.830962034658,329,60,128,24,51,60,86,23,2,city_driving,none
360.3310093404407,545,60,128,24,51,60,86,23,2,city_driving,none
360.3408529716674,260,60,128,24,51,60,86,23,2,city_driving,none
360.36004466548906,316,60,128,24,51,60,86,23,2,city_driving,none
360.4607346966424,329,60,128,24,51,60,86,23,2,city_driving,none
360.96074903836984,545,60,128,24,51,60,86,23,2,city_driving,none
360.97080607425335,260,60,128,24,51,60,86,23,2,city_driving,none
360.99036572622117,316,60,128,24,51,60,86,23,2,city_driving,none
361.0907957030166,329,60,128,24,51,60,86,23,2,city_driving,none
361.59035459467407,545,60,128,24,51,60,86,23,2,city_driving,none
361.5998176907777,260,60,128,24,51,60,86,23,2,city_driving,none
361.6194501342862,316,60,128,24,51,60,86,23,2,city_driving,none
361.7203156770933,329,60,128,24,51,60,86,23,2,city_driving,none
362.21960600152727,545,60,128,24,51,60,86,23,2,city_driving,none
362.2304663152039,260,60,128,24,51,60,86,23,2,city_driving,none
362.2507735339081,316,60,128,24,51,60,86,23,2,city_driving,none
362.35046627144766,329,60,128,24,51,60,86,23,2,city_driving,none
362.85106640497924,545,60,128,24,51,60,86,23,2,city_driving,none
362.86206268324014,260,60,128,24,51,60,86,23,2,city_driving,none
362.88225506170363,316,60,128,24,51,60,86,23,2,city_driving,none
362.9827271146075,329,60,128,24,51,60,86,23,2,city_driving,none
363.4835875774576,545,60,128,24,51,60,86,23,2,city_driving,none
363.49304964065794,260,60,128,24,51,60,86,23,2,city_driving,none
363.51327051370885,316,60,128,24,51,60,86,23,2,city_driving,none
363.61303774707415,329,60,128,24,51,60,86,23,2,city_driving,none
364.1129183738901,545,60,128,24,51,60,86,23,2,city_driving,none
364.12347353930033,260,60,128,24,51,60,86,23,2,city_driving,none
364.1425681053035,316,60,128,24,51,60,86,23,2,city_driving,none
364.24308051150354,329,60,128,24,51,60,86,23,2,city_driving,none
364.74356983874924,545,60,128,24,51,60,86,23,2,city_driving,none
364.75173919017254,260,60,128,24,51,60,86,23,2,city_driving,none
364.77248063606976,316,60,128,24,51,60,86,23,2,city_driving,none
364.8733777767061,329,60,128,24,51,60,86,23,2,city_driving,none
365.37392434710335,545,60,128,24,51,60,86,23,2,city_driving,none
365.384859083261,260,60,128,24,51,60,86,23,2,city_driving,none
365.40575958616256,316,60,128,24,51,60,86,23,2,city_driving,none
365.5056088251639,329,60,128,24,51,60,86,23,2,city_driving,none
366.0054988739586,545,60,128,24,51,60,86,23,2,city_driving,none
366.01571624703143,260,60,128,24,51,60,86,23,2,city_driving,none
366.0351526214924,316,60,128,24,51,60,86,23,2,city_driving,none
366.1342559525629,329,60,128,24,51,60,86,23,2,city_driving,none
366.6334618836249,545,60,128,24,51,60,86,23,2,city_driving,none
366.64280200146135,260,60,128,24,51,60,86,23,2,city_driving,none
366.6622378116715,316,60,128,24,51,60,86,23,2,city_driving,none
366.7618109840648,329,60,128,24,51,60,86,23,2,city_driving,none
367.26216037740573,545,60,128,24,51,60,86,23,2,city_driving,none
367.271209100132,260,60,128,24,51,60,86,23,2,city_driving,none
367.2915771639362,316,60,128,24,51,60,86,23,2,city_driving,none
367.39154557705297,329,60,128,24,51,60,86,23,2,city_driving,none
367.892081660432,545,60,128,24,51,60,86,23,2,city_driving,none
367.9025427798834,260,60,128,24,51,60,86,23,2,city_driving,none
367.92305689775185,316,60,128,24,51,60,86,23,2,city_driving,none
368.02313121179844,329,60,128,24,51,60,86,23,2,city_driving,none
368.52248430428284,545,60,128,24,51,60,86,23,2,city_driving,none
368.5330092954283,260,60,128,24,51,60,86,23,2,city_driving,none
368.55228740193525,316,60,128,24,51,60,86,23,2,city_driving,none
368.65305179483283,329,60,128,24,51,60,86,23,2,city_driving,none
369.1523942398961,545,60,128,24,51,60,86,23,2,city_driving,none
369.16190340760767,260,60,128,24,51,60,86,23,2,city_driving,none
369.1824701968764,316,60,128,24,51,60,86,23,2,city_driving,none
369.28270029400835,329,60,128,24,51,60,86,23,2,city_driving,none
369.7817416463347,545,60,128,24,51,60,86,23,2,city_driving,none
369.79113209266285,260,60,128,24,51,60,86,23,2,city_driving,none
369.8107871151904,316,60,128,24,51,60,86,23,2,city_driving,none
369.9114257336644,329,60,128,24,51,60,86,23,2,city_driving,none
370.4113028902915,545,60,128,24,51,60,86,23,2,city_driving,none
370.4203567212585,260,60,128,24,51,60,86,23,2,city_driving,none
370.4399889441202,316,60,128,24,51,60,86,23,2,city_driving,none
370.5404591496573,329,60,128,24,51,60,86,23,2,city_driving,none
371.04063408781997,545,60,128,24,51,60,86,23,2,city_driving,none
371.05093065210326,260,60,128,24,51,60,86,23,2,city_driving,none
371.07107315785987,316,60,128,24,51,60,86,23,2,city_driving,none
371.1718990075374,329,60,128,24,51,60,86,23,2,city_driving,none
371.6710001334623,545,60,128,24,51,60,86,23,2,city_driving,none
371.6817817117688,260,60,128,24,51,60,86,23,2,city_driving,none
371.7025433715195,316,60,128,24,51,60,86,23,2,city_driving,none
371.80268752344665,329,60,128,24,51,60,86,23,2,city_driving,none
372.3030242956567,545,60,128,24,51,60,86,23,2,city_driving,none
372.31260571530123,260,60,128,24,51,60,86,23,2,city_driving,none
372.332200145342,316,60,128,24,51,60,86,23,2,city_driving,none
372.4326744651622,329,60,128,24,51,60,86,23,2,city_driving,none
372.93367260315426,545,60,128,24,51,60,86,23,2,city_driving,none
372.9438578854986,260,60,128,24,51,60,86,23,2,city_driving,none
372.9637660264787,316,60,128,24,51,60,86,23,2,city_driving,none
373.06382428886184,329,60,128,24,51,60,86,23,2,city_driving,none
373.5646098475028,545,60,128,24,51,60,86,23,2,city_driving,none
373.5743063986716,260,60,128,24,51,60,86,23,2,city_driving,none
373.59432597811326,316,60,128,24,51,60,86,23,2,city_driving,none
373.69421602592735,329,60,128,24,51,60,86,23,2,city_driving,none
374.1936322602555,545,60,128,24,51,60,86,23,2,city_driving,none
374.2027645217449,260,60,128,24,51,60,86,23,2,city_driving,none
374.22201820310613,316,60,128,24,51,60,86,23,2,city_driving,none
374.32255953745675,329,60,128,24,51,60,86,23,2,city_driving,none
374.8234949256584,545,60,128,24,51,60,86,23,2,city_driving,none
374.83309991016074,260,60,128,24,51,60,86,23,2,city_driving,none
374.85246219536583,316,60,128,24,51,60,86,23,2,city_driving,none
374.9518991366774,329,60,128,24,51,60,86,23,2,city_driving,none
375.45205746253725,545,60,128,24,51,60,86,23,2,city_driving,none
375.46165851112414,260,60,128,24,51,60,86,23,2,city_driving,none
375.4826154695106,316,60,128,24,51,60,86,23,2,city_driving,none
375.58227218431153,329,60,128,24,51,60,86,23,2,city_driving,none
376.0817187728875,545,60,128,24,51,60,86,23,2,city_driving,none
376.09098354582017,260,60,128,24,51,60,86,23,2,city_driving,none
376.11005669314943,316,60,128,24,51,60,86,23,2,city_driving,none
376.21015789862156,329,60,128,24,51,60,86,23,2,city_driving,none
376.71092584325095,545,60,128,24,51,60,86,23,2,city_driving,none
376.72174355288814,260,60,128,24,51,60,86,23,2,city_driving,none
376.74175535970807,316,60,128,24,51,60,86,23,2,city_driving,none
376.84202756728763,329,60,128,24,51,60,86,23,2,city_driving,none
377.34262047283516,545,60,128,24,51,60,86,23,2,city_driving,none
377.3525388305235,260,60,128,24,51,60,86,23,2,city_driving,none
377.37266161219975,316,60,128,24,51,60,86,23,2,city_driving,none
377.4735821536467,329,60,128,24,51,60,86,23,2,city_driving,none
377.9737128285485,545,60,128,24,51,60,86,23,2,city_driving,none
377.98294366846903,260,62,128,25,51,62,90,23,4,highway,none
378.0022522362938,316,63,128,25,51,63,90,24,4,highway,none
378.1028917895983,329,64,128,26,51,64,90,24,4,highway,none
378.6026110448258,545,66,128,26,51,66,90,25,4,highway,none
378.6133983625412,260,68,128,27,51,68,90,25,4,highway,none
378.63339670639823,316,69,128,28,51,69,90,26,4,highway,none
378.73416474133234,329,70,128,28,51,70,90,26,4,highway,none
379.23391905712225,545,72,128,29,51,72,90,27,4,highway,none
379.24427360089084,260,74,128,29,51,74,90,27,4,highway,none
379.26487683869954,316,75,128,30,51,75,90,28,4,highway,none
379.3651013191132,329,76,128,31,51,76,90,28,4,highway,none
379.8646656818049,545,78,128,31,51,78,90,28,4,highway,none
379.8750236727511,260,80,128,32,51,80,90,29,4,highway,none
379.89462924620994,316,81,128,32,51,81,90,29,4,highway,none
379.99474766946554,329,82,128,33,51,82,90,30,4,highway,none
380.4948893265144,545,84,128,34,51,84,90,30,4,highway,none
380.5047567832739,260,86,128,34,51,86,90,31,4,highway,none
380.5249445762256,316,87,128,35,51,87,90,31,4,highway,none
380.6239516694544,329,88,128,35,51,88,90,32,4,highway,none
381.1245782375355,545,90,128,36,51,90,90,32,4,highway,none
381.1344690891371,260,92,128,37,51,92,90,32,4,highway,none
381.1550461991494,316,93,128,37,51,93,90,33,4,highway,none
381.25523767443286,329,94,128,38,51,94,90,33,4,highway,none
381.7550167129811,545,96,128,38,51,96,90,34,4,highway,none
381.76512980794644,260,98,128,39,51,98,90,34,4,highway,none
381.7860918401796,316,99,128,40,51,99,90,35,4,highway,none
381.88694209923347,329,100,128,40,51,100,90,35,4,highway,none
382.3869289417231,545,102,128,41,51,102,90,36,4,highway,none
382.3968453499117,260,104,128,41,51,104,90,36,4,highway,none
382.4169563865142,316,105,128,42,51,105,90,36,4,highway,none
382.5169207365383,329,106,128,43,51,106,90,37,4,highway,none
383.017073487882,545,108,128,43,51,108,90,37,4,highway,none
383.02639584399003,260,110,128,44,51,110,90,38,4,highway,none
383.0470455316147,316,111,128,44,51,111,90,38,4,highway,none
383.1476095867121,329,112,128,45,51,112,90,39,4,highway,none
383.64535061344424,545,114,128,46,51,114,90,39,4,highway,none
383.6545892125314,260,116,128,46,51,116,90,40,4,highway,none
383.6749818762893,316,117,128,47,51,117,90,40,4,highway,none
383.77554427412315,329,118,128,47,51,118,90,41,4,highway,none
384.2756096888275,545,120,128,48,51,120,90,41,4,highway,none
384.28587512869956,260,120,128,48,51,120,90,41,4,highway,none
384.3050033055416,316,120,128,48,51,120,90,41,4,highway,none
384.40584181856264,329,120,128,48,51,120,90,41,4,highway,none
384.9059625665572,545,120,128,48,51,120,90,41,4,highway,none
384.9159575868876,260,120,128,48,51,120,90,41,4,highway,none
384.93679873193037,316,120,128,48,51,120,90,41,4,highway,none
385.0363208863054,329,120,128,48,51,120,90,41,4,highway,none
385.53603740948563,545,120,128,48,51,120,90,41,4,highway,none
385.54581840992387,260,120,128,48,51,120,90,41,4,highway,none
385.5665497675501,316,120,128,48,51,120,90,41,4,highway,none
385.66728831545737,329,120,128,48,51,120,90,41,4,highway,none
386.16744202382364,545,120,128,48,51,120,90,41,4,highway,none
386.1776265640176,260,120,128,48,51,120,90,41,4,highway,none
386.1979254420606,316,120,128,48,51,120,90,41,4,highway,none
386.2975769853353,329,120,128,48,51,120,90,41,4,highway,none
386.7983661492135,545,120,128,48,51,120,90,41,4,highway,none
386.8087654886568,260,120,128,48,51,120,90,41,4,highway,none
386.82970520170034,316,120,128,48,51,120,90,41,4,highway,none
386.93027506761234,329,120,128,48,51,120,90,41,4,highway,none
387.43051432064465,545,120,128,48,51,120,90,41,4,highway,none
387.4401201313492,260,120,128,48,51,120,90,41,4,highway,none
387.4592411756454,316,120,128,48,51,120,90,41,4,highway,none
387.5587170577294,329,120,128,48,51,120,90,41,4,highway,none
388.0597120568982,545,120,128,48,51,120,90,41,4,highway,none
388.0704574201622,260,120,128,48,51,120,90,41,4,highway,none
388.0913734427642,316,120,128,48,51,120,90,41,4,highway,none
388.19205417552985,329,120,128,48,51,120,90,41,4,highway,none
388.692924815092,545,120,128,48,51,120,90,41,4,highway,none
388.70235177776004,260,120,128,48,51,120,90,41,4,highway,none
388.7216930129462,316,120,128,48,51,120,90,41,4,highway,none
388.82259956523086,329,120,128,48,51,120,90,41,4,highway,none
389.3223190493409,545,120,128,48,51,120,90,41,4,highway,none
389.3318071266438,260,120,128,48,51,120,90,41,4,highway,none
389.35359458978576,316,120,128,48,51,120,90,41,4,highway,none
389.45388361285563,329,120,128,48,51,120,90,41,4,highway,none
389.95341773387247,545,120,128,48,51,120,90,41,4,highway,none
389.9636521917935,260,120,128,48,51,120,90,41,4,highway,none
389.9840044850268,316,120,128,48,51,120,90,41,4,highway,none
390.0844614652342,329,120,128,48,51,120,90,41,4,highway,none
390.58382711534927,545,120,128,48,51,120,90,41,4,highway,none
390.59391488424257,260,120,128,48,51,120,90,41,4,highway,none
390.61456746941195,316,120,128,48,51,120,90,41,4,highway,none
390.71487576867287,329,120,128,48,51,120,90,41,4,highway,none
391.2144075548091,545,120,128,48,51,120,90,41,4,highway,none
391.22461234031323,260,120,128,48,51,120,90,41,4,highway,none
391.245489351471,316,120,128,48,51,120,90,41,4,highway,none
391.3464632328046,329,120,128,48,51,120,90,41,4,highway,none
391.84549390021124,545,120,128,48,51,120,90,41,4,highway,none
391.8561391913463,260,120,128,48,51,120,90,41,4,highway,none
391.87590239733083,316,120,128,48,51,120,90,41,4,highway,none
391.97498819258107,329,120,128,48,51,120,90,41,4,highway,none
392.4746602404219,545,120,128,48,51,120,90,41,4,highway,none
392.4852514243756,260,120,128,48,51,120,90,41,4,highway,none
392.5060798244427,316,120,128,48,51,120,90,41,4,highway,none
392.60560826835706,329,120,128,48,51,120,90,41,4,highway,none
393.1072689169954,545,120,128,48,51,120,90,41,4,highway,none
393.11664113572397,260,120,128,48,51,120,90,41,4,highway,none
393.1361560983563,316,120,128,48,51,120,90,41,4,highway,none
393.2363081017354,329,120,128,48,51,120,90,41,4,highway,none
393.7355945496893,545,120,128,48,51,120,90,41,4,highway,none
393.7453443787228,260,120,128,48,51,120,90,41,4,highway,none
393.7646903444395,316,120,128,48,51,120,90,41,4,highway,none
393.86540482661894,329,120,128,48,51,120,90,41,4,highway,none
394.3663429605537,545,120,128,48,51,120,90,41,4,highway,none
394.3771603291102,260,120,128,48,51,120,90,41,4,highway,none
394.39651293116543,316,120,128,48,51,120,90,41,4,highway,none
394.4956851911331,329,120,128,48,51,120,90,41,4,highway,none
394.99603394893376,545,120,128,48,51,120,90,41,4,highway,none
395.00510278372116,260,120,128,48,51,120,90,41,4,highway,none
395.0246362679725,316,120,128,48,51,120,90,41,4,highway,none
395.1250802466041,329,120,128,48,51,120,90,41,4,highway,none
395.62576113479395,545,120,128,48,51,120,90,41,4,highway,none
395.63531388435956,260,120,128,48,51,120,90,41,4,highway,none
395.65598515881504,316,120,128,48,51,120,90,41,4,highway,none
395.7550913472042,329,120,128,48,51,120,90,41,4,highway,none
396.2556409951391,545,120,128,48,51,120,90,41,4,highway,none
396.2648943691708,260,120,128,48,51,120,90,41,4,highway,none
396.28396486740434,316,120,128,48,51,120,90,41,4,highway,none
396.38472508637074,329,120,128,48,51,120,90,41,4,highway,none
396.8842590145903,545,120,128,48,51,120,90,41,4,highway,none
396.89467507859695,260,120,128,48,51,120,90,41,4,highway,none
396.9141994474871,316,120,128,48,51,120,90,41,4,highway,none
397.0138023537046,329,120,128,48,51,120,90,41,4,highway,none
397.5141810267539,545,120,128,48,51,120,90,41,4,highway,none
397.5233142554522,260,120,128,48,51,120,90,41,4,highway,none
397.5434792292988,316,120,128,48,51,120,90,41,4,highway,none
397.64313004657396,329,120,128,48,51,120,90,41,4,highway,none
398.14308229089517,545,120,128,48,51,120,90,41,4,highway,none
398.1522084976981,260,120,128,48,51,120,90,41,4,highway,none
398.1714042652885,316,120,128,48,51,120,90,41,4,highway,none
398.2705676138461,329,120,128,48,51,120,90,41,4,highway,none
398.77150407459203,545,120,128,48,51,120,90,41,4,highway,none
398.782453040417,260,120,128,48,51,120,90,41,4,highway,none
398.80176565902275,316,120,128,48,51,120,90,41,4,highway,none
398.9010679037642,329,120,128,48,51,120,90,41,4,highway,none
399.4006164442751,545,120,128,48,51,120,90,41,4,highway,none
399.40982368999494,260,120,128,48,51,120,90,41,4,highway,none
399.430807039062,316,120,128,48,51,120,90,41,4,highway,none
399.53060733117957,329,120,128,48,51,120,90,41,4,highway,none
400.0310986482533,545,120,128,48,51,120,90,41,4,highway,none
400.0412317806003,260,120,128,48,51,120,90,41,4,highway,none
400.06204451590094,316,120,128,48,51,120,90,41,4,highway,none
400.16241136852693,329,120,128,48,51,120,90,41,4,highway,none
400.6631687300505,545,120,128,48,51,120,90,41,4,highway,none
400.67277120840316,260,120,128,48,51,120,90,41,4,highway,none
400.69316817295413,316,120,128,48,51,120,90,41,4,highway,none
400.79274796877934,329,120,128,48,51,120,90,41,4,highway,none
401.2922157108103,545,120,128,48,51,120,90,41,4,highway,none
401.3027572840524,260,120,128,48,51,120,90,41,4,highway,none
401.32335825911343,316,120,128,48,51,120,90,41,4,highway,none
401.4235998667203,329,120,128,48,51,120,90,41,4,highway,none
401.9226422341657,545,120,128,48,51,120,90,41,4,highway,none
401.93231837187227,260,120,128,48,51,120,90,41,4,highway,none
401.95296420672776,316,120,128,48,51,120,90,41,4,highway,none
402.0521876977954,329,120,128,48,51,120,90,41,4,highway,none
402.5526457949961,545,120,128,48,51,120,90,41,4,highway,none
402.56291387713486,260,120,128,48,51,120,90,41,4,highway,none
402.5828544353687,316,120,128,48,51,120,90,41,4,highway,none
402.6820650736542,329,120,128,48,51,120,90,41,4,highway,none
403.18180790722954,545,120,128,48,51,120,90,41,4,highway,none
403.19210258519786,260,120,128,48,51,120,90,41,4,highway,none
403.21225011217257,316,120,128,48,51,120,90,41,4,highway,none
403.31224232853253,329,120,128,48,51,120,90,41,4,highway,none
403.81219921184936,545,120,128,48,51,120,90,41,4,highway,none
403.82137770158414,260,120,128,48,51,120,90,41,4,highway,none
403.8404420011978,316,120,128,48,51,120,90,41,4,highway,none
403.9405832547825,329,120,128,48,51,120,90,41,4,highway,none
404.4397726971148,545,120,128,48,51,120,90,41,4,highway,none
404.4495885848381,260,120,128,48,51,120,90,41,4,highway,none
404.46917824145993,316,120,128,48,51,120,90,41,4,highway,none
404.569543759235,329,120,128,48,51,120,90,41,4,highway,none
405.0697779791023,545,120,128,48,51,120,90,41,4,highway,none
405.0792230878651,260,120,128,48,51,120,90,41,4,highway,none
405.09919728162845,316,120,128,48,51,120,90,41,4,highway,none
405.19983252457223,329,120,128,48,51,120,90,41,4,highway,none
405.69913862105625,545,120,128,48,51,120,90,41,4,highway,none
405.70833556050115,260,120,128,48,51,120,90,41,4,highway,none
405.7273799119635,316,120,128,48,51,120,90,41,4,highway,none
405.8280253519498,329,120,128,48,51,120,90,41,4,highway,none
406.3280828009396,545,120,128,48,51,120,90,41,4,highway,none
406.33747619556675,260,120,128,48,51,120,90,41,4,highway,none
406.357270535574,316,120,128,48,51,120,90,41,4,highway,none
406.4573260937247,329,120,128,48,51,120,90,41,4,highway,none
406.95747770924805,545,120,128,48,51,120,90,41,4,highway,none
406.9674315291659,260,120,128,48,51,120,90,41,4,highway,none
406.9876340904079,316,120,128,48,51,120,90,41,4,highway,none
407.08741638286665,329,120,128,48,51,120,90,41,4,highway,none
407.5878626175374,545,120,128,48,51,120,90,41,4,highway,none
407.59736279148717,260,120,128,48,51,120,90,41,4,highway,none
407.617600375892,316,120,128,48,51,120,90,41,4,highway,none
407.7177329374333,329,120,128,48,51,120,90,41,4,highway,none
408.21689999366714,545,120,128,48,51,120,90,41,4,highway,none
408.227807086768,260,120,128,48,51,120,90,41,4,highway,none
408.24855673252245,316,120,128,48,51,120,90,41,4,highway,none
408.34841904717524,329,120,128,48,51,120,90,41,4,highway,none
408.8491571941637,545,120,128,48,51,120,90,41,4,highway,none
408.85966952316414,260,120,128,48,51,120,90,41,4,highway,none
408.87883444068797,316,120,128,48,51,120,90,41,4,highway,none
408.97828444828514,329,120,128,48,51,120,90,41,4,highway,none
409.47923507350504,545,120,128,48,51,120,90,41,4,highway,none
409.49003238171383,260,120,128,48,51,120,90,41,4,highway,none
409.5098627572637,316,120,128,48,51,120,90,41,4,highway,none
409.60985808870714,329,120,128,48,51,120,90,41,4,highway,none
410.11067882726667,545,120,128,48,51,120,90,41,4,highway,none
410.1198016017309,260,120,128,48,51,120,90,41,4,highway,none
410.13969437812096,316,120,128,48,51,120,90,41,4,highway,none
410.23966553447747,329,120,128,48,51,120,90,41,4,highway,none
410.738733315801,545,120,128,48,51,120,90,41,4,highway,none
410.74783933606784,260,120,128,48,51,120,90,41,4,highway,none
410.76827438912255,316,120,128,48,51,120,90,41,4,highway,none
410.8687565547242,329,120,128,48,51,120,90,41,4,highway,none
411.3678152967477,545,120,128,48,51,120,90,41,4,highway,none
411.3778349837654,260,120,128,48,51,120,90,41,4,highway,none
411.3987384857019,316,120,128,48,51,120,90,41,4,highway,none
411.49790192731496,329,120,128,48,51,120,90,41,4,highway,none
411.99708203457226,545,120,128,48,51,120,90,41,4,highway,none
412.00776066668965,260,120,128,48,51,120,90,41,4,highway,none
412.0268668874317,316,120,128,48,51,120,90,41,4,highway,none
412.12697335378687,329,120,128,48,51,120,90,41,4,highway,none
412.6279438677525,545,120,128,48,51,120,90,41,4,highway,none
412.6376751213896,260,120,128,48,51,120,90,41,4,highway,none
412.6567611194476,316,120,128,48,51,120,90,41,4,highway,none
412.75689456213524,329,120,128,48,51,120,90,41,4,highway,none
413.257414004418,545,120,128,48,51,120,90,41,4,highway,none
413.2675928342587,260,120,128,48,51,120,90,41,4,highway,none
413.2875160867672,316,120,128,48,51,120,90,41,4,highway,none
413.3868078996743,329,120,128,48,51,120,90,41,4,highway,none
413.8867000155716,545,120,128,48,51,120,90,41,4,highway,none
413.896710605241,260,120,128,48,51,120,90,41,4,highway,none
413.9166492515566,316,120,128,48,51,120,90,41,4,highway,none
414.0159057120071,329,120,128,48,51,120,90,41,4,highway,none
414.5150142539872,545,120,128,48,51,120,90,41,4,highway,none
414.52486965893,260,120,128,48,51,120,90,41,4,highway,none
414.54427093777485,316,120,128,48,51,120,90,41,4,highway,none
414.64459116028684,329,120,128,48,51,120,90,41,4,highway,none
415.14359447698445,545,120,128,48,51,120,90,41,4,highway,none
415.15382330677556,260,120,128,48,51,120,90,41,4,highway,none
415.1739375063213,316,120,128,48,51,120,90,41,4,highway,none
415.27310238557226,329,120,128,48,51,120,90,41,4,highway,none
415.7738377529809,545,120,128,48,51,120,90,41,4,highway,none
415.7834051647621,260,120,128,48,51,120,90,41,4,highway,none
415.8026203225249,316,120,128,48,51,120,90,41,4,highway,none
415.9021091242284,329,120,128,48,51,120,90,41,4,highway,none
416.4021312355236,545,120,128,48,51,120,90,41,4,highway,none
416.41286824784527,260,120,128,48,51,120,90,41,4,highway,none
416.43273760791163,316,120,128,48,51,120,90,41,4,highway,none
416.53214804295766,329,120,128,48,51,120,90,41,4,highway,none
417.03155800990993,545,120,128,48,51,120,90,41,4,highway,none
417.0418765187914,260,120,128,48,51,120,90,41,4,highway,none
417.06096869605705,316,120,128,48,51,120,90,41,4,highway,none
417.1606331407159,329,120,128,48,51,120,90,41,4,highway,none
417.6604123969738,545,120,128,48,51,120,90,41,4,highway,none
417.6709590257966,260,120,128,48,51,120,90,41,4,highway,none
417.6909388228982,316,120,128,48,51,120,90,41,4,highway,none
417.7906153991417,329,120,128,48,51,120,90,41,4,highway,none
418.29093507265077,545,120,128,48,51,120,90,41,4,highway,none
418.301705832612,260,120,128,48,51,120,90,41,4,highway,none
418.3210777494311,316,120,128,48,51,120,90,41,4,highway,none
418.4203114632068,329,120,128,48,51,120,90,41,4,highway,none
418.92098091623,545,120,128,48,51,120,90,41,4,highway,none
418.9318322450934,260,120,128,48,51,120,90,41,4,highway,none
418.9520005253506,316,120,128,48,51,120,90,41,4,highway,none
419.05109449737864,329,120,128,48,51,120,90,41,4,highway,none
419.55116046963,545,120,128,48,51,120,90,41,4,highway,none
419.56156004196305,260,120,128,48,51,120,90,41,4,highway,none
419.58186717767245,316,120,128,48,51,120,90,41,4,highway,none
419.68261418724495,329,120,128,48,51,120,90,41,4,highway,none
420.18286991395195,545,120,128,48,51,120,90,41,4,highway,none
420.19386918346316,260,120,128,48,51,120,90,41,4,highway,none
420.21458770869356,316,120,128,48,51,120,90,41,4,highway,none
420.31462498096687,329,120,128,48,51,120,90,41,4,highway,none
420.81444216567604,545,120,128,48,51,120,90,41,4,highway,none
420.8254051867629,260,120,128,48,51,120,90,41,4,highway,none
420.84583770923285,316,120,128,48,51,120,90,41,4,highway,none
420.9463719390163,329,120,128,48,51,120,90,41,4,highway,none
421.44722516232787,545,120,128,48,51,120,90,41,4,highway,none
421.45713712178195,260,120,128,48,51,120,90,41,4,highway,none
421.47630577768035,316,120,128,48,51,120,90,41,4,highway,none
421.5768203570136,329,120,128,48,51,120,90,41,4,highway,none
422.07627556159144,545,120,128,48,51,120,90,41,4,highway,none
422.0855003916347,260,120,128,48,51,120,90,41,4,highway,none
422.1057718171079,316,120,128,48,51,120,90,41,4,highway,none
422.2052248042576,329,120,128,48,51,120,90,41,4,highway,none
422.7048349864139,545,120,128,48,51,120,90,41,4,highway,none
422.7150924150686,260,120,128,48,51,120,90,41,4,highway,none
422.7356968178401,316,120,128,48,51,120,90,41,4,highway,none
422.83593223565146,329,120,128,48,51,120,90,41,4,highway,none
423.3354734061494,545,120,128,48,51,120,90,41,4,highway,none
423.3453970309257,260,120,128,48,51,120,90,41,4,highway,none
423.3645467835036,316,120,128,48,51,120,90,41,4,highway,none
423.4671404161809,329,120,128,48,51,120,90,41,4,highway,none
423.9680827640873,545,120,128,48,51,120,90,41,4,highway,none
423.97795447932356,260,120,128,48,51,120,90,41,4,highway,none
423.9987455016694,316,120,128,48,51,120,90,41,4,highway,none
424.09791696510814,329,120,128,48,51,120,90,41,4,highway,none
424.59831553570353,545,120,128,48,51,120,90,41,4,highway,none
424.6087080702979,260,120,128,48,51,120,90,41,4,highway,none
424.628739989103,316,120,128,48,51,120,90,41,4,highway,none
424.728288107408,329,120,128,48,51,120,90,41,4,highway,none
425.2287884387267,545,120,128,48,51,120,90,41,4,highway,none
425.23816143697235,260,120,128,48,51,120,90,41,4,highway,none
425.25814568639447,316,120,128,48,51,120,90,41,4,highway,none
425.3588792842098,329,120,128,48,51,120,90,41,4,highway,none
425.85987245999866,545,120,128,48,51,120,90,41,4,highway,none
425.8696375277074,260,120,128,48,51,120,90,41,4,highway,none
425.89011953972295,316,120,128,48,51,120,90,41,4,highway,none
425.98942994247517,329,120,128,48,51,120,90,41,4,highway,none
426.48860341804186,545,120,128,48,51,120,90,41,4,highway,none
426.49942027195925,260,120,128,48,51,120,90,41,4,highway,none
426.5203366323672,316,120,128,48,51,120,90,41,4,highway,none
426.620746635662,329,120,128,48,51,120,90,41,4,highway,none
427.12120060768154,545,120,128,48,51,120,90,41,4,highway,none
427.1313577569511,260,120,128,48,51,120,90,41,4,highway,none
427.1506371584621,316,120,128,48,51,120,90,41,4,highway,none
427.2513706572996,329,120,128,48,51,120,90,41,4,highway,none
427.7521913299797,545,120,128,48,51,120,90,41,4,highway,none
427.76272645874985,260,120,128,48,51,120,90,41,4,highway,none
427.78295397136316,316,120,128,48,51,120,90,41,4,highway,none
427.8831760504033,329,120,128,48,51,120,90,41,4,highway,none
428.38319203269424,545,120,128,48,51,120,90,41,4,highway,none
428.39353348674683,260,120,128,48,51,120,90,41,4,highway,none
428.4138172441566,316,120,128,48,51,120,90,41,4,highway,none
428.51348012805164,329,120,128,48,51,120,90,41,4,highway,none
429.013391228318,545,120,128,48,51,120,90,41,4,highway,none
429.02358935258013,260,120,128,48,51,120,90,41,4,highway,none
429.04388784748784,316,120,128,48,51,120,90,41,4,highway,none
429.1433259560809,329,120,128,48,51,120,90,41,4,highway,none
429.6434438693399,545,120,128,48,51,120,90,41,4,highway,none
429.6541969357355,260,120,128,48,51,120,90,41,4,highway,none
429.67475690958526,316,120,128,48,51,120,90,41,4,highway,none
429.77521340967223,329,120,128,48,51,120,90,41,4,highway,none
430.2761891285352,545,120,128,48,51,120,90,41,4,highway,none
430.2865225152636,260,120,128,48,51,120,90,41,4,highway,none
430.30732402764846,316,120,128,48,51,120,90,41,4,highway,none
430.4070283676038,329,120,128,48,51,120,90,41,4,highway,none
430.9074109526526,545,120,128,48,51,120,90,41,4,highway,none
430.9164962210523,260,120,128,48,51,120,90,41,4,highway,none
430.9359486250214,316,120,128,48,51,120,90,41,4,highway,none
431.0364043398082,329,120,128,48,51,120,90,41,4,highway,none
431.53727554813446,545,120,128,48,51,120,90,41,4,highway,none
431.5469365555854,260,120,128,48,51,120,90,41,4,highway,none
431.567333395779,316,120,128,48,51,120,90,41,4,highway,none
431.6666231740103,329,120,128,48,51,120,90,41,4,highway,none
432.1672789015474,545,120,128,48,51,120,90,41,4,highway,none
432.1774636094343,260,120,128,48,51,120,90,41,4,highway,none
432.1983606912597,316,120,128,48,51,120,90,41,4,highway,none
432.2976218396059,329,120,128,48,51,120,90,41,4,highway,none
432.79853040142876,545,120,128,48,51,120,90,41,4,highway,none
432.808762402372,260,120,128,48,51,120,90,41,4,highway,none
432.82790166520806,316,120,128,48,51,120,90,41,4,highway,none
432.92835346245613,329,120,128,48,51,120,90,41,4,highway,none
433.4285656222339,545,120,128,48,51,120,90,41,4,highway,none
433.43877910488203,260,120,128,48,51,120,90,41,4,highway,none
433.4596367706127,316,120,128,48,51,120,90,41,4,highway,none
433.5598166331832,329,120,128,48,51,120,90,41,4,highway,none
434.0588348756146,545,120,128,48,51,120,90,41,4,highway,none
434.069274639081,260,120,128,48,51,120,90,41,4,highway,none
434.08836136277563,316,120,128,48,51,120,90,41,4,highway,none
434.18795103903125,329,120,128,48,51,120,90,41,4,highway,none
434.6871409773101,545,120,128,48,51,120,90,41,4,highway,none
434.6970247845023,260,120,128,48,51,120,90,41,4,highway,none
434.7174495256206,316,120,128,48,51,120,90,41,4,highway,none
434.8168404550163,329,120,128,48,51,120,90,41,4,highway,none
435.31650741470054,545,120,128,48,51,120,90,41,4,highway,none
435.32707500421964,260,120,128,48,51,120,90,41,4,highway,none
435.34648388908056,316,120,128,48,51,120,90,41,4,highway,none
435.4467034319494,329,120,128,48,51,120,90,41,4,highway,none
435.9469089390944,545,120,128,48,51,120,90,41,4,highway,none
435.95781544916235,260,120,128,48,51,120,90,41,4,highway,none
435.97759573650586,316,120,128,48,51,120,90,41,4,highway,none
436.07841217975005,329,120,128,48,51,120,90,41,4,highway,none
436.57797752899353,545,120,128,48,51,120,90,41,4,highway,none
436.58723316712997,260,120,128,48,51,120,90,41,4,highway,none
436.60765872529174,316,120,128,48,51,120,90,41,4,highway,none
436.70839911367625,329,120,128,48,51,120,90,41,4,highway,none
437.2088863091588,545,120,128,48,51,120,90,41,4,highway,none
437.21983742516596,260,120,128,48,51,120,90,41,4,highway,none
437.23966780424325,316,120,128,48,51,120,90,41,4,highway,none
437.34005775112513,329,120,128,48,51,120,90,41,4,highway,none
437.8401138859213,545,120,128,48,51,120,90,41,4,highway,none
437.8500113820828,260,120,128,48,51,120,90,41,4,highway,none
437.87100542946297,316,120,128,48,51,120,90,41,4,highway,none
437.97157435726365,329,120,128,48,51,120,90,41,4,highway,none
438.47123196648107,545,120,128,48,51,120,90,41,4,highway,none
438.4806437445084,260,120,128,48,51,120,90,41,4,highway,none
438.50132789838875,316,120,128,48,51,120,90,41,4,highway,none
438.600784111236,329,120,128,48,51,120,90,41,4,highway,none
439.1008739573984,545,120,128,48,51,120,90,41,4,highway,none
439.1105978423488,260,120,128,48,51,120,90,41,4,highway,none
439.13080650007606,316,120,128,48,51,120,90,41,4,highway,none
439.22996443135594,329,120,128,48,51,120,90,41,4,highway,none
439.7296495047194,545,120,128,48,51,120,90,41,4,highway,none
439.7385058933047,260,120,128,48,51,120,90,41,4,highway,none
439.75867924819397,316,120,128,48,51,120,90,41,4,highway,none
439.85804263822814,329,120,128,48,51,120,90,41,4,highway,none
440.3584394105631,545,120,128,48,51,120,90,41,4,highway,none
440.3694162528179,260,120,128,48,51,120,90,41,4,highway,none
440.38846668040964,316,120,128,48,51,120,90,41,4,highway,none
440.4884709275586,329,120,128,48,51,120,90,41,4,highway,none
440.988698645064,545,120,128,48,51,120,90,41,4,highway,none
440.99838937633524,260,120,128,48,51,120,90,41,4,highway,none
441.01881468709144,316,120,128,48,51,120,90,41,4,highway,none
441.1184854656445,329,120,128,48,51,120,90,41,4,highway,none
441.61826539002215,545,120,128,48,51,120,90,41,4,highway,none
441.6290771864843,260,120,128,48,51,120,90,41,4,highway,none
441.6496620197134,316,120,128,48,51,120,90,41,4,highway,none
441.74960178256407,329,120,128,48,51,120,90,41,4,highway,none
442.2493178873811,545,120,128,48,51,120,90,41,4,highway,none
442.26024705579334,260,120,128,48,51,120,90,41,4,highway,none
442.2794800492566,316,120,128,48,51,120,90,41,4,highway,none
442.378576998831,329,120,128,48,51,120,90,41,4,highway,none
442.8780063748746,545,120,128,48,51,120,90,41,4,highway,none
442.887949716201,260,120,128,48,51,120,90,41,4,highway,none
442.90816375541624,316,120,128,48,51,120,90,41,4,highway,none
443.0081266769379,329,120,128,48,51,120,90,41,4,highway,none
443.5078498665818,545,120,128,48,51,120,90,41,4,highway,none
443.5171553829111,260,120,128,48,51,120,90,41,4,highway,none
443.5378192023147,316,120,128,48,51,120,90,41,4,highway,none
443.6374612555123,329,120,128,48,51,120,90,41,4,highway,none
444.13805044966324,545,120,128,48,51,120,90,41,4,highway,none
444.1471901024855,260,120,128,48,51,120,90,41,4,highway,none
444.167904219698,316,120,128,48,51,120,90,41,4,highway,none
444.26776837031207,329,120,128,48,51,120,90,41,4,highway,none
444.76744704539595,545,120,128,48,51,120,90,41,4,highway,none
444.7765058550607,260,120,128,48,51,120,90,41,4,highway,none
444.795930229528,316,120,128,48,51,120,90,41,4,highway,none
444.895127672307,329,120,128,48,51,120,90,41,4,highway,none
445.3943783359203,545,120,128,48,51,120,90,41,4,highway,none
445.4038871943636,260,120,128,48,51,120,90,41,4,highway,none
445.4242920148942,316,120,128,48,51,120,90,41,4,highway,none
445.5248249922931,329,120,128,48,51,120,90,41,4,highway,none
446.025804641551,545,120,128,48,51,120,90,41,4,highway,none
446.0350804685026,260,120,128,48,51,120,90,41,4,highway,none
446.05516263038226,316,120,128,48,51,120,90,41,4,highway,none
446.15587471422083,329,120,128,48,51,120,90,41,4,highway,none
446.6525237869157,545,120,128,48,51,120,90,41,4,highway,none
446.66252395769374,260,120,128,48,51,120,90,41,4,highway,none
446.68247001141833,316,120,128,48,51,120,90,41,4,highway,none
446.7819089881515,329,120,128,48,51,120,90,41,4,highway,none
447.28198392057413,545,120,128,48,51,120,90,41,4,highway,none
447.29209087718715,260,120,128,48,51,120,90,41,4,highway,none
447.3126969875895,316,120,128,48,51,120,90,41,4,highway,none
447.4126800117596,329,120,128,48,51,120,90,41,4,highway,none
447.9133659588967,545,120,128,48,51,120,90,41,4,highway,none
447.92423060791043,260,120,128,48,51,120,90,41,4,highway,none
447.94379064968484,316,120,128,48,51,120,90,41,4,highway,none
448.04395099279986,329,120,128,48,51,120,90,41,4,highway,none
448.54357122408067,545,120,128,48,51,120,90,41,4,highway,none
448.5541354500257,260,120,128,48,51,120,90,41,4,highway,none
448.57418264865953,316,120,128,48,51,120,90,41,4,highway,none
448.6738030727876,329,120,128,48,51,120,90,41,4,highway,none
449.1739017657651,545,120,128,48,51,120,90,41,4,highway,none
449.1830349004688,260,120,128,48,51,120,90,41,4,highway,none
449.20258076294175,316,120,128,48,51,120,90,41,4,highway,none
449.3025914754483,329,120,128,48,51,120,90,41,4,highway,none
449.80342552547313,545,120,128,48,51,120,90,41,4,highway,none
449.813920782447,260,120,128,48,51,120,90,41,4,highway,none
449.83462581710876,316,120,128,48,51,120,90,41,4,highway,none
449.935473614665,329,120,128,48,51,120,90,41,4,highway,none
450.43531330345786,545,120,128,48,51,120,90,41,4,highway,none
450.4463711272725,260,120,128,48,51,120,90,41,4,highway,none
450.46663957739736,316,120,128,48,51,120,90,41,4,highway,none
450.5664705935061,329,120,128,48,51,120,90,41,4,highway,none
451.06606639530725,545,120,128,48,51,120,90,41,4,highway,none
451.0763028608328,260,120,128,48,51,120,90,41,4,highway,none
451.0969719143928,316,120,128,48,51,120,90,41,4,highway,none
451.1979622932128,329,120,128,48,51,120,90,41,4,highway,none
451.6988209477155,545,120,128,48,51,120,90,41,4,highway,none
451.7093906720723,260,120,128,48,51,120,90,41,4,highway,none
451.72919629389395,316,120,128,48,51,120,90,41,4,highway,none
451.82822692824215,329,120,128,48,51,120,90,41,4,highway,none
452.3283506582507,545,120,128,48,51,120,90,41,4,highway,none
452.33812968889305,260,120,128,48,51,120,90,41,4,highway,none
452.3581364585976,316,120,128,48,51,120,90,41,4,highway,none
452.45741326356494,329,120,128,48,51,120,90,41,4,highway,none
452.95735112553615,545,120,128,48,51,120,90,41,4,highway,none
452.9681036591037,260,120,128,48,51,120,90,41,4,highway,none
452.98879410478014,316,120,128,48,51,120,90,41,4,highway,none
453.08957915196123,329,120,128,48,51,120,90,41,4,highway,none
453.5900280996807,545,120,128,48,51,120,90,41,4,highway,none
453.6004887326063,260,120,128,48,51,120,90,41,4,highway,none
453.6206922317649,316,120,128,48,51,120,90,41,4,highway,none
453.72050518560866,329,120,128,48,51,120,90,41,4,highway,none
454.21977097035176,545,120,128,48,51,120,90,41,4,highway,none
454.2294566624034,260,120,128,48,51,120,90,41,4,highway,none
454.2499398194568,316,120,128,48,51,120,90,41,4,highway,none
454.3504679074453,329,120,128,48,51,120,90,41,4,highway,none
454.85042257407855,545,120,128,48,51,120,90,41,4,highway,none
454.86007381727194,260,120,128,48,51,120,90,41,4,highway,none
454.8805315614401,316,120,128,48,51,120,90,41,4,highway,none
454.9797258789,329,120,128,48,51,120,90,41,4,highway,none
455.479814074262,545,120,128,48,51,120,90,41,4,highway,none
455.49008755849445,260,120,128,48,51,120,90,41,4,highway,none
455.5091978575957,316,120,128,48,51,120,90,41,4,highway,none
455.61003699656544,329,120,128,48,51,120,90,41,4,highway,none
456.1107963684874,545,120,128,48,51,120,90,41,4,highway,none
456.1207797890125,260,120,128,48,51,120,90,41,4,highway,none
456.14135267758104,316,120,128,48,51,120,90,41,4,highway,none
456.24159104341436,329,120,128,48,51,120,90,41,4,highway,none
456.7425665336306,545,120,128,48,51,120,90,41,4,highway,none
456.7532706354039,260,120,128,48,51,120,90,41,4,highway,none
456.7728263818037,316,120,128,48,51,120,90,41,4,highway,none
456.87374823415973,329,120,128,48,51,120,90,41,4,highway,none
457.372982678733,545,120,128,48,51,120,90,41,4,highway,none
457.3833905197994,260,120,128,48,51,120,90,41,4,highway,none
457.40255757471937,316,120,128,48,51,120,90,41,4,highway,none
457.5029172645869,329,120,128,48,51,120,90,41,4,highway,none
458.0032892689414,545,120,128,48,51,120,90,41,4,highway,none
458.01324975043264,260,120,128,48,51,120,90,41,4,highway,none
458.0326424636263,316,120,128,48,51,120,90,41,4,highway,none
458.1328662180866,329,120,128,48,51,120,90,41,4,highway,none
458.632183733911,545,120,128,48,51,120,90,41,4,highway,none
458.641556955769,260,120,128,48,51,120,90,41,4,highway,none
458.66246255490813,316,120,128,48,51,120,90,41,4,highway,none
458.76200911573085,329,120,128,48,51,120,90,41,4,highway,none
459.26237882799074,545,120,128,48,51,120,90,41,4,highway,none
459.2725985823505,260,120,128,48,51,120,90,41,4,highway,none
459.2916894156419,316,120,128,48,51,120,90,41,4,highway,none
459.3926217474036,329,120,128,48,51,120,90,41,4,highway,none
459.8918889349789,545,120,128,48,51,120,90,41,4,highway,none
459.9016379473174,260,120,128,48,51,120,90,41,4,highway,none
459.92254048971637,316,120,128,48,51,120,90,41,4,highway,none
460.02268307677195,329,120,128,48,51,120,90,41,4,highway,none
460.52236941481084,545,120,128,48,51,120,90,41,4,highway,none
460.5331339979337,260,120,128,48,51,120,90,41,4,highway,none
460.55299961538236,316,120,128,48,51,120,90,41,4,highway,none
460.65151789996503,329,120,128,48,51,120,90,41,4,highway,none
461.1517060642888,545,120,128,48,51,120,90,41,4,highway,none
461.16140261958503,260,120,128,48,51,120,90,41,4,highway,none
461.1811344083736,316,120,128,48,51,120,90,41,4,highway,none
461.2819906266818,329,120,128,48,51,120,90,41,4,highway,none
461.7812934079785,545,120,128,48,51,120,90,41,4,highway,none
461.7903151162256,260,120,128,48,51,120,90,41,4,highway,none
461.8108986812074,316,120,128,48,51,120,90,41,4,highway,none
461.9107549447785,329,120,128,48,51,120,90,41,4,highway,none
462.4101776148304,545,120,128,48,51,120,90,41,4,highway,none
462.4204702011748,260,120,128,48,51,120,90,41,4,highway,none
462.44001835793335,316,120,128,48,51,120,90,41,4,highway,none
462.539706004666,329,120,128,48,51,120,90,41,4,highway,none
463.03957040066643,545,120,128,48,51,120,90,41,4,highway,none
463.04935193587863,260,120,128,48,51,120,90,41,4,highway,none
463.0686729708129,316,120,128,48,51,120,90,41,4,highway,none
463.16917005998295,329,120,128,48,51,120,90,41,4,highway,none
463.6686929688435,545,120,128,48,51,120,90,41,4,highway,none
463.6781720522162,260,120,128,48,51,120,90,41,4,highway,none
463.6983079057686,316,120,128,48,51,120,90,41,4,highway,none
463.79921561105994,329,120,128,48,51,120,90,41,4,highway,none
464.30015225703124,545,120,128,48,51,120,90,41,4,highway,none
464.310173936128,260,120,128,48,51,120,90,41,4,highway,none
464.33090025136227,316,120,128,48,51,120,90,41,4,highway,none
464.4309156490693,329,120,128,48,51,120,90,41,4,highway,none
464.93096740795175,545,120,128,48,51,120,90,41,4,highway,none
464.94168788249254,260,120,128,48,51,120,90,41,4,highway,none
464.9620574912383,316,120,128,48,51,120,90,41,4,highway,none
465.06175800657934,329,120,128,48,51,120,90,41,4,highway,none
465.56187427736313,545,120,128,48,51,120,90,41,4,highway,none
465.5710192370402,260,120,128,48,51,120,90,41,4,highway,none
465.59179464515506,316,120,128,48,51,120,90,41,4,highway,none
465.6910917033106,329,120,128,48,51,120,90,41,4,highway,none
466.190197808246,545,120,128,48,51,120,90,41,4,highway,none
466.1995609860044,260,120,128,48,51,120,90,41,4,highway,none
466.2201335234765,316,120,128,48,51,120,90,41,4,highway,none
466.31985332794,329,120,128,48,51,120,90,41,4,highway,none
466.82062619938756,545,120,128,48,51,120,90,41,4,highway,none
466.83083136593,260,120,128,48,51,120,90,41,4,highway,none
466.8502042748232,316,120,128,48,51,120,90,41,4,highway,none
466.95069262527795,329,120,128,48,51,120,90,41,4,highway,none
467.45023246330464,545,120,128,48,51,120,90,41,4,highway,none
467.46085610653324,260,120,128,48,51,120,90,41,4,highway,none
467.4816461023793,316,120,128,48,51,120,90,41,4,highway,none
467.5820263139533,329,120,128,48,51,120,90,41,4,highway,none
468.0820993764102,545,120,128,48,51,120,90,41,4,highway,none
468.0916432619375,260,120,128,48,51,120,90,41,4,highway,none
468.1117184148125,316,120,128,48,51,120,90,41,4,highway,none
468.2122825731541,329,120,128,48,51,120,90,41,4,highway,none
468.7118546651202,545,120,128,48,51,120,90,41,4,highway,none
468.7226421740824,260,120,128,48,51,120,90,41,4,highway,none
468.7433489351267,316,120,128,48,51,120,90,41,4,highway,none
468.8434989133116,329,120,128,48,51,120,90,41,4,highway,none
469.34266242847343,545,120,128,48,51,120,90,41,4,highway,none
469.3526386513261,260,120,128,48,51,120,90,41,4,highway,none
469.3726763191646,316,120,128,48,51,120,90,41,4,highway,none
469.47191281199434,329,120,128,48,51,120,90,41,4,highway,none
469.9712555054266,545,120,128,48,51,120,90,41,4,highway,none
469.9821142868787,260,120,128,48,51,120,90,41,4,highway,none
470.00174863371154,316,120,128,48,51,120,90,41,4,highway,none
470.10274600674654,329,120,128,48,51,120,90,41,4,highway,none
470.6018918523747,545,120,128,48,51,120,90,41,4,highway,none
470.6118472825183,260,120,128,48,51,120,90,41,4,highway,none
470.63212142681255,316,120,128,48,51,120,90,41,4,highway,none
470.73240766029926,329,120,128,48,51,120,90,41,4,highway,none
471.23185748786267,545,120,128,48,51,120,90,41,4,highway,none
471.24093912299537,260,120,128,48,51,120,90,41,4,highway,none
471.2608923929578,316,120,128,48,51,120,90,41,4,highway,none
471.361060228748,329,120,128,48,51,120,90,41,4,highway,none
471.8605281756616,545,120,128,48,51,120,90,41,4,highway,none
471.8698923612552,260,120,128,48,51,120,90,41,4,highway,none
471.8892147671011,316,120,128,48,51,120,90,41,4,highway,none
471.98865634614964,329,120,128,48,51,120,90,41,4,highway,none
472.4888408741254,545,120,128,48,51,120,90,41,4,highway,none
472.4989058694235,260,120,128,48,51,120,90,41,4,highway,none
472.5191160542423,316,120,128,48,51,120,90,41,4,highway,none
472.6186049180734,329,120,128,48,51,120,90,41,4,highway,none
473.1189810586776,545,120,128,48,51,120,90,41,4,highway,none
473.12829343029136,260,120,128,48,51,120,90,41,4,highway,none
473.14793548742136,316,120,128,48,51,120,90,41,4,highway,none
473.2485585836547,329,120,128,48,51,120,90,41,4,highway,none
473.74767901622135,545,120,128,48,51,120,90,41,4,highway,none
473.75848220213516,260,120,128,48,51,120,90,41,4,highway,none
473.7784737924385,316,120,128,48,51,120,90,41,4,highway,none
473.8777480177185,329,120,128,48,51,120,90,41,4,highway,none
474.37750285141146,545,120,128,48,51,120,90,41,4,highway,none
474.3872541650625,260,120,128,48,51,120,90,41,4,highway,none
474.40731059859587,316,120,128,48,51,120,90,41,4,highway,none
474.5078401862185,329,120,128,48,51,120,90,41,4,highway,none
475.00849436071655,545,120,128,48,51,120,90,41,4,highway,none
475.01825617070926,260,120,128,48,51,120,90,41,4,highway,none
475.0375863194162,316,120,128,48,51,120,90,41,4,highway,none
475.13779130580116,329,120,128,48,51,120,90,41,4,highway,none
475.6384297714849,545,120,128,48,51,120,90,41,4,highway,none
475.6480678493664,260,120,128,48,51,120,90,41,4,highway,none
475.6686342793694,316,120,128,48,51,120,90,41,4,highway,none
475.76816118204783,329,120,128,48,51,120,90,41,4,highway,none
476.26880907315694,545,120,128,48,51,120,90,41,4,highway,none
476.27897380771947,260,120,128,48,51,120,90,41,4,highway,none
476.2987798545938,316,120,128,48,51,120,90,41,4,highway,none
476.39928180153964,329,120,128,48,51,120,90,41,4,highway,none
476.90004985437724,545,120,128,48,51,120,90,41,4,highway,none
476.9108569025931,260,120,128,48,51,120,90,41,4,highway,none
476.93011972431344,316,120,128,48,51,120,90,41,4,highway,none
477.02989385749765,329,120,128,48,51,120,90,41,4,highway,none
477.5303848060223,545,120,128,48,51,120,90,41,4,highway,none
477.5398447203018,260,120,128,48,51,120,90,41,4,highway,none
477.55940929978715,316,120,128,48,51,120,90,41,4,highway,none
477.6601612343252,329,120,128,48,51,120,90,41,4,highway,none
478.16017553812156,545,120,128,48,51,120,90,41,4,highway,none
478.17019256249466,260,120,128,48,51,120,90,41,4,highway,none
478.1907518242977,316,120,128,48,51,120,90,41,4,highway,none
478.2904575689805,329,120,128,48,51,120,90,41,4,highway,none
478.79098315415456,545,120,128,48,51,120,90,41,4,highway,none
478.80116185420775,260,120,128,48,51,120,90,41,4,highway,none
478.82198716959397,316,120,128,48,51,120,90,41,4,highway,none
478.9224273837605,329,120,128,48,51,120,90,41,4,highway,none
479.42219488781143,545,120,128,48,51,120,90,41,4,highway,none
479.4322434815481,260,120,128,48,51,120,90,41,4,highway,none
479.4516851013878,316,120,128,48,51,120,90,41,4,highway,none
479.5509822972201,329,120,128,48,51,120,90,41,4,highway,none
480.0518748885812,545,120,128,48,51,120,90,41,4,highway,none
480.06169039029317,260,120,128,48,51,120,90,41,4,highway,none
480.08358202107627,316,120,128,48,51,120,90,41,4,highway,none
480.1843214184341,329,120,128,48,51,120,90,41,4,highway,none
480.68465305386866,545,120,128,48,51,120,90,41,4,highway,none
480.69396582650336,260,120,128,48,51,120,90,41,4,highway,none
480.7133995176303,316,120,128,48,51,120,90,41,4,highway,none
480.8134020355598,329,120,128,48,51,120,90,41,4,highway,none
481.31340926483443,545,120,128,48,51,120,90,41,4,highway,none
481.32365859839945,260,120,128,48,51,120,90,41,4,highway,none
481.3439869542962,316,120,128,48,51,120,90,41,4,highway,none
481.4443654438947,329,120,128,48,51,120,90,41,4,highway,none
481.9434093130981,545,120,128,48,51,120,90,41,4,highway,none
481.9539509457198,260,120,128,48,51,120,90,41,4,highway,none
481.9745949688557,316,120,128,48,51,120,90,41,4,highway,none
482.0748261475948,329,120,128,48,51,120,90,41,4,highway,none
482.5749163557433,545,120,128,48,51,120,90,41,4,highway,none
482.5856951408743,260,120,128,48,51,120,90,41,4,highway,none
482.604706940405,316,120,128,48,51,120,90,41,4,highway,none
482.7043282261228,329,120,128,48,51,120,90,41,4,highway,none
483.20482692235925,545,120,128,48,51,120,90,41,4,highway,none
483.21549399692304,260,120,128,48,51,120,90,41,4,highway,none
483.2353894683536,316,120,128,48,51,120,90,41,4,highway,none
483.33475969783916,329,120,128,48,51,120,90,41,4,highway,none
483.8351794424359,545,120,128,48,51,120,90,41,4,highway,none
483.84434911695536,260,120,128,48,51,120,90,41,4,highway,none
483.8652109687751,316,120,128,48,51,120,90,41,4,highway,none
483.96516049185806,329,120,128,48,51,120,90,41,4,highway,none
484.4653903338707,545,120,128,48,51,120,90,41,4,highway,none
484.4750589297723,260,120,128,48,51,120,90,41,4,highway,none
484.49486888571124,316,120,128,48,51,120,90,41,4,highway,none
484.59582881130746,329,120,128,48,51,120,90,41,4,highway,none
485.09493224055876,545,120,128,48,51,120,90,41,4,highway,none
485.105724814052,260,120,128,48,51,120,90,41,4,highway,none
485.1257815618561,316,120,128,48,51,120,90,41,4,highway,none
485.22636884288596,329,120,128,48,51,120,90,41,4,highway,none
485.72681320325535,545,120,128,48,51,120,90,41,4,highway,none
485.73614717589163,260,120,128,48,51,120,90,41,4,highway,none
485.75701927964036,316,120,128,48,51,120,90,41,4,highway,none
485.85724859015585,329,120,128,48,51,120,90,41,4,highway,none
486.35813530713,545,120,128,48,51,120,90,41,4,highway,none
486.3676877172475,260,120,128,48,51,120,90,41,4,highway,none
486.3879043059018,316,120,128,48,51,120,90,41,4,highway,none
486.4883499019017,329,120,128,48,51,120,90,41,4,highway,none
486.98865035453,545,120,128,48,51,120,90,41,4,highway,none
486.99876658834995,260,120,128,48,51,120,90,41,4,highway,none
487.01919848681945,316,120,128,48,51,120,90,41,4,highway,none
487.1186453449602,329,120,128,48,51,120,90,41,4,highway,none
487.6176501239997,545,120,128,48,51,120,90,41,4,highway,none
487.6272617304596,260,120,128,48,51,120,90,41,4,highway,none
487.6479231484889,316,120,128,48,51,120,90,41,4,highway,none
487.74736514060857,329,120,128,48,51,120,90,41,4,highway,none
488.2468772513402,545,120,128,48,51,120,90,41,4,highway,none
488.2572020488532,260,120,128,48,51,120,90,41,4,highway,none
488.2781927239023,316,120,128,48,51,120,90,41,4,highway,none
488.37789441201494,329,120,128,48,51,120,90,41,4,highway,none
488.8778827161233,545,120,128,48,51,120,90,41,4,highway,none
488.8876260085954,260,120,128,48,51,120,90,41,4,highway,none
488.907522967732,316,120,128,48,51,120,90,41,4,highway,none
489.00659946964333,329,120,128,48,51,120,90,41,4,highway,none
489.5073116749188,545,120,128,48,51,120,90,41,4,highway,none
489.5163814872223,260,120,128,48,51,120,90,41,4,highway,none
489.53324114018034,316,120,128,48,51,120,90,41,4,highway,none
489.6325022946291,329,120,128,48,51,120,90,41,4,highway,none
490.1324085558541,545,120,128,48,51,120,90,41,4,highway,none
490.1417779278113,260,120,128,48,51,120,90,41,4,highway,none
490.16079761318576,316,120,128,48,51,120,90,41,4,highway,none
490.26143053487345,329,120,128,48,51,120,90,41,4,highway,none
490.76239672911214,545,120,128,48,51,120,90,41,4,highway,none
490.7714967226874,260,120,128,48,51,120,90,41,4,highway,none
490.7920744255021,316,120,128,48,51,120,90,41,4,highway,none
490.89228302512,329,120,128,48,51,120,90,41,4,highway,none
491.392096958018,545,120,128,48,51,120,90,41,4,highway,none
491.4026146555192,260,120,128,48,51,120,90,41,4,highway,none
491.4231300759305,316,120,128,48,51,120,90,41,4,highway,none
491.5238800409334,329,120,128,48,51,120,90,41,4,highway,none
492.0239813934413,545,120,128,48,51,120,90,41,4,highway,none
492.0335900216873,260,120,128,48,51,120,90,41,4,highway,none
492.05261953857917,316,120,128,48,51,120,90,41,4,highway,none
492.15275226235866,329,120,128,48,51,120,90,41,4,highway,none
492.65348574305136,545,120,128,48,51,120,90,41,4,highway,none
492.6636950996305,260,120,128,48,51,120,90,41,4,highway,none
492.68416394492806,316,120,128,48,51,120,90,41,4,highway,none
492.7845787394692,329,120,128,48,51,120,90,41,4,highway,none
493.2843685348701,545,120,128,48,51,120,90,41,4,highway,none
493.29371755066,260,120,128,48,51,120,90,41,4,highway,none
493.3129877633333,316,120,128,48,51,120,90,41,4,highway,none
493.4134522628758,329,120,128,48,51,120,90,41,4,highway,none
493.9129131483847,545,120,128,48,51,120,90,41,4,highway,none
493.92290030934134,260,120,128,48,51,120,90,41,4,highway,none
493.94305675112037,316,120,128,48,51,120,90,41,4,highway,none
494.04249078808886,329,120,128,48,51,120,90,41,4,highway,none
494.5426245227738,545,120,128,48,51,120,90,41,4,highway,none
494.5523752164726,260,120,128,48,51,120,90,41,4,highway,none
494.57252425802307,316,120,128,48,51,120,90,41,4,highway,none
494.6717274704663,329,120,128,48,51,120,90,41,4,highway,none
495.1715388743009,545,120,128,48,51,120,90,41,4,highway,none
495.18250329882903,260,120,128,48,51,120,90,41,4,highway,none
495.2031737322541,316,120,128,48,51,120,90,41,4,highway,none
495.3030039881788,329,120,128,48,51,120,90,41,4,highway,none
495.8031285500228,545,120,128,48,51,120,90,41,4,highway,none
495.8136843338396,260,120,128,48,51,120,90,41,4,highway,none
495.83371627959616,316,120,128,48,51,120,90,41,4,highway,none
495.9342937231968,329,120,128,48,51,120,90,41,4,highway,none
496.4349488494173,545,120,128,48,51,120,90,41,4,highway,none
496.44514995479153,260,120,128,48,51,120,90,41,4,highway,none
496.46568749976717,316,120,128,48,51,120,90,41,4,highway,none
496.56474149744986,329,120,128,48,51,120,90,41,4,highway,none
497.06528956642694,545,120,128,48,51,120,90,41,4,highway,none
497.0745866468879,260,120,128,48,51,120,90,41,4,highway,none
497.0939694806532,316,120,128,48,51,120,90,41,4,highway,none
497.1944355282456,329,120,128,48,51,120,90,41,4,highway,none
497.69379054158594,545,120,128,48,51,120,90,41,4,highway,none
497.70336705402764,260,120,128,48,51,120,90,41,4,highway,none
497.7225688886757,316,120,128,48,51,120,90,41,4,highway,none
497.82176421329984,329,120,128,48,51,120,90,41,4,highway,none
498.32103873101204,545,120,128,48,51,120,90,41,4,highway,none
498.33117986528976,260,120,128,48,51,120,90,41,4,highway,none
498.35056434137005,316,120,128,48,51,120,90,41,4,highway,none
498.4496622114149,329,120,128,48,51,120,90,41,4,highway,none
498.9525124389664,545,120,128,48,51,120,90,41,4,highway,none
498.9616029805648,260,120,128,48,51,120,90,41,4,highway,none
498.9808656303982,316,120,128,48,51,120,90,41,4,highway,none
499.0807984410156,329,120,128,48,51,120,90,41,4,highway,none
499.5804579049536,545,120,128,48,51,120,90,41,4,highway,none
499.58994747670806,260,120,128,48,51,120,90,41,4,highway,none
499.60997660898676,316,120,128,48,51,120,90,41,4,highway,none
499.71012673928243,329,120,128,48,51,120,90,41,4,highway,none
500.2091975336676,545,120,128,48,51,120,90,41,4,highway,none
500.2199781820395,260,120,128,48,51,120,90,41,4,highway,none
500.23918625926234,316,120,128,48,51,120,90,41,4,highway,none
500.33877131181214,329,120,128,48,51,120,90,41,4,highway,none
500.8379279299427,545,120,128,48,51,120,90,41,4,highway,none
500.84843340296345,260,120,128,48,51,120,90,41,4,highway,none
500.86801967572865,316,120,128,48,51,120,90,41,4,highway,none
500.96795224268374,329,120,128,48,51,120,90,41,4,highway,none
501.467397139732,545,120,128,48,51,120,90,41,4,highway,none
501.4770735181742,260,120,128,48,51,120,90,41,4,highway,none
501.49784493282624,316,120,128,48,51,120,90,41,4,highway,none
501.59862986924514,329,120,128,48,51,120,90,41,4,highway,none
502.0993515895919,545,120,128,48,51,120,90,41,4,highway,none
502.109625836386,260,120,128,48,51,120,90,41,4,highway,none
502.1303505512887,316,120,128,48,51,120,90,41,4,highway,none
502.231234618011,329,120,128,48,51,120,90,41,4,highway,none
502.7312019870042,545,120,128,48,51,120,90,41,4,highway,none
502.7421998811694,260,120,128,48,51,120,90,41,4,highway,none
502.7629054562943,316,120,128,48,51,120,90,41,4,highway,none
502.86328540347176,329,120,128,48,51,120,90,41,4,highway,none
503.3630903860755,545,120,128,48,51,120,90,41,4,highway,none
503.37298682039386,260,120,128,48,51,120,90,41,4,highway,none
503.3935960093507,316,120,128,48,51,120,90,41,4,highway,none
503.49322403133544,329,120,128,48,51,120,90,41,4,highway,none
503.9926676719824,545,120,128,48,51,120,90,41,4,highway,none
504.0021044386857,260,118,128,47,77,118,90,40,4,braking,none
504.02224582169066,316,116,128,46,102,116,90,40,4,braking,none
504.121864595324,329,114,128,46,128,114,90,39,4,braking,none
504.62148187283515,545,112,128,45,153,112,90,39,4,braking,none
504.6312532454898,260,110,128,44,178,110,90,38,4,braking,none
504.650802439883,316,108,128,43,204,108,90,37,4,braking,none
504.75087365076166,329,106,128,42,229,106,90,37,4,braking,none
505.25058355885534,545,104,128,42,255,104,90,36,4,braking,none
505.2614069713146,260,102,128,41,255,102,90,36,4,braking,none
505.2813707515047,316,100,128,40,255,100,90,35,4,braking,none
505.38043408612776,329,98,128,39,255,98,90,34,4,braking,none
505.87990628705177,545,96,128,38,255,96,90,34,4,braking,none
505.88910479719135,260,94,128,38,255,94,90,33,4,braking,none
505.909492129653,316,92,128,37,255,92,90,33,4,braking,none
506.00994729221605,329,90,128,36,255,90,90,32,4,braking,none
506.50974979314447,545,88,128,35,255,88,90,31,4,braking,none
506.5187996737321,260,86,128,34,255,86,90,31,4,braking,none
506.53954043933794,316,84,128,34,255,84,90,30,4,braking,none
506.6392832759364,329,82,128,33,255,82,90,30,4,braking,none
507.13840276922514,545,80,128,32,255,80,90,29,4,braking,none
507.1487042892816,260,78,128,31,255,78,90,28,4,braking,none
507.16782661328153,316,76,128,30,255,76,90,28,4,braking,none
507.26773158713064,329,74,128,30,255,74,90,27,4,braking,none
507.76839116238347,545,72,128,29,255,72,90,27,4,braking,none
507.77883363339055,260,70,128,28,255,70,90,26,4,braking,none
507.7989477970706,316,68,128,27,255,68,90,25,4,braking,none
507.89877709232235,329,66,128,26,255,66,90,25,4,braking,none
508.39874808337976,545,64,128,26,255,64,90,24,4,braking,none
508.40974441868696,260,62,128,25,255,62,90,24,4,braking,none
508.42953110307064,316,60,128,24,255,60,90,23,4,braking,none
508.52983156918435,329,58,128,23,255,58,90,22,4,braking,none
509.02897091409284,545,56,128,22,255,56,90,22,4,braking,none
509.03896220235924,260,54,128,22,255,54,90,21,4,braking,none
509.0581346071493,316,52,128,21,255,52,90,21,4,braking,none
509.15882462129906,329,50,128,20,255,50,90,20,4,braking,none
509.65877559940174,545,48,128,19,255,48,90,19,4,braking,none
509.66915065767716,260,46,128,18,255,46,90,19,4,braking,none
509.68944615204856,316,44,128,18,255,44,90,18,4,braking,none
509.788913848286,329,42,128,17,255,42,90,18,4,braking,none
510.2886227572913,545,40,128,16,255,40,90,17,4,braking,none
510.29860577818,260,38,128,15,255,38,90,16,4,braking,none
510.3184636449987,316,36,128,14,255,36,90,16,4,braking,none
510.41864312704706,329,34,128,14,255,34,90,15,4,braking,none
510.91870410819206,545,32,128,13,255,32,90,15,4,braking,none
510.92900502545825,260,30,128,12,255,30,90,14,4,braking,none
510.9480140442275,316,28,128,11,255,28,90,13,4,braking,none
511.04864640607764,329,26,128,10,255,26,90,13,4,braking,none
511.54952762480923,545,24,128,10,255,24,90,12,4,braking,none
511.5595998980673,260,22,128,9,255,22,90,12,4,braking,none
511.58038849353375,316,20,128,8,255,20,90,11,4,braking,none
511.6810299574468,329,18,128,7,255,18,90,10,4,braking,none
512.1810146585456,545,16,128,6,255,16,90,10,4,braking,none
512.1906454019582,260,14,128,6,255,14,90,9,4,braking,none
512.2105704523977,316,12,128,5,255,12,90,9,4,braking,none
512.3099881567756,329,10,128,4,255,10,90,8,4,braking,none
512.8095302017202,545,8,128,3,255,8,90,7,4,braking,none
512.81908894925,260,6,128,2,255,6,90,7,4,braking,none
512.8385553764576,316,4,128,2,255,4,90,6,4,braking,none
512.9395233086373,329,2,128,1,255,2,90,6,4,braking,none
513.439687290945,545,0,128,0,255,0,90,5,4,braking,none
513.4495702520048,260,0,128,0,255,0,90,5,4,braking,none
513.4691771986993,316,0,128,0,255,0,90,5,4,braking,none
513.5685826141208,329,0,128,0,255,0,90,5,4,braking,none
514.0692831221477,545,0,128,0,255,0,90,5,4,braking,none
514.0787775046307,260,0,128,0,255,0,90,5,4,braking,none
514.0985552187968,316,0,128,0,255,0,90,5,4,braking,none
514.1993036391628,329,0,128,0,255,0,90,5,4,braking,none
514.6996505479968,545,0,128,0,255,0,90,5,4,braking,none
514.7101880511267,260,0,128,0,255,0,90,5,4,braking,none
514.7298332385784,316,0,128,0,255,0,90,5,4,braking,none
514.8301156995334,329,0,128,0,255,0,90,5,4,braking,none
515.3291379229998,545,0,128,0,255,0,90,5,4,braking,none
515.3398324849427,260,0,128,0,255,0,90,5,4,braking,none
515.3595331086111,316,0,128,0,255,0,90,5,4,braking,none
515.4604073305582,329,0,128,0,255,0,90,5,4,braking,none
515.9600549121806,545,0,128,0,255,0,90,5,4,braking,none
515.9700793983403,260,0,128,0,255,0,90,5,4,braking,none
515.9892945212506,316,0,128,0,255,0,90,5,4,braking,none
516.0893538543548,329,0,128,0,255,0,90,5,4,braking,none
516.5887770205254,545,0,128,0,255,0,90,5,4,braking,none
516.59968233659,260,0,128,0,255,0,90,5,4,braking,none
516.6197937995462,316,0,128,0,255,0,90,5,4,braking,none
516.7196254473514,329,0,128,0,255,0,90,5,4,braking,none
517.2200164132145,545,0,128,0,255,0,90,5,4,braking,none
517.2310162691705,260,0,128,0,255,0,90,5,4,braking,none
517.2515621134149,316,0,128,0,255,0,90,5,4,braking,none
517.3518760519435,329,0,128,0,255,0,90,5,4,braking,none
517.855427056303,545,0,128,0,255,0,90,5,4,braking,none
517.8652021347684,260,0,128,0,255,0,90,5,4,braking,none
517.8846618651692,316,0,128,0,255,0,90,5,4,braking,none
517.9851285523579,329,0,128,0,255,0,90,5,4,braking,none
518.4846679879992,545,0,128,0,255,0,90,5,4,braking,none
518.4952672087085,260,0,128,0,255,0,90,5,4,braking,none
518.5151116228409,316,0,128,0,255,0,90,5,4,braking,none
518.6147211625912,329,0,128,0,255,0,90,5,4,braking,none
519.114747209305,545,0,128,0,255,0,90,5,4,braking,none
519.1240214933287,260,0,128,0,255,0,90,5,4,braking,none
519.1434773416448,316,0,128,0,255,0,90,5,4,braking,none
519.243380852267,329,0,128,0,255,0,90,5,4,braking,none
519.7426544087417,545,0,128,0,255,0,90,5,4,braking,none
519.7525188088636,260,0,128,0,255,0,90,5,4,braking,none
519.772381283875,316,0,128,0,255,0,90,5,4,braking,none
519.871725558601,329,0,128,0,255,0,90,5,4,braking,none
520.3725124401186,545,0,128,0,255,0,90,5,4,braking,none
520.3819152774671,260,0,128,0,255,0,90,5,4,braking,none
520.4027893167589,316,0,128,0,255,0,90,5,4,braking,none
520.5028754410591,329,0,128,0,255,0,90,5,4,braking,none
521.0029938904255,545,0,128,0,255,0,90,5,4,braking,none
521.0127405772787,260,0,128,0,255,0,90,5,4,braking,none
521.0327393677982,316,0,128,0,255,0,90,5,4,braking,none
521.1334658188766,329,0,128,0,255,0,90,5,4,braking,none
521.6336296624123,545,0,128,0,255,0,90,5,4,braking,none
521.6440159006407,260,0,128,0,255,0,90,5,4,braking,none
521.6634092793919,316,0,128,0,255,0,90,5,4,braking,none
521.7624734591806,329,0,128,0,255,0,90,5,4,braking,none
522.2624385944558,545,0,128,0,255,0,90,5,4,braking,none
522.2731060914662,260,0,128,0,255,0,90,5,4,braking,none
522.2940886635803,316,0,128,0,255,0,90,5,4,braking,none
522.3938596459619,329,0,128,0,255,0,90,5,4,braking,none
522.8942547196348,545,0,128,0,255,0,90,5,4,braking,none
522.9047667828503,260,0,128,0,255,0,90,5,4,braking,none
522.9251992829373,316,0,128,0,255,0,90,5,4,braking,none
523.0257683119085,329,0,128,0,255,0,90,5,4,braking,none
523.5251894476002,545,0,128,0,255,0,90,5,4,braking,none
523.5354548407167,260,0,128,0,255,0,90,5,4,braking,none
523.5556022255879,316,0,128,0,255,0,90,5,4,braking,none
523.6555362731737,329,0,128,0,255,0,90,5,4,braking,none
524.1548683191005,545,0,128,0,255,0,90,5,4,braking,none
524.164234826826,260,0,128,0,255,0,90,5,4,braking,none
524.1838647673302,316,0,128,0,255,0,90,5,4,braking,none
524.2842877713202,329,0,128,0,255,0,90,5,4,braking,none
524.7844246212067,545,0,128,0,255,0,90,5,4,braking,none
524.7943152792831,260,0,128,0,255,0,90,5,4,braking,none
524.8138317256654,316,0,128,0,255,0,90,5,4,braking,none
524.9141212279462,329,0,128,0,255,0,90,5,4,braking,none
525.4140500548159,545,0,128,0,255,0,90,5,4,braking,none
525.424773130263,260,0,128,0,255,0,90,5,4,braking,none
525.4447740445443,316,0,128,0,255,0,90,5,4,braking,none
525.545735375545,329,0,128,0,255,0,90,5,4,braking,none
526.0456281393399,545,0,128,0,255,0,90,5,4,braking,none
526.0548415440069,260,0,128,0,255,0,90,5,4,braking,none
526.0738557591394,316,0,128,0,255,0,90,5,4,braking,none
526.1742139738163,329,0,128,0,255,0,90,5,4,braking,none
526.6741766945131,545,0,128,0,255,0,90,5,4,braking,none
526.683339128359,260,0,128,0,255,0,90,5,4,braking,none
526.703237489438,316,0,128,0,255,0,90,5,4,braking,none
526.8032169231124,329,0,128,0,255,0,90,5,4,braking,none
527.3027438395494,545,0,128,0,255,0,90,5,4,braking,none
527.3118363909236,260,0,128,0,255,0,90,5,4,braking,none
527.3322428474494,316,0,128,0,255,0,90,5,4,braking,none
527.432399119552,329,0,128,0,255,0,90,5,4,braking,none
527.9322735492793,545,0,128,0,255,0,90,5,4,braking,none
527.941676635611,260,0,128,0,255,0,90,5,4,braking,none
527.9608739319426,316,0,128,0,255,0,90,5,4,braking,none
528.0603979333199,329,0,128,0,255,0,90,5,4,braking,none
528.5608263373672,545,0,128,0,255,0,90,5,4,braking,none
528.5709668797324,260,0,128,0,255,0,90,5,4,braking,none
528.591159598278,316,0,128,0,255,0,90,5,4,braking,none
528.6902118681548,329,0,128,0,255,0,90,5,4,braking,none
529.1897054802182,545,0,128,0,255,0,90,5,4,braking,none
529.1995217727998,260,0,128,0,255,0,90,5,4,braking,none
529.2204705661618,316,0,128,0,255,0,90,5,4,braking,none
529.3196007231446,329,0,128,0,255,0,90,5,4,braking,none
529.8191066694369,545,0,128,0,255,0,90,5,4,braking,none
529.8288856334644,260,0,128,0,255,0,90,5,4,braking,none
529.8491028345327,316,0,128,0,255,0,90,5,4,braking,none
529.9482546399138,329,0,128,0,255,0,90,5,4,braking,none
530.4490873364726,545,0,128,0,255,0,90,5,4,braking,none
530.4587248084002,260,0,128,0,255,0,90,5,4,braking,none
530.4785420884804,316,0,128,0,255,0,90,5,4,braking,none
530.5787267999237,329,0,128,0,255,0,90,5,4,braking,none
531.0786203338038,545,0,128,0,255,0,90,5,4,braking,none
531.0889427160093,260,0,128,0,255,0,90,5,4,braking,none
531.1088738440246,316,0,128,0,255,0,90,5,4,braking,none
531.2081008939743,329,0,128,0,255,0,90,5,4,braking,none
531.7089769060486,545,0,128,0,255,0,90,5,4,braking,none
531.7192762891485,260,0,128,0,255,0,90,5,4,braking,none
531.7400433438627,316,0,128,0,255,0,90,5,4,braking,none
531.8399271721223,329,0,128,0,255,0,90,5,4,braking,none
532.3396740103434,545,0,128,0,255,0,90,5,4,braking,none
532.3496988709114,260,0,128,0,255,0,90,5,4,braking,none
532.3702573493094,316,0,128,0,255,0,90,5,4,braking,none
532.470637117926,329,0,128,0,255,0,90,5,4,braking,none
532.9714407578737,545,0,128,0,255,0,90,5,4,braking,none
532.9808579209302,260,0,128,0,255,0,90,5,4,braking,none
533.0012677872354,316,0,128,0,255,0,90,5,4,braking,none
533.1016242330763,329,0,128,0,255,0,90,5,4,braking,none
533.6023585456122,545,0,128,0,255,0,90,5,4,braking,none
533.6124632647249,260,0,128,0,255,0,90,5,4,braking,none
533.6325124008534,316,0,128,0,255,0,90,5,4,braking,none
533.7327095619052,329,0,128,0,255,0,90,5,4,braking,none
534.233637939776,545,0,128,0,255,0,90,5,4,braking,none
534.2434845598889,260,0,128,0,255,0,90,5,4,braking,none
534.260730985622,316,0,128,0,255,0,90,5,4,braking,none
534.3603728990868,329,0,128,0,255,0,90,5,4,braking,none
534.860876694108,545,0,128,0,255,0,90,5,4,braking,none
534.8715327618773,260,0,128,0,255,0,90,5,4,braking,none
534.8907353306365,316,0,128,0,255,0,90,5,4,braking,none
534.9913589671487,329,0,128,0,255,0,90,5,4,braking,none
535.4910494021843,545,0,128,0,255,0,90,5,4,braking,none
535.501338179376,260,0,128,0,255,0,90,5,4,braking,none
535.5215713148458,316,0,128,0,255,0,90,5,4,braking,none
535.621183391213,329,0,128,0,255,0,90,5,4,braking,none
536.1217370083841,545,0,128,0,255,0,90,5,4,braking,none
536.131025084277,260,0,128,0,255,0,90,5,4,braking,none
536.1502491188749,316,0,128,0,255,0,90,5,4,braking,none
536.249312901745,329,0,128,0,255,0,90,5,4,braking,none
536.7488539910363,545,0,128,0,255,0,90,5,4,braking,none
536.7578900074465,260,0,128,0,255,0,90,5,4,braking,none
536.7783621034929,316,0,128,0,255,0,90,5,4,braking,none
536.8782547643782,329,0,128,0,255,0,90,5,4,braking,none
537.3774877320503,545,0,128,0,255,0,90,5,4,braking,none
537.3865266138878,260,0,128,0,255,0,90,5,4,braking,none
537.4068840549949,316,0,128,0,255,0,90,5,4,braking,none
537.5066309374655,329,0,128,0,255,0,90,5,4,braking,none
538.0070534624523,545,0,128,0,255,0,90,5,4,braking,none
538.0163446632314,260,0,128,0,255,0,90,5,4,braking,none
538.0369896609837,316,0,128,0,255,0,90,5,4,braking,none
538.1362334284318,329,0,128,0,255,0,90,5,4,braking,none
538.6353480334818,545,0,128,0,255,0,90,5,4,braking,none
538.6445898554233,260,0,128,0,255,0,90,5,4,braking,none
538.6654104307472,316,0,128,0,255,0,90,5,4,braking,none
538.7652206020424,329,0,128,0,255,0,90,5,4,braking,none
539.2661494280985,545,0,128,0,255,0,90,5,4,braking,none
539.2763219505017,260,0,128,0,255,0,90,5,4,braking,none
539.2973080144235,316,0,128,0,255,0,90,5,4,braking,none
539.3973034224292,329,0,128,0,255,0,90,5,4,braking,none
539.8965208790958,545,0,128,0,255,0,90,5,4,braking,none
539.9072516569751,260,0,128,0,255,0,90,5,4,braking,none
539.9280037993619,316,0,128,0,255,0,90,5,4,braking,none
540.0274086528066,329,0,128,0,255,0,90,5,4,braking,none
540.5272795367193,545,0,128,0,255,0,90,5,4,braking,none
540.5374277586565,260,0,128,0,255,0,90,5,4,braking,none
540.5582808183032,316,0,128,0,255,0,90,5,4,braking,none
540.6590724397588,329,0,128,0,255,0,90,5,4,braking,none
541.1598335545812,545,0,128,0,255,0,90,5,4,braking,none
541.1705135228785,260,0,128,0,255,0,90,5,4,braking,none
541.1906538462651,316,0,128,0,255,0,90,5,4,braking,none
541.2906510282613,329,0,128,0,255,0,90,5,4,braking,none
541.7913444602472,545,0,128,0,255,0,90,5,4,braking,none
541.8022715604116,260,0,128,0,255,0,90,5,4,braking,none
541.8220628637172,316,0,128,0,255,0,90,5,4,braking,none
541.9223430807978,329,0,128,0,255,0,90,5,4,braking,none
542.4233012172639,545,0,128,0,255,0,90,5,4,braking,none
542.433260652268,260,0,128,0,255,0,90,5,4,braking,none
542.4531538871234,316,0,128,0,255,0,90,5,4,braking,none
542.5522335294179,329,0,128,0,255,0,90,5,4,braking,none
543.0531715936073,545,0,128,0,255,0,90,5,4,braking,none
543.0622083440127,260,0,128,0,255,0,90,5,4,braking,none
543.0821605009929,316,0,128,0,255,0,90,5,4,braking,none
543.1821928505809,329,0,128,0,255,0,90,5,4,braking,none
543.6818623811494,545,0,128,0,255,0,90,5,4,braking,none
543.6927833712126,260,0,128,0,255,0,90,5,4,braking,none
543.7123489028655,316,0,128,0,255,0,90,5,4,braking,none
543.8123135114763,329,0,128,0,255,0,90,5,4,braking,none
544.3118596149943,545,0,128,0,255,0,90,5,4,braking,none
544.3213060691701,260,0,128,0,255,0,90,5,4,braking,none
544.3417083674844,316,0,128,0,255,0,90,5,4,braking,none
544.4407117920398,329,0,128,0,255,0,90,5,4,braking,none
544.9408577546262,545,0,128,0,255,0,90,5,4,braking,none
544.9504392707323,260,0,128,0,255,0,90,5,4,braking,none
544.9702772019397,316,0,128,0,255,0,90,5,4,braking,none
545.0709728557321,329,0,128,0,255,0,90,5,4,braking,none
545.5716721364136,545,0,128,0,255,0,90,5,4,braking,none
545.5817985774871,260,0,128,0,255,0,90,5,4,braking,none
545.601851208886,316,0,128,0,255,0,90,5,4,braking,none
545.7012772802154,329,0,128,0,255,0,90,5,4,braking,none
546.2021249949981,545,0,128,0,255,0,90,5,4,braking,none
546.2115646603567,260,0,128,0,255,0,90,5,4,braking,none
546.2312142131406,316,0,128,0,255,0,90,5,4,braking,none
546.3302351207889,329,0,128,0,255,0,90,5,4,braking,none
546.829442312056,545,0,128,0,255,0,90,5,4,braking,none
546.8399473832128,260,0,128,0,255,0,90,5,4,braking,none
546.8595988635504,316,0,128,0,255,0,90,5,4,braking,none
546.9586393301453,329,0,128,0,255,0,90,5,4,braking,none
547.4589394868434,545,0,128,0,255,0,90,5,4,braking,none
547.4697079120939,260,0,128,0,255,0,90,5,4,braking,none
547.4923221713359,316,0,128,0,255,0,90,5,4,braking,none
547.5919509202338,329,0,128,0,255,0,90,5,4,braking,none
548.0911597408864,545,0,128,0,255,0,90,5,4,braking,none
548.1012768761971,260,0,128,0,255,0,90,5,4,braking,none
548.1221901069996,316,0,128,0,255,0,90,5,4,braking,none
548.223025929758,329,0,128,0,255,0,90,5,4,braking,none
548.7225155648449,545,0,128,0,255,0,90,5,4,braking,none
548.7334505674273,260,0,128,0,255,0,90,5,4,braking,none
548.7534156808622,316,0,128,0,255,0,90,5,4,braking,none
548.8528812428384,329,0,128,0,255,0,90,5,4,braking,none
549.353272327672,545,0,128,0,255,0,90,5,4,braking,none
549.3632415557807,260,0,128,0,255,0,90,5,4,braking,none
549.3838428821987,316,0,128,0,255,0,90,5,4,braking,none
549.4836172715568,329,0,128,0,255,0,90,5,4,braking,none
549.9835771168084,545,0,128,0,255,0,90,5,4,braking,none
549.9939921971339,260,0,128,0,255,0,90,5,4,braking,none
550.013625039144,316,0,128,0,255,0,90,5,4,braking,none
550.1135868474934,329,0,128,0,255,0,90,5,4,braking,none
550.6132721859586,545,0,128,0,255,0,90,5,4,braking,none
550.6230719259103,260,0,128,0,255,0,90,5,4,braking,none
550.6431572618451,316,0,128,0,255,0,90,5,4,braking,none
550.7426267724534,329,0,128,0,255,0,90,5,4,braking,none
551.2422581781467,545,0,128,0,255,0,90,5,4,braking,none
551.2527323595065,260,0,128,0,255,0,90,5,4,braking,none
551.2721746690603,316,0,128,0,255,0,90,5,4,braking,none
551.3713935703707,329,0,128,0,255,0,90,5,4,braking,none
551.8708468952813,545,0,128,0,255,0,90,5,4,braking,none
551.8810791556067,260,0,128,0,255,0,90,5,4,braking,none
551.9001156503939,316,0,128,0,255,0,90,5,4,braking,none
551.999201829337,329,0,128,0,255,0,90,5,4,braking,none
552.4993854408043,545,0,128,0,255,0,90,5,4,braking,none
552.5091916387099,260,0,128,0,255,0,90,5,4,braking,none
552.5285453097495,316,0,128,0,255,0,90,5,4,braking,none
552.6279500144086,329,0,128,0,255,0,90,5,4,braking,none
553.1285697668199,545,0,128,0,255,0,90,5,4,braking,none
553.1391121646403,260,0,128,0,255,0,90,5,4,braking,none
553.1587179082366,316,0,128,0,255,0,90,5,4,braking,none
553.2592392389469,329,0,128,0,255,0,90,5,4,braking,none
553.7589290789948,545,0,128,0,255,0,90,5,4,braking,none
553.7683661845186,260,0,128,0,255,0,90,5,4,braking,none
553.7893355188105,316,0,128,0,255,0,90,5,4,braking,none
553.889696803226,329,0,128,0,255,0,90,5,4,braking,none
554.3902402573189,545,0,128,0,255,0,90,5,4,braking,none
554.4008796044023,260,0,128,0,255,0,90,5,4,braking,none
554.4203591427513,316,0,128,0,255,0,90,5,4,braking,none
554.521325666535,329,0,128,0,255,0,90,5,4,braking,none
555.0216530376008,545,0,128,0,255,0,90,5,4,braking,none
555.0306908303838,260,0,128,0,255,0,90,5,4,braking,none
555.0512825595171,316,0,128,0,255,0,90,5,4,braking,none
555.152254030647,329,0,128,0,255,0,90,5,4,braking,none
555.6518209396462,545,0,128,0,255,0,90,5,4,braking,none
555.6627366466738,260,0,128,0,255,0,90,5,4,braking,none
555.6821245830338,316,0,128,0,255,0,90,5,4,braking,none
555.7827498282159,329,0,128,0,255,0,90,5,4,braking,none
556.2820125081274,545,0,128,0,255,0,90,5,4,braking,none
556.2916533414144,260,0,128,0,255,0,90,5,4,braking,none
556.3115508816005,316,0,128,0,255,0,90,5,4,braking,none
556.4119665328384,329,0,128,0,255,0,90,5,4,braking,none
556.912467173568,545,0,128,0,255,0,90,5,4,braking,none
556.9219683414833,260,0,128,0,255,0,90,5,4,braking,none
556.9414322243912,316,0,128,0,255,0,90,5,4,braking,none
557.0411944589654,329,0,128,0,255,0,90,5,4,braking,none
557.5404675603471,545,0,128,0,255,0,90,5,4,braking,none
557.5495240268424,260,0,128,0,255,0,90,5,4,braking,none
557.5688466105975,316,0,128,0,255,0,90,5,4,braking,none
557.6695876887292,329,0,128,0,255,0,90,5,4,braking,none
558.1697924385895,545,0,128,0,255,0,90,5,4,braking,none
558.1787935402882,260,0,128,0,255,0,90,5,4,braking,none
558.1987853630854,316,0,128,0,255,0,90,5,4,braking,none
558.2982958375951,329,0,128,0,255,0,90,5,4,braking,none
558.7976042635908,545,0,128,0,255,0,90,5,4,braking,none
558.8080630526189,260,0,128,0,255,0,90,5,4,braking,none
558.8275977861889,316,0,128,0,255,0,90,5,4,braking,none
558.9278616038058,329,0,128,0,255,0,90,5,4,braking,none
559.4272254813046,545,0,128,0,255,0,90,5,4,braking,none
559.4371205131154,260,0,128,0,255,0,90,5,4,braking,none
559.4580735907609,316,0,128,0,255,0,90,5,4,braking,none
559.5575543130711,329,0,128,0,255,0,90,5,4,braking,none
560.0567319133542,545,0,128,0,255,0,90,5,4,braking,none
560.0657446444064,260,0,128,0,255,0,90,5,4,braking,none
560.0877277541092,316,0,128,0,255,0,90,5,4,braking,none
560.1868728153119,329,0,128,0,255,0,90,5,4,braking,none
560.6860264731665,545,0,128,0,255,0,90,5,4,braking,none
560.695939844725,260,0,128,0,255,0,90,5,4,braking,none
560.716315407698,316,0,128,0,255,0,90,5,4,braking,none
560.8167319603245,329,0,128,0,255,0,90,5,4,braking,none
561.3164593838869,545,0,128,0,255,0,90,5,4,braking,none
561.3274209211821,260,0,128,0,255,0,90,5,4,braking,none
561.3472412415416,316,0,128,0,255,0,90,5,4,braking,none
561.4479375315508,329,0,128,0,255,0,90,5,4,braking,none
561.9471836557839,545,0,128,0,255,0,90,5,4,braking,none
561.9576505949641,260,0,128,0,255,0,90,5,4,braking,none
561.9777230301053,316,0,128,0,255,0,90,5,4,braking,none
562.0780876762913,329,0,128,0,255,0,90,5,4,braking,none
562.5776383291874,545,0,128,0,255,0,90,5,4,braking,none
562.5880503374968,260,0,128,0,255,0,90,5,4,braking,none
562.6075831058848,316,0,128,0,255,0,90,5,4,braking,none
562.7068717195014,329,0,128,0,255,0,90,5,4,braking,none
563.2067152821028,545,0,128,0,255,0,90,5,4,braking,none
563.2160687403294,260,0,128,0,255,0,90,5,4,braking,none
563.2367028271838,316,0,128,0,255,0,90,5,4,braking,none
563.3375071855589,329,0,128,0,255,0,90,5,4,braking,none
563.8388570796365,545,0,128,0,255,0,90,5,4,braking,none
563.8505768040493,260,0,128,0,255,0,90,5,4,braking,none
563.8703257912094,316,0,128,0,255,0,90,5,4,braking,none
563.9705188308607,329,0,128,0,255,0,90,5,4,braking,none
564.4701716513612,545,0,128,0,255,0,90,5,4,braking,none
564.4801325500842,260,0,128,0,255,0,90,5,4,braking,none
564.4999516641717,316,0,128,0,255,0,90,5,4,braking,none
564.5992053361348,329,0,128,0,255,0,90,5,4,braking,none
565.0987172089671,545,0,128,0,255,0,90,5,4,braking,none
565.1086480335839,260,0,128,0,255,0,90,5,4,braking,none
565.128000796811,316,0,128,0,255,0,90,5,4,braking,none
565.2288702174524,329,0,128,0,255,0,90,5,4,braking,none
565.7284365278488,545,0,128,0,255,0,90,5,4,braking,none
565.7390608323858,260,0,128,0,255,0,90,5,4,braking,none
565.7597127251599,316,0,128,0,255,0,90,5,4,braking,none
565.8587861190817,329,0,128,0,255,0,90,5,4,braking,none
566.3585549928031,545,0,128,0,255,0,90,5,4,braking,none
566.3684698998832,260,0,128,0,255,0,90,5,4,braking,none
566.3881056865669,316,0,128,0,255,0,90,5,4,braking,none
566.4886401474947,329,0,128,0,255,0,90,5,4,braking,none
566.9882821722309,545,0,128,0,255,0,90,5,4,braking,none
566.9981831494298,260,0,128,0,255,0,90,5,4,braking,none
567.0179970491702,316,0,128,0,255,0,90,5,4,braking,none
567.1188512439934,329,0,128,0,255,0,90,5,4,braking,none
567.6195547933829,545,0,128,0,255,0,90,5,4,braking,none
567.6292804110692,260,0,128,0,255,0,90,5,4,braking,none
567.6494122373033,316,0,128,0,255,0,90,5,4,braking,none
567.7484574728513,329,0,128,0,255,0,90,5,4,braking,none
568.2491132051749,545,0,128,0,255,0,90,5,4,braking,none
568.2585342931751,260,0,128,0,255,0,90,5,4,braking,none
568.2792902261606,316,0,128,0,255,0,90,5,4,braking,none
568.3784754753673,329,0,128,0,255,0,90,5,4,braking,none
568.8777221741445,545,0,128,0,255,0,90,5,4,braking,none
568.8885081878769,260,0,128,0,255,0,90,5,4,braking,none
568.9085897194069,316,0,128,0,255,0,90,5,4,braking,none
569.0081086758903,329,0,128,0,255,0,90,5,4,braking,none
569.5075843179687,545,0,128,0,255,0,90,5,4,braking,none
569.5178766653751,260,0,128,0,255,0,90,5,4,braking,none
569.5371792749851,316,0,128,0,255,0,90,5,4,braking,none
569.6364095161135,329,0,128,0,255,0,90,5,4,braking,none
570.1365643374875,545,0,128,0,255,0,90,5,4,braking,none
570.1456199786203,260,0,128,0,255,0,90,5,4,braking,none
570.1648194533125,316,0,128,0,255,0,90,5,4,braking,none
570.2652462869514,329,0,128,0,255,0,90,5,4,braking,none
570.765900890024,545,0,128,0,255,0,90,5,4,braking,none
570.7763735603903,260,0,128,0,255,0,90,5,4,braking,none
570.7969590484555,316,0,128,0,255,0,90,5,4,braking,none
570.8973652864929,329,0,128,0,255,0,90,5,4,braking,none
571.3973630656584,545,0,128,0,255,0,90,5,4,braking,none
571.4067022357622,260,0,128,0,255,0,90,5,4,braking,none
571.427510782271,316,0,128,0,255,0,90,5,4,braking,none
571.5277970911744,329,0,128,0,255,0,90,5,4,braking,none
572.0277503935031,545,0,128,0,255,0,90,5,4,braking,none
572.038388771147,260,0,128,0,255,0,90,5,4,braking,none
572.0583731844958,316,0,128,0,255,0,90,5,4,braking,none
572.159095474048,329,0,128,0,255,0,90,5,4,braking,none
572.6585630674062,545,0,128,0,255,0,90,5,4,braking,none
572.6679573442542,260,0,128,0,255,0,90,5,4,braking,none
572.6871881845518,316,0,128,0,255,0,90,5,4,braking,none
572.7864171501564,329,0,128,0,255,0,90,5,4,braking,none
573.2897664900534,545,0,128,0,255,0,90,5,4,braking,none
573.2998134208519,260,0,128,0,255,0,90,5,4,braking,none
573.3203743491135,316,0,128,0,255,0,90,5,4,braking,none
573.420869630909,329,0,128,0,255,0,90,5,4,braking,none
573.9214122865149,545,0,128,0,255,0,90,5,4,braking,none
573.9318350529998,260,0,128,0,255,0,90,5,4,braking,none
573.9524254853493,316,0,128,0,255,0,90,5,4,braking,none
574.052838302673,329,0,128,0,255,0,90,5,4,braking,none
574.5522591098004,545,0,128,0,255,0,90,5,4,braking,none
574.5629296705685,260,0,128,0,255,0,90,5,4,braking,none
574.5834818968285,316,0,128,0,255,0,90,5,4,braking,none
574.6827049570849,329,0,128,0,255,0,90,5,4,braking,none
575.1825223323619,545,0,128,0,255,0,90,5,4,braking,none
575.1919175547083,260,0,128,0,255,0,90,5,4,braking,none
575.2127836637213,316,0,128,0,255,0,90,5,4,braking,none
575.3120779493048,329,0,128,0,255,0,90,5,4,braking,none
575.8120506747665,545,0,128,0,255,0,90,5,4,braking,none
575.8218222849356,260,0,128,0,255,0,90,5,4,braking,none
575.8415913061536,316,0,128,0,255,0,90,5,4,braking,none
575.9406013390485,329,0,128,0,255,0,90,5,4,braking,none
576.4406829290683,545,0,128,0,255,0,90,5,4,braking,none
576.4515864896998,260,0,128,0,255,0,90,5,4,braking,none
576.4709201705979,316,0,128,0,255,0,90,5,4,braking,none
576.5707170562283,329,0,128,0,255,0,90,5,4,braking,none
577.0714338529322,545,0,128,0,255,0,90,5,4,braking,none
577.0843609802589,260,0,128,0,255,0,90,5,4,braking,none
577.1038036769767,316,0,128,0,255,0,90,5,4,braking,none
577.2041753754986,329,0,128,0,255,0,90,5,4,braking,none
577.7038567791482,545,0,128,0,255,0,90,5,4,braking,none
577.7153633450718,260,0,128,0,255,0,90,5,4,braking,none
577.7357345179388,316,0,128,0,255,0,90,5,4,braking,none
577.8358811917891,329,0,128,0,255,0,90,5,4,braking,none
578.3359699806365,545,0,128,0,255,0,90,5,4,braking,none
578.3465006532635,260,0,128,0,255,0,90,5,4,braking,none
578.3665249740208,316,0,128,0,255,0,90,5,4,braking,none
578.4664801739202,329,0,128,0,255,0,90,5,4,braking,none
578.9655305530491,545,0,128,0,255,0,90,5,4,braking,none
578.9750636407509,260,0,128,0,255,0,90,5,4,braking,none
578.9950069399528,316,0,128,0,255,0,90,5,4,braking,none
579.094452614885,329,0,128,0,255,0,90,5,4,braking,none
579.5938529503061,545,0,128,0,255,0,90,5,4,braking,none
579.6044890874877,260,0,128,0,255,0,90,5,4,braking,none
579.6236321458476,316,0,128,0,255,0,90,5,4,braking,none
579.7231297594127,329,0,128,0,255,0,90,5,4,braking,none
580.2232023503531,545,0,128,0,255,0,90,5,4,braking,none
580.2331205713883,260,0,128,0,255,0,90,5,4,braking,none
580.2531055980681,316,0,128,0,255,0,90,5,4,braking,none
580.3528970476698,329,0,128,0,255,0,90,5,4,braking,none
580.8538850938908,545,0,128,0,255,0,90,5,4,braking,none
580.8639995048974,260,0,128,0,255,0,90,5,4,braking,none
580.8839560919952,316,0,128,0,255,0,90,5,4,braking,none
580.9843387951651,329,0,128,0,255,0,90,5,4,braking,none
581.4852088857322,545,0,128,0,255,0,90,5,4,braking,none
581.4957693947974,260,0,128,0,255,0,90,5,4,braking,none
581.5167138612002,316,0,128,0,255,0,90,5,4,braking,none
581.616238535969,329,0,128,0,255,0,90,5,4,braking,none
582.1161613589372,545,0,128,0,255,0,90,5,4,braking,none
582.1262054279823,260,0,128,0,255,0,90,5,4,braking,none
582.1466998092138,316,0,128,0,255,0,90,5,4,braking,none
582.2474394033004,329,0,128,0,255,0,90,5,4,braking,none
582.7472877284616,545,0,128,0,255,0,90,5,4,braking,none
582.7573249683763,260,0,128,0,255,0,90,5,4,braking,none
582.7764103580964,316,0,128,0,255,0,90,5,4,braking,none
582.8758557168355,329,0,128,0,255,0,90,5,4,braking,none
583.3763230153617,545,0,128,0,255,0,90,5,4,braking,none
583.3861224304466,260,0,128,0,255,0,90,5,4,braking,none
583.4058542892623,316,0,128,0,255,0,90,5,4,braking,none
583.5058655578886,329,0,128,0,255,0,90,5,4,braking,none
584.0053120454551,545,0,128,0,255,0,90,5,4,braking,none
584.0146157303752,260,0,128,0,255,0,90,5,4,braking,none
584.0342915427478,316,0,128,0,255,0,90,5,4,braking,none
584.134648700437,329,0,128,0,255,0,90,5,4,braking,none
584.6355971371439,545,0,128,0,255,0,90,5,4,braking,none
584.6464579542139,260,0,128,0,255,0,90,5,4,braking,none
584.6659505929094,316,0,128,0,255,0,90,5,4,braking,none
584.7654280453756,329,0,128,0,255,0,90,5,4,braking,none
585.2646441792772,545,0,128,0,255,0,90,5,4,braking,none
585.2744641851474,260,0,128,0,255,0,90,5,4,braking,none
585.2944935229772,316,0,128,0,255,0,90,5,4,braking,none
585.3952268169866,329,0,128,0,255,0,90,5,4,braking,none
585.8961678045613,545,0,128,0,255,0,90,5,4,braking,none
585.9057431758422,260,0,128,0,255,0,90,5,4,braking,none
585.9258103176459,316,0,128,0,255,0,90,5,4,braking,none
586.0253475770711,329,0,128,0,255,0,90,5,4,braking,none
586.524555076105,545,0,128,0,255,0,90,5,4,braking,none
586.5343653771671,260,0,128,0,255,0,90,5,4,braking,none
586.5536602216616,316,0,128,0,255,0,90,5,4,braking,none
586.6531238057717,329,0,128,0,255,0,90,5,4,braking,none
587.1525465508391,545,0,128,0,255,0,90,5,4,braking,none
587.1617803442444,260,0,128,0,255,0,90,5,4,braking,none
587.1818623218761,316,0,128,0,255,0,90,5,4,braking,none
587.2827632620053,329,0,128,0,255,0,90,5,4,braking,none
587.7827767418748,545,0,128,0,255,0,90,5,4,braking,none
587.792029861475,260,0,128,0,255,0,90,5,4,braking,none
587.812569335525,316,0,128,0,255,0,90,5,4,braking,none
587.9130784929108,329,0,128,0,255,0,90,5,4,braking,none
588.4129501566738,545,0,128,0,255,0,90,5,4,braking,none
588.4235405772688,260,0,128,0,255,0,90,5,4,braking,none
588.442821598046,316,0,128,0,255,0,90,5,4,braking,none
588.5425167480416,329,0,128,0,255,0,90,5,4,braking,none
589.0417730887285,545,0,128,0,255,0,90,5,4,braking,none
589.0516060022377,260,0,128,0,255,0,90,5,4,braking,none
589.0721965649327,316,0,128,0,255,0,90,5,4,braking,none
589.1725513812233,329,0,128,0,255,0,90,5,4,braking,none
589.6719996858205,545,0,128,0,255,0,90,5,4,braking,none
589.6816025653358,260,0,128,0,255,0,90,5,4,braking,none
589.7014324067345,316,0,128,0,255,0,90,5,4,braking,none
589.8019036433873,329,0,128,0,255,0,90,5,4,braking,none
590.302548028774,545,0,128,0,255,0,90,5,4,braking,none
590.3130757627775,260,0,128,0,255,0,90,5,4,braking,none
590.333478221629,316,0,128,0,255,0,90,5,4,braking,none
590.4331452484284,329,0,128,0,255,0,90,5,4,braking,none
590.9323558588392,545,0,128,0,255,0,90,5,4,braking,none
590.9433389790961,260,0,128,0,255,0,90,5,4,braking,none
590.9633876559099,316,0,128,0,255,0,90,5,4,braking,none
591.0635284482928,329,0,128,0,255,0,90,5,4,braking,none
591.5637290218555,545,0,128,0,255,0,90,5,4,braking,none
591.5737309658948,260,0,128,0,255,0,90,5,4,braking,none
591.5946925781094,316,0,128,0,255,0,90,5,4,braking,none
591.6943783212333,329,0,128,0,255,0,90,5,4,braking,none
592.1934626690403,545,0,128,0,255,0,90,5,4,braking,none
592.2027147345916,260,0,128,0,255,0,90,5,4,braking,none
592.2233278115464,316,0,128,0,255,0,90,5,4,braking,none
592.3226149383115,329,0,128,0,255,0,90,5,4,braking,none
592.8221251576449,545,0,128,0,255,0,90,5,4,braking,none
592.8315070939445,260,0,128,0,255,0,90,5,4,braking,none
592.8512949521933,316,0,128,0,255,0,90,5,4,braking,none
592.9521515666468,329,0,128,0,255,0,90,5,4,braking,none
593.4529187067341,545,0,128,0,255,0,90,5,4,braking,none
593.4631198547216,260,0,128,0,255,0,90,5,4,braking,none
593.4822138974712,316,0,128,0,255,0,90,5,4,braking,none
593.5822741820562,329,0,128,0,255,0,90,5,4,braking,none
594.0813958263163,545,0,128,0,255,0,90,5,4,braking,none
594.091416096478,260,0,128,0,255,0,90,5,4,braking,none
594.1111334555068,316,0,128,0,255,0,90,5,4,braking,none
594.2105137341945,329,0,128,0,255,0,90,5,4,braking,none
594.7112960178823,545,0,128,0,255,0,90,5,4,braking,none
594.7221309865167,260,0,128,0,255,0,90,5,4,braking,none
594.7420708833693,316,0,128,0,255,0,90,5,4,braking,none
594.8417040880447,329,0,128,0,255,0,90,5,4,braking,none
595.3415489588557,545,0,128,0,255,0,90,5,4,braking,none
595.3515178656406,260,0,128,0,255,0,90,5,4,braking,none
595.3710455910887,316,0,128,0,255,0,90,5,4,braking,none
595.4710988063513,329,0,128,0,255,0,90,5,4,braking,none
595.9718723816059,545,0,128,0,255,0,90,5,4,braking,none
595.9814335482425,260,0,128,0,255,0,90,5,4,braking,none
596.0016987525919,316,0,128,0,255,0,90,5,4,braking,none
596.1014661412505,329,0,128,0,255,0,90,5,4,braking,none
596.6007753043663,545,0,128,0,255,0,90,5,4,braking,none
596.6105893748665,260,0,128,0,255,0,90,5,4,braking,none
596.6310990030129,316,0,128,0,255,0,90,5,4,braking,none
596.7301326066773,329,0,128,0,255,0,90,5,4,braking,none
597.2303377563647,545,0,128,0,255,0,90,5,4,braking,none
597.2405724612822,260,0,128,0,255,0,90,5,4,braking,none
597.2606300467668,316,0,128,0,255,0,90,5,4,braking,none
597.3612612260122,329,0,128,0,255,0,90,5,4,braking,none
597.8619161942462,545,0,128,0,255,0,90,5,4,braking,none
597.8717287536299,260,0,128,0,255,0,90,5,4,braking,none
597.8916099243448,316,0,128,0,255,0,90,5,4,braking,none
597.9917764805494,329,0,128,0,255,0,90,5,4,braking,none
598.4909498978847,545,0,128,0,255,0,90,5,4,braking,none
598.5019363995749,260,0,128,0,255,0,90,5,4,braking,none
598.520980317965,316,0,128,0,255,0,90,5,4,braking,none
598.6205039299484,329,0,128,0,255,0,90,5,4,braking,none
599.1200460453094,545,0,128,0,255,0,90,5,4,braking,none
599.1300910861803,260,0,128,0,255,0,90,5,4,braking,none
599.1505097820285,316,0,128,0,255,0,90,5,4,braking,none
599.2506404952043,329,0,128,0,255,0,90,5,4,braking,none
599.7502399776458,545,0,128,0,255,0,90,5,4,braking,none
599.7608132076017,260,0,128,0,255,0,90,5,4,braking,none
599.7802038988299,316,0,128,0,255,0,90,5,4,braking,none
599.8798277808185,329,0,128,0,255,0,90,5,4,braking,none
600.379692267326,545,0,128,0,255,0,90,5,4,braking,none
600.3888205832837,260,0,128,0,255,0,90,5,4,braking,none
600.4082135826269,316,0,128,0,255,0,90,5,4,braking,none
600.5072815363453,329,0,128,0,255,0,90,5,4,braking,none
601.0066320037988,545,0,128,0,255,0,90,5,4,braking,none
601.0167200843567,260,0,128,0,255,0,90,5,4,braking,none
601.0376692120245,316,0,128,0,255,0,90,5,4,braking,none
601.1378221459217,329,0,128,0,255,0,90,5,4,braking,none
601.637007865403,545,0,128,0,255,0,90,5,4,braking,none
601.6469617776645,260,0,128,0,255,0,90,5,4,braking,none
601.6674865236156,316,0,128,0,255,0,90,5,4,braking,none
601.7683930595889,329,0,128,0,255,0,90,5,4,braking,none
602.2675120167795,545,0,128,0,255,0,90,5,4,braking,none
602.2781617712718,260,0,128,0,255,0,90,5,4,braking,none
602.2990142890766,316,0,128,0,255,0,90,5,4,braking,none
602.3993219158277,329,0,128,0,255,0,90,5,4,braking,none
602.9000706550182,545,0,128,0,255,0,90,5,4,braking,none
602.9100219601988,260,0,128,0,255,0,90,5,4,braking,none
602.9299580443601,316,0,128,0,255,0,90,5,4,braking,none
603.0286620177156,329,0,128,0,255,0,90,5,4,braking,none
603.5293218022923,545,0,128,0,255,0,90,5,4,braking,none
603.5402035727983,260,0,128,0,255,0,90,5,4,braking,none
603.5610691109185,316,0,128,0,255,0,90,5,4,braking,none
603.6604253662932,329,0,128,0,255,0,90,5,4,braking,none
604.1598795439807,545,0,128,0,255,0,90,5,4,braking,none
604.1697444059258,260,0,128,0,255,0,90,5,4,braking,none
604.1888707622545,316,0,128,0,255,0,90,5,4,braking,none
604.2889776827873,329,0,128,0,255,0,90,5,4,braking,none
604.7898346198781,545,0,128,0,255,0,90,5,4,braking,none
604.7995244724651,260,0,128,0,255,0,90,5,4,braking,none
604.8195587085596,316,0,128,0,255,0,90,5,4,braking,none
604.9189167180534,329,0,128,0,255,0,90,5,4,braking,none
605.4179616651448,545,0,128,0,255,0,90,5,4,braking,none
605.4283535927555,260,0,128,0,255,0,90,5,4,braking,none
605.4488342583384,316,0,128,0,255,0,90,5,4,braking,none
605.5486818578975,329,0,128,0,255,0,90,5,4,braking,none
606.0479887244013,545,0,128,0,255,0,90,5,4,braking,none
606.0583568170039,260,0,128,0,255,0,90,5,4,braking,none
606.0787128289361,316,0,128,0,255,0,90,5,4,braking,none
606.1784809420366,329,0,128,0,255,0,90,5,4,braking,none
606.678901597884,545,0,128,0,255,0,90,5,4,braking,none
606.6891938289965,260,0,128,0,255,0,90,5,4,braking,none
606.7082249393352,316,0,128,0,255,0,90,5,4,braking,none
606.8088962957045,329,0,128,0,255,0,90,5,4,braking,none
607.3081826685241,545,0,128,0,255,0,90,5,4,braking,none
607.3179413897027,260,0,128,0,255,0,90,5,4,braking,none
607.3372800130466,316,0,128,0,255,0,90,5,4,braking,none
607.4367243354058,329,0,128,0,255,0,90,5,4,braking,none
607.936625488134,545,0,128,0,255,0,90,5,4,braking,none
607.9474560265047,260,0,128,0,255,0,90,5,4,braking,none
607.9676598340457,316,0,128,0,255,0,90,5,4,braking,none
608.0683631721491,329,0,128,0,255,0,90,5,4,braking,none
608.5684790616283,545,0,128,0,255,0,90,5,4,braking,none
608.5788765746631,260,0,128,0,255,0,90,5,4,braking,none
608.5997565388817,316,0,128,0,255,0,90,5,4,braking,none
608.6995462545365,329,0,128,0,255,0,90,5,4,braking,none
609.1997321185479,545,0,128,0,255,0,90,5,4,braking,none
609.2093187826844,260,0,128,0,255,0,90,5,4,braking,none
609.230051753578,316,0,128,0,255,0,90,5,4,braking,none
609.3301823674586,329,0,128,0,255,0,90,5,4,braking,none
609.831155987975,545,0,128,0,255,0,90,5,4,braking,none
609.8411922850403,260,0,128,0,255,0,90,5,4,braking,none
609.8619939074998,316,0,128,0,255,0,90,5,4,braking,none
609.9629584156365,329,0,128,0,255,0,90,5,4,braking,none
610.4629052364907,545,0,128,0,255,0,90,5,4,braking,none
610.4730138107248,260,0,128,0,255,0,90,5,4,braking,none
610.4921417526067,316,0,128,0,255,0,90,5,4,braking,none
610.5923100454052,329,0,128,0,255,0,90,5,4,braking,none
611.0926908866142,545,0,128,0,255,0,90,5,4,braking,none
611.1026357842273,260,0,128,0,255,0,90,5,4,braking,none
611.1219239046518,316,0,128,0,255,0,90,5,4,braking,none
611.2223304339273,329,0,128,0,255,0,90,5,4,braking,none
611.7220508145678,545,0,128,0,255,0,90,5,4,braking,none
611.7320209430738,260,0,128,0,255,0,90,5,4,braking,none
611.7525524189792,316,0,128,0,255,0,90,5,4,braking,none
611.8523212777479,329,0,128,0,255,0,90,5,4,braking,none
612.3524852445978,545,0,128,0,255,0,90,5,4,braking,none
612.3618494319845,260,0,128,0,255,0,90,5,4,braking,none
612.382689168423,316,0,128,0,255,0,90,5,4,braking,none
612.4831588413372,329,0,128,0,255,0,90,5,4,braking,none
612.9826339795778,545,0,128,0,255,0,90,5,4,braking,none
612.9920224268612,260,0,128,0,255,0,90,5,4,braking,none
613.0122137366818,316,0,128,0,255,0,90,5,4,braking,none
613.1126000491639,329,0,128,0,255,0,90,5,4,braking,none
613.6130379249822,545,0,128,0,255,0,90,5,4,braking,none
613.623022322254,260,0,128,0,255,0,90,5,4,braking,none
613.6421799313516,316,0,128,0,255,0,90,5,4,braking,none
613.741880925865,329,0,128,0,255,0,90,5,4,braking,none
614.2411127476747,545,0,128,0,255,0,90,5,4,braking,none
614.2503192245866,260,0,128,0,255,0,90,5,4,braking,none
614.2699015930066,316,0,128,0,255,0,90,5,4,braking,none
614.3695439013961,329,0,128,0,255,0,90,5,4,braking,none
614.8704273570925,545,0,128,0,255,0,90,5,4,braking,none
614.8797067979227,260,0,128,0,255,0,90,5,4,braking,none
614.8999395037531,316,0,128,0,255,0,90,5,4,braking,none
615.0008658372132,329,0,128,0,255,0,90,5,4,braking,none
615.5010391548293,545,0,128,0,255,0,90,5,4,braking,none
615.511131801046,260,0,128,0,255,0,90,5,4,braking,none
615.5312352547794,316,0,128,0,255,0,90,5,4,braking,none
615.6311804425429,329,0,128,0,255,0,90,5,4,braking,none
616.13183245032,545,0,128,0,255,0,90,5,4,braking,none
616.1421730813223,260,0,128,0,255,0,90,5,4,braking,none
616.1624703884171,316,0,128,0,255,0,90,5,4,braking,none
616.262278877744,329,0,128,0,255,0,90,5,4,braking,none
616.76275239965,545,0,128,0,255,0,90,5,4,braking,none
616.772704647862,260,0,128,0,255,0,90,5,4,braking,none
616.7934687037953,316,0,128,0,255,0,90,5,4,braking,none
616.893848006381,329,0,128,0,255,0,90,5,4,braking,none
617.3930989269983,545,0,128,0,255,0,90,5,4,braking,none
617.4039824255825,260,0,128,0,255,0,90,5,4,braking,none
617.4244355430134,316,0,128,0,255,0,90,5,4,braking,none
617.5245783774346,329,0,128,0,255,0,90,5,4,braking,none
618.0240462932842,545,0,128,0,255,0,90,5,4,braking,none
618.0349678326893,260,0,128,0,255,0,90,5,4,braking,none
618.0543985473608,316,0,128,0,255,0,90,5,4,braking,none
618.154582240318,329,0,128,0,255,0,90,5,4,braking,none
618.6552337992723,545,0,128,0,255,0,90,5,4,braking,none
618.664287295953,260,0,128,0,255,0,90,5,4,braking,none
618.6874359950501,316,0,128,0,255,0,90,5,4,braking,none
618.787982139257,329,0,128,0,255,0,90,5,4,braking,none
619.2873152457774,545,0,128,0,255,0,90,5,4,braking,none
619.2966531151703,260,0,128,0,255,0,90,5,4,braking,none
619.3159335759733,316,0,128,0,255,0,90,5,4,braking,none
619.4164057386881,329,0,128,0,255,0,90,5,4,braking,none
619.9161297062839,545,0,128,0,255,0,90,5,4,braking,none
619.9261226814151,260,0,128,0,255,0,90,5,4,braking,none
619.9464857452009,316,0,128,0,255,0,90,5,4,braking,none
620.0460023093195,329,0,128,0,255,0,90,5,4,braking,none
620.5454401383544,545,0,128,0,255,0,90,5,4,braking,none
620.5548605529158,260,0,128,0,255,0,90,5,4,braking,none
620.5757962049101,316,0,128,0,255,0,90,5,4,braking,none
620.6724593480523,329,0,128,0,255,0,90,5,4,braking,none
621.1715353523389,545,0,128,0,255,0,90,5,4,braking,none
621.181225401553,260,0,128,0,255,0,90,5,4,braking,none
621.2020505767053,316,0,128,0,255,0,90,5,4,braking,none
621.3026984156725,329,0,128,0,255,0,90,5,4,braking,none
621.8026182548467,545,0,128,0,255,0,90,5,4,braking,none
621.8127590794904,260,0,128,0,255,0,90,5,4,braking,none
621.8332228985928,316,0,128,0,255,0,90,5,4,braking,none
621.9331586515318,329,0,128,0,255,0,90,5,4,braking,none
622.4333146449011,545,0,128,0,255,0,90,5,4,braking,none
622.4436194505665,260,0,128,0,255,0,90,5,4,braking,none
622.4642565317012,316,0,128,0,255,0,90,5,4,braking,none
622.5640850191429,329,0,128,0,255,0,90,5,4,braking,none
623.0643702454555,545,0,128,0,255,0,90,5,4,braking,none
623.0753021272133,260,0,128,0,255,0,90,5,4,braking,none
623.0959891094719,316,0,128,0,255,0,90,5,4,braking,none
623.196931786573,329,0,128,0,255,0,90,5,4,braking,none
623.6965863324994,545,0,128,0,255,0,90,5,4,braking,none
623.7060134675022,260,0,128,0,255,0,90,5,4,braking,none
623.7264268020909,316,0,128,0,255,0,90,5,4,braking,none
623.826838799664,329,0,128,0,255,0,90,5,4,braking,none
624.3263214248985,545,0,128,0,255,0,90,5,4,braking,none
624.3366028463687,260,0,128,0,255,0,90,5,4,braking,none
624.3567154822872,316,0,128,0,255,0,90,5,4,braking,none
624.4574855973351,329,0,128,0,255,0,90,5,4,braking,none
624.9566918001811,545,0,128,0,255,0,90,5,4,braking,none
624.9660897742464,260,0,128,0,255,0,90,5,4,braking,none
624.9861207195092,316,0,128,0,255,0,90,5,4,braking,none
625.0860253703432,329,0,128,0,255,0,90,5,4,braking,none
625.5861068581884,545,0,128,0,255,0,90,5,4,braking,none
625.5957524209289,260,0,128,0,255,0,90,5,4,braking,none
625.6162028598396,316,0,128,0,255,0,90,5,4,braking,none
625.716370079243,329,0,128,0,255,0,90,5,4,braking,none
626.2154126040828,545,0,128,0,255,0,90,5,4,braking,none
626.2254606767597,260,0,128,0,255,0,90,5,4,braking,none
626.2445111119939,316,0,128,0,255,0,90,5,4,braking,none
626.3452032151797,329,0,128,0,255,0,90,5,4,braking,none
626.8457145659291,545,0,128,0,255,0,90,5,4,braking,none
626.8549920451201,260,0,128,0,255,0,90,5,4,braking,none
626.8741557257114,316,0,128,0,255,0,90,5,4,braking,none
626.9743805669672,329,0,128,0,255,0,90,5,4,braking,none
627.473707247973,545,0,128,0,255,0,90,5,4,braking,none
627.482968401573,260,0,128,0,255,0,90,5,4,braking,none
627.5022568228738,316,0,128,0,255,0,90,5,4,braking,none
627.6016018169021,329,0,128,0,255,0,90,5,4,braking,none
628.1025121519235,545,0,128,0,255,0,90,5,4,braking,none
628.1121354225,260,0,128,0,255,0,90,5,4,braking,none
628.1315091559643,316,0,128,0,255,0,90,5,4,braking,none
628.2322176505999,329,0,128,0,255,0,90,5,4,braking,none
628.7320269764623,545,0,128,0,255,0,90,5,4,braking,none
628.7421559109084,260,0,128,0,255,0,90,5,4,braking,none
628.7612252630246,316,0,128,0,255,0,90,5,4,braking,none
628.8605851945973,329,0,128,0,255,0,90,5,4,braking,none
629.3597938880662,545,0,128,0,255,0,90,5,4,braking,none
629.3693239848811,260,0,128,0,255,0,90,5,4,braking,none
629.3891360150134,316,0,128,0,255,0,90,5,4,braking,none
629.4883081400899,329,0,128,0,255,0,90,5,4,braking,none
629.9881195168888,545,0,128,0,255,0,90,5,4,braking,none
629.9979109185291,260,0,128,0,255,0,90,5,255,reverse,none
630.018755470221,316,1,128,0,255,1,90,5,255,reverse,none
630.1183834068675,329,1,128,0,255,1,90,5,255,reverse,none
630.6187691716239,545,1,128,0,255,1,90,5,255,reverse,none
630.6283892924862,260,2,128,1,255,2,90,5,255,reverse,none
630.6491798035771,316,2,128,1,255,2,90,6,255,reverse,none
630.7486863184015,329,2,128,1,255,2,90,6,255,reverse,none
631.2494584350405,545,2,128,1,255,2,90,6,255,reverse,none
631.2586078131496,260,3,128,1,255,3,90,6,255,reverse,none
631.2777052430789,316,3,128,1,255,3,90,6,255,reverse,none
631.3782232961829,329,3,128,1,255,3,90,6,255,reverse,none
631.8778863627489,545,4,128,1,255,4,90,6,255,reverse,none
631.887074486084,260,4,128,2,255,4,90,6,255,reverse,none
631.9075581015055,316,4,128,2,255,4,90,6,255,reverse,none
632.0082171730472,329,4,128,2,255,4,90,6,255,reverse,none
632.5084730488283,545,5,128,2,255,5,90,6,255,reverse,none
632.5179202032073,260,5,128,2,255,5,90,7,255,reverse,none
632.537149207159,316,5,128,2,255,5,90,7,255,reverse,none
632.6362453768425,329,6,128,2,255,6,90,7,255,reverse,none
633.1368737851371,545,6,128,2,255,6,90,7,255,reverse,none
633.1461008141631,260,6,128,3,255,6,90,7,255,reverse,none
633.1662037470462,316,7,128,3,255,7,90,7,255,reverse,none
633.2667987718525,329,7,128,3,255,7,90,7,255,reverse,none
633.7659024521,545,7,128,3,255,7,90,7,255,reverse,none
633.7756762103396,260,7,128,3,255,7,90,7,255,reverse,none
633.7963057361184,316,8,128,3,255,8,90,7,255,reverse,none
633.8965901056677,329,8,128,3,255,8,90,7,255,reverse,none
634.397338631673,545,8,128,3,255,8,90,8,255,reverse,none
634.4079054327035,260,9,128,3,255,9,90,8,255,reverse,none
634.4287199292182,316,9,128,4,255,9,90,8,255,reverse,none
634.5289680139649,329,9,128,4,255,9,90,8,255,reverse,none
635.0292576101274,545,10,128,4,255,10,90,8,255,reverse,none
635.0397183268955,260,10,128,4,255,10,90,8,255,reverse,none
635.0597233740265,316,10,128,4,255,10,90,8,255,reverse,none
635.1594909804949,329,10,128,4,255,10,90,8,255,reverse,none
635.6585751643753,545,10,128,4,255,10,90,8,255,reverse,none
635.6675992825805,260,10,128,4,255,10,90,8,255,reverse,none
635.6869117729158,316,10,128,4,255,10,90,8,255,reverse,none
635.7860744690018,329,10,128,4,255,10,90,8,255,reverse,none
636.2851601015824,545,10,128,4,255,10,90,8,255,reverse,none
636.2949535384521,260,10,128,4,255,10,90,8,255,reverse,none
636.3145692896254,316,10,128,4,255,10,90,8,255,reverse,none
636.4136845125232,329,10,128,4,255,10,90,8,255,reverse,none
636.9134701016642,545,10,128,4,255,10,90,8,255,reverse,none
636.9237813834769,260,10,128,4,255,10,90,8,255,reverse,none
636.9438890379957,316,10,128,4,255,10,90,8,255,reverse,none
637.043206344897,329,10,128,4,255,10,90,8,255,reverse,none
637.5427726565964,545,10,128,4,255,10,90,8,255,reverse,none
637.5536993886653,260,10,128,4,255,10,90,8,255,reverse,none
637.5736518700083,316,10,128,4,255,10,90,8,255,reverse,none
637.6732262581546,329,10,128,4,255,10,90,8,255,reverse,none
638.1731214044031,545,10,128,4,255,10,90,8,255,reverse,none
638.1821895117956,260,10,128,4,255,10,90,8,255,reverse,none
638.2015694158879,316,10,128,4,255,10,90,8,255,reverse,none
638.3024284161276,329,10,128,4,255,10,90,8,255,reverse,none
638.8023927101391,545,10,128,4,255,10,90,8,255,reverse,none
638.8115053882498,260,10,128,4,255,10,90,8,255,reverse,none
638.8320871232182,316,10,128,4,255,10,90,8,255,reverse,none
638.9327379115242,329,10,128,4,255,10,90,8,255,reverse,none
639.4337211840068,545,10,128,4,255,10,90,8,255,reverse,none
639.4435288153379,260,10,128,4,255,10,90,8,255,reverse,none
639.4643511891376,316,10,128,4,255,10,90,8,255,reverse,none
639.5635163711069,329,10,128,4,255,10,90,8,255,reverse,none
640.062650688647,545,10,128,4,255,10,90,8,255,reverse,none
640.0722906664203,260,10,128,4,255,10,90,8,255,reverse,none
640.0918485806188,316,10,128,4,255,10,90,8,255,reverse,none
640.1926094769216,329,10,128,4,255,10,90,8,255,reverse,none
640.6928595806768,545,10,128,4,255,10,90,8,255,reverse,none
640.7025641708083,260,10,128,4,255,10,90,8,255,reverse,none
640.7233375301417,316,10,128,4,255,10,90,8,255,reverse,none
640.823525795057,329,10,128,4,255,10,90,8,255,reverse,none
641.32299736995,545,10,128,4,255,10,90,8,255,reverse,none
641.3319993132136,260,10,128,4,255,10,90,8,255,reverse,none
641.3527846202159,316,10,128,4,255,10,90,8,255,reverse,none
641.4533878799054,329,10,128,4,255,10,90,8,255,reverse,none
641.9542775430283,545,10,128,4,255,10,90,8,255,reverse,none
641.9634671199834,260,10,128,4,255,10,90,8,255,reverse,none
641.983542880255,316,10,128,4,255,10,90,8,255,reverse,none
642.0834071514317,329,10,128,4,255,10,90,8,255,reverse,none
642.5828420337804,545,10,128,4,255,10,90,8,255,reverse,none
642.5937726364987,260,10,128,4,255,10,90,8,255,reverse,none
642.6137117887965,316,10,128,4,255,10,90,8,255,reverse,none
642.7127148964853,329,10,128,4,255,10,90,8,255,reverse,none
643.2127917692968,545,10,128,4,255,10,90,8,255,reverse,none
643.2227115394032,260,10,128,4,255,10,90,8,255,reverse,none
643.2426107106708,316,10,128,4,255,10,90,8,255,reverse,none
643.3430720619231,329,10,128,4,255,10,90,8,255,reverse,none
643.8425755132857,545,10,128,4,255,10,90,8,255,reverse,none
643.852398532082,260,10,128,4,255,10,90,8,255,reverse,none
643.8730105158731,316,10,128,4,255,10,90,8,255,reverse,none
643.9739501119833,329,10,128,4,255,10,90,8,255,reverse,none
644.4741890982746,545,10,128,4,255,10,90,8,255,reverse,none
644.4850221492278,260,10,128,4,255,10,90,8,255,reverse,none
644.5045998320883,316,10,128,4,255,10,90,8,255,reverse,none
644.6039193066812,329,10,128,4,255,10,90,8,255,reverse,none
645.1036061524283,545,10,128,4,255,10,90,8,255,reverse,none
645.1131407548287,260,10,128,4,255,10,90,8,255,reverse,none
645.1328033762861,316,10,128,4,255,10,90,8,255,reverse,none
645.2330322292222,329,10,128,4,255,10,90,8,255,reverse,none
645.7327408849188,545,10,128,4,255,10,90,8,255,reverse,none
645.7422984699474,260,10,128,4,255,10,90,8,255,reverse,none
645.7624857784324,316,10,128,4,255,10,90,8,255,reverse,none
645.8621714477723,329,10,128,4,255,10,90,8,255,reverse,none
646.3626070223585,545,10,128,4,255,10,90,8,255,reverse,none
646.3736044506264,260,10,128,4,255,10,90,8,255,reverse,none
646.3945986880453,316,10,128,4,255,10,90,8,255,reverse,none
646.4954292114892,329,10,128,4,255,10,90,8,255,reverse,none
646.9951843001088,545,10,128,4,255,10,90,8,255,reverse,none
647.0056463988572,260,10,128,4,255,10,90,8,255,reverse,none
647.0247282741817,316,10,128,4,255,10,90,8,255,reverse,none
647.124695079646,329,10,128,4,255,10,90,8,255,reverse,none
647.6247230655932,545,10,128,4,255,10,90,8,255,reverse,none
647.6343229848594,260,10,128,4,255,10,90,8,255,reverse,none
647.6550469042563,316,10,128,4,255,10,90,8,255,reverse,none
647.7556130468358,329,10,128,4,255,10,90,8,255,reverse,none
648.2557820066193,545,10,128,4,255,10,90,8,255,reverse,none
648.2653217342255,260,10,128,4,255,10,90,8,255,reverse,none
648.2848259634437,316,10,128,4,255,10,90,8,255,reverse,none
648.3841143366519,329,10,128,4,255,10,90,8,255,reverse,none
648.885100891885,545,10,128,4,255,10,90,8,255,reverse,none
648.8948911668747,260,10,128,4,255,10,90,8,255,reverse,none
648.9150724966672,316,10,128,4,255,10,90,8,255,reverse,none
649.0153005597354,329,10,128,4,255,10,90,8,255,reverse,none
649.5143601605902,545,10,128,4,255,10,90,8,255,reverse,none
649.5243636332303,260,10,128,4,255,10,90,8,255,reverse,none
649.5445934568836,316,10,128,4,255,10,90,8,255,reverse,none
649.6446550459013,329,10,128,4,255,10,90,8,255,reverse,none
650.1447657289237,545,10,128,4,255,10,90,8,255,reverse,none
650.1541263968763,260,10,128,4,255,10,90,8,255,reverse,none
650.1745594812185,316,10,128,4,255,10,90,8,255,reverse,none
650.2754389718975,329,10,128,4,255,10,90,8,255,reverse,none
650.7761222484214,545,10,128,4,255,10,90,8,255,reverse,none
650.7832450620583,260,10,128,4,255,10,90,8,255,reverse,none
650.8031086883789,316,10,128,4,255,10,90,8,255,reverse,none
650.9038806052959,329,10,128,4,255,10,90,8,255,reverse,none
651.4030408685794,545,10,128,4,255,10,90,8,255,reverse,none
651.4122903480314,260,10,128,4,255,10,90,8,255,reverse,none
651.4316800018122,316,10,128,4,255,10,90,8,255,reverse,none
651.5322118393335,329,10,128,4,255,10,90,8,255,reverse,none
652.0314845353147,545,10,128,4,255,10,90,8,255,reverse,none
652.0414497525859,260,10,128,4,255,10,90,8,255,reverse,none
652.060592861429,316,10,128,4,255,10,90,8,255,reverse,none
652.1597590261692,329,10,128,4,255,10,90,8,255,reverse,none
652.660431276143,545,10,128,4,255,10,90,8,255,reverse,none
652.6695693951143,260,10,128,4,255,10,90,8,255,reverse,none
652.6902334426959,316,10,128,4,255,10,90,8,255,reverse,none
652.790432906652,329,10,128,4,255,10,90,8,255,reverse,none
653.290986729528,545,10,128,4,255,10,90,8,255,reverse,none
653.3002698705677,260,10,128,4,255,10,90,8,255,reverse,none
653.3199518999153,316,10,128,4,255,10,90,8,255,reverse,none
653.4205006589393,329,10,128,4,255,10,90,8,255,reverse,none
653.9201623649484,545,10,128,4,255,10,90,8,255,reverse,none
653.9296432344917,260,10,128,4,255,10,90,8,255,reverse,none
653.9491945159909,316,10,128,4,255,10,90,8,255,reverse,none
654.0482464763145,329,10,128,4,255,10,90,8,255,reverse,none
654.5480290274184,545,10,128,4,255,10,90,8,255,reverse,none
654.5578097542225,260,10,128,4,255,10,90,8,255,reverse,none
654.577416765915,316,10,128,4,255,10,90,8,255,reverse,none
654.6767832623343,329,10,128,4,255,10,90,8,255,reverse,none
655.178068769296,545,10,128,4,255,10,90,8,255,reverse,none
655.1871053253856,260,10,128,4,255,10,90,8,255,reverse,none
655.2071288668268,316,10,128,4,255,10,90,8,255,reverse,none
655.306144401398,329,10,128,4,255,10,90,8,255,reverse,none
655.8056586821102,545,10,128,4,255,10,90,8,255,reverse,none
655.816651151215,260,10,128,4,255,10,90,8,255,reverse,none
655.8370076248973,316,10,128,4,255,10,90,8,255,reverse,none
655.9375472645685,329,10,128,4,255,10,90,8,255,reverse,none
656.4373422884142,545,10,128,4,255,10,90,8,255,reverse,none
656.4475221491805,260,10,128,4,255,10,90,8,255,reverse,none
656.4684727896494,316,10,128,4,255,10,90,8,255,reverse,none
656.5691964021225,329,10,128,4,255,10,90,8,255,reverse,none
657.069329336063,545,10,128,4,255,10,90,8,255,reverse,none
657.0789269002854,260,10,128,4,255,10,90,8,255,reverse,none
657.0985855183336,316,10,128,4,255,10,90,8,255,reverse,none
657.1988372575745,329,10,128,4,255,10,90,8,255,reverse,none
657.6997516674218,545,10,128,4,255,10,90,8,255,reverse,none
657.7094121826548,260,10,128,4,255,10,90,8,255,reverse,none
657.7284134122298,316,10,128,4,255,10,90,8,255,reverse,none
657.827169196961,329,10,128,4,255,10,90,8,255,reverse,none
658.3263112306093,545,10,128,4,255,10,90,8,255,reverse,none
658.3356751227045,260,10,128,4,255,10,90,8,255,reverse,none
658.3547393755208,316,10,128,4,255,10,90,8,255,reverse,none
658.4543358950219,329,10,128,4,255,10,90,8,255,reverse,none
658.9534958258953,545,10,128,4,255,10,90,8,255,reverse,none
658.9633825766476,260,10,128,4,255,10,90,8,255,reverse,none
658.9834319125018,316,10,128,4,255,10,90,8,255,reverse,none
659.0827511109387,329,10,128,4,255,10,90,8,255,reverse,none
659.5820830936811,545,10,128,4,255,10,90,8,255,reverse,none
659.5927619927646,260,10,128,4,255,10,90,8,255,reverse,none
659.6134194827997,316,10,128,4,255,10,90,8,255,reverse,none
659.7129118905414,329,10,128,4,255,10,90,8,255,reverse,none
660.213690535435,545,10,128,4,255,10,90,8,255,reverse,none
660.2238693679374,260,10,128,4,255,10,90,8,255,reverse,none
660.2436047314487,316,10,128,4,255,10,90,8,255,reverse,none
660.3437642153655,329,10,128,4,255,10,90,8,255,reverse,none
660.8443079701118,545,10,128,4,255,10,90,8,255,reverse,none
660.8552820341292,260,10,128,4,255,10,90,8,255,reverse,none
660.8757662769509,316,10,128,4,255,10,90,8,255,reverse,none
660.9753664326531,329,10,128,4,255,10,90,8,255,reverse,none
661.47566835531,545,10,128,4,255,10,90,8,255,reverse,none
661.4855643366521,260,10,128,4,255,10,90,8,255,reverse,none
661.5055438472118,316,10,128,4,255,10,90,8,255,reverse,none
661.6058488458613,329,10,128,4,255,10,90,8,255,reverse,none
662.1061218378396,545,10,128,4,255,10,90,8,255,reverse,none
662.1158823439621,260,10,128,4,255,10,90,8,255,reverse,none
662.1363803564797,316,10,128,4,255,10,90,8,255,reverse,none
662.2360671025847,329,10,128,4,255,10,90,8,255,reverse,none
662.736363645476,545,10,128,4,255,10,90,8,255,reverse,none
662.7453951377371,260,10,128,4,255,10,90,8,255,reverse,none
662.7647117161894,316,10,128,4,255,10,90,8,255,reverse,none
662.8643850028324,329,10,128,4,255,10,90,8,255,reverse,none
663.3647990999904,545,10,128,4,255,10,90,8,255,reverse,none
663.375297368956,260,10,128,4,255,10,90,8,255,reverse,none
663.3957743051858,316,10,128,4,255,10,90,8,255,reverse,none
663.495014275553,329,10,128,4,255,10,90,8,255,reverse,none
663.9941916693249,545,10,128,4,255,10,90,8,255,reverse,none
664.0037517827682,260,10,128,4,255,10,90,8,255,reverse,none
664.0234785645214,316,10,128,4,255,10,90,8,255,reverse,none
664.1229933031342,329,10,128,4,255,10,90,8,255,reverse,none
664.623828439137,545,10,128,4,255,10,90,8,255,reverse,none
664.6341576717424,260,10,128,4,255,10,90,8,255,reverse,none
664.653721179656,316,10,128,4,255,10,90,8,255,reverse,none
664.7544032904922,329,10,128,4,255,10,90,8,255,reverse,none
665.2546146754621,545,10,128,4,255,10,90,8,255,reverse,none
665.2637844651798,260,10,128,4,255,10,90,8,255,reverse,none
665.2834194976871,316,10,128,4,255,10,90,8,255,reverse,none
665.3835395725284,329,10,128,4,255,10,90,8,255,reverse,none
665.8836874386999,545,10,128,4,255,10,90,8,255,reverse,none
665.8937358365415,260,10,128,4,255,10,90,8,255,reverse,none
665.9129496726621,316,10,128,4,255,10,90,8,255,reverse,none
666.0130180277935,329,10,128,4,255,10,90,8,255,reverse,none
666.5134916016552,545,10,128,4,255,10,90,8,255,reverse,none
666.5239843136666,260,10,128,4,255,10,90,8,255,reverse,none
666.5443257109714,316,10,128,4,255,10,90,8,255,reverse,none
666.6438831900078,329,10,128,4,255,10,90,8,255,reverse,none
667.1438942795754,545,10,128,4,255,10,90,8,255,reverse,none
667.1536368741173,260,10,128,4,255,10,90,8,255,reverse,none
667.173291835735,316,10,128,4,255,10,90,8,255,reverse,none
667.2726043208556,329,10,128,4,255,10,90,8,255,reverse,none
667.7727694987128,545,10,128,4,255,10,90,8,255,reverse,none
667.7829133935335,260,10,128,4,255,10,90,8,255,reverse,none
667.8031444332407,316,10,128,4,255,10,90,8,255,reverse,none
667.903548567612,329,10,128,4,255,10,90,8,255,reverse,none
668.4033914780576,545,10,128,4,255,10,90,8,255,reverse,none
668.4136409428922,260,10,128,4,255,10,90,8,255,reverse,none
668.4328073144586,316,10,128,4,255,10,90,8,255,reverse,none
668.5322987809376,329,10,128,4,255,10,90,8,255,reverse,none
669.0326949079866,545,10,128,4,255,10,90,8,255,reverse,none
669.0426651916604,260,10,128,4,255,10,90,8,255,reverse,none
669.06334902024,316,10,128,4,255,10,90,8,255,reverse,none
669.1640885800297,329,10,128,4,255,10,90,8,255,reverse,none
669.6634013513195,545,10,128,4,255,10,90,8,255,reverse,none
669.6735817250413,260,10,128,4,255,10,90,8,255,reverse,none
669.6926406828368,316,10,128,4,255,10,90,8,255,reverse,none
669.7930487683169,329,10,128,4,255,10,90,8,255,reverse,none
670.2922621815002,545,10,128,4,255,10,90,8,255,reverse,none
670.3015167211933,260,10,128,4,255,10,90,8,255,reverse,none
670.3221015815418,316,10,128,4,255,10,90,8,255,reverse,none
670.4223297830807,329,10,128,4,255,10,90,8,255,reverse,none
670.9233039732949,545,10,128,4,255,10,90,8,255,reverse,none
670.9332303133248,260,10,128,4,255,10,90,8,255,reverse,none
670.952918884273,316,10,128,4,255,10,90,8,255,reverse,none
671.0532834859181,329,10,128,4,255,10,90,8,255,reverse,none
671.553635578516,545,10,128,4,255,10,90,8,255,reverse,none
671.5632009089287,260,10,128,4,255,10,90,8,255,reverse,none
671.5837953348754,316,10,128,4,255,10,90,8,255,reverse,none
671.6842825939885,329,10,128,4,255,10,90,8,255,reverse,none
672.1839572481833,545,10,128,4,255,10,90,8,255,reverse,none
672.1933502339948,260,10,128,4,255,10,90,8,255,reverse,none
672.2129964220012,316,10,128,4,255,10,90,8,255,reverse,none
672.3133929824121,329,10,128,4,255,10,90,8,255,reverse,none
672.8127522740427,545,10,128,4,255,10,90,8,255,reverse,none
672.8235159940757,260,10,128,4,255,10,90,8,255,reverse,none
672.843276776361,316,10,128,4,255,10,90,8,255,reverse,none
672.9435776185824,329,10,128,4,255,10,90,8,255,reverse,none
673.4435343905375,545,10,128,4,255,10,90,8,255,reverse,none
673.4530992185322,260,10,128,4,255,10,90,8,255,reverse,none
673.4733270967885,316,10,128,4,255,10,90,8,255,reverse,none
673.5725669207137,329,10,128,4,255,10,90,8,255,reverse,none
674.0727517116854,545,10,128,4,255,10,90,8,255,reverse,none
674.0806034355204,260,10,128,4,255,10,90,8,255,reverse,none
674.101377842405,316,10,128,4,255,10,90,8,255,reverse,none
674.2007409427933,329,10,128,4,255,10,90,8,255,reverse,none
674.7002580810861,545,10,128,4,255,10,90,8,255,reverse,none
674.7097916699287,260,10,128,4,255,10,90,8,255,reverse,none
674.7289853904072,316,10,128,4,255,10,90,8,255,reverse,none
674.8289223858407,329,10,128,4,255,10,90,8,255,reverse,none
675.328723333334,545,10,128,4,255,10,90,8,255,reverse,none
675.3396644825932,260,10,128,4,255,10,90,8,255,reverse,none
675.3606507188041,316,10,128,4,255,10,90,8,255,reverse,none
675.4599667167923,329,10,128,4,255,10,90,8,255,reverse,none
675.9592119970815,545,10,128,4,255,10,90,8,255,reverse,none
675.9692394750361,260,10,128,4,255,10,90,8,255,reverse,none
675.9883101749265,316,10,128,4,255,10,90,8,255,reverse,none
676.0890879100028,329,10,128,4,255,10,90,8,255,reverse,none
676.5899811414043,545,10,128,4,255,10,90,8,255,reverse,none
676.6000339499824,260,10,128,4,255,10,90,8,255,reverse,none
676.620553338912,316,10,128,4,255,10,90,8,255,reverse,none
676.7197707232853,329,10,128,4,255,10,90,8,255,reverse,none
677.2202324458234,545,10,128,4,255,10,90,8,255,reverse,none
677.22964439506,260,10,128,4,255,10,90,8,255,reverse,none
677.2502828976176,316,10,128,4,255,10,90,8,255,reverse,none
677.3504529743111,329,10,128,4,255,10,90,8,255,reverse,none
677.8504098482629,545,10,128,4,255,10,90,8,255,reverse,none
677.8599733138685,260,10,128,4,255,10,90,8,255,reverse,none
677.8791197041646,316,10,128,4,255,10,90,8,255,reverse,none
677.9788511898715,329,10,128,4,255,10,90,8,255,reverse,none
678.4793822179805,545,10,128,4,255,10,90,8,255,reverse,none
678.4888619021666,260,10,128,4,255,10,90,8,255,reverse,none
678.5086445009922,316,10,128,4,255,10,90,8,255,reverse,none
678.6093130883362,329,10,128,4,255,10,90,8,255,reverse,none
679.1095428723432,545,10,128,4,255,10,90,8,255,reverse,none
679.120244843255,260,10,128,4,255,10,90,8,255,reverse,none
679.1406162535013,316,10,128,4,255,10,90,8,255,reverse,none
679.2406878823666,329,10,128,4,255,10,90,8,255,reverse,none
679.7400753063299,545,10,128,4,255,10,90,8,255,reverse,none
679.7504173111618,260,10,128,4,255,10,90,8,255,reverse,none
679.7695113473247,316,10,128,4,255,10,90,8,255,reverse,none
679.8686713447228,329,10,128,4,255,10,90,8,255,reverse,none
680.3682913272783,545,10,128,4,255,10,90,8,255,reverse,none
680.3779750707344,260,10,128,4,255,10,90,8,255,reverse,none
680.3985661072103,316,10,128,4,255,10,90,8,255,reverse,none
680.4994073366283,329,10,128,4,255,10,90,8,255,reverse,none
680.9989025250704,545,10,128,4,255,10,90,8,255,reverse,none
681.0085971628021,260,10,128,4,255,10,90,8,255,reverse,none
681.0277304131401,316,10,128,4,255,10,90,8,255,reverse,none
681.1277584835045,329,10,128,4,255,10,90,8,255,reverse,none
681.6279194983055,545,10,128,4,255,10,90,8,255,reverse,none
681.6373836050121,260,10,128,4,255,10,90,8,255,reverse,none
681.6583698273033,316,10,128,4,255,10,90,8,255,reverse,none
681.7591753965695,329,10,128,4,255,10,90,8,255,reverse,none
682.2592166381464,545,10,128,4,255,10,90,8,255,reverse,none
682.2694757747742,260,10,128,4,255,10,90,8,255,reverse,none
682.2895826115193,316,10,128,4,255,10,90,8,255,reverse,none
682.3890662869769,329,10,128,4,255,10,90,8,255,reverse,none
682.888747988882,545,10,128,4,255,10,90,8,255,reverse,none
682.8982367540165,260,10,128,4,255,10,90,8,255,reverse,none
682.9192253351803,316,10,128,4,255,10,90,8,255,reverse,none
683.018649410425,329,10,128,4,255,10,90,8,255,reverse,none
683.5186529128927,545,10,128,4,255,10,90,8,255,reverse,none
683.5288490336669,260,10,128,4,255,10,90,8,255,reverse,none
683.5493873386408,316,10,128,4,255,10,90,8,255,reverse,none
683.6500642414055,329,10,128,4,255,10,90,8,255,reverse,none
684.1497790895161,545,10,128,4,255,10,90,8,255,reverse,none
684.1600316433332,260,10,128,4,255,10,90,8,255,reverse,none
684.1803658718711,316,10,128,4,255,10,90,8,255,reverse,none
684.2802797494098,329,10,128,4,255,10,90,8,255,reverse,none
684.7809057491899,545,10,128,4,255,10,90,8,255,reverse,none
684.7909665198956,260,10,128,4,255,10,90,8,255,reverse,none
684.810815846453,316,10,128,4,255,10,90,8,255,reverse,none
684.9114217283399,329,10,128,4,255,10,90,8,255,reverse,none
685.4122865091003,545,10,128,4,255,10,90,8,255,reverse,none
685.4221871683269,260,10,128,4,255,10,90,8,255,reverse,none
685.4425079024354,316,10,128,4,255,10,90,8,255,reverse,none
685.5422521124228,329,10,128,4,255,10,90,8,255,reverse,none
686.04308041852,545,10,128,4,255,10,90,8,255,reverse,none
686.0522694928273,260,10,128,4,255,10,90,8,255,reverse,none
686.0723821261105,316,10,128,4,255,10,90,8,255,reverse,none
686.1726059480443,329,10,128,4,255,10,90,8,255,reverse,none
686.6734620563691,545,10,128,4,255,10,90,8,255,reverse,none
686.6838337484443,260,10,128,4,255,10,90,8,255,reverse,none
686.7025149640388,316,10,128,4,255,10,90,8,255,reverse,none
686.8025585574696,329,10,128,4,255,10,90,8,255,reverse,none
687.3051420347177,545,10,128,4,255,10,90,8,255,reverse,none
687.3154739562336,260,10,128,4,255,10,90,8,255,reverse,none
687.3359509086382,316,10,128,4,255,10,90,8,255,reverse,none
687.4364159578806,329,10,128,4,255,10,90,8,255,reverse,none
687.9356704626626,545,10,128,4,255,10,90,8,255,reverse,none
687.9460895141168,260,10,128,4,255,10,90,8,255,reverse,none
687.9655006621749,316,10,128,4,255,10,90,8,255,reverse,none
688.0659441232976,329,10,128,4,255,10,90,8,255,reverse,none
688.5658224694769,545,10,128,4,255,10,90,8,255,reverse,none
688.5761169291125,260,10,128,4,255,10,90,8,255,reverse,none
688.5959421914994,316,10,128,4,255,10,90,8,255,reverse,none
688.6963153792684,329,10,128,4,255,10,90,8,255,reverse,none
689.1971258423813,545,10,128,4,255,10,90,8,255,reverse,none
689.207647936239,260,10,128,4,255,10,90,8,255,reverse,none
689.2283739868612,316,10,128,4,255,10,90,8,255,reverse,none
689.3281218846306,329,10,128,4,255,10,90,8,255,reverse,none
689.8278488840881,545,10,128,4,255,10,90,8,255,reverse,none
689.8380469672031,260,10,128,4,255,10,90,8,255,reverse,none
689.8587523397222,316,10,128,4,255,10,90,8,255,reverse,none
689.9594953048671,329,10,128,4,255,10,90,8,255,reverse,none
690.4595499707142,545,10,128,4,255,10,90,8,255,reverse,none
690.4695119211062,260,10,128,4,255,10,90,8,255,reverse,none
690.4898804834894,316,10,128,4,255,10,90,8,255,reverse,none
690.5906355653932,329,10,128,4,255,10,90,8,255,reverse,none
691.0901918499512,545,10,128,4,255,10,90,8,255,reverse,none
691.0998188349612,260,10,128,4,255,10,90,8,255,reverse,none
691.118872693264,316,10,128,4,255,10,90,8,255,reverse,none
691.2182300964045,329,10,128,4,255,10,90,8,255,reverse,none
691.7184969732375,545,10,128,4,255,10,90,8,255,reverse,none
691.7286671607354,260,10,128,4,255,10,90,8,255,reverse,none
691.7478782898887,316,10,128,4,255,10,90,8,255,reverse,none
691.8483631852722,329,10,128,4,255,10,90,8,255,reverse,none
692.348094349002,545,10,128,4,255,10,90,8,255,reverse,none
692.3582692278535,260,10,128,4,255,10,90,8,255,reverse,none
692.3786873703856,316,10,128,4,255,10,90,8,255,reverse,none
692.478425970545,329,10,128,4,255,10,90,8,255,reverse,none
692.9775455413709,545,10,128,4,255,10,90,8,255,reverse,none
692.987743887094,260,10,128,4,255,10,90,8,255,reverse,none
693.0081205412665,316,10,128,4,255,10,90,8,255,reverse,none
693.1088355522322,329,10,128,4,255,10,90,8,255,reverse,none
693.6094176165965,545,10,128,4,255,10,90,8,255,reverse,none
693.6198037075342,260,10,128,4,255,10,90,8,255,reverse,none
693.640447931099,316,10,128,4,255,10,90,8,255,reverse,none
693.7414169283031,329,10,128,4,255,10,90,8,255,reverse,none
694.2415625486022,545,10,128,4,255,10,90,8,255,reverse,none
694.2512693187562,260,10,128,4,255,10,90,8,255,reverse,none
694.2720414394331,316,10,128,4,255,10,90,8,255,reverse,none
694.3714859038156,329,10,128,4,255,10,90,8,255,reverse,none
694.871353545711,545,10,128,4,255,10,90,8,255,reverse,none
694.8820494965325,260,10,128,4,255,10,90,8,255,reverse,none
694.9022388434506,316,10,128,4,255,10,90,8,255,reverse,none
695.0016742081726,329,10,128,4,255,10,90,8,255,reverse,none
695.5020222274226,545,10,128,4,255,10,90,8,255,reverse,none
695.5110388904579,260,10,128,4,255,10,90,8,255,reverse,none
695.531597655564,316,10,128,4,255,10,90,8,255,reverse,none
695.6314252571993,329,10,128,4,255,10,90,8,255,reverse,none
696.1313786812573,545,10,128,4,255,10,90,8,255,reverse,none
696.1404880737339,260,10,128,4,255,10,90,8,255,reverse,none
696.160209712337,316,10,128,4,255,10,90,8,255,reverse,none
696.2609277155879,329,10,128,4,255,10,90,8,255,reverse,none
696.7601884425303,545,10,128,4,255,10,90,8,255,reverse,none
696.7711336363036,260,10,128,4,255,10,90,8,255,reverse,none
696.7920645838745,316,10,128,4,255,10,90,8,255,reverse,none
696.8911386232609,329,10,128,4,255,10,90,8,255,reverse,none
697.3903316995146,545,10,128,4,255,10,90,8,255,reverse,none
697.4006814440712,260,10,128,4,255,10,90,8,255,reverse,none
697.4204256069877,316,10,128,4,255,10,90,8,255,reverse,none
697.5201995713554,329,10,128,4,255,10,90,8,255,reverse,none
698.0200042869432,545,10,128,4,255,10,90,8,255,reverse,none
698.0301736952176,260,10,128,4,255,10,90,8,255,reverse,none
698.0505071548232,316,10,128,4,255,10,90,8,255,reverse,none
698.150254590828,329,10,128,4,255,10,90,8,255,reverse,none
698.6506494949448,545,10,128,4,255,10,90,8,255,reverse,none
698.6597489113615,260,10,128,4,255,10,90,8,255,reverse,none
698.6795704920008,316,10,128,4,255,10,90,8,255,reverse,none
698.7786182159751,329,10,128,4,255,10,90,8,255,reverse,none
699.2786330510003,545,10,128,4,255,10,90,8,255,reverse,none
699.2894125936423,260,10,128,4,255,10,90,8,255,reverse,none
699.3092598779349,316,10,128,4,255,10,90,8,255,reverse,none
699.4094518242704,329,10,128,4,255,10,90,8,255,reverse,none
699.9092534209718,545,10,128,4,255,10,90,8,255,reverse,none
699.9199909676582,260,10,128,4,255,10,90,8,255,reverse,none
699.9405484550463,316,10,128,4,255,10,90,8,255,reverse,none
700.041381529506,329,10,128,4,255,10,90,8,255,reverse,none
700.5417066105331,545,10,128,4,255,10,90,8,255,reverse,none
700.5508880300127,260,10,128,4,255,10,90,8,255,reverse,none
700.5703718507425,316,10,128,4,255,10,90,8,255,reverse,none
700.6701583929155,329,10,128,4,255,10,90,8,255,reverse,none
701.1702301111852,545,10,128,4,255,10,90,8,255,reverse,none
701.1808479975639,260,10,128,4,255,10,90,8,255,reverse,none
701.2015925127497,316,10,128,4,255,10,90,8,255,reverse,none
701.3009178946638,329,10,128,4,255,10,90,8,255,reverse,none
701.8004653950018,545,10,128,4,255,10,90,8,255,reverse,none
701.8112304807441,260,10,128,4,255,10,90,8,255,reverse,none
701.8313392824604,316,10,128,4,255,10,90,8,255,reverse,none
701.9314965057679,329,10,128,4,255,10,90,8,255,reverse,none
702.4315967536415,545,10,128,4,255,10,90,8,255,reverse,none
702.4417742990513,260,10,128,4,255,10,90,8,255,reverse,none
702.4621014430844,316,10,128,4,255,10,90,8,255,reverse,none
702.5628007123069,329,10,128,4,255,10,90,8,255,reverse,none
703.062202078821,545,10,128,4,255,10,90,8,255,reverse,none
703.0712136351879,260,10,128,4,255,10,90,8,255,reverse,none
703.09143281661,316,10,128,4,255,10,90,8,255,reverse,none
703.1921298365679,329,10,128,4,255,10,90,8,255,reverse,none
703.6915720705174,545,10,128,4,255,10,90,8,255,reverse,none
703.7017303793211,260,10,128,4,255,10,90,8,255,reverse,none
703.7221510921806,316,10,128,4,255,10,90,8,255,reverse,none
703.822633233682,329,10,128,4,255,10,90,8,255,reverse,none
704.3225379577964,545,10,128,4,255,10,90,8,255,reverse,none
704.3325278026712,260,10,128,4,255,10,90,8,255,reverse,none
704.352711601659,316,10,128,4,255,10,90,8,255,reverse,none
704.4527774840893,329,10,128,4,255,10,90,8,255,reverse,none
704.9507393034429,545,10,128,4,255,10,90,8,255,reverse,none
704.9610234005485,260,10,128,4,255,10,90,8,255,reverse,none
704.9804932989445,316,10,128,4,255,10,90,8,255,reverse,none
705.0813024247014,329,10,128,4,255,10,90,8,255,reverse,none
705.5804501241637,545,10,128,4,255,10,90,8,255,reverse,none
705.5906503393038,260,10,128,4,255,10,90,8,255,reverse,none
705.6111076151632,316,10,128,4,255,10,90,8,255,reverse,none
705.711261877204,329,10,128,4,255,10,90,8,255,reverse,none
706.2115791470967,545,10,128,4,255,10,90,8,255,reverse,none
706.2222451408234,260,10,128,4,255,10,90,8,255,reverse,none
706.2416794169909,316,10,128,4,255,10,90,8,255,reverse,none
706.3414981896982,329,10,128,4,255,10,90,8,255,reverse,none
706.8417119112981,545,10,128,4,255,10,90,8,255,reverse,none
706.8524643416048,260,10,128,4,255,10,90,8,255,reverse,none
706.8717266344237,316,10,128,4,255,10,90,8,255,reverse,none
706.9719702320926,329,10,128,4,255,10,90,8,255,reverse,none
707.4721796441671,545,10,128,4,255,10,90,8,255,reverse,none
707.4814606634911,260,10,128,4,255,10,90,8,255,reverse,none
707.5017019892173,316,10,128,4,255,10,90,8,255,reverse,none
707.6020874142247,329,10,128,4,255,10,90,8,255,reverse,none
708.1024401701046,545,10,128,4,255,10,90,8,255,reverse,none
708.1124134720606,260,10,128,4,255,10,90,8,255,reverse,none
708.132907297703,316,10,128,4,255,10,90,8,255,reverse,none
708.2324608996682,329,10,128,4,255,10,90,8,255,reverse,none
708.7317502614296,545,10,128,4,255,10,90,8,255,reverse,none
708.7412511318029,260,10,128,4,255,10,90,8,255,reverse,none
708.762064775738,316,10,128,4,255,10,90,8,255,reverse,none
708.8614248225246,329,10,128,4,255,10,90,8,255,reverse,none
709.3607016381231,545,10,128,4,255,10,90,8,255,reverse,none
709.3708745831344,260,10,128,4,255,10,90,8,255,reverse,none
709.3904456260535,316,10,128,4,255,10,90,8,255,reverse,none
709.4901314678164,329,10,128,4,255,10,90,8,255,reverse,none
709.9902980519179,545,10,128,4,255,10,90,8,255,reverse,none
710.0001009573757,260,10,128,4,255,10,90,8,255,reverse,none
710.017070358367,316,10,128,4,255,10,90,8,255,reverse,none
710.1167074503159,329,10,128,4,255,10,90,8,255,reverse,none
710.6175056222552,545,10,128,4,255,10,90,8,255,reverse,none
710.6268198485853,260,10,128,4,255,10,90,8,255,reverse,none
710.6472689474922,316,10,128,4,255,10,90,8,255,reverse,none
710.7478327717038,329,10,128,4,255,10,90,8,255,reverse,none
711.2470136563063,545,10,128,4,255,10,90,8,255,reverse,none
711.2566741769186,260,10,128,4,255,10,90,8,255,reverse,none
711.2775834721048,316,10,128,4,255,10,90,8,255,reverse,none
711.3776490481209,329,10,128,4,255,10,90,8,255,reverse,none
711.8768370898702,545,10,128,4,255,10,90,8,255,reverse,none
711.886341475861,260,10,128,4,255,10,90,8,255,reverse,none
711.9054966701622,316,10,128,4,255,10,90,8,255,reverse,none
712.0050461403276,329,10,128,4,255,10,90,8,255,reverse,none
712.5043064636933,545,10,128,4,255,10,90,8,255,reverse,none
712.5148779256886,260,10,128,4,255,10,90,8,255,reverse,none
712.5340092756118,316,10,128,4,255,10,90,8,255,reverse,none
712.6332234284795,329,10,128,4,255,10,90,8,255,reverse,none
713.1333637110619,545,10,128,4,255,10,90,8,255,reverse,none
713.1434077908821,260,10,128,4,255,10,90,8,255,reverse,none
713.1625277119798,316,10,128,4,255,10,90,8,255,reverse,none
713.2622247858385,329,10,128,4,255,10,90,8,255,reverse,none
713.7626795606969,545,10,128,4,255,10,90,8,255,reverse,none
713.7733948518719,260,10,128,4,255,10,90,8,255,reverse,none
713.7931688850089,316,10,128,4,255,10,90,8,255,reverse,none
713.8932988417555,329,10,128,4,255,10,90,8,255,reverse,none
714.3929077550944,545,10,128,4,255,10,90,8,255,reverse,none
714.402506037755,260,10,128,4,255,10,90,8,255,reverse,none
714.4226686154926,316,10,128,4,255,10,90,8,255,reverse,none
714.5225701506592,329,10,128,4,255,10,90,8,255,reverse,none
715.0231481386743,545,10,128,4,255,10,90,8,255,reverse,none
715.033713366903,260,10,128,4,255,10,90,8,255,reverse,none
715.0530086868866,316,10,128,4,255,10,90,8,255,reverse,none
715.1557853440546,329,10,128,4,255,10,90,8,255,reverse,none
715.655984739242,545,10,128,4,255,10,90,8,255,reverse,none
715.6651445639919,260,10,128,4,255,10,90,8,255,reverse,none
715.685357391971,316,10,128,4,255,10,90,8,255,reverse,none
715.7867104756291,329,10,128,4,255,10,90,8,255,reverse,none
716.2857241543302,545,10,128,4,255,10,90,8,255,reverse,none
716.2965870081547,260,10,128,4,255,10,90,8,255,reverse,none
716.31608542916,316,10,128,4,255,10,90,8,255,reverse,none
716.4157342025487,329,10,128,4,255,10,90,8,255,reverse,none
716.9161892992763,545,10,128,4,255,10,90,8,255,reverse,none
716.925207858893,260,10,128,4,255,10,90,8,255,reverse,none
716.9461089632488,316,10,128,4,255,10,90,8,255,reverse,none
717.0467702563084,329,10,128,4,255,10,90,8,255,reverse,none
717.5470334740862,545,10,128,4,255,10,90,8,255,reverse,none
717.5575518027554,260,10,128,4,255,10,90,8,255,reverse,none
717.5768707715214,316,10,128,4,255,10,90,8,255,reverse,none
717.676723563535,329,10,128,4,255,10,90,8,255,reverse,none
718.1762875528808,545,10,128,4,255,10,90,8,255,reverse,none
718.1861510686273,260,10,128,4,255,10,90,8,255,reverse,none
718.2067601885283,316,10,128,4,255,10,90,8,255,reverse,none
718.3069513139673,329,10,128,4,255,10,90,8,255,reverse,none
718.8071244907946,545,10,128,4,255,10,90,8,255,reverse,none
718.8170380482212,260,10,128,4,255,10,90,8,255,reverse,none
718.837424530522,316,10,128,4,255,10,90,8,255,reverse,none
718.9375399099476,329,10,128,4,255,10,90,8,255,reverse,none
719.4372072525246,545,10,128,4,255,10,90,8,255,reverse,none
719.4479443707218,260,10,128,4,255,10,90,8,255,reverse,none
719.4685422644471,316,10,128,4,255,10,90,8,255,reverse,none
719.5677917923175,329,10,128,4,255,10,90,8,255,reverse,none
720.0681129032617,545,10,128,4,255,10,90,8,255,reverse,none
720.0790040690839,260,10,128,4,255,10,90,8,255,reverse,none
720.0999906121392,316,10,128,4,255,10,90,8,255,reverse,none
720.2006840500851,329,10,128,4,255,10,90,8,255,reverse,none
720.7014417070898,545,10,128,4,255,10,90,8,255,reverse,none
720.7106024567287,260,10,128,4,255,10,90,8,255,reverse,none
720.7313867067011,316,10,128,4,255,10,90,8,255,reverse,none
720.8322508546672,329,10,128,4,255,10,90,8,255,reverse,none
721.332860788068,545,10,128,4,255,10,90,8,255,reverse,none
721.342241480744,260,10,128,4,255,10,90,8,255,reverse,none
721.3615837778925,316,10,128,4,255,10,90,8,255,reverse,none
721.4624373700244,329,10,128,4,255,10,90,8,255,reverse,none
721.9631221408283,545,10,128,4,255,10,90,8,255,reverse,none
721.9729120418212,260,10,128,4,255,10,90,8,255,reverse,none
721.9929649590621,316,10,128,4,255,10,90,8,255,reverse,none
722.0925976427038,329,10,128,4,255,10,90,8,255,reverse,none
722.5924023734924,545,10,128,4,255,10,90,8,255,reverse,none
722.601955041959,260,10,128,4,255,10,90,8,255,reverse,none
722.6219263023892,316,10,128,4,255,10,90,8,255,reverse,none
722.7222765057566,329,10,128,4,255,10,90,8,255,reverse,none
723.2219687706696,545,10,128,4,255,10,90,8,255,reverse,none
723.2312714193849,260,10,128,4,255,10,90,8,255,reverse,none
723.2505068791215,316,10,128,4,255,10,90,8,255,reverse,none
723.3502650867297,329,10,128,4,255,10,90,8,255,reverse,none
723.8503784844714,545,10,128,4,255,10,90,8,255,reverse,none
723.8609886512949,260,10,128,4,255,10,90,8,255,reverse,none
723.881582304063,316,10,128,4,255,10,90,8,255,reverse,none
723.9822581325452,329,10,128,4,255,10,90,8,255,reverse,none
724.4816892401793,545,10,128,4,255,10,90,8,255,reverse,none
724.4926802871207,260,10,128,4,255,10,90,8,255,reverse,none
724.51259135815,316,10,128,4,255,10,90,8,255,reverse,none
724.613394285593,329,10,128,4,255,10,90,8,255,reverse,none
725.1126482186204,545,10,128,4,255,10,90,8,255,reverse,none
725.1224514463728,260,10,128,4,255,10,90,8,255,reverse,none
725.1433435912844,316,10,128,4,255,10,90,8,255,reverse,none
725.2438371298919,329,10,128,4,255,10,90,8,255,reverse,none
725.744736978566,545,10,128,4,255,10,90,8,255,reverse,none
725.7543751885213,260,10,128,4,255,10,90,8,255,reverse,none
725.7735808496584,316,10,128,4,255,10,90,8,255,reverse,none
725.8743903915607,329,10,128,4,255,10,90,8,255,reverse,none
726.3735435638354,545,10,128,4,255,10,90,8,255,reverse,none
726.3830340036824,260,10,128,4,255,10,90,8,255,reverse,none
726.4021562997232,316,10,128,4,255,10,90,8,255,reverse,none
726.5012742835258,329,10,128,4,255,10,90,8,255,reverse,none
727.0005480269534,545,10,128,4,255,10,90,8,255,reverse,none
727.0111525822697,260,10,128,4,255,10,90,8,255,reverse,none
727.0303308963277,316,10,128,4,255,10,90,8,255,reverse,none
727.1318708718991,329,10,128,4,255,10,90,8,255,reverse,none
727.6317504985157,545,10,128,4,255,10,90,8,255,reverse,none
727.6422134308333,260,10,128,4,255,10,90,8,255,reverse,none
727.6625846002165,316,10,128,4,255,10,90,8,255,reverse,none
727.7631205740015,329,10,128,4,255,10,90,8,255,reverse,none
728.2637282124908,545,10,128,4,255,10,90,8,255,reverse,none
728.2734006545093,260,10,128,4,255,10,90,8,255,reverse,none
728.2933548590521,316,10,128,4,255,10,90,8,255,reverse,none
728.3941973999998,329,10,128,4,255,10,90,8,255,reverse,none
728.8942933469212,545,10,128,4,255,10,90,8,255,reverse,none
728.9038688996447,260,10,128,4,255,10,90,8,255,reverse,none
728.924541108332,316,10,128,4,255,10,90,8,255,reverse,none
729.0240919783001,329,10,128,4,255,10,90,8,255,reverse,none
729.5242337179714,545,10,128,4,255,10,90,8,255,reverse,none
729.5336870849477,260,10,128,4,255,10,90,8,255,reverse,none
729.5528526830898,316,10,128,4,255,10,90,8,255,reverse,none
729.6525344690436,329,10,128,4,255,10,90,8,255,reverse,none
730.151931434311,545,10,128,4,255,10,90,8,255,reverse,none
730.1626138167688,260,10,128,4,255,10,90,8,255,reverse,none
730.1819851203659,316,10,128,4,255,10,90,8,255,reverse,none
730.2817337558222,329,10,128,4,255,10,90,8,255,reverse,none
730.7811352472594,545,10,128,4,255,10,90,8,255,reverse,none
730.7903132542222,260,10,128,4,255,10,90,8,255,reverse,none
730.8110018499845,316,10,128,4,255,10,90,8,255,reverse,none
730.9106793026315,329,10,128,4,255,10,90,8,255,reverse,none
731.409841301215,545,10,128,4,255,10,90,8,255,reverse,none
731.4207565726787,260,10,128,4,255,10,90,8,255,reverse,none
731.4401744010996,316,10,128,4,255,10,90,8,255,reverse,none
731.5407140017961,329,10,128,4,255,10,90,8,255,reverse,none
732.0413338215649,545,10,128,4,255,10,90,8,255,reverse,none
732.0512603387554,260,10,128,4,255,10,90,8,255,reverse,none
732.0715354551287,316,10,128,4,255,10,90,8,255,reverse,none
732.1706196978317,329,10,128,4,255,10,90,8,255,reverse,none
732.6707043491907,545,10,128,4,255,10,90,8,255,reverse,none
732.6813788976204,260,10,128,4,255,10,90,8,255,reverse,none
732.700933251314,316,10,128,4,255,10,90,8,255,reverse,none
732.8012348967759,329,10,128,4,255,10,90,8,255,reverse,none
733.3014767792504,545,10,128,4,255,10,90,8,255,reverse,none
733.3112443794565,260,10,128,4,255,10,90,8,255,reverse,none
733.3321165128569,316,10,128,4,255,10,90,8,255,reverse,none
733.4330728667077,329,10,128,4,255,10,90,8,255,reverse,none
733.9327012118258,545,10,128,4,255,10,90,8,255,reverse,none
733.9417453252985,260,10,128,4,255,10,90,8,255,reverse,none
733.9624517760424,316,10,128,4,255,10,90,8,255,reverse,none
734.0619241271788,329,10,128,4,255,10,90,8,255,reverse,none
734.5621885051418,545,10,128,4,255,10,90,8,255,reverse,none
734.5712703987226,260,10,128,4,255,10,90,8,255,reverse,none
734.591251280986,316,10,128,4,255,10,90,8,255,reverse,none
734.690743685051,329,10,128,4,255,10,90,8,255,reverse,none
735.1912273881644,545,10,128,4,255,10,90,8,255,reverse,none
735.2015498180724,260,10,128,4,255,10,90,8,255,reverse,none
735.2214801570278,316,10,128,4,255,10,90,8,255,reverse,none
735.3205628443229,329,10,128,4,255,10,90,8,255,reverse,none
735.8205574137074,545,10,128,4,255,10,90,8,255,reverse,none
735.8307305396374,260,10,128,4,255,10,90,8,255,reverse,none
735.8509596753676,316,10,128,4,255,10,90,8,255,reverse,none
735.9517046286386,329,10,128,4,255,10,90,8,255,reverse,none
736.4515183657688,545,10,128,4,255,10,90,8,255,reverse,none
736.4610243672325,260,10,128,4,255,10,90,8,255,reverse,none
736.4816470499992,316,10,128,4,255,10,90,8,255,reverse,none
736.5811368083567,329,10,128,4,255,10,90,8,255,reverse,none
737.0821297509796,545,10,128,4,255,10,90,8,255,reverse,none
737.0928120430949,260,10,128,4,255,10,90,8,255,reverse,none
737.1121088336358,316,10,128,4,255,10,90,8,255,reverse,none
737.211655402255,329,10,128,4,255,10,90,8,255,reverse,none
737.711230519848,545,10,128,4,255,10,90,8,255,reverse,none
737.7202779840255,260,10,128,4,255,10,90,8,255,reverse,none
737.7393886431239,316,10,128,4,255,10,90,8,255,reverse,none
737.8396910144195,329,10,128,4,255,10,90,8,255,reverse,none
738.3403254647003,545,10,128,4,255,10,90,8,255,reverse,none
738.349724559374,260,10,128,4,255,10,90,8,255,reverse,none
738.3701197749431,316,10,128,4,255,10,90,8,255,reverse,none
738.4702167969765,329,10,128,4,255,10,90,8,255,reverse,none
738.9704487473078,545,10,128,4,255,10,90,8,255,reverse,none
738.9807210466086,260,10,128,4,255,10,90,8,255,reverse,none
739.0012282885336,316,10,128,4,255,10,90,8,255,reverse,none
739.1020476377898,329,10,128,4,255,10,90,8,255,reverse,none
739.602532617583,545,10,128,4,255,10,90,8,255,reverse,none
739.6128246344284,260,10,128,4,255,10,90,8,255,reverse,none
739.6328481397511,316,10,128,4,255,10,90,8,255,reverse,none
739.733611989552,329,10,128,4,255,10,90,8,255,reverse,none
740.2344828242233,545,10,128,4,255,10,90,8,255,reverse,none
740.2437243685422,260,10,128,4,255,10,90,8,255,reverse,none
740.2644927629622,316,10,128,4,255,10,90,8,255,reverse,none
740.3638809358225,329,10,128,4,255,10,90,8,255,reverse,none
740.8648596464994,545,10,128,4,255,10,90,8,255,reverse,none
740.8742958300173,260,10,128,4,255,10,90,8,255,reverse,none
740.8933219241519,316,10,128,4,255,10,90,8,255,reverse,none
740.9937390812725,329,10,128,4,255,10,90,8,255,reverse,none
741.4937364696791,545,10,128,4,255,10,90,8,255,reverse,none
741.5030723541375,260,10,128,4,255,10,90,8,255,reverse,none
741.5222060426818,316,10,128,4,255,10,90,8,255,reverse,none
741.6226253731875,329,10,128,4,255,10,90,8,255,reverse,none
742.1219232512985,545,10,128,4,255,10,90,8,255,reverse,none
742.1313807826326,260,10,128,4,255,10,90,8,255,reverse,none
742.1510762388662,316,10,128,4,255,10,90,8,255,reverse,none
742.2520224610986,329,10,128,4,255,10,90,8,255,reverse,none
742.7513194363293,545,10,128,4,255,10,90,8,255,reverse,none
742.7614823192606,260,10,128,4,255,10,90,8,255,reverse,none
742.7813661457872,316,10,128,4,255,10,90,8,255,reverse,none
742.8809279379528,329,10,128,4,255,10,90,8,255,reverse,none
743.3818673482746,545,10,128,4,255,10,90,8,255,reverse,none
743.3916277313456,260,10,128,4,255,10,90,8,255,reverse,none
743.412495224264,316,10,128,4,255,10,90,8,255,reverse,none
743.5127380078154,329,10,128,4,255,10,90,8,255,reverse,none
744.0133809412056,545,10,128,4,255,10,90,8,255,reverse,none
744.022820410646,260,10,128,4,255,10,90,8,255,reverse,none
744.0422790244024,316,10,128,4,255,10,90,8,255,reverse,none
744.1418517853101,329,10,128,4,255,10,90,8,255,reverse,none
744.6415668484254,545,10,128,4,255,10,90,8,255,reverse,none
744.6506455264041,260,10,128,4,255,10,90,8,255,reverse,none
744.668341159182,316,10,128,4,255,10,90,8,255,reverse,none
744.7686827321319,329,10,128,4,255,10,90,8,255,reverse,none
745.2692070470115,545,10,128,4,255,10,90,8,255,reverse,none
745.2789687840888,260,10,128,4,255,10,90,8,255,reverse,none
745.299225996137,316,10,128,4,255,10,90,8,255,reverse,none
745.3993773639498,329,10,128,4,255,10,90,8,255,reverse,none
745.90005035709,545,10,128,4,255,10,90,8,255,reverse,none
745.9090550764074,260,10,128,4,255,10,90,8,255,reverse,none
745.929656036765,316,10,128,4,255,10,90,8,255,reverse,none
746.0291713844701,329,10,128,4,255,10,90,8,255,reverse,none
746.529558132451,545,10,128,4,255,10,90,8,255,reverse,none
746.539730741879,260,10,128,4,255,10,90,8,255,reverse,none
746.5605628695748,316,10,128,4,255,10,90,8,255,reverse,none
746.659690072918,329,10,128,4,255,10,90,8,255,reverse,none
747.1593991415217,545,10,128,4,255,10,90,8,255,reverse,none
747.1693606053951,260,10,128,4,255,10,90,8,255,reverse,none
747.1890546481598,316,10,128,4,255,10,90,8,255,reverse,none
747.2892633925073,329,10,128,4,255,10,90,8,255,reverse,none
747.7884942733015,545,10,128,4,255,10,90,8,255,reverse,none
747.79869336602,260,10,128,4,255,10,90,8,255,reverse,none
747.8186211714594,316,10,128,4,255,10,90,8,255,reverse,none
747.918187315465,329,10,128,4,255,10,90,8,255,reverse,none
748.4180956506466,545,10,128,4,255,10,90,8,255,reverse,none
748.4275777764781,260,10,128,4,255,10,90,8,255,reverse,none
748.4470706324305,316,10,128,4,255,10,90,8,255,reverse,none
748.5479211164567,329,10,128,4,255,10,90,8,255,reverse,none
749.0481007378129,545,10,128,4,255,10,90,8,255,reverse,none
749.0579963265466,260,10,128,4,255,10,90,8,255,reverse,none
749.0777512228661,316,10,128,4,255,10,90,8,255,reverse,none
749.1776411111537,329,10,128,4,255,10,90,8,255,reverse,none
749.6774137908354,545,10,128,4,255,10,90,8,255,reverse,none
749.6871373855673,260,10,128,4,255,10,90,8,255,reverse,none
749.7063668551169,316,10,128,4,255,10,90,8,255,reverse,none
749.8064381525015,329,10,128,4,255,10,90,8,255,reverse,none
750.307149133068,545,10,128,4,255,10,90,8,255,reverse,none
750.3174347248382,260,10,128,4,255,10,90,8,255,reverse,none
750.3375152740575,316,10,128,4,255,10,90,8,255,reverse,none
750.4383124725364,329,10,128,4,255,10,90,8,255,reverse,none
750.9373178917614,545,10,128,4,255,10,90,8,255,reverse,none
750.9469489541298,260,10,128,4,255,10,90,8,255,reverse,none
750.9677382688103,316,10,128,4,255,10,90,8,255,reverse,none
751.068133038754,329,10,128,4,255,10,90,8,255,reverse,none
751.5689023491142,545,10,128,4,255,10,90,8,255,reverse,none
751.5797111018665,260,10,128,4,255,10,90,8,255,reverse,none
751.5989006064847,316,10,128,4,255,10,90,8,255,reverse,none
751.6982037512015,329,10,128,4,255,10,90,8,255,reverse,none
752.1972903862899,545,10,128,4,255,10,90,8,255,reverse,none
752.2064375874078,260,10,128,4,255,10,90,8,255,reverse,none
752.2269217255681,316,10,128,4,255,10,90,8,255,reverse,none
752.3265964208938,329,10,128,4,255,10,90,8,255,reverse,none
752.8272389613998,545,10,128,4,255,10,90,8,255,reverse,none
752.836900142133,260,10,128,4,255,10,90,8,255,reverse,none
752.857090586351,316,10,128,4,255,10,90,8,255,reverse,none
752.9573674067774,329,10,128,4,255,10,90,8,255,reverse,none
753.455568967706,545,10,128,4,255,10,90,8,255,reverse,none
753.4647537049615,260,10,128,4,255,10,90,8,255,reverse,none
753.4849765595027,316,10,128,4,255,10,90,8,255,reverse,none
753.5856779062833,329,10,128,4,255,10,90,8,255,reverse,none
754.0858378661023,545,10,128,4,255,10,90,8,255,reverse,none
754.0957333221266,260,10,128,4,255,10,90,8,255,reverse,none
754.1149440018415,316,10,128,4,255,10,90,8,255,reverse,none
754.2154920380324,329,10,128,4,255,10,90,8,255,reverse,none
754.7162764052364,545,10,128,4,255,10,90,8,255,reverse,none
754.7253905022183,260,10,128,4,255,10,90,8,255,reverse,none
754.7447317029055,316,10,128,4,255,10,90,8,255,reverse,none
754.8444397798617,329,10,128,4,255,10,90,8,255,reverse,none
755.3439328356036,545,10,128,4,255,10,90,8,255,reverse,none
755.3543144468572,260,10,128,4,255,10,90,8,255,reverse,none
755.3736497258556,316,10,128,4,255,10,90,8,255,reverse,none
755.4741518733084,329,10,128,4,255,10,90,8,255,reverse,none
755.9744777859474,545,10,128,4,255,10,90,8,255,reverse,none
755.9851025761494,260,10,128,4,51,10,90,8,0,idle,none
756.0049290580865,316,9,128,4,51,9,90,8,0,idle,none
756.1041338074641,329,8,128,3,51,8,90,8,0,idle,none
756.604849629954,545,8,128,3,51,8,90,7,0,idle,none
756.6141245192615,260,8,128,3,51,8,90,7,0,idle,none
756.6347531275181,316,7,128,3,51,7,90,7,0,idle,none
756.7350591353967,329,6,128,3,51,6,90,7,0,idle,none
757.235196133732,545,6,128,2,51,6,90,7,0,idle,none
757.2448011745745,260,6,128,2,51,6,90,7,0,idle,none
757.2642288743633,316,5,128,2,51,5,90,6,0,idle,none
757.3640655680556,329,4,128,2,51,4,90,6,0,idle,none
757.8643510628257,545,4,128,2,51,4,90,6,0,idle,none
757.873361945654,260,4,128,1,51,4,90,6,0,idle,none
757.8925813390686,316,3,128,1,51,3,90,6,0,idle,none
757.9930256400813,329,2,128,1,51,2,90,6,0,idle,none
758.4927216885363,545,2,128,1,51,2,90,6,0,idle,none
758.5025125140892,260,2,128,1,51,2,90,5,0,idle,none
758.5219862698731,316,1,128,0,51,1,90,5,0,idle,none
758.6217300835855,329,0,128,0,51,0,90,5,0,idle,none
759.1207642842546,545,0,128,0,51,0,90,5,0,idle,none
759.1305425946864,260,0,128,0,51,0,90,5,0,idle,none
759.1502596273715,316,0,128,0,51,0,90,5,0,idle,none
759.2492907873132,329,0,128,0,51,0,90,5,0,idle,none
759.7494967961128,545,0,128,0,51,0,90,5,0,idle,none
759.7603482965303,260,0,128,0,51,0,90,5,0,idle,none
759.780737740279,316,0,128,0,51,0,90,5,0,idle,none
759.8804747725815,329,0,128,0,51,0,90,5,0,idle,none
760.3803184112869,545,0,128,0,51,0,90,5,0,idle,none
760.390515981479,260,0,128,0,51,0,90,5,0,idle,none
760.4098053320266,316,0,128,0,51,0,90,5,0,idle,none
760.5103837118567,329,0,128,0,51,0,90,5,0,idle,none
761.0100823796176,545,0,128,0,51,0,90,5,0,idle,none
761.0202137423024,260,0,128,0,51,0,90,5,0,idle,none
761.0411250421193,316,0,128,0,51,0,90,5,0,idle,none
761.1409834240301,329,0,128,0,51,0,90,5,0,idle,none
761.6412468203446,545,0,128,0,51,0,90,5,0,idle,none
761.651000397566,260,0,128,0,51,0,90,5,0,idle,none
761.6714715414132,316,0,128,0,51,0,90,5,0,idle,none
761.7712493452661,329,0,128,0,51,0,90,5,0,idle,none
762.2715021500541,545,0,128,0,51,0,90,5,0,idle,none
762.281778750555,260,0,128,0,51,0,90,5,0,idle,none
762.3027677294031,316,0,128,0,51,0,90,5,0,idle,none
762.4020373765547,329,0,128,0,51,0,90,5,0,idle,none
762.902129408874,545,0,128,0,51,0,90,5,0,idle,none
762.9116727965152,260,0,128,0,51,0,90,5,0,idle,none
762.9313847854953,316,0,128,0,51,0,90,5,0,idle,none
763.0304185797498,329,0,128,0,51,0,90,5,0,idle,none
763.5311129639482,545,0,128,0,51,0,90,5,0,idle,none
763.5417287882078,260,0,128,0,51,0,90,5,0,idle,none
763.5625331318096,316,0,128,0,51,0,90,5,0,idle,none
763.6629817393897,329,0,128,0,51,0,90,5,0,idle,none
764.1629905942557,545,0,128,0,51,0,90,5,0,idle,none
764.1721261774888,260,0,128,0,51,0,90,5,0,idle,none
764.19219595277,316,0,128,0,51,0,90,5,0,idle,none
764.291246973889,329,0,128,0,51,0,90,5,0,idle,none
764.7917590341457,545,0,128,0,51,0,90,5,0,idle,none
764.8022784428524,260,0,128,0,51,0,90,5,0,idle,none
764.8214554198071,316,0,128,0,51,0,90,5,0,idle,none
764.921412446102,329,0,128,0,51,0,90,5,0,idle,none
765.4217774744457,545,0,128,0,51,0,90,5,0,idle,none
765.432155280961,260,0,128,0,51,0,90,5,0,idle,none
765.4516294621078,316,0,128,0,51,0,90,5,0,idle,none
765.5512510963765,329,0,128,0,51,0,90,5,0,idle,none
766.052117126665,545,0,128,0,51,0,90,5,0,idle,none
766.0615760890589,260,0,128,0,51,0,90,5,0,idle,none
766.0818597557328,316,0,128,0,51,0,90,5,0,idle,none
766.1814926995569,329,0,128,0,51,0,90,5,0,idle,none
766.6812543080089,545,0,128,0,51,0,90,5,0,idle,none
766.6907213273797,260,0,128,0,51,0,90,5,0,idle,none
766.7111642055559,316,0,128,0,51,0,90,5,0,idle,none
766.8121498453887,329,0,128,0,51,0,90,5,0,idle,none
767.3115305587155,545,0,128,0,51,0,90,5,0,idle,none
767.3209685962559,260,0,128,0,51,0,90,5,0,idle,none
767.3404105822211,316,0,128,0,51,0,90,5,0,idle,none
767.4396310854178,329,0,128,0,51,0,90,5,0,idle,none
767.9403512566403,545,0,128,0,51,0,90,5,0,idle,none
767.9511755401127,260,0,128,0,51,0,90,5,0,idle,none
767.9702581038429,316,0,128,0,51,0,90,5,0,idle,none
768.0702127845983,329,0,128,0,51,0,90,5,0,idle,none
768.570525805768,545,0,128,0,51,0,90,5,0,idle,none
768.5807818708777,260,0,128,0,51,0,90,5,0,idle,none
768.6011915600677,316,0,128,0,51,0,90,5,0,idle,none
768.7020400145647,329,0,128,0,51,0,90,5,0,idle,none
769.2012509883489,545,0,128,0,51,0,90,5,0,idle,none
769.2104726943504,260,0,128,0,51,0,90,5,0,idle,none
769.231130631066,316,0,128,0,51,0,90,5,0,idle,none
769.3317227222893,329,0,128,0,51,0,90,5,0,idle,none
769.8310969398261,545,0,128,0,51,0,90,5,0,idle,none
769.8401393988448,260,0,128,0,51,0,90,5,0,idle,none
769.859908340551,316,0,128,0,51,0,90,5,0,idle,none
769.9591904805852,329,0,128,0,51,0,90,5,0,idle,none
770.4589599901185,545,0,128,0,51,0,90,5,0,idle,none
770.4679771825482,260,0,128,0,51,0,90,5,0,idle,none
770.4879589012512,316,0,128,0,51,0,90,5,0,idle,none
770.5876029477797,329,0,128,0,51,0,90,5,0,idle,none
771.0874578673815,545,0,128,0,51,0,90,5,0,idle,none
771.0964700316979,260,0,128,0,51,0,90,5,0,idle,none
771.1163441156609,316,0,128,0,51,0,90,5,0,idle,none
771.2165068461967,329,0,128,0,51,0,90,5,0,idle,none
771.7172394178967,545,0,128,0,51,0,90,5,0,idle,none
771.7280265404731,260,0,128,0,51,0,90,5,0,idle,none
771.7476767018576,316,0,128,0,51,0,90,5,0,idle,none
771.8467801349524,329,0,128,0,51,0,90,5,0,idle,none
772.3460214479679,545,0,128,0,51,0,90,5,0,idle,none
772.3563026570798,260,0,128,0,51,0,90,5,0,idle,none
772.3756394228757,316,0,128,0,51,0,90,5,0,idle,none
772.47625022584,329,0,128,0,51,0,90,5,0,idle,none
772.9756578728795,545,0,128,0,51,0,90,5,0,idle,none
772.986552116048,260,0,128,0,51,0,90,5,0,idle,none
773.0058320765273,316,0,128,0,51,0,90,5,0,idle,none
773.1054978707915,329,0,128,0,51,0,90,5,0,idle,none
773.6049167448185,545,0,128,0,51,0,90,5,0,idle,none
773.6154900443156,260,0,128,0,51,0,90,5,0,idle,none
773.6360095693441,316,0,128,0,51,0,90,5,0,idle,none
773.7355196407117,329,0,128,0,51,0,90,5,0,idle,none
774.236112905486,545,0,128,0,51,0,90,5,0,idle,none
774.2456758996109,260,0,128,0,51,0,90,5,0,idle,none
774.2650861629064,316,0,128,0,51,0,90,5,0,idle,none
774.365588092057,329,0,128,0,51,0,90,5,0,idle,none
774.86537305627,545,0,128,0,51,0,90,5,0,idle,none
774.8748565632361,260,0,128,0,51,0,90,5,0,idle,none
774.8954937997722,316,0,128,0,51,0,90,5,0,idle,none
774.9958856058053,329,0,128,0,51,0,90,5,0,idle,none
775.4959623648467,545,0,128,0,51,0,90,5,0,idle,none
775.5069013129283,260,0,128,0,51,0,90,5,0,idle,none
775.5260914466853,316,0,128,0,51,0,90,5,0,idle,none
775.6255308703358,329,0,128,0,51,0,90,5,0,idle,none
776.1245699233181,545,0,128,0,51,0,90,5,0,idle,none
776.1348991511046,260,0,128,0,51,0,90,5,0,idle,none
776.1549025175793,316,0,128,0,51,0,90,5,0,idle,none
776.2547396354155,329,0,128,0,51,0,90,5,0,idle,none
776.7549351533168,545,0,128,0,51,0,90,5,0,idle,none
776.7644353131545,260,0,128,0,51,0,90,5,0,idle,none
776.7852612236718,316,0,128,0,51,0,90,5,0,idle,none
776.8865332834362,329,0,128,0,51,0,90,5,0,idle,none
777.3865229885979,545,0,128,0,51,0,90,5,0,idle,none
777.3960433869373,260,0,128,0,51,0,90,5,0,idle,none
777.4159355410447,316,0,128,0,51,0,90,5,0,idle,none
777.5160247137593,329,0,128,0,51,0,90,5,0,idle,none
778.0165658795215,545,0,128,0,51,0,90,5,0,idle,none
778.0257105109515,260,0,128,0,51,0,90,5,0,idle,none
778.046211279986,316,0,128,0,51,0,90,5,0,idle,none
778.1460528592587,329,0,128,0,51,0,90,5,0,idle,none
778.646112653912,545,0,128,0,51,0,90,5,0,idle,none
778.6556391913548,260,0,128,0,51,0,90,5,0,idle,none
778.675941007205,316,0,128,0,51,0,90,5,0,idle,none
778.7754782172287,329,0,128,0,51,0,90,5,0,idle,none
779.2756552508689,545,0,128,0,51,0,90,5,0,idle,none
779.2846577515324,260,0,128,0,51,0,90,5,0,idle,none
779.3051265313267,316,0,128,0,51,0,90,5,0,idle,none
779.4056317367506,329,0,128,0,51,0,90,5,0,idle,none
779.9059614107715,545,0,128,0,51,0,90,5,0,idle,none
779.9164247882593,260,0,128,0,51,0,90,5,0,idle,none
779.9351460319416,316,0,128,0,51,0,90,5,0,idle,none
780.0345234171998,329,0,128,0,51,0,90,5,0,idle,none
780.5338414782944,545,0,128,0,51,0,90,5,0,idle,none
780.5437561710755,260,0,128,0,51,0,90,5,0,idle,none
780.5647152299771,316,0,128,0,51,0,90,5,0,idle,none
780.6644911178352,329,0,128,0,51,0,90,5,0,idle,none
781.1650629861177,545,0,128,0,51,0,90,5,0,idle,none
781.175241063538,260,0,128,0,51,0,90,5,0,idle,none
781.1945380521723,316,0,128,0,51,0,90,5,0,idle,none
781.294205725693,329,0,128,0,51,0,90,5,0,idle,none
781.7936060260746,545,0,128,0,51,0,90,5,0,idle,none
781.8042704835331,260,0,128,0,51,0,90,5,0,idle,none
781.8245806481688,316,0,128,0,51,0,90,5,0,idle,none
781.924386946823,329,0,128,0,51,0,90,5,0,idle,none
782.4234501212135,545,0,128,0,51,0,90,5,0,idle,none
782.434223210105,260,0,128,0,51,0,90,5,0,idle,none
782.4552195506145,316,0,128,0,51,0,90,5,0,idle,none
782.5560112691318,329,0,128,0,51,0,90,5,0,idle,none
783.0557269526969,545,0,128,0,51,0,90,5,0,idle,none
783.0648089679291,260,0,128,0,51,0,90,5,0,idle,none
783.0840292222634,316,0,128,0,51,0,90,5,0,idle,none
783.1847851222626,329,0,128,0,51,0,90,5,0,idle,none
783.6848818052207,545,0,128,0,51,0,90,5,0,idle,none
783.694410354264,260,0,128,0,51,0,90,5,0,idle,none
783.7136908928185,316,0,128,0,51,0,90,5,0,idle,none
783.8140858411218,329,0,128,0,51,0,90,5,0,idle,none
784.31493577938,545,0,128,0,51,0,90,5,0,idle,none
784.3258104908084,260,0,128,0,51,0,90,5,0,idle,none
784.3449880969331,316,0,128,0,51,0,90,5,0,idle,none
784.4450956175638,329,0,128,0,51,0,90,5,0,idle,none
784.9457078502937,545,0,128,0,51,0,90,5,0,idle,none
784.9562334007351,260,0,128,0,51,0,90,5,0,idle,none
784.9762671297332,316,0,128,0,51,0,90,5,0,idle,none
785.0750099001505,329,0,128,0,51,0,90,5,0,idle,none
785.5742928557227,545,0,128,0,51,0,90,5,0,idle,none
785.5849825664317,260,0,128,0,51,0,90,5,0,idle,none
785.6055400514293,316,0,128,0,51,0,90,5,0,idle,none
785.7061904286466,329,0,128,0,51,0,90,5,0,idle,none
786.2052799042016,545,0,128,0,51,0,90,5,0,idle,none
786.2144396530352,260,0,128,0,51,0,90,5,0,idle,none
786.2346131443443,316,0,128,0,51,0,90,5,0,idle,none
786.3337875126984,329,0,128,0,51,0,90,5,0,idle,none
786.8330581984794,545,0,128,0,51,0,90,5,0,idle,none
786.8439639347624,260,0,128,0,51,0,90,5,0,idle,none
786.863437383636,316,0,128,0,51,0,90,5,0,idle,none
786.9628445655884,329,0,128,0,51,0,90,5,0,idle,none
787.4619054310357,545,0,128,0,51,0,90,5,0,idle,none
