timestamp,can_id,b0,b1,b2,b3,b4,b5,b6,b7,state,attack_type
0.010609124575545248,260,0,128,98,51,0,66,5,0,idle,rpm
0.030746884590685496,316,0,128,98,51,0,66,5,0,idle,rpm
0.13141251893951564,329,0,128,98,51,0,66,5,0,idle,rpm
0.6317766996734641,545,0,128,98,51,0,66,5,0,idle,rpm
0.6415078735511062,260,0,128,98,51,0,66,5,0,idle,rpm
0.6605535302230192,316,0,128,12,51,0,66,5,0,idle,rpm
0.7602751909577046,329,0,128,12,51,0,66,5,0,idle,rpm
1.2603432347262165,545,0,128,12,51,0,66,5,0,idle,rpm
1.2708371102948877,260,0,128,246,51,0,89,5,0,idle,rpm
1.290726155713804,316,0,128,246,51,0,89,5,0,idle,rpm
1.3902633300041252,329,0,128,246,51,0,89,5,0,idle,rpm
1.8907043695730028,545,0,128,246,51,0,89,5,0,idle,rpm
1.9015585099574879,260,0,128,86,51,0,89,5,0,idle,rpm
1.9219508319941008,316,0,128,86,51,0,89,5,0,idle,rpm
2.0228470714487283,329,0,128,86,51,0,89,5,0,idle,rpm
2.5224945234332448,545,0,128,0,51,0,89,5,0,idle,rpm
2.5323543068732115,260,0,128,12,51,0,66,5,0,idle,rpm
2.5519641245996407,316,0,128,12,51,0,66,5,0,idle,rpm
2.652568782421964,329,0,128,12,51,0,66,5,0,idle,rpm
3.1520983193155714,545,0,128,12,51,0,66,5,0,idle,rpm
3.161411156442183,260,0,128,98,51,0,66,5,0,idle,rpm
3.1813974090637034,316,0,128,98,51,0,66,5,0,idle,rpm
3.281929032533324,329,0,128,98,51,0,66,5,0,idle,rpm
3.781958241067672,545,0,128,98,51,0,66,5,0,idle,rpm
3.79204219623131,260,0,128,86,51,0,89,5,0,idle,rpm
3.8123138687336544,316,0,128,0,51,0,89,5,0,idle,rpm
3.9124860515153133,329,0,128,0,51,0,89,5,0,idle,rpm
4.412584607499623,545,0,128,0,51,0,89,5,0,idle,rpm
4.423090785702052,260,0,128,0,51,0,89,5,0,idle,rpm
4.443670937405056,316,0,128,0,51,0,89,5,0,idle,rpm
4.5442235274602885,329,0,128,86,51,0,89,5,0,idle,rpm
5.045193865009931,545,0,128,86,51,0,89,5,0,idle,rpm
5.055294110503416,260,0,128,98,51,0,66,5,0,idle,rpm
5.075419911077662,316,0,128,98,51,0,66,5,0,idle,rpm
5.175191847594994,329,0,128,98,51,0,66,5,0,idle,rpm
5.675210586233796,545,0,128,12,51,0,66,5,0,idle,rpm
5.684255708813214,260,0,128,12,51,0,66,5,0,idle,rpm
5.704816047188702,316,0,128,12,51,0,66,5,0,idle,rpm
5.805608893342752,329,0,128,12,51,0,66,5,0,idle,rpm
6.306421896009006,545,0,128,12,51,0,66,5,0,idle,rpm
6.315857210434185,260,0,128,246,51,0,89,5,0,idle,rpm
6.335001245854332,316,0,128,246,51,0,89,5,0,idle,rpm
6.435407236454565,329,0,128,86,51,0,89,5,0,idle,rpm
6.9352584461098505,545,0,128,86,51,0,89,5,0,idle,rpm
6.944669541560439,260,0,128,86,51,0,89,5,0,idle,rpm
6.964412102743925,316,0,128,0,51,0,89,5,0,idle,rpm
7.064425228633809,329,0,128,0,51,0,89,5,0,idle,rpm
7.564710742592572,545,0,128,0,51,0,89,5,0,idle,rpm
7.575127849727988,260,0,128,12,51,0,66,5,0,idle,rpm
7.595858598113449,316,0,128,12,51,0,66,5,0,idle,rpm
7.696327956113674,329,0,128,98,51,0,66,5,0,idle,rpm
8.197021460369655,545,0,128,98,51,0,66,5,0,idle,rpm
8.206247992748242,260,0,128,98,51,0,66,5,0,idle,rpm
8.225885903570179,316,0,128,98,51,0,66,5,0,idle,rpm
8.326552731536285,329,0,128,98,51,0,66,5,0,idle,rpm
8.827177077294131,545,0,128,12,51,0,66,5,0,idle,rpm
8.837080179192705,260,0,128,0,51,0,89,5,0,idle,rpm
8.856763244486174,316,0,128,0,51,0,89,5,0,idle,rpm
8.956115578377549,329,0,128,0,51,0,89,5,0,idle,rpm
9.456292737610381,545,0,128,0,51,0,89,5,0,idle,rpm
9.466364942208854,260,0,128,86,51,0,89,5,0,idle,rpm
9.485683706635914,316,0,128,86,51,0,89,5,0,idle,rpm
9.585770503686126,329,0,128,86,51,0,89,5,0,idle,rpm
10.085268793028524,545,0,128,86,51,0,89,5,0,idle,rpm
10.095581614012698,260,0,128,98,51,0,66,5,0,idle,rpm
10.115074159279263,316,0,128,12,51,0,66,5,0,idle,rpm
10.215396548433416,329,0,128,12,51,0,66,5,0,idle,rpm
10.714604886625956,545,0,128,12,51,0,66,5,0,idle,rpm
10.724534811706528,260,0,128,12,51,0,66,5,0,idle,rpm
10.74512166049057,316,0,128,12,51,0,66,5,0,idle,rpm
10.844906458324711,329,0,128,98,51,0,66,5,0,idle,rpm
11.344640150094245,545,0,128,98,51,0,66,5,0,idle,rpm
11.354051566994578,260,0,128,86,51,0,89,5,0,idle,rpm
11.374670300410996,316,0,128,86,51,0,89,5,0,idle,rpm
11.474059160423804,329,0,128,86,51,0,89,5,0,idle,rpm
11.973953792034514,545,0,128,0,51,0,89,5,0,idle,rpm
11.986353484043414,260,0,128,0,51,0,89,5,0,idle,rpm
12.00706912392009,316,0,128,0,51,0,89,5,0,idle,rpm
12.106999683716571,329,0,128,0,51,0,89,5,0,idle,rpm
12.606682054775698,545,0,128,0,51,0,89,5,0,idle,rpm
12.617158931170964,260,0,128,98,51,0,66,5,0,idle,rpm
12.636517157646102,316,0,128,98,51,0,66,5,0,idle,rpm
12.73650586461236,329,0,128,98,51,0,66,5,0,idle,rpm
13.235724427390142,545,0,128,98,51,0,66,5,0,idle,rpm
13.245054325808294,260,0,128,98,51,0,66,5,0,idle,rpm
13.26434766133559,316,0,128,12,51,0,66,5,0,idle,rpm
13.364817756294537,329,0,128,12,51,0,66,5,0,idle,rpm
13.86524897054198,545,0,128,12,51,0,66,5,0,idle,rpm
13.874264613220143,260,0,128,246,51,0,89,5,0,idle,rpm
13.895243314396236,316,0,128,246,51,0,89,5,0,idle,rpm
13.995380039227365,329,0,128,246,51,0,89,5,0,idle,rpm
14.495022498435208,545,0,128,246,51,0,89,5,0,idle,rpm
14.504309115294467,260,0,128,86,51,0,89,5,0,idle,rpm
14.524588020438008,316,0,128,86,51,0,89,5,0,idle,rpm
14.624245942438185,329,0,128,86,51,0,89,5,0,idle,rpm
15.124683887831141,545,0,128,0,51,0,89,5,0,idle,rpm
15.135660685872084,260,0,128,12,51,0,66,5,0,idle,rpm
15.156558694146925,316,0,128,12,51,0,66,5,0,idle,rpm
15.255675245246008,329,0,128,12,51,0,66,5,0,idle,rpm
15.756067809282277,545,0,128,12,51,0,66,5,0,idle,rpm
15.766269028711617,260,0,128,98,51,0,66,5,0,idle,rpm
15.787228312667365,316,0,128,98,51,0,66,5,0,idle,rpm
15.887321987866269,329,0,128,98,51,0,66,5,0,idle,rpm
16.386953239472412,545,0,128,98,51,0,66,5,0,idle,rpm
16.396148290224524,260,0,128,86,51,0,89,5,0,idle,rpm
16.416967697016986,316,0,128,0,51,0,89,5,0,idle,rpm
16.51717781231472,329,0,128,0,51,0,89,5,0,idle,rpm
17.01686217277686,545,0,128,0,51,0,89,5,0,idle,rpm
17.026603270732416,260,0,128,0,51,0,89,5,0,idle,rpm
17.047109604489904,316,0,128,0,51,0,89,5,0,idle,rpm
17.14634336791971,329,0,128,86,51,0,89,5,0,idle,rpm
17.646647285571145,545,0,128,86,51,0,89,5,0,idle,rpm
17.65611381116928,260,0,128,98,51,0,66,5,0,idle,rpm
17.67691085400359,316,0,128,98,51,0,66,5,0,idle,rpm
17.776088833554727,329,0,128,98,51,0,66,5,0,idle,rpm
18.27617119593601,545,0,128,12,51,0,66,5,0,idle,rpm
18.28559441907132,260,0,128,12,51,0,66,5,0,idle,rpm
18.30627196090702,316,0,128,12,51,0,66,5,0,idle,rpm
18.40533831038778,329,0,128,12,51,0,66,5,0,idle,rpm
18.906162404713164,545,0,128,12,51,0,66,5,0,idle,rpm
18.916846965713354,260,0,128,246,51,0,89,5,0,idle,rpm
18.936474039132804,316,0,128,246,51,0,89,5,0,idle,rpm
19.03685513978146,329,0,128,86,51,0,89,5,0,idle,rpm
19.536264325771818,545,0,128,86,51,0,89,5,0,idle,rpm
19.54644706912343,260,0,128,86,51,0,89,5,0,idle,rpm
19.566795431021347,316,0,128,0,51,0,89,5,0,idle,rpm
19.66645060218657,329,0,128,0,51,0,89,5,0,idle,rpm
20.16582144119538,545,0,128,0,51,0,89,5,0,idle,rpm
20.175371527766604,260,0,128,12,51,0,66,5,0,idle,rpm
20.195516884234138,316,0,128,12,51,0,66,5,0,idle,rpm
20.29489045542188,329,0,128,98,51,0,66,5,0,idle,rpm
20.79535629847666,545,0,128,98,51,0,66,5,0,idle,rpm
20.80539649121874,260,0,128,98,51,0,66,5,0,idle,rpm
20.826092264725467,316,0,128,98,51,0,66,5,0,idle,rpm
20.925488205024944,329,0,128,98,51,0,66,5,0,idle,rpm
21.425059012532152,545,0,128,12,51,0,66,5,0,idle,rpm
21.43467943603504,260,0,128,0,51,0,89,5,0,idle,rpm
21.453883896167262,316,0,128,0,51,0,89,5,0,idle,rpm
21.5537245777601,329,0,128,0,51,0,89,5,0,idle,rpm
22.053312309128017,545,0,128,0,51,0,89,5,0,idle,rpm
22.062549585774427,260,0,128,86,51,0,89,5,0,idle,rpm
22.08162483232663,316,0,128,86,51,0,89,5,0,idle,rpm
22.182431145164085,329,0,128,86,51,0,89,5,0,idle,rpm
22.68166477894278,545,0,128,86,51,0,89,5,0,idle,rpm
22.692566915171298,260,0,128,98,51,0,66,5,0,idle,rpm
22.712890795793633,316,0,128,12,51,0,66,5,0,idle,rpm
22.812528126595808,329,0,128,12,51,0,66,5,0,idle,rpm
23.31213191652306,545,0,128,12,51,0,66,5,0,idle,rpm
23.322826792181765,260,0,128,12,51,0,66,5,0,idle,rpm
23.34292373585553,316,0,128,12,51,0,66,5,0,idle,rpm
23.442418906402512,329,0,128,98,51,0,66,5,0,idle,rpm
23.941838448692828,545,0,128,98,51,0,66,5,0,idle,rpm
23.951597747129004,260,0,128,86,51,0,89,5,0,idle,rpm
23.971636402995568,316,0,128,86,51,0,89,5,0,idle,rpm
24.071608868656575,329,0,128,86,51,0,89,5,0,idle,rpm
24.57092503468184,545,0,128,0,51,0,89,5,0,idle,rpm
24.580938917280687,260,0,128,0,51,0,89,5,0,idle,rpm
24.600870734991098,316,0,128,0,51,0,89,5,0,idle,rpm
24.700272862193888,329,0,128,0,51,0,89,5,0,idle,rpm
25.199971239636643,545,0,128,0,51,0,89,5,0,idle,rpm
25.21095152121271,260,0,128,98,51,0,66,5,0,idle,rpm
25.230292241019107,316,0,128,98,51,0,66,5,0,idle,rpm
25.329631056153282,329,0,128,98,51,0,66,5,0,idle,rpm
25.829717237584195,545,0,128,98,51,0,66,5,0,idle,rpm
25.83900632225027,260,0,128,98,51,0,66,5,0,idle,rpm
25.85849953343236,316,0,128,12,51,0,66,5,0,idle,rpm
25.958604266422846,329,0,128,12,51,0,66,5,0,idle,rpm
26.459651351524187,545,0,128,12,51,0,66,5,0,idle,rpm
26.469722452062303,260,0,128,246,51,0,89,5,0,idle,rpm
26.489416961697188,316,0,128,246,51,0,89,5,0,idle,rpm
26.58843455274459,329,0,128,246,51,0,89,5,0,idle,rpm
27.08783028044042,545,0,128,246,51,0,89,5,0,idle,rpm
27.09864671237521,260,0,128,86,51,0,89,5,0,idle,rpm
27.117655374162833,316,0,128,86,51,0,89,5,0,idle,rpm
27.217020902085427,329,0,128,86,51,0,89,5,0,idle,rpm
27.717573487895287,545,0,128,0,51,0,89,5,0,idle,rpm
27.72676683914854,260,0,128,12,51,0,66,5,0,idle,rpm
27.746509928181815,316,0,128,12,51,0,66,5,0,idle,rpm
27.84670401906684,329,0,128,12,51,0,66,5,0,idle,rpm
28.347544298432148,545,0,128,12,51,0,66,5,0,idle,rpm
28.357398421027597,260,0,128,98,51,0,66,5,0,idle,rpm
28.376540214009307,316,0,128,98,51,0,66,5,0,idle,rpm
28.47699333671286,329,0,128,98,51,0,66,5,0,idle,rpm
28.976933608157484,545,0,128,98,51,0,66,5,0,idle,rpm
28.985947608564427,260,0,128,86,51,0,89,5,0,idle,rpm
29.005563192357997,316,0,128,0,51,0,89,5,0,idle,rpm
29.10599559046457,329,0,128,0,51,0,89,5,0,idle,rpm
29.605786520340754,545,0,128,0,51,0,89,5,0,idle,rpm
29.61504206208998,260,0,128,0,51,0,89,5,0,idle,rpm
29.635472964583123,316,0,128,0,51,0,89,5,0,idle,rpm
29.734583024697237,329,0,128,86,51,0,89,5,0,idle,rpm
30.235020973509553,545,0,128,86,51,0,89,5,0,idle,rpm
30.244494010724814,260,0,128,98,51,0,66,5,0,idle,rpm
30.264504772705614,316,0,128,98,51,0,66,5,0,idle,rpm
30.365327298412087,329,0,128,98,51,0,66,5,0,idle,rpm
30.865472267428636,545,0,128,12,51,0,66,5,0,idle,rpm
30.874533659901786,260,0,128,12,51,0,66,5,0,idle,rpm
30.895189546276367,316,0,128,12,51,0,66,5,0,idle,rpm
30.996115028015595,329,0,128,12,51,0,66,5,0,idle,rpm
31.496990486016585,545,0,128,12,51,0,66,5,0,idle,rpm
31.506577322834026,260,0,128,246,51,0,89,5,0,idle,rpm
31.52743854030692,316,0,128,246,51,0,89,5,0,idle,rpm
31.627075586002082,329,0,128,86,51,0,89,5,0,idle,rpm
32.12634827274515,545,0,128,86,51,0,89,5,0,idle,rpm
32.13623671146568,260,0,128,86,51,0,89,5,0,idle,rpm
32.15705818411869,316,0,128,0,51,0,89,5,0,idle,rpm
32.2579719287553,329,0,128,0,51,0,89,5,0,idle,rpm
32.757273018367826,545,0,128,0,51,0,89,5,0,idle,rpm
32.768056737222956,260,0,128,12,51,0,66,5,0,idle,rpm
32.78868621438417,316,0,128,12,51,0,66,5,0,idle,rpm
32.88874424088696,329,0,128,98,51,0,66,5,0,idle,rpm
33.38774524573531,545,0,128,98,51,0,66,5,0,idle,rpm
33.39704516382042,260,0,128,98,51,0,66,5,0,idle,rpm
33.4171377323078,316,0,128,98,51,0,66,5,0,idle,rpm
33.51765213235937,329,0,128,98,51,0,66,5,0,idle,rpm
34.01677627477212,545,0,128,12,51,0,66,5,0,idle,rpm
34.02754747464474,260,0,128,0,51,0,89,5,0,idle,rpm
34.04834303546499,316,0,128,0,51,0,89,5,0,idle,rpm
34.14933433480073,329,0,128,0,51,0,89,5,0,idle,rpm
34.649249086410165,545,0,128,0,51,0,89,5,0,idle,rpm
34.65837503496631,260,0,128,86,51,0,89,5,0,idle,rpm
34.67870465843303,316,0,128,86,51,0,89,5,0,idle,rpm
34.7782788936002,329,0,128,86,51,0,89,5,0,idle,rpm
35.27923250810315,545,0,128,86,51,0,89,5,0,idle,rpm
35.28849522756655,260,0,128,98,51,0,66,5,0,idle,rpm
35.30933530858328,316,0,128,12,51,0,66,5,0,idle,rpm
35.40935757739909,329,0,128,12,51,0,66,5,0,idle,rpm
35.90839070925609,545,0,128,12,51,0,66,5,0,idle,rpm
35.918824946569146,260,0,128,12,51,0,66,5,0,idle,rpm
35.93878684527566,316,0,128,12,51,0,66,5,0,idle,rpm
36.03901169241121,329,0,128,98,51,0,66,5,0,idle,rpm
36.53941603538278,545,0,128,98,51,0,66,5,0,idle,rpm
36.54918887154379,260,0,128,86,51,0,89,5,0,idle,rpm
36.56942994335849,316,0,128,86,51,0,89,5,0,idle,rpm
36.66907572972364,329,0,128,86,51,0,89,5,0,idle,rpm
37.16928556598476,545,0,128,0,51,0,89,5,0,idle,rpm
37.179016859986994,260,0,128,0,51,0,89,5,0,idle,rpm
37.198429778878484,316,0,128,0,51,0,89,5,0,idle,rpm
37.2992025854889,329,0,128,0,51,0,89,5,0,idle,rpm
37.799381380384034,545,0,128,0,51,0,89,5,0,idle,rpm
37.80904831499191,260,0,128,98,51,0,66,5,0,idle,rpm
37.82975213620657,316,0,128,98,51,0,66,5,0,idle,rpm
37.92907127862165,329,0,128,98,51,0,66,5,0,idle,rpm
38.42975605651718,545,0,128,98,51,0,66,5,0,idle,rpm
38.44043243637848,260,0,128,98,51,0,66,5,0,idle,rpm
38.46091993266,316,0,128,12,51,0,66,5,0,idle,rpm
38.561317016665384,329,0,128,12,51,0,66,5,0,idle,rpm
39.06159200124233,545,0,128,12,51,0,66,5,0,idle,rpm
39.07176010595717,260,0,128,246,51,0,89,5,0,idle,rpm
39.09094109211657,316,0,128,246,51,0,89,5,0,idle,rpm
39.1900069121562,329,0,128,246,51,0,89,5,0,idle,rpm
39.69040133527321,545,0,128,246,51,0,89,5,0,idle,rpm
39.69952052487028,260,0,128,86,51,0,89,5,0,idle,rpm
39.71859363018077,316,0,128,86,51,0,89,5,0,idle,rpm
39.819040584810445,329,0,128,86,51,0,89,5,0,idle,rpm
40.31811626757332,545,0,128,0,51,0,89,5,0,idle,rpm
40.32782615589809,260,0,128,12,51,0,66,5,0,idle,rpm
40.34733906951683,316,0,128,12,51,0,66,5,0,idle,rpm
40.44640819700155,329,0,128,12,51,0,66,5,0,idle,rpm
40.94563934508954,545,0,128,12,51,0,66,5,0,idle,rpm
40.95465752376527,260,0,128,98,51,0,66,5,0,idle,rpm
40.97407962928406,316,0,128,98,51,0,66,5,0,idle,rpm
41.07445130831979,329,0,128,98,51,0,66,5,0,idle,rpm
41.574299595411766,545,0,128,98,51,0,66,5,0,idle,rpm
41.58497233756709,260,0,128,86,51,0,89,5,0,idle,rpm
41.60481885106181,316,0,128,0,51,0,89,5,0,idle,rpm
41.70509690640622,329,0,128,0,51,0,89,5,0,idle,rpm
42.20534213816829,545,0,128,0,51,0,89,5,0,idle,rpm
42.215842256842635,260,0,128,0,51,0,89,5,0,idle,rpm
42.2362866565226,316,0,128,0,51,0,89,5,0,idle,rpm
42.336431525102945,329,0,128,86,51,0,89,5,0,idle,rpm
42.83582941823983,545,0,128,86,51,0,89,5,0,idle,rpm
42.84616353777549,260,0,128,98,51,0,66,5,0,idle,rpm
42.865748944140435,316,0,128,98,51,0,66,5,0,idle,rpm
42.96561214159616,329,0,128,98,51,0,66,5,0,idle,rpm
43.465595597823835,545,0,128,12,51,0,66,5,0,idle,rpm
43.475330564228464,260,0,128,12,51,0,66,5,0,idle,rpm
43.49617197729744,316,0,128,12,51,0,66,5,0,idle,rpm
43.59528268970518,329,0,128,12,51,0,66,5,0,idle,rpm
44.09617324870047,545,0,128,12,51,0,66,5,0,idle,rpm
44.105195975798786,260,0,128,246,51,0,89,5,0,idle,rpm
44.1249025871034,316,0,128,246,51,0,89,5,0,idle,rpm
44.225234191865596,329,0,128,86,51,0,89,5,0,idle,rpm
44.72533012189791,545,0,128,86,51,0,89,5,0,idle,rpm
44.735298977864524,260,0,128,86,51,0,89,5,0,idle,rpm
44.754392081940736,316,0,128,0,51,0,89,5,0,idle,rpm
44.85505616158206,329,0,128,0,51,0,89,5,0,idle,rpm
45.35522545040824,545,0,128,0,51,0,89,5,0,idle,rpm
45.36466098885498,260,0,128,12,51,0,66,5,0,idle,rpm
45.38558622110379,316,0,128,12,51,0,66,5,0,idle,rpm
45.486219765145286,329,0,128,98,51,0,66,5,0,idle,rpm
45.985759723049156,545,0,128,98,51,0,66,5,0,idle,rpm
45.99498953076327,260,0,128,98,51,0,66,5,0,idle,rpm
46.01532440152646,316,0,128,98,51,0,66,5,0,idle,rpm
46.11512734911181,329,0,128,98,51,0,66,5,0,idle,rpm
46.615670061189434,545,0,128,12,51,0,66,5,0,idle,rpm
46.626041889492924,260,0,128,0,51,0,89,5,0,idle,rpm
46.64582376450344,316,0,128,0,51,0,89,5,0,idle,rpm
46.74527541110339,329,0,128,0,51,0,89,5,0,idle,rpm
47.24441153202737,545,0,128,0,51,0,89,5,0,idle,rpm
47.254291185347476,260,0,128,86,51,0,89,5,0,idle,rpm
47.274585751413206,316,0,128,86,51,0,89,5,0,idle,rpm
47.374029668332504,329,0,128,86,51,0,89,5,0,idle,rpm
47.8734267087347,545,0,128,86,51,0,89,5,0,idle,rpm
47.88332046772681,260,0,128,98,51,0,66,5,0,idle,rpm
47.90315785318265,316,0,128,12,51,0,66,5,0,idle,rpm
48.0027006532649,329,0,128,12,51,0,66,5,0,idle,rpm
48.501958595197706,545,0,128,12,51,0,66,5,0,idle,rpm
48.511591049095074,260,0,128,12,51,0,66,5,0,idle,rpm
48.53060242224785,316,0,128,12,51,0,66,5,0,idle,rpm
48.63077637617274,329,0,128,98,51,0,66,5,0,idle,rpm
49.130121014522125,545,0,128,98,51,0,66,5,0,idle,rpm
49.139414958649226,260,0,128,86,51,0,89,5,0,idle,rpm
49.16041288831492,316,0,128,86,51,0,89,5,0,idle,rpm
49.260119897739095,329,0,128,86,51,0,89,5,0,idle,rpm
49.760907393945175,545,0,128,0,51,0,89,5,0,idle,rpm
49.77007126989836,260,0,128,0,51,0,89,5,0,idle,rpm
49.789302143582724,316,0,128,0,51,0,89,5,0,idle,rpm
49.88922930371141,329,0,128,0,51,0,89,5,0,idle,rpm
50.38929606987631,545,0,128,0,51,0,89,5,0,idle,rpm
50.399993169883274,260,0,128,98,51,0,66,5,0,idle,rpm
50.41899558441825,316,0,128,98,51,0,66,5,0,idle,rpm
50.51987746671088,329,0,128,98,51,0,66,5,0,idle,rpm
51.02071586518728,545,0,128,98,51,0,66,5,0,idle,rpm
51.03089513692833,260,0,128,98,51,0,66,5,0,idle,rpm
51.05155767970536,316,0,128,12,51,0,66,5,0,idle,rpm
51.15146527497651,329,0,128,12,51,0,66,5,0,idle,rpm
51.652211031408285,545,0,128,12,51,0,66,5,0,idle,rpm
51.66151740030631,260,0,128,246,51,0,89,5,0,idle,rpm
51.681578195983874,316,0,128,246,51,0,89,5,0,idle,rpm
51.7815506068614,329,0,128,246,51,0,89,5,0,idle,rpm
52.28174791220251,545,0,128,246,51,0,89,5,0,idle,rpm
52.2908417447499,260,0,128,86,51,0,89,5,0,idle,rpm
52.310654309946585,316,0,128,86,51,0,89,5,0,idle,rpm
52.41061043880142,329,0,128,86,51,0,89,5,0,idle,rpm
52.91057929491606,545,0,128,0,51,0,89,5,0,idle,rpm
52.919659907715626,260,0,128,12,51,0,66,5,0,idle,rpm
52.93994118971108,316,0,128,12,51,0,66,5,0,idle,rpm
53.04031731732236,329,0,128,12,51,0,66,5,0,idle,rpm
53.54067982810154,545,0,128,12,51,0,66,5,0,idle,rpm
53.54993900405983,260,0,128,98,51,0,66,5,0,idle,rpm
53.56923394014897,316,0,128,98,51,0,66,5,0,idle,rpm
53.668881663025665,329,0,128,98,51,0,66,5,0,idle,rpm
54.16788883086766,545,0,128,98,51,0,66,5,0,idle,rpm
54.17819654887592,260,0,128,86,51,0,89,5,0,idle,rpm
54.19732354781542,316,0,128,0,51,0,89,5,0,idle,rpm
54.296706569920694,329,0,128,0,51,0,89,5,0,idle,rpm
54.79637476039857,545,0,128,0,51,0,89,5,0,idle,rpm
54.806481994357284,260,0,128,0,51,0,89,5,0,idle,rpm
54.82722875424237,316,0,128,0,51,0,89,5,0,idle,rpm
54.927774235333075,329,0,128,86,51,0,89,5,0,idle,rpm
55.42808525575212,545,0,128,86,51,0,89,5,0,idle,rpm
55.43830319834578,260,0,128,98,51,0,66,5,0,idle,rpm
55.4577580887488,316,0,128,98,51,0,66,5,0,idle,rpm
55.558751156267235,329,0,128,98,51,0,66,5,0,idle,rpm
56.05872612658799,545,0,128,12,51,0,66,5,0,idle,rpm
56.06804153263181,260,0,128,12,51,0,66,5,0,idle,rpm
56.08708430780458,316,0,128,12,51,0,66,5,0,idle,rpm
56.18738125820052,329,0,128,12,51,0,66,5,0,idle,rpm
56.687026882093065,545,0,128,12,51,0,66,5,0,idle,rpm
56.697448047864,260,0,128,246,51,0,89,5,0,idle,rpm
56.71717426640071,316,0,128,246,51,0,89,5,0,idle,rpm
56.81747662995675,329,0,128,86,51,0,89,5,0,idle,rpm
57.31727735980606,545,0,128,86,51,0,89,5,0,idle,rpm
57.32780854546852,260,0,128,86,51,0,89,5,0,idle,rpm
57.34809401339143,316,0,128,0,51,0,89,5,0,idle,rpm
57.44827795222651,329,0,128,0,51,0,89,5,0,idle,rpm
57.948158584808155,545,0,128,0,51,0,89,5,0,idle,rpm
57.957685251716036,260,0,128,12,51,0,66,5,0,idle,rpm
57.977190081166256,316,0,128,12,51,0,66,5,0,idle,rpm
58.07679631535473,329,0,128,98,51,0,66,5,0,idle,rpm
58.57618075593294,545,0,128,98,51,0,66,5,0,idle,rpm
58.5868849087023,260,0,128,98,51,0,66,5,0,idle,rpm
58.60737136496757,316,0,128,98,51,0,66,5,0,idle,rpm
58.70792345729283,329,0,128,98,51,0,66,5,0,idle,rpm
59.207235584126714,545,0,128,12,51,0,66,5,0,idle,rpm
59.2174754474943,260,0,128,0,51,0,89,5,0,idle,rpm
59.238264708115864,316,0,128,0,51,0,89,5,0,idle,rpm
59.33792729620475,329,0,128,0,51,0,89,5,0,idle,rpm
59.83819437309386,545,0,128,0,51,0,89,5,0,idle,rpm
59.8474242515393,260,0,128,86,51,0,89,5,0,idle,rpm
59.86824675119138,316,0,128,86,51,0,89,5,0,idle,rpm
59.967820444862824,329,0,128,86,51,0,89,5,0,idle,rpm
60.46723279051152,545,0,128,86,51,0,89,5,0,idle,rpm
60.478190813601486,260,0,128,98,51,0,66,5,0,idle,rpm
60.497989103658526,316,0,128,12,51,0,66,5,0,idle,rpm
60.59876395218172,329,0,128,12,51,0,66,5,0,idle,rpm
61.09832582157211,545,0,128,12,51,0,66,5,0,idle,rpm
61.109166711240846,260,0,128,12,51,0,66,5,0,idle,rpm
61.12986720358899,316,0,128,12,51,0,66,5,0,idle,rpm
61.229402003743274,329,0,128,98,51,0,66,5,0,idle,rpm
61.72878859638655,545,0,128,98,51,0,66,5,0,idle,rpm
61.73951311448753,260,0,128,86,51,0,89,5,0,idle,rpm
61.75975490904924,316,0,128,86,51,0,89,5,0,idle,rpm
61.85886093885576,329,0,128,86,51,0,89,5,0,idle,rpm
62.35963908515495,545,0,128,0,51,0,89,5,0,idle,rpm
62.36868524178114,260,0,128,0,51,0,89,5,0,idle,rpm
62.387891655307875,316,0,128,0,51,0,89,5,0,idle,rpm
62.48872523995628,329,0,128,0,51,0,89,5,0,idle,rpm
62.98846258921323,545,0,128,0,51,0,89,5,0,idle,rpm
62.998195524335834,260,0,128,98,51,0,66,5,0,idle,rpm
63.01738545504455,316,0,128,98,51,0,66,5,0,idle,rpm
63.11770867005185,329,0,128,98,51,0,66,5,0,idle,rpm
63.61850983762486,545,0,128,98,51,0,66,5,0,idle,rpm
63.62866944847438,260,0,128,98,51,0,66,5,0,idle,rpm
63.64816824539788,316,0,128,12,51,0,66,5,0,idle,rpm
63.74773554744985,329,0,128,12,51,0,66,5,0,idle,rpm
64.24778313533601,545,0,128,12,51,0,66,5,0,idle,rpm
64.25766173513387,260,0,128,246,51,0,89,5,0,idle,rpm
64.2785286592949,316,0,128,246,51,0,89,5,0,idle,rpm
64.37842432122426,329,0,128,246,51,0,89,5,0,idle,rpm
64.87791452193751,545,0,128,246,51,0,89,5,0,idle,rpm
64.88852884092088,260,0,128,86,51,0,89,5,0,idle,rpm
64.90864043900885,316,0,128,86,51,0,89,5,0,idle,rpm
65.00921214759107,329,0,128,86,51,0,89,5,0,idle,rpm
65.50995731002727,545,0,128,0,51,0,89,5,0,idle,rpm
65.5189980351222,260,0,128,12,51,0,66,5,0,idle,rpm
65.53940000759455,316,0,128,12,51,0,66,5,0,idle,rpm
65.63915312297091,329,0,128,12,51,0,66,5,0,idle,rpm
66.13825821635645,545,0,128,12,51,0,66,5,0,idle,rpm
66.15036508092065,260,0,128,98,51,0,66,5,0,idle,rpm
66.17076573683673,316,0,128,98,51,0,66,5,0,idle,rpm
66.2714292842417,329,0,128,98,51,0,66,5,0,idle,rpm
66.77179062310981,545,0,128,98,51,0,66,5,0,idle,rpm
66.78253457098342,260,0,128,86,51,0,89,5,0,idle,rpm
66.80234910968417,316,0,128,0,51,0,89,5,0,idle,rpm
66.9031554906056,329,0,128,0,51,0,89,5,0,idle,rpm
67.40335847071842,545,0,128,0,51,0,89,5,0,idle,rpm
67.41377192102385,260,0,128,0,51,0,89,5,0,idle,rpm
67.43443800983742,316,0,128,0,51,0,89,5,0,idle,rpm
67.5335705145465,329,0,128,86,51,0,89,5,0,idle,rpm
68.03390023046131,545,0,128,86,51,0,89,5,0,idle,rpm
68.04306074614459,260,0,128,98,51,0,66,5,0,idle,rpm
68.06284860159244,316,0,128,98,51,0,66,5,0,idle,rpm
68.1620167539002,329,0,128,98,51,0,66,5,0,idle,rpm
68.66187523417827,545,0,128,12,51,0,66,5,0,idle,rpm
68.67106531084052,260,0,128,12,51,0,66,5,0,idle,rpm
68.6906579542211,316,0,128,12,51,0,66,5,0,idle,rpm
68.79088821546476,329,0,128,12,51,0,66,5,0,idle,rpm
69.29097181467196,545,0,128,12,51,0,66,5,0,idle,rpm
69.30178944869323,260,0,128,246,51,0,89,5,0,idle,rpm
69.32094489714608,316,0,128,246,51,0,89,5,0,idle,rpm
69.4202233478949,329,0,128,86,51,0,89,5,0,idle,rpm
69.92021219833228,545,0,128,86,51,0,89,5,0,idle,rpm
69.92979963846422,260,0,128,86,51,0,89,5,0,idle,rpm
69.94981902675255,316,0,128,0,51,0,89,5,0,idle,rpm
70.04996543496391,329,0,128,0,51,0,89,5,0,idle,rpm
70.54974145985241,545,0,128,0,51,0,89,5,0,idle,rpm
70.55927205777304,260,0,128,12,51,0,66,5,0,idle,rpm
70.57971014646569,316,0,128,12,51,0,66,5,0,idle,rpm
70.67947898243523,329,0,128,98,51,0,66,5,0,idle,rpm
71.17881544590514,545,0,128,98,51,0,66,5,0,idle,rpm
71.18941077586885,260,0,128,98,51,0,66,5,0,idle,rpm
71.20917281582958,316,0,128,98,51,0,66,5,0,idle,rpm
71.3083397904409,329,0,128,98,51,0,66,5,0,idle,rpm
71.80735141755049,545,0,128,12,51,0,66,5,0,idle,rpm
71.81682166733991,260,0,128,0,51,0,89,5,0,idle,rpm
71.83597540873167,316,0,128,0,51,0,89,5,0,idle,rpm
71.93506222161966,329,0,128,0,51,0,89,5,0,idle,rpm
72.43431080044851,545,0,128,0,51,0,89,5,0,idle,rpm
72.44528548720429,260,0,128,86,51,0,89,5,0,idle,rpm
72.46489714709814,316,0,128,86,51,0,89,5,0,idle,rpm
72.5645908986775,329,0,128,86,51,0,89,5,0,idle,rpm
73.0644484364342,545,0,128,86,51,0,89,5,0,idle,rpm
73.07110227436795,260,0,128,98,51,0,66,5,0,idle,rpm
73.09174539128803,316,0,128,12,51,0,66,5,0,idle,rpm
73.19187341988882,329,0,128,12,51,0,66,5,0,idle,rpm
73.69160193358061,545,0,128,12,51,0,66,5,0,idle,rpm
73.70190877829492,260,0,128,12,51,0,66,5,0,idle,rpm
73.72126989229903,316,0,128,12,51,0,66,5,0,idle,rpm
73.82182900224784,329,0,128,98,51,0,66,5,0,idle,rpm
74.32201145015229,545,0,128,98,51,0,66,5,0,idle,rpm
74.33293231885129,260,0,128,86,51,0,89,5,0,idle,rpm
74.35328229026601,316,0,128,86,51,0,89,5,0,idle,rpm
74.4532116704997,329,0,128,86,51,0,89,5,0,idle,rpm
74.95291376246456,545,0,128,0,51,0,89,5,0,idle,rpm
74.96385441529482,260,0,128,0,51,0,89,5,0,idle,rpm
74.98333517784934,316,0,128,0,51,0,89,5,0,idle,rpm
75.08337324002312,329,0,128,0,51,0,89,5,0,idle,rpm
75.58418564483596,545,0,128,0,51,0,89,5,0,idle,rpm
75.59464133037002,260,0,128,98,51,0,66,5,0,idle,rpm
75.61541482061878,316,0,128,98,51,0,66,5,0,idle,rpm
75.7154866766984,329,0,128,98,51,0,66,5,0,idle,rpm
76.21615782730352,545,0,128,98,51,0,66,5,0,idle,rpm
76.2256571634595,260,0,128,98,51,0,66,5,0,idle,rpm
76.2452796212702,316,0,128,12,51,0,66,5,0,idle,rpm
76.34505475626574,329,0,128,12,51,0,66,5,0,idle,rpm
76.8450478831106,545,0,128,12,51,0,66,5,0,idle,rpm
76.85436633591668,260,0,128,246,51,0,89,5,0,idle,rpm
76.87411132304256,316,0,128,246,51,0,89,5,0,idle,rpm
76.97474589325634,329,0,128,246,51,0,89,5,0,idle,rpm
77.47472946893237,545,0,128,246,51,0,89,5,0,idle,rpm
77.48648761637425,260,0,128,86,51,0,89,5,0,idle,rpm
77.5055044239924,316,0,128,86,51,0,89,5,0,idle,rpm
77.60491884038737,329,0,128,86,51,0,89,5,0,idle,rpm
78.10481699167755,545,0,128,0,51,0,89,5,0,idle,rpm
78.11437487748282,260,0,128,12,51,0,66,5,0,idle,rpm
78.13431151798794,316,0,128,12,51,0,66,5,0,idle,rpm
78.23515788984288,329,0,128,12,51,0,66,5,0,idle,rpm
78.73467647638063,545,0,128,12,51,0,66,5,0,idle,rpm
78.74384198806955,260,0,128,98,51,0,66,5,0,idle,rpm
78.76423615767258,316,0,128,98,51,0,66,5,0,idle,rpm
78.86461650225236,329,0,128,98,51,0,66,5,0,idle,rpm
79.36428868923177,545,0,128,98,51,0,66,5,0,idle,rpm
79.37495263283323,260,0,128,86,51,0,89,5,0,idle,rpm
79.39506177515842,316,0,128,0,51,0,89,5,0,idle,rpm
79.49417755656603,329,0,128,0,51,0,89,5,0,idle,rpm
79.99402820346722,545,0,128,0,51,0,89,5,0,idle,rpm
80.00441145081714,260,0,128,0,51,0,89,5,0,idle,rpm
80.02353814249953,316,0,128,0,51,0,89,5,0,idle,rpm
80.12375757638817,329,0,128,86,51,0,89,5,0,idle,rpm
80.62436158399831,545,0,128,86,51,0,89,5,0,idle,rpm
80.63425349835425,260,0,128,98,51,0,66,5,0,idle,rpm
80.65503812968868,316,0,128,98,51,0,66,5,0,idle,rpm
80.754499648482,329,0,128,98,51,0,66,5,0,idle,rpm
81.25544274060515,545,0,128,12,51,0,66,5,0,idle,rpm
81.26455203427135,260,0,128,12,51,0,66,5,0,idle,rpm
81.28464603105921,316,0,128,12,51,0,66,5,0,idle,rpm
81.38427300393819,329,0,128,12,51,0,66,5,0,idle,rpm
81.88336977038425,545,0,128,12,51,0,66,5,0,idle,rpm
81.89353709915984,260,0,128,246,51,0,89,5,0,idle,rpm
81.9142463484194,316,0,128,246,51,0,89,5,0,idle,rpm
82.01363399392713,329,0,128,86,51,0,89,5,0,idle,rpm
82.51265254986846,545,0,128,86,51,0,89,5,0,idle,rpm
82.52290219115567,260,0,128,86,51,0,89,5,0,idle,rpm
82.54306709697921,316,0,128,0,51,0,89,5,0,idle,rpm
82.64236414231364,329,0,128,0,51,0,89,5,0,idle,rpm
83.14171819881783,545,0,128,0,51,0,89,5,0,idle,rpm
83.15115597880772,260,0,128,12,51,0,66,5,0,idle,rpm
83.17065802823826,316,0,128,12,51,0,66,5,0,idle,rpm
83.27020520650423,329,0,128,98,51,0,66,5,0,idle,rpm
83.77018736597252,545,0,128,98,51,0,66,5,0,idle,rpm
83.77961398557468,260,0,128,98,51,0,66,5,0,idle,rpm
83.80032628986726,316,0,128,98,51,0,66,5,0,idle,rpm
83.89981769582023,329,0,128,98,51,0,66,5,0,idle,rpm
84.39989867429811,545,0,128,12,51,0,66,5,0,idle,rpm
84.40929845709347,260,0,128,0,51,0,89,5,0,idle,rpm
84.42913821621966,316,0,128,0,51,0,89,5,0,idle,rpm
84.5298283153708,329,0,128,0,51,0,89,5,0,idle,rpm
85.02992005160476,545,0,128,0,51,0,89,5,0,idle,rpm
85.03959556759159,260,0,128,86,51,0,89,5,0,idle,rpm
85.05867397406443,316,0,128,86,51,0,89,5,0,idle,rpm
85.15914501044375,329,0,128,86,51,0,89,5,0,idle,rpm
85.65958249808584,545,0,128,86,51,0,89,5,0,idle,rpm
85.6702970787811,260,0,128,98,51,0,66,5,0,idle,rpm
85.69005080017529,316,0,128,12,51,0,66,5,0,idle,rpm
85.79062016697877,329,0,128,12,51,0,66,5,0,idle,rpm
86.29040876552517,545,0,128,12,51,0,66,5,0,idle,rpm
86.3006784562776,260,0,128,12,51,0,66,5,0,idle,rpm
86.32159785586765,316,0,128,12,51,0,66,5,0,idle,rpm
86.42082162571833,329,0,128,98,51,0,66,5,0,idle,rpm
86.92088918801802,545,0,128,98,51,0,66,5,0,idle,rpm
86.93128831877911,260,0,128,86,51,0,89,5,0,idle,rpm
86.95153154969397,316,0,128,86,51,0,89,5,0,idle,rpm
87.05058325100272,329,0,128,86,51,0,89,5,0,idle,rpm
87.5510067018284,545,0,128,0,51,0,89,5,0,idle,rpm
87.5610705678787,260,0,128,0,51,0,89,5,0,idle,rpm
87.5814193739938,316,0,128,0,51,0,89,5,0,idle,rpm
87.68156435069479,329,0,128,0,51,0,89,5,0,idle,rpm
88.18235629554452,545,0,128,0,51,0,89,5,0,idle,rpm
88.19296218857569,260,0,128,98,51,0,66,5,0,idle,rpm
88.21325216456033,316,0,128,98,51,0,66,5,0,idle,rpm
88.31420473767234,329,0,128,98,51,0,66,5,0,idle,rpm
88.81457723786464,545,0,128,98,51,0,66,5,0,idle,rpm
88.82389823518024,260,0,128,98,51,0,66,5,0,idle,rpm
88.84417695246991,316,0,128,12,51,0,66,5,0,idle,rpm
88.94337046335247,329,0,128,12,51,0,66,5,0,idle,rpm
89.44419828252646,545,0,128,12,51,0,66,5,0,idle,rpm
89.45506883103083,260,0,128,246,51,0,89,5,0,idle,rpm
89.4753668875894,316,0,128,246,51,0,89,5,0,idle,rpm
89.57564120959901,329,0,128,246,51,0,89,5,0,idle,rpm
90.07661331229608,545,0,128,246,51,0,89,5,0,idle,rpm
90.086539286215,260,0,128,86,51,0,89,5,0,idle,rpm
90.10632295972565,316,0,128,86,51,0,89,5,0,idle,rpm
90.20623766119917,329,0,128,86,51,0,89,5,0,idle,rpm
90.70666174424522,545,0,128,0,51,0,89,5,0,idle,rpm
90.7159270801114,260,0,128,12,51,0,66,5,0,idle,rpm
90.73578450834009,316,0,128,12,51,0,66,5,0,idle,rpm
90.83665597200947,329,0,128,12,51,0,66,5,0,idle,rpm
91.33581411782215,545,0,128,12,51,0,66,5,0,idle,rpm
91.34678771437912,260,0,128,98,51,0,66,5,0,idle,rpm
91.3672265171173,316,0,128,98,51,0,66,5,0,idle,rpm
91.46630382980865,329,0,128,98,51,0,66,5,0,idle,rpm
91.96610132843465,545,0,128,98,51,0,66,5,0,idle,rpm
91.97518914294265,260,0,128,86,51,0,89,5,0,idle,rpm
91.99564407357096,316,0,128,0,51,0,89,5,0,idle,rpm
92.09647455208668,329,0,128,0,51,0,89,5,0,idle,rpm
92.59729088300274,545,0,128,0,51,0,89,5,0,idle,rpm
92.60753200653944,260,0,128,0,51,0,89,5,0,idle,rpm
92.62694642875528,316,0,128,0,51,0,89,5,0,idle,rpm
92.72703759885917,329,0,128,86,51,0,89,5,0,idle,rpm
93.22632917165183,545,0,128,86,51,0,89,5,0,idle,rpm
93.23594324945921,260,0,128,98,51,0,66,5,0,idle,rpm
93.25535771801637,316,0,128,98,51,0,66,5,0,idle,rpm
93.35539853932075,329,0,128,98,51,0,66,5,0,idle,rpm
93.85597054992958,545,0,128,12,51,0,66,5,0,idle,rpm
93.8656989450107,260,0,128,12,51,0,66,5,0,idle,rpm
93.88564547448628,316,0,128,12,51,0,66,5,0,idle,rpm
93.9862950009489,329,0,128,12,51,0,66,5,0,idle,rpm
94.48599081050321,545,0,128,12,51,0,66,5,0,idle,rpm
94.4958799610635,260,0,128,246,51,0,89,5,0,idle,rpm
94.51687358797848,316,0,128,246,51,0,89,5,0,idle,rpm
94.61779758577157,329,0,128,86,51,0,89,5,0,idle,rpm
95.11634215488601,545,0,128,86,51,0,89,5,0,idle,rpm
95.12725982393027,260,0,128,86,51,0,89,5,0,idle,rpm
95.14766498663059,316,0,128,0,51,0,89,5,0,idle,rpm
95.24680334462322,329,0,128,0,51,0,89,5,0,idle,rpm
95.74650254163461,545,0,128,0,51,0,89,5,0,idle,rpm
95.7569458167817,260,0,128,12,51,0,66,5,0,idle,rpm
95.77644462342545,316,0,128,12,51,0,66,5,0,idle,rpm
95.8762819304229,329,0,128,98,51,0,66,5,0,idle,rpm
96.37601713841643,545,0,128,98,51,0,66,5,0,idle,rpm
96.38578152290312,260,0,128,98,51,0,66,5,0,idle,rpm
96.4051295068461,316,0,128,98,51,0,66,5,0,idle,rpm
96.50468678590445,329,0,128,98,51,0,66,5,0,idle,rpm
97.00566452550581,545,0,128,12,51,0,66,5,0,idle,rpm
97.01651449979705,260,0,128,0,51,0,89,5,0,idle,rpm
97.03607984231675,316,0,128,0,51,0,89,5,0,idle,rpm
97.13675669738723,329,0,128,0,51,0,89,5,0,idle,rpm
97.63686213879859,545,0,128,0,51,0,89,5,0,idle,rpm
97.64781128925154,260,0,128,86,51,0,89,5,0,idle,rpm
97.66862769188941,316,0,128,86,51,0,89,5,0,idle,rpm
97.76763509377778,329,0,128,86,51,0,89,5,0,idle,rpm
98.26734295944401,545,0,128,86,51,0,89,5,0,idle,rpm
98.27757341314525,260,0,128,98,51,0,66,5,0,idle,rpm
98.29788014267316,316,0,128,12,51,0,66,5,0,idle,rpm
98.39729564288207,329,0,128,12,51,0,66,5,0,idle,rpm
98.89797774735662,545,0,128,12,51,0,66,5,0,idle,rpm
98.90749898654899,260,0,128,12,51,0,66,5,0,idle,rpm
98.92836958555822,316,0,128,12,51,0,66,5,0,idle,rpm
99.02897578111993,329,0,128,98,51,0,66,5,0,idle,rpm
99.52876905492252,545,0,128,98,51,0,66,5,0,idle,rpm
99.53779915211697,260,0,128,86,51,0,89,5,0,idle,rpm
99.55734090650395,316,0,128,86,51,0,89,5,0,idle,rpm
99.6575288225934,329,0,128,86,51,0,89,5,0,idle,rpm
100.1573713825769,545,0,128,0,51,0,89,5,0,idle,rpm
100.1667648170139,260,0,128,0,51,0,89,5,0,idle,rpm
100.18596849088752,316,0,128,0,51,0,89,5,0,idle,rpm
100.28557458763156,329,0,128,0,51,0,89,5,0,idle,rpm
100.78608891422168,545,0,128,0,51,0,89,5,0,idle,rpm
100.79608943051404,260,0,128,98,51,0,66,5,0,idle,rpm
100.81589152502455,316,0,128,98,51,0,66,5,0,idle,rpm
100.91559008930264,329,0,128,98,51,0,66,5,0,idle,rpm
101.41478352398116,545,0,128,98,51,0,66,5,0,idle,rpm
101.42464175433524,260,0,128,98,51,0,66,5,0,idle,rpm
101.44399611563121,316,0,128,12,51,0,66,5,0,idle,rpm
101.54414825371022,329,0,128,12,51,0,66,5,0,idle,rpm
102.04467396960011,545,0,128,12,51,0,66,5,0,idle,rpm
102.0555655552462,260,0,128,246,51,0,89,5,0,idle,rpm
102.07578859456314,316,0,128,246,51,0,89,5,0,idle,rpm
102.1761200243408,329,0,128,246,51,0,89,5,0,idle,rpm
102.67601653166352,545,0,128,246,51,0,89,5,0,idle,rpm
102.68598450713317,260,0,128,86,51,0,89,5,0,idle,rpm
102.7050692368511,316,0,128,86,51,0,89,5,0,idle,rpm
102.80445264553805,329,0,128,86,51,0,89,5,0,idle,rpm
103.30374424432068,545,0,128,0,51,0,89,5,0,idle,rpm
103.31276241833409,260,0,128,12,51,0,66,5,0,idle,rpm
103.33280492739182,316,0,128,12,51,0,66,5,0,idle,rpm
103.43322969271972,329,0,128,12,51,0,66,5,0,idle,rpm
103.9331336950483,545,0,128,12,51,0,66,5,0,idle,rpm
103.94246914439736,260,0,128,98,51,0,66,5,0,idle,rpm
103.96329183425158,316,0,128,98,51,0,66,5,0,idle,rpm
104.06400108321633,329,0,128,98,51,0,66,5,0,idle,rpm
104.56350596181659,545,0,128,98,51,0,66,5,0,idle,rpm
104.57299895256693,260,0,128,86,51,0,89,5,0,idle,rpm
104.59302229387161,316,0,128,0,51,0,89,5,0,idle,rpm
104.69307395624529,329,0,128,0,51,0,89,5,0,idle,rpm
105.19332538325656,545,0,128,0,51,0,89,5,0,idle,rpm
105.20310492638285,260,0,128,0,51,0,89,5,0,idle,rpm
105.22398585094528,316,0,128,0,51,0,89,5,0,idle,rpm
105.32382172162454,329,0,128,86,51,0,89,5,0,idle,rpm
105.82312755104026,545,0,128,86,51,0,89,5,0,idle,rpm
105.83390398145282,260,0,128,98,51,0,66,5,0,idle,rpm
105.85296341579009,316,0,128,98,51,0,66,5,0,idle,rpm
105.95347472546676,329,0,128,98,51,0,66,5,0,idle,rpm
106.45342418865886,545,0,128,12,51,0,66,5,0,idle,rpm
106.46271702798646,260,0,128,12,51,0,66,5,0,idle,rpm
106.48339963545143,316,0,128,12,51,0,66,5,0,idle,rpm
106.58297746550654,329,0,128,12,51,0,66,5,0,idle,rpm
107.08201561681145,545,0,128,12,51,0,66,5,0,idle,rpm
107.09291998595573,260,0,128,246,51,0,89,5,0,idle,rpm
107.11338781760479,316,0,128,246,51,0,89,5,0,idle,rpm
107.21320511120908,329,0,128,86,51,0,89,5,0,idle,rpm
107.71371153753192,545,0,128,86,51,0,89,5,0,idle,rpm
107.72458689084023,260,0,128,86,51,0,89,5,0,idle,rpm
107.74511673175469,316,0,128,0,51,0,89,5,0,idle,rpm
107.84514792737546,329,0,128,0,51,0,89,5,0,idle,rpm
108.34537185400801,545,0,128,0,51,0,89,5,0,idle,rpm
108.35550303078732,260,0,128,12,51,0,66,5,0,idle,rpm
108.37590410137325,316,0,128,12,51,0,66,5,0,idle,rpm
108.47535071997504,329,0,128,98,51,0,66,5,0,idle,rpm
108.97487904517223,545,0,128,98,51,0,66,5,0,idle,rpm
108.98411392426662,260,0,128,98,51,0,66,5,0,idle,rpm
109.00352307147419,316,0,128,98,51,0,66,5,0,idle,rpm
109.10336231451724,329,0,128,98,51,0,66,5,0,idle,rpm
109.60350777552038,545,0,128,12,51,0,66,5,0,idle,rpm
109.61305423550216,260,0,128,0,51,0,89,5,0,idle,rpm
109.63378683543024,316,0,128,0,51,0,89,5,0,idle,rpm
109.73429584114551,329,0,128,0,51,0,89,5,0,idle,rpm
110.23354300430842,545,0,128,0,51,0,89,5,0,idle,rpm
110.24436880649922,260,0,128,86,51,0,89,5,0,idle,rpm
110.26413129323075,316,0,128,86,51,0,89,5,0,idle,rpm
110.36402022214054,329,0,128,86,51,0,89,5,0,idle,rpm
110.86352948419146,545,0,128,86,51,0,89,5,0,idle,rpm
110.87386272500522,260,0,128,98,51,0,66,5,0,idle,rpm
110.89292881107592,316,0,128,12,51,0,66,5,0,idle,rpm
110.99246018304385,329,0,128,12,51,0,66,5,0,idle,rpm
111.49255564571347,545,0,128,12,51,0,66,5,0,idle,rpm
111.50326431110585,260,0,128,12,51,0,66,5,0,idle,rpm
111.5240834274211,316,0,128,12,51,0,66,5,0,idle,rpm
111.62474676068857,329,0,128,98,51,0,66,5,0,idle,rpm
112.12486791838819,545,0,128,98,51,0,66,5,0,idle,rpm
112.13541866708506,260,0,128,86,51,0,89,5,0,idle,rpm
112.15544938817548,316,0,128,86,51,0,89,5,0,idle,rpm
112.2550686600953,329,0,128,86,51,0,89,5,0,idle,rpm
112.75546354328846,545,0,128,0,51,0,89,5,0,idle,rpm
112.7641652139911,260,0,128,0,51,0,89,5,0,idle,rpm
112.78411024062177,316,0,128,0,51,0,89,5,0,idle,rpm
112.88383568869324,329,0,128,0,51,0,89,5,0,idle,rpm
113.38469507269457,545,0,128,0,51,0,89,5,0,idle,rpm
113.39551593281828,260,0,128,98,51,0,66,5,0,idle,rpm
113.41634466474689,316,0,128,98,51,0,66,5,0,idle,rpm
113.51590495569697,329,0,128,98,51,0,66,5,0,idle,rpm
114.01565804038466,545,0,128,98,51,0,66,5,0,idle,rpm
114.02587297979325,260,0,128,98,51,0,66,5,0,idle,rpm
114.04517191474186,316,0,128,12,51,0,66,5,0,idle,rpm
114.14430705239974,329,0,128,12,51,0,66,5,0,idle,rpm
114.64379460162836,545,0,128,12,51,0,66,5,0,idle,rpm
114.65294518328764,260,0,128,246,51,0,89,5,0,idle,rpm
114.67235782689305,316,0,128,246,51,0,89,5,0,idle,rpm
114.7718593059269,329,0,128,246,51,0,89,5,0,idle,rpm
115.27251255478649,545,0,128,246,51,0,89,5,0,idle,rpm
115.28171464553431,260,0,128,86,51,0,89,5,0,idle,rpm
115.3009176763185,316,0,128,86,51,0,89,5,0,idle,rpm
115.40140473686523,329,0,128,86,51,0,89,5,0,idle,rpm
115.90152096006871,545,0,128,0,51,0,89,5,0,idle,rpm
115.91081611054162,260,0,128,12,51,0,66,5,0,idle,rpm
115.92989901275826,316,0,128,12,51,0,66,5,0,idle,rpm
116.0300800997443,329,0,128,12,51,0,66,5,0,idle,rpm
116.53044384312845,545,0,128,12,51,0,66,5,0,idle,rpm
116.5406273045739,260,0,128,98,51,0,66,5,0,idle,rpm
116.56064534990426,316,0,128,98,51,0,66,5,0,idle,rpm
116.6608427391495,329,0,128,98,51,0,66,5,0,idle,rpm
117.1614309803005,545,0,128,98,51,0,66,5,0,idle,rpm
117.17226593582252,260,0,128,86,51,0,89,5,0,idle,rpm
117.19233454229874,316,0,128,0,51,0,89,5,0,idle,rpm
117.29170227837989,329,0,128,0,51,0,89,5,0,idle,rpm
117.79256917001882,545,0,128,0,51,0,89,5,0,idle,rpm
117.80203958834868,260,0,128,0,51,0,89,5,0,idle,rpm
117.82133761451567,316,0,128,0,51,0,89,5,0,idle,rpm
117.92179020655318,329,0,128,86,51,0,89,5,0,idle,rpm
118.4215391752544,545,0,128,86,51,0,89,5,0,idle,rpm
118.43244331925807,260,0,128,98,51,0,66,5,0,idle,rpm
118.45288004381403,316,0,128,98,51,0,66,5,0,idle,rpm
118.55231044523784,329,0,128,98,51,0,66,5,0,idle,rpm
119.05151660194808,545,0,128,12,51,0,66,5,0,idle,rpm
119.06156062093547,260,0,128,12,51,0,66,5,0,idle,rpm
119.08240294744307,316,0,128,12,51,0,66,5,0,idle,rpm
119.18284354840915,329,0,128,12,51,0,66,5,0,idle,rpm
119.68311211832315,545,0,128,12,51,0,66,5,0,idle,rpm
119.69347355682098,260,0,128,246,51,0,89,5,0,idle,rpm
119.71284237659614,316,0,128,246,51,0,89,5,0,idle,rpm
119.81282215096022,329,0,128,86,51,0,89,5,0,idle,rpm
120.31272407313682,545,0,128,86,51,0,89,5,0,idle,rpm
120.32243641247337,260,0,128,86,51,0,89,5,0,idle,rpm
120.34314683212548,316,0,128,0,51,0,89,5,0,idle,rpm
120.44248978667291,329,0,128,0,51,0,89,5,0,idle,rpm
120.94298375403334,545,0,128,0,51,0,89,5,0,idle,rpm
120.95271733445287,260,0,128,12,51,0,66,5,0,idle,rpm
120.97282296008457,316,0,128,12,51,0,66,5,0,idle,rpm
121.07349945324864,329,0,128,98,51,0,66,5,0,idle,rpm
121.57409046799654,545,0,128,98,51,0,66,5,0,idle,rpm
121.58477804375865,260,0,128,98,51,0,66,5,0,idle,rpm
121.60471472531721,316,0,128,98,51,0,66,5,0,idle,rpm
121.70393231881924,329,0,128,98,51,0,66,5,0,idle,rpm
122.20419426732867,545,0,128,12,51,0,66,5,0,idle,rpm
122.21422525471543,260,0,128,0,51,0,89,5,0,idle,rpm
122.23515916010619,316,0,128,0,51,0,89,5,0,idle,rpm
122.33599496919663,329,0,128,0,51,0,89,5,0,idle,rpm
122.83677562145127,545,0,128,0,51,0,89,5,0,idle,rpm
122.84642042498076,260,0,128,86,51,0,89,5,0,idle,rpm
122.86610593629068,316,0,128,86,51,0,89,5,0,idle,rpm
122.96666101083173,329,0,128,86,51,0,89,5,0,idle,rpm
123.46949990940695,545,0,128,86,51,0,89,5,0,idle,rpm
123.47986691549602,260,0,128,98,51,0,66,5,0,idle,rpm
123.49921613054175,316,0,128,12,51,0,66,5,0,idle,rpm
123.59967897131837,329,0,128,12,51,0,66,5,0,idle,rpm
124.09919025953276,545,0,128,12,51,0,66,5,0,idle,rpm
124.10917543591043,260,0,128,12,51,0,66,5,0,idle,rpm
124.12996124972155,316,0,128,12,51,0,66,5,0,idle,rpm
124.2297430534765,329,0,128,98,51,0,66,5,0,idle,rpm
124.72963286689217,545,0,128,98,51,0,66,5,0,idle,rpm
124.73881924871908,260,0,128,86,51,0,89,5,0,idle,rpm
124.75870675322524,316,0,128,86,51,0,89,5,0,idle,rpm
124.85810218055379,329,0,128,86,51,0,89,5,0,idle,rpm
125.3588512611819,545,0,128,0,51,0,89,5,0,idle,rpm
125.36970725318966,260,0,128,0,51,0,89,5,0,idle,rpm
125.38951024253736,316,0,128,0,51,0,89,5,0,idle,rpm
125.48963484339465,329,0,128,0,51,0,89,5,0,idle,rpm
125.99015312955203,545,0,128,0,51,0,89,5,0,idle,rpm
125.99938112095217,260,0,128,98,51,0,66,5,0,parking,rpm
126.01902622793843,316,0,128,98,51,0,66,5,0,parking,rpm
126.1182072253856,329,0,128,98,51,0,66,5,0,parking,rpm
126.61818403295811,545,0,128,98,51,0,66,5,0,parking,rpm
126.6279737327765,260,0,128,98,51,0,66,5,0,parking,rpm
126.64885635298562,316,0,128,12,51,0,66,5,0,parking,rpm
126.74879275691035,329,0,128,12,51,0,66,5,0,parking,rpm
127.24880624863576,545,0,128,12,51,0,66,5,0,parking,rpm
127.25813585212985,260,0,128,246,51,0,89,5,0,parking,rpm
127.27841808152446,316,0,128,246,51,0,89,5,0,parking,rpm
127.3778094052365,329,0,128,246,51,0,89,5,0,parking,rpm
127.87769614122993,545,0,128,246,51,0,89,5,0,parking,rpm
127.88756656421889,260,0,128,86,51,0,89,5,0,parking,rpm
127.90795110067884,316,0,128,86,51,0,89,5,0,parking,rpm
128.0084247830632,329,0,128,86,51,0,89,5,0,parking,rpm
128.50826110162606,545,0,128,0,51,0,89,5,0,parking,rpm
128.51814057859713,260,0,128,12,51,0,66,5,0,parking,rpm
128.5383288035431,316,0,128,12,51,0,66,5,0,parking,rpm
128.63929379054227,329,0,128,12,51,0,66,5,0,parking,rpm
129.14011228975633,545,0,128,12,51,0,66,5,0,parking,rpm
129.1507875781189,260,0,128,98,51,0,66,5,0,parking,rpm
129.17154077048744,316,0,128,98,51,0,66,5,0,parking,rpm
129.2709618372168,329,0,128,98,51,0,66,5,0,parking,rpm
129.77146494577846,545,0,128,98,51,0,66,5,0,parking,rpm
129.78079125179605,260,0,128,86,51,0,89,5,0,parking,rpm
129.8000696399965,316,0,128,0,51,0,89,5,0,parking,rpm
129.9008137135972,329,0,128,0,51,0,89,5,0,parking,rpm
130.40164852878482,545,0,128,0,51,0,89,5,0,parking,rpm
130.41102285407663,260,0,128,0,51,0,89,5,0,parking,rpm
130.4302119001963,316,0,128,0,51,0,89,5,0,parking,rpm
130.53079964405325,329,0,128,86,51,0,89,5,0,parking,rpm
131.03102269160655,545,0,128,86,51,0,89,5,0,parking,rpm
131.04028881193094,260,0,128,98,51,0,66,5,0,parking,rpm
131.05954490851784,316,0,128,98,51,0,66,5,0,parking,rpm
131.15964808875117,329,0,128,98,51,0,66,5,0,parking,rpm
131.6600566441684,545,0,128,12,51,0,66,5,0,parking,rpm
131.6701692326459,260,0,128,12,51,0,66,5,0,parking,rpm
131.68997504172756,316,0,128,12,51,0,66,5,0,parking,rpm
131.78977804656682,329,0,128,12,51,0,66,5,0,parking,rpm
132.29064676467416,545,0,128,12,51,0,66,5,0,parking,rpm
132.3007325699492,260,0,128,246,51,0,89,5,0,parking,rpm
132.32100875370756,316,0,128,246,51,0,89,5,0,parking,rpm
132.42017449856854,329,0,128,86,51,0,89,5,0,parking,rpm
132.92082419683436,545,0,128,86,51,0,89,5,0,parking,rpm
132.9314457140077,260,0,128,86,51,0,89,5,0,parking,rpm
132.95185157176468,316,0,128,0,51,0,89,5,0,parking,rpm
133.05180492363934,329,0,128,0,51,0,89,5,0,parking,rpm
133.5526966838059,545,0,128,0,51,0,89,5,0,parking,rpm
133.56225293136904,260,0,128,12,51,0,66,5,0,parking,rpm
133.58024580302452,316,0,128,12,51,0,66,5,0,parking,rpm
133.68072467032206,329,0,128,98,51,0,66,5,0,parking,rpm
134.18099996456823,545,0,128,98,51,0,66,5,0,parking,rpm
134.19021402324455,260,0,128,98,51,0,66,5,0,parking,rpm
134.21038165165658,316,0,128,98,51,0,66,5,0,parking,rpm
134.31288439745504,329,0,128,98,51,0,66,5,0,parking,rpm
134.81331226953625,545,0,128,12,51,0,66,5,0,parking,rpm
134.82331672055133,260,0,128,0,51,0,89,5,0,parking,rpm
134.84299574706438,316,0,128,0,51,0,89,5,0,parking,rpm
134.9423806113013,329,0,128,0,51,0,89,5,0,parking,rpm
135.4420043754533,545,0,128,0,51,0,89,5,0,parking,rpm
135.45274505861906,260,0,128,86,51,0,89,5,0,parking,rpm
135.47208738696247,316,0,128,86,51,0,89,5,0,parking,rpm
135.572981660972,329,0,128,86,51,0,89,5,0,parking,rpm
136.0720942039362,545,0,128,86,51,0,89,5,0,parking,rpm
136.08172207809392,260,0,128,98,51,0,66,5,0,parking,rpm
136.10209867913218,316,0,128,12,51,0,66,5,0,parking,rpm
136.20224977370935,329,0,128,12,51,0,66,5,0,parking,rpm
136.70261543518373,545,0,128,12,51,0,66,5,0,parking,rpm
136.71260067921241,260,0,128,12,51,0,66,5,0,parking,rpm
136.73354547421286,316,0,128,12,51,0,66,5,0,parking,rpm
136.83346225329333,329,0,128,98,51,0,66,5,0,parking,rpm
137.33334518628186,545,0,128,98,51,0,66,5,0,parking,rpm
137.34337570839122,260,0,128,86,51,0,89,5,0,parking,rpm
137.36239571031487,316,0,128,86,51,0,89,5,0,parking,rpm
137.4620749973332,329,0,128,86,51,0,89,5,0,parking,rpm
137.96288833407291,545,0,128,0,51,0,89,5,0,parking,rpm
137.97274406311098,260,0,128,0,51,0,89,5,0,parking,rpm
137.9926381560546,316,0,128,0,51,0,89,5,0,parking,rpm
138.0928135589096,329,0,128,0,51,0,89,5,0,parking,rpm
138.59280966582165,545,0,128,0,51,0,89,5,0,parking,rpm
138.60309808679236,260,0,128,98,51,0,66,5,0,parking,rpm
138.62344733234934,316,0,128,98,51,0,66,5,0,parking,rpm
138.72415664908092,329,0,128,98,51,0,66,5,0,parking,rpm
139.22505999945048,545,0,128,98,51,0,66,5,0,parking,rpm
139.23570433345844,260,0,128,98,51,0,66,5,0,parking,rpm
139.25583368581513,316,0,128,12,51,0,66,5,0,parking,rpm
139.3556980210336,329,0,128,12,51,0,66,5,0,parking,rpm
139.85515210514782,545,0,128,12,51,0,66,5,0,parking,rpm
139.864863314516,260,0,128,246,51,0,89,5,0,parking,rpm
139.88551829522692,316,0,128,246,51,0,89,5,0,parking,rpm
139.98530961751248,329,0,128,246,51,0,89,5,0,parking,rpm
140.48566437518747,545,0,128,246,51,0,89,5,0,parking,rpm
140.49648012994584,260,0,128,86,51,0,89,5,0,parking,rpm
140.51642680748765,316,0,128,86,51,0,89,5,0,parking,rpm
140.61607825100052,329,0,128,86,51,0,89,5,0,parking,rpm
141.11593591313343,545,0,128,0,51,0,89,5,0,parking,rpm
141.12622119814387,260,0,128,12,51,0,66,5,0,parking,rpm
141.14523868724083,316,0,128,12,51,0,66,5,0,parking,rpm
141.24527907044353,329,0,128,12,51,0,66,5,0,parking,rpm
141.74551438665102,545,0,128,12,51,0,66,5,0,parking,rpm
141.75551503269773,260,0,128,98,51,0,66,5,0,parking,rpm
141.77492005078778,316,0,128,98,51,0,66,5,0,parking,rpm
141.87509587328634,329,0,128,98,51,0,66,5,0,parking,rpm
142.37594119128997,545,0,128,98,51,0,66,5,0,parking,rpm
142.3858519957471,260,0,128,86,51,0,89,5,0,parking,rpm
142.4056962499891,316,0,128,0,51,0,89,5,0,parking,rpm
142.50528165855735,329,0,128,0,51,0,89,5,0,parking,rpm
143.0049811395469,545,0,128,0,51,0,89,5,0,parking,rpm
143.014416685589,260,0,128,0,51,0,89,5,0,parking,rpm
143.03373851735708,316,0,128,0,51,0,89,5,0,parking,rpm
143.13285286908283,329,0,128,86,51,0,89,5,0,parking,rpm
143.632327729636,545,0,128,86,51,0,89,5,0,parking,rpm
143.6426003956955,260,0,128,98,51,0,66,5,0,parking,rpm
143.6642319749272,316,0,128,98,51,0,66,5,0,parking,rpm
143.7646774877259,329,0,128,98,51,0,66,5,0,parking,rpm
144.26559695327376,545,0,128,12,51,0,66,5,0,parking,rpm
144.27494039061276,260,0,128,12,51,0,66,5,0,parking,rpm
144.29556446257712,316,0,128,12,51,0,66,5,0,parking,rpm
144.39534051999098,329,0,128,12,51,0,66,5,0,parking,rpm
144.89512811401707,545,0,128,12,51,0,66,5,0,parking,rpm
144.90570139650464,260,0,128,246,51,0,89,5,0,parking,rpm
144.9249897468544,316,0,128,246,51,0,89,5,0,parking,rpm
145.0249833794704,329,0,128,86,51,0,89,5,0,parking,rpm
145.52585834634783,545,0,128,86,51,0,89,5,0,parking,rpm
145.53586523379903,260,0,128,86,51,0,89,5,0,parking,rpm
145.55523363049795,316,0,128,0,51,0,89,5,0,parking,rpm
145.6555106276113,329,0,128,0,51,0,89,5,0,parking,rpm
146.15580955259563,545,0,128,0,51,0,89,5,0,parking,rpm
146.16575934949554,260,0,128,12,51,0,66,5,0,parking,rpm
146.18668637215012,316,0,128,12,51,0,66,5,0,parking,rpm
146.28706992726703,329,0,128,98,51,0,66,5,0,parking,rpm
146.7876947348094,545,0,128,98,51,0,66,5,0,parking,rpm
146.79724391863692,260,0,128,98,51,0,66,5,0,parking,rpm
146.81778738603703,316,0,128,98,51,0,66,5,0,parking,rpm
146.91731759097905,329,0,128,98,51,0,66,5,0,parking,rpm
147.41744796634651,545,0,128,12,51,0,66,5,0,parking,rpm
147.42654305241612,260,0,128,0,51,0,89,5,0,parking,rpm
147.447054977601,316,0,128,0,51,0,89,5,0,parking,rpm
147.5478788223748,329,0,128,0,51,0,89,5,0,parking,rpm
148.04806140959008,545,0,128,0,51,0,89,5,0,parking,rpm
148.0569424813249,260,0,128,86,51,0,89,5,0,parking,rpm
148.07649817582916,316,0,128,86,51,0,89,5,0,parking,rpm
148.1757148775998,329,0,128,86,51,0,89,5,0,parking,rpm
148.67626493688735,545,0,128,86,51,0,89,5,0,parking,rpm
148.6867345496913,260,0,128,98,51,0,66,5,0,parking,rpm
148.70660739304603,316,0,128,12,51,0,66,5,0,parking,rpm
148.8071043980191,329,0,128,12,51,0,66,5,0,parking,rpm
149.30726746492576,545,0,128,12,51,0,66,5,0,parking,rpm
149.31820285101423,260,0,128,12,51,0,66,5,0,parking,rpm
149.3375716939956,316,0,128,12,51,0,66,5,0,parking,rpm
149.43675474814606,329,0,128,98,51,0,66,5,0,parking,rpm
149.9370084996997,545,0,128,98,51,0,66,5,0,parking,rpm
149.9479594667996,260,0,128,86,51,0,89,5,0,parking,rpm
149.9669719533105,316,0,128,86,51,0,89,5,0,parking,rpm
150.06721287417187,329,0,128,86,51,0,89,5,0,parking,rpm
150.56774141861942,545,0,128,0,51,0,89,5,0,parking,rpm
150.57688080450617,260,0,128,0,51,0,89,5,0,parking,rpm
150.59729422201067,316,0,128,0,51,0,89,5,0,parking,rpm
150.69690855463207,329,0,128,0,51,0,89,5,0,parking,rpm
151.19675190698857,545,0,128,0,51,0,89,5,0,parking,rpm
151.20753331103575,260,0,128,98,51,0,66,5,0,parking,rpm
151.22829553429236,316,0,128,98,51,0,66,5,0,parking,rpm
151.32784454080956,329,0,128,98,51,0,66,5,0,parking,rpm
151.82742551375668,545,0,128,98,51,0,66,5,0,parking,rpm
151.83870147542606,260,0,128,98,51,0,66,5,0,parking,rpm
151.85787620174398,316,0,128,12,51,0,66,5,0,parking,rpm
151.95838695667157,329,0,128,12,51,0,66,5,0,parking,rpm
152.45796637304136,545,0,128,12,51,0,66,5,0,parking,rpm
152.46702088443283,260,0,128,246,51,0,89,5,0,parking,rpm
152.48658256658328,316,0,128,246,51,0,89,5,0,parking,rpm
152.5856968871691,329,0,128,246,51,0,89,5,0,parking,rpm
153.0862513764303,545,0,128,246,51,0,89,5,0,parking,rpm
153.09537692152034,260,0,128,86,51,0,89,5,0,parking,rpm
153.11509002100703,316,0,128,86,51,0,89,5,0,parking,rpm
153.2145731510813,329,0,128,86,51,0,89,5,0,parking,rpm
153.71512268301933,545,0,128,0,51,0,89,5,0,parking,rpm
153.72432226264118,260,0,128,12,51,0,66,5,0,parking,rpm
153.74411867837628,316,0,128,12,51,0,66,5,0,parking,rpm
153.8449209101319,329,0,128,12,51,0,66,5,0,parking,rpm
154.3447702534721,545,0,128,12,51,0,66,5,0,parking,rpm
154.35413909697263,260,0,128,98,51,0,66,5,0,parking,rpm
154.37349688818404,316,0,128,98,51,0,66,5,0,parking,rpm
154.47265264559204,329,0,128,98,51,0,66,5,0,parking,rpm
154.971974082702,545,0,128,98,51,0,66,5,0,parking,rpm
154.98131375821336,260,0,128,86,51,0,89,5,0,parking,rpm
155.00173690831662,316,0,128,0,51,0,89,5,0,parking,rpm
155.10144731663226,329,0,128,0,51,0,89,5,0,parking,rpm
155.60048119310432,545,0,128,0,51,0,89,5,0,parking,rpm
155.6099565184236,260,0,128,0,51,0,89,5,0,parking,rpm
155.62897999396023,316,0,128,0,51,0,89,5,0,parking,rpm
155.7283625195904,329,0,128,86,51,0,89,5,0,parking,rpm
156.22799728848491,545,0,128,86,51,0,89,5,0,parking,rpm
156.2373718453342,260,0,128,98,51,0,66,5,0,parking,rpm
156.2578906148746,316,0,128,98,51,0,66,5,0,parking,rpm
156.3597661976512,329,0,128,98,51,0,66,5,0,parking,rpm
156.86006325071514,545,0,128,12,51,0,66,5,0,parking,rpm
156.87001790912237,260,0,128,12,51,0,66,5,0,parking,rpm
156.8893579833366,316,0,128,12,51,0,66,5,0,parking,rpm
156.98955715149953,329,0,128,12,51,0,66,5,0,parking,rpm
157.48963287872616,545,0,128,12,51,0,66,5,0,parking,rpm
157.50031881890175,260,0,128,246,51,0,89,5,0,parking,rpm
157.52127698268578,316,0,128,246,51,0,89,5,0,parking,rpm
157.62053157148927,329,0,128,86,51,0,89,5,0,parking,rpm
158.12045360078113,545,0,128,86,51,0,89,5,0,parking,rpm
158.1311334669129,260,0,128,86,51,0,89,5,0,parking,rpm
158.1507578903628,316,0,128,0,51,0,89,5,0,parking,rpm
158.2505720296267,329,0,128,0,51,0,89,5,0,parking,rpm
158.75030616552476,545,0,128,0,51,0,89,5,0,parking,rpm
158.76129703556813,260,0,128,12,51,0,66,5,0,parking,rpm
158.78148174254324,316,0,128,12,51,0,66,5,0,parking,rpm
158.8809703994273,329,0,128,98,51,0,66,5,0,parking,rpm
159.3815190959521,545,0,128,98,51,0,66,5,0,parking,rpm
159.39236111388772,260,0,128,98,51,0,66,5,0,parking,rpm
159.4119368489998,316,0,128,98,51,0,66,5,0,parking,rpm
159.51167312010764,329,0,128,98,51,0,66,5,0,parking,rpm
160.01069653974739,545,0,128,12,51,0,66,5,0,parking,rpm
160.02092392167287,260,0,128,0,51,0,89,5,0,parking,rpm
160.04023451694448,316,0,128,0,51,0,89,5,0,parking,rpm
160.14093362237762,329,0,128,0,51,0,89,5,0,parking,rpm
160.64049998594837,545,0,128,0,51,0,89,5,0,parking,rpm
160.65135421359128,260,0,128,86,51,0,89,5,0,parking,rpm
160.67164317896078,316,0,128,86,51,0,89,5,0,parking,rpm
160.7717449124046,329,0,128,86,51,0,89,5,0,parking,rpm
161.27118914270076,545,0,128,86,51,0,89,5,0,parking,rpm
161.28206527785795,260,0,128,98,51,0,66,5,0,parking,rpm
161.30278494675642,316,0,128,12,51,0,66,5,0,parking,rpm
161.40318601675293,329,0,128,12,51,0,66,5,0,parking,rpm
161.9037730517832,545,0,128,12,51,0,66,5,0,parking,rpm
161.91446138317477,260,0,128,12,51,0,66,5,0,parking,rpm
161.9351694413381,316,0,128,12,51,0,66,5,0,parking,rpm
162.03576070483348,329,0,128,98,51,0,66,5,0,parking,rpm
162.53564505696463,545,0,128,98,51,0,66,5,0,parking,rpm
162.544895191778,260,0,128,86,51,0,89,5,0,parking,rpm
162.5643874156162,316,0,128,86,51,0,89,5,0,parking,rpm
162.66482845791907,329,0,128,86,51,0,89,5,0,parking,rpm
163.16548093028732,545,0,128,0,51,0,89,5,0,parking,rpm
163.1748633053274,260,0,128,0,51,0,89,5,0,parking,rpm
163.19392671774878,316,0,128,0,51,0,89,5,0,parking,rpm
163.29378547051783,329,0,128,0,51,0,89,5,0,parking,rpm
163.79399715344297,545,0,128,0,51,0,89,5,0,parking,rpm
163.80363046796657,260,0,128,98,51,0,66,5,0,parking,rpm
163.8231215935959,316,0,128,98,51,0,66,5,0,parking,rpm
163.92300845110793,329,0,128,98,51,0,66,5,0,parking,rpm
164.42238590873745,545,0,128,98,51,0,66,5,0,parking,rpm
164.4319606862245,260,0,128,98,51,0,66,5,0,parking,rpm
164.45110375486908,316,0,128,12,51,0,66,5,0,parking,rpm
164.55155693095554,329,0,128,12,51,0,66,5,0,parking,rpm
165.05146283350732,545,0,128,12,51,0,66,5,0,parking,rpm
165.06189423801234,260,0,128,246,51,0,89,5,0,parking,rpm
165.08108458142388,316,0,128,246,51,0,89,5,0,parking,rpm
165.1803773867873,329,0,128,246,51,0,89,5,0,parking,rpm
165.6800304519326,545,0,128,246,51,0,89,5,0,parking,rpm
165.68968185930987,260,0,128,86,51,0,89,5,0,parking,rpm
165.71033917045636,316,0,128,86,51,0,89,5,0,parking,rpm
165.81000457423826,329,0,128,86,51,0,89,5,0,parking,rpm
166.31030541476386,545,0,128,0,51,0,89,5,0,parking,rpm
166.3202502567834,260,0,128,12,51,0,66,5,0,parking,rpm
166.33988312314054,316,0,128,12,51,0,66,5,0,parking,rpm
166.44034775189508,329,0,128,12,51,0,66,5,0,parking,rpm
166.94046225879856,545,0,128,12,51,0,66,5,0,parking,rpm
166.95075749049857,260,0,128,98,51,0,66,5,0,parking,rpm
166.9704114247639,316,0,128,98,51,0,66,5,0,parking,rpm
167.0708844951588,329,0,128,98,51,0,66,5,0,parking,rpm
167.57120958395535,545,0,128,98,51,0,66,5,0,parking,rpm
167.5807142793872,260,0,128,86,51,0,89,5,0,parking,rpm
167.59977476843125,316,0,128,0,51,0,89,5,0,parking,rpm
167.69971174351494,329,0,128,0,51,0,89,5,0,parking,rpm
168.19989624124216,545,0,128,0,51,0,89,5,0,parking,rpm
168.20963661312743,260,0,128,0,51,0,89,5,0,parking,rpm
168.2304308719014,316,0,128,0,51,0,89,5,0,parking,rpm
168.33128530637165,329,0,128,86,51,0,89,5,0,parking,rpm
168.83190189303937,545,0,128,86,51,0,89,5,0,parking,rpm
168.84192165559713,260,0,128,98,51,0,66,5,0,parking,rpm
168.86256571493928,316,0,128,98,51,0,66,5,0,parking,rpm
168.9634437359354,329,0,128,98,51,0,66,5,0,parking,rpm
169.46337644790694,545,0,128,12,51,0,66,5,0,parking,rpm
169.47249500354158,260,0,128,12,51,0,66,5,0,parking,rpm
169.49160525985445,316,0,128,12,51,0,66,5,0,parking,rpm
169.59242118574767,329,0,128,12,51,0,66,5,0,parking,rpm
170.09304741291936,545,0,128,12,51,0,66,5,0,parking,rpm
170.10265054247023,260,0,128,246,51,0,89,5,0,parking,rpm
170.12283793276356,316,0,128,246,51,0,89,5,0,parking,rpm
170.2229933682715,329,0,128,86,51,0,89,5,0,parking,rpm
170.7228912800377,545,0,128,86,51,0,89,5,0,parking,rpm
170.7322581965169,260,0,128,86,51,0,89,5,0,parking,rpm
170.7518444614896,316,0,128,0,51,0,89,5,0,parking,rpm
170.85278483986113,329,0,128,0,51,0,89,5,0,parking,rpm
171.35342918881707,545,0,128,0,51,0,89,5,0,parking,rpm
171.36339758536909,260,0,128,12,51,0,66,5,0,parking,rpm
171.38313109523625,316,0,128,12,51,0,66,5,0,parking,rpm
171.48355602412738,329,0,128,98,51,0,66,5,0,parking,rpm
171.98274177547836,545,0,128,98,51,0,66,5,0,parking,rpm
171.9937323888443,260,0,128,98,51,0,66,5,0,parking,rpm
172.01379178145294,316,0,128,98,51,0,66,5,0,parking,rpm
172.11206127501063,329,0,128,98,51,0,66,5,0,parking,rpm
172.61140900179242,545,0,128,12,51,0,66,5,0,parking,rpm
172.6220582587205,260,0,128,0,51,0,89,5,0,parking,rpm
172.64149474931327,316,0,128,0,51,0,89,5,0,parking,rpm
172.7417711459397,329,0,128,0,51,0,89,5,0,parking,rpm
173.24195072416543,545,0,128,0,51,0,89,5,0,parking,rpm
173.25219726637636,260,0,128,86,51,0,89,5,0,parking,rpm
173.27312558468026,316,0,128,86,51,0,89,5,0,parking,rpm
173.3737837588373,329,0,128,86,51,0,89,5,0,parking,rpm
173.87450979197405,545,0,128,86,51,0,89,5,0,parking,rpm
173.8842190338281,260,0,128,98,51,0,66,5,0,parking,rpm
173.90714324388347,316,0,128,12,51,0,66,5,0,parking,rpm
174.0063203985793,329,0,128,12,51,0,66,5,0,parking,rpm
174.50651732925627,545,0,128,12,51,0,66,5,0,parking,rpm
174.51647753638008,260,0,128,12,51,0,66,5,0,parking,rpm
174.5373662056611,316,0,128,12,51,0,66,5,0,parking,rpm
174.6378314088868,329,0,128,98,51,0,66,5,0,parking,rpm
175.13870200316893,545,0,128,98,51,0,66,5,0,parking,rpm
175.14946373366865,260,0,128,86,51,0,89,5,0,parking,rpm
175.16947116548673,316,0,128,86,51,0,89,5,0,parking,rpm
175.2692489787168,329,0,128,86,51,0,89,5,0,parking,rpm
175.76829600504152,545,0,128,0,51,0,89,5,0,parking,rpm
175.77782667059438,260,0,128,0,51,0,89,5,0,parking,rpm
175.79721111826422,316,0,128,0,51,0,89,5,0,parking,rpm
175.8969939012717,329,0,128,0,51,0,89,5,0,parking,rpm
176.39773705346295,545,0,128,0,51,0,89,5,0,parking,rpm
176.4073124220812,260,0,128,98,51,0,66,5,0,parking,rpm
176.42672047585685,316,0,128,98,51,0,66,5,0,parking,rpm
176.52655209386265,329,0,128,98,51,0,66,5,0,parking,rpm
177.02571253799815,545,0,128,98,51,0,66,5,0,parking,rpm
177.03515534503458,260,0,128,98,51,0,66,5,0,parking,rpm
177.05510058657006,316,0,128,12,51,0,66,5,0,parking,rpm
177.15546537730032,329,0,128,12,51,0,66,5,0,parking,rpm
177.6546227194353,545,0,128,12,51,0,66,5,0,parking,rpm
177.66503142168318,260,0,128,246,51,0,89,5,0,parking,rpm
177.68448055505797,316,0,128,246,51,0,89,5,0,parking,rpm
177.78491541062235,329,0,128,246,51,0,89,5,0,parking,rpm
178.28552080965144,545,0,128,246,51,0,89,5,0,parking,rpm
178.2948370762379,260,0,128,86,51,0,89,5,0,parking,rpm
178.3143426220008,316,0,128,86,51,0,89,5,0,parking,rpm
178.41358014806488,329,0,128,86,51,0,89,5,0,parking,rpm
178.91425248415013,545,0,128,0,51,0,89,5,0,parking,rpm
178.92521095166435,260,0,128,12,51,0,66,5,0,parking,rpm
178.94490099919088,316,0,128,12,51,0,66,5,0,parking,rpm
179.04573232678695,329,0,128,12,51,0,66,5,0,parking,rpm
179.54571758582054,545,0,128,12,51,0,66,5,0,parking,rpm
179.55662731287717,260,0,128,98,51,0,66,5,0,parking,rpm
179.57587899562986,316,0,128,98,51,0,66,5,0,parking,rpm
179.6763446939186,329,0,128,98,51,0,66,5,0,parking,rpm
180.17674318984413,545,0,128,98,51,0,66,5,0,parking,rpm
180.18575196531216,260,0,128,86,51,0,89,5,0,parking,rpm
180.20578544264114,316,0,128,0,51,0,89,5,0,parking,rpm
180.30546718625533,329,0,128,0,51,0,89,5,0,parking,rpm
180.80497462643808,545,0,128,0,51,0,89,5,0,parking,rpm
180.81478132758454,260,0,128,0,51,0,89,5,0,parking,rpm
180.83500613128564,316,0,128,0,51,0,89,5,0,parking,rpm
180.9344905284137,329,0,128,86,51,0,89,5,0,parking,rpm
181.43453317612702,545,0,128,86,51,0,89,5,0,parking,rpm
181.4453464649669,260,0,128,98,51,0,66,5,0,parking,rpm
181.46566096208414,316,0,128,98,51,0,66,5,0,parking,rpm
181.56557950044663,329,0,128,98,51,0,66,5,0,parking,rpm
182.065211088721,545,0,128,12,51,0,66,5,0,parking,rpm
182.07459858133075,260,0,128,12,51,0,66,5,0,parking,rpm
182.09396876793508,316,0,128,12,51,0,66,5,0,parking,rpm
182.19390631471958,329,0,128,12,51,0,66,5,0,parking,rpm
182.69333557448576,545,0,128,12,51,0,66,5,0,parking,rpm
182.70353645406823,260,0,128,246,51,0,89,5,0,parking,rpm
182.72430331434427,316,0,128,246,51,0,89,5,0,parking,rpm
182.82368030835593,329,0,128,86,51,0,89,5,0,parking,rpm
183.32380647749372,545,0,128,86,51,0,89,5,0,parking,rpm
183.33391927213313,260,0,128,86,51,0,89,5,0,parking,rpm
183.35326253562025,316,0,128,0,51,0,89,5,0,parking,rpm
183.45293132410237,329,0,128,0,51,0,89,5,0,parking,rpm
183.95208151323604,545,0,128,0,51,0,89,5,0,parking,rpm
183.96218949929715,260,0,128,12,51,0,66,5,0,parking,rpm
183.98175783787062,316,0,128,12,51,0,66,5,0,parking,rpm
184.08185802499816,329,0,128,98,51,0,66,5,0,parking,rpm
184.5820629677895,545,0,128,98,51,0,66,5,0,parking,rpm
184.59242946409896,260,0,128,98,51,0,66,5,0,parking,rpm
184.61195884335493,316,0,128,98,51,0,66,5,0,parking,rpm
184.7119339856798,329,0,128,98,51,0,66,5,0,parking,rpm
185.2126767090772,545,0,128,12,51,0,66,5,0,parking,rpm
185.22196391436466,260,0,128,0,51,0,89,5,0,parking,rpm
185.24204517167365,316,0,128,0,51,0,89,5,0,parking,rpm
185.34213333635952,329,0,128,0,51,0,89,5,0,parking,rpm
185.84159428098087,545,0,128,0,51,0,89,5,0,parking,rpm
185.85138429794074,260,0,128,86,51,0,89,5,0,parking,rpm
185.87042599765658,316,0,128,86,51,0,89,5,0,parking,rpm
185.97096165228922,329,0,128,86,51,0,89,5,0,parking,rpm
186.47065071541545,545,0,128,86,51,0,89,5,0,parking,rpm
186.48028190500477,260,0,128,98,51,0,66,5,0,parking,rpm
186.4996477660597,316,0,128,12,51,0,66,5,0,parking,rpm
186.59975922726395,329,0,128,12,51,0,66,5,0,parking,rpm
187.0994383083048,545,0,128,12,51,0,66,5,0,parking,rpm
187.11039622433887,260,0,128,12,51,0,66,5,0,parking,rpm
187.13093232199412,316,0,128,12,51,0,66,5,0,parking,rpm
187.2312029811604,329,0,128,98,51,0,66,5,0,parking,rpm
187.731226956453,545,0,128,98,51,0,66,5,0,parking,rpm
187.74214805346205,260,0,128,86,51,0,89,5,0,parking,rpm
187.7618086573183,316,0,128,86,51,0,89,5,0,parking,rpm
187.8609571018578,329,0,128,86,51,0,89,5,0,parking,rpm
188.3605285891918,545,0,128,0,51,0,89,5,0,parking,rpm
188.37065453222385,260,0,128,0,51,0,89,5,0,parking,rpm
188.38987545557936,316,0,128,0,51,0,89,5,0,parking,rpm
188.48988232100754,329,0,128,0,51,0,89,5,0,parking,rpm
188.98921923667442,545,0,128,0,51,0,89,5,0,parking,rpm
188.99848138615587,260,0,128,98,51,0,66,5,0,parking,rpm
189.01787634611097,316,0,128,98,51,0,66,5,0,parking,rpm
189.11791603872194,329,0,128,98,51,0,66,5,0,parking,rpm
189.61701913079952,545,0,128,98,51,0,66,5,0,parking,rpm
189.62724670699302,260,0,128,98,51,0,66,5,0,parking,rpm
189.64792883375398,316,0,128,12,51,0,66,5,0,parking,rpm
189.74793891174642,329,0,128,12,51,0,66,5,0,parking,rpm
190.2484477075897,545,0,128,12,51,0,66,5,0,parking,rpm
190.2590479672291,260,0,128,246,51,0,89,5,0,parking,rpm
190.28001591666902,316,0,128,246,51,0,89,5,0,parking,rpm
190.3794753096111,329,0,128,246,51,0,89,5,0,parking,rpm
190.88001852698508,545,0,128,246,51,0,89,5,0,parking,rpm
190.88920225540343,260,0,128,86,51,0,89,5,0,parking,rpm
190.91000762642506,316,0,128,86,51,0,89,5,0,parking,rpm
191.00976497600607,329,0,128,86,51,0,89,5,0,parking,rpm
191.5097767559853,545,0,128,0,51,0,89,5,0,parking,rpm
191.51912021621334,260,0,128,12,51,0,66,5,0,parking,rpm
191.538891024544,316,0,128,12,51,0,66,5,0,parking,rpm
191.63922944185904,329,0,128,12,51,0,66,5,0,parking,rpm
192.1402265637223,545,0,128,12,51,0,66,5,0,parking,rpm
192.15042617438903,260,0,128,98,51,0,66,5,0,parking,rpm
192.1712001728744,316,0,128,98,51,0,66,5,0,parking,rpm
192.27096679443602,329,0,128,98,51,0,66,5,0,parking,rpm
192.77129166886198,545,0,128,98,51,0,66,5,0,parking,rpm
192.78075744781162,260,0,128,86,51,0,89,5,0,parking,rpm
192.80159228113394,316,0,128,0,51,0,89,5,0,parking,rpm
192.9015936248422,329,0,128,0,51,0,89,5,0,parking,rpm
193.40154627475755,545,0,128,0,51,0,89,5,0,parking,rpm
193.4117926029827,260,0,128,0,51,0,89,5,0,parking,rpm
193.43105315616745,316,0,128,0,51,0,89,5,0,parking,rpm
193.5307950188215,329,0,128,86,51,0,89,5,0,parking,rpm
194.03131248724662,545,0,128,86,51,0,89,5,0,parking,rpm
194.04066717233715,260,0,128,98,51,0,66,5,0,parking,rpm
194.0614899200069,316,0,128,98,51,0,66,5,0,parking,rpm
194.16094753793342,329,0,128,98,51,0,66,5,0,parking,rpm
194.66103001720427,545,0,128,12,51,0,66,5,0,parking,rpm
194.6703310208473,260,0,128,12,51,0,66,5,0,parking,rpm
194.68956616158263,316,0,128,12,51,0,66,5,0,parking,rpm
194.7900534312761,329,0,128,12,51,0,66,5,0,parking,rpm
195.29021297116049,545,0,128,12,51,0,66,5,0,parking,rpm
195.2993938845259,260,0,128,246,51,0,89,5,0,parking,rpm
195.31990788470515,316,0,128,246,51,0,89,5,0,parking,rpm
195.4191584543134,329,0,128,86,51,0,89,5,0,parking,rpm
195.91875508533212,545,0,128,86,51,0,89,5,0,parking,rpm
195.9281751957219,260,0,128,86,51,0,89,5,0,parking,rpm
195.9491074342621,316,0,128,0,51,0,89,5,0,parking,rpm
196.04892012871798,329,0,128,0,51,0,89,5,0,parking,rpm
196.5482610243981,545,0,128,0,51,0,89,5,0,parking,rpm
196.55796087273086,260,0,128,12,51,0,66,5,0,parking,rpm
196.5773050521036,316,0,128,12,51,0,66,5,0,parking,rpm
196.6782133144743,329,0,128,98,51,0,66,5,0,parking,rpm
197.177390631834,545,0,128,98,51,0,66,5,0,parking,rpm
197.1866754510195,260,0,128,98,51,0,66,5,0,parking,rpm
197.2074943055249,316,0,128,98,51,0,66,5,0,parking,rpm
197.30714689527218,329,0,128,98,51,0,66,5,0,parking,rpm
197.8069846927241,545,0,128,12,51,0,66,5,0,parking,rpm
197.81676772029016,260,0,128,0,51,0,89,5,0,parking,rpm
197.83397720571125,316,0,128,0,51,0,89,5,0,parking,rpm
197.93613912464667,329,0,128,0,51,0,89,5,0,parking,rpm
198.4354875079545,545,0,128,0,51,0,89,5,0,parking,rpm
198.44636363133444,260,0,128,86,51,0,89,5,0,parking,rpm
198.4659429906648,316,0,128,86,51,0,89,5,0,parking,rpm
198.56579001315492,329,0,128,86,51,0,89,5,0,parking,rpm
199.06676890749046,545,0,128,86,51,0,89,5,0,parking,rpm
199.0760913272391,260,0,128,98,51,0,66,5,0,parking,rpm
199.09521809920926,316,0,128,12,51,0,66,5,0,parking,rpm
199.19432606517577,329,0,128,12,51,0,66,5,0,parking,rpm
199.69355806429525,545,0,128,12,51,0,66,5,0,parking,rpm
199.70269512471128,260,0,128,12,51,0,66,5,0,parking,rpm
199.72220641535694,316,0,128,12,51,0,66,5,0,parking,rpm
199.82281118864748,329,0,128,98,51,0,66,5,0,parking,rpm
200.3223586768563,545,0,128,98,51,0,66,5,0,parking,rpm
200.3321403972564,260,0,128,86,51,0,89,5,0,parking,rpm
200.35115884334056,316,0,128,86,51,0,89,5,0,parking,rpm
200.45197856533724,329,0,128,86,51,0,89,5,0,parking,rpm
200.95232530620996,545,0,128,0,51,0,89,5,0,parking,rpm
200.96285383361712,260,0,128,0,51,0,89,5,0,parking,rpm
200.98305385731624,316,0,128,0,51,0,89,5,0,parking,rpm
201.08401925371064,329,0,128,0,51,0,89,5,0,parking,rpm
201.58387737841161,545,0,128,0,51,0,89,5,0,parking,rpm
201.59392932061544,260,0,128,98,51,0,66,5,0,parking,rpm
201.61329812844858,316,0,128,98,51,0,66,5,0,parking,rpm
201.7132218225294,329,0,128,98,51,0,66,5,0,parking,rpm
202.2131300253931,545,0,128,98,51,0,66,5,0,parking,rpm
202.22315221945948,260,0,128,98,51,0,66,5,0,parking,rpm
202.24344632241156,316,0,128,12,51,0,66,5,0,parking,rpm
202.34274307772912,329,0,128,12,51,0,66,5,0,parking,rpm
202.84265236070226,545,0,128,12,51,0,66,5,0,parking,rpm
202.85229354165565,260,0,128,246,51,0,89,5,0,parking,rpm
202.87248251392703,316,0,128,246,51,0,89,5,0,parking,rpm
202.97342192006238,329,0,128,246,51,0,89,5,0,parking,rpm
203.47437365886603,545,0,128,246,51,0,89,5,0,parking,rpm
203.48532677982635,260,0,128,86,51,0,89,5,0,parking,rpm
203.50541868400902,316,0,128,86,51,0,89,5,0,parking,rpm
203.60451327577096,329,0,128,86,51,0,89,5,0,parking,rpm
204.10388853836565,545,0,128,0,51,0,89,5,0,parking,rpm
204.11341094252546,260,0,128,12,51,0,66,5,0,parking,rpm
204.1325792424592,316,0,128,12,51,0,66,5,0,parking,rpm
204.23212598871794,329,0,128,12,51,0,66,5,0,parking,rpm
204.7315828419526,545,0,128,12,51,0,66,5,0,parking,rpm
204.74226601975906,260,0,128,98,51,0,66,5,0,parking,rpm
204.76269463972343,316,0,128,98,51,0,66,5,0,parking,rpm
204.86367477525283,329,0,128,98,51,0,66,5,0,parking,rpm
205.36342581450504,545,0,128,98,51,0,66,5,0,parking,rpm
205.37351893448388,260,0,128,86,51,0,89,5,0,parking,rpm
205.39331964799067,316,0,128,0,51,0,89,5,0,parking,rpm
205.49362844995073,329,0,128,0,51,0,89,5,0,parking,rpm
205.99407503847945,545,0,128,0,51,0,89,5,0,parking,rpm
206.0033202898446,260,0,128,0,51,0,89,5,0,parking,rpm
206.02328731977263,316,0,128,0,51,0,89,5,0,parking,rpm
206.12397358008207,329,0,128,86,51,0,89,5,0,parking,rpm
206.6237132978132,545,0,128,86,51,0,89,5,0,parking,rpm
206.63286474001538,260,0,128,98,51,0,66,5,0,parking,rpm
206.65330944224016,316,0,128,98,51,0,66,5,0,parking,rpm
206.7538572453455,329,0,128,98,51,0,66,5,0,parking,rpm
207.2536193550688,545,0,128,12,51,0,66,5,0,parking,rpm
207.26435872997163,260,0,128,12,51,0,66,5,0,parking,rpm
207.28515439761304,316,0,128,12,51,0,66,5,0,parking,rpm
207.3856200395653,329,0,128,12,51,0,66,5,0,parking,rpm
207.88622615340347,545,0,128,12,51,0,66,5,0,parking,rpm
207.8965497038172,260,0,128,246,51,0,89,5,0,parking,rpm
207.9168575482065,316,0,128,246,51,0,89,5,0,parking,rpm
208.01692060870997,329,0,128,86,51,0,89,5,0,parking,rpm
208.5173505334419,545,0,128,86,51,0,89,5,0,parking,rpm
208.52641068399257,260,0,128,86,51,0,89,5,0,parking,rpm
208.54584671357287,316,0,128,0,51,0,89,5,0,parking,rpm
208.64597495814664,329,0,128,0,51,0,89,5,0,parking,rpm
209.14499162016088,545,0,128,0,51,0,89,5,0,parking,rpm
209.1540355517838,260,0,128,12,51,0,66,5,0,parking,rpm
209.17336839628854,316,0,128,12,51,0,66,5,0,parking,rpm
209.27313465136146,329,0,128,98,51,0,66,5,0,parking,rpm
209.77303706566673,545,0,128,98,51,0,66,5,0,parking,rpm
209.7829672127086,260,0,128,98,51,0,66,5,0,parking,rpm
209.80277064834857,316,0,128,98,51,0,66,5,0,parking,rpm
209.90191388753647,329,0,128,98,51,0,66,5,0,parking,rpm
210.4019426024322,545,0,128,12,51,0,66,5,0,parking,rpm
210.41175358146484,260,0,128,0,51,0,89,5,0,parking,rpm
210.43218920993027,316,0,128,0,51,0,89,5,0,parking,rpm
210.53270722377576,329,0,128,0,51,0,89,5,0,parking,rpm
211.0318646214423,545,0,128,0,51,0,89,5,0,parking,rpm
211.0418858847622,260,0,128,86,51,0,89,5,0,parking,rpm
211.0618197302634,316,0,128,86,51,0,89,5,0,parking,rpm
211.16113725334867,329,0,128,86,51,0,89,5,0,parking,rpm
211.6612887577962,545,0,128,86,51,0,89,5,0,parking,rpm
211.6716721742565,260,0,128,98,51,0,66,5,0,parking,rpm
211.6925828523349,316,0,128,12,51,0,66,5,0,parking,rpm
211.79231470090764,329,0,128,12,51,0,66,5,0,parking,rpm
212.29184785811543,545,0,128,12,51,0,66,5,0,parking,rpm
212.30243633934523,260,0,128,12,51,0,66,5,0,parking,rpm
212.3221753761743,316,0,128,12,51,0,66,5,0,parking,rpm
212.42120851975707,329,0,128,98,51,0,66,5,0,parking,rpm
212.92204342163248,545,0,128,98,51,0,66,5,0,parking,rpm
212.93273955417413,260,0,128,86,51,0,89,5,0,parking,rpm
212.9532760347323,316,0,128,86,51,0,89,5,0,parking,rpm
213.05241442063573,329,0,128,86,51,0,89,5,0,parking,rpm
213.55280227076233,545,0,128,0,51,0,89,5,0,parking,rpm
213.562691518124,260,0,128,0,51,0,89,5,0,parking,rpm
213.5819250177345,316,0,128,0,51,0,89,5,0,parking,rpm
213.68259507532457,329,0,128,0,51,0,89,5,0,parking,rpm
214.1823458851472,545,0,128,0,51,0,89,5,0,parking,rpm
214.192239638718,260,0,128,98,51,0,66,5,0,parking,rpm
214.2120187877677,316,0,128,98,51,0,66,5,0,parking,rpm
214.31279781253448,329,0,128,98,51,0,66,5,0,parking,rpm
214.8127915651731,545,0,128,98,51,0,66,5,0,parking,rpm
214.82279667893815,260,0,128,98,51,0,66,5,0,parking,rpm
214.8424002938357,316,0,128,12,51,0,66,5,0,parking,rpm
214.94296155348684,329,0,128,12,51,0,66,5,0,parking,rpm
215.44394073154214,545,0,128,12,51,0,66,5,0,parking,rpm
215.45357809118303,260,0,128,246,51,0,89,5,0,parking,rpm
215.47259692724904,316,0,128,246,51,0,89,5,0,parking,rpm
215.573066048968,329,0,128,246,51,0,89,5,0,parking,rpm
216.07362752029061,545,0,128,246,51,0,89,5,0,parking,rpm
216.08440773364396,260,0,128,86,51,0,89,5,0,parking,rpm
216.10430082209504,316,0,128,86,51,0,89,5,0,parking,rpm
216.2041828745472,329,0,128,86,51,0,89,5,0,parking,rpm
216.70411505649804,545,0,128,0,51,0,89,5,0,parking,rpm
216.71441380684496,260,0,128,12,51,0,66,5,0,parking,rpm
216.73383782419577,316,0,128,12,51,0,66,5,0,parking,rpm
216.8335093522154,329,0,128,12,51,0,66,5,0,parking,rpm
217.33419035664934,545,0,128,12,51,0,66,5,0,parking,rpm
217.34332277881646,260,0,128,98,51,0,66,5,0,parking,rpm
217.3628750964163,316,0,128,98,51,0,66,5,0,parking,rpm
217.46330266514445,329,0,128,98,51,0,66,5,0,parking,rpm
217.9625632949077,545,0,128,98,51,0,66,5,0,parking,rpm
217.9718408329358,260,0,128,86,51,0,89,5,0,parking,rpm
217.99250448464818,316,0,128,0,51,0,89,5,0,parking,rpm
218.093466844208,329,0,128,0,51,0,89,5,0,parking,rpm
218.59314372947665,545,0,128,0,51,0,89,5,0,parking,rpm
218.60219522078214,260,0,128,0,51,0,89,5,0,parking,rpm
218.62283608026405,316,0,128,0,51,0,89,5,0,parking,rpm
218.72352318437976,329,0,128,86,51,0,89,5,0,parking,rpm
219.22294243137821,545,0,128,86,51,0,89,5,0,parking,rpm
219.23240123493034,260,0,128,98,51,0,66,5,0,parking,rpm
219.2522192330189,316,0,128,98,51,0,66,5,0,parking,rpm
219.35213487974644,329,0,128,98,51,0,66,5,0,parking,rpm
219.8514069777346,545,0,128,12,51,0,66,5,0,parking,rpm
219.86205366355,260,0,128,12,51,0,66,5,0,parking,rpm
219.8819614492471,316,0,128,12,51,0,66,5,0,parking,rpm
219.98206057074108,329,0,128,12,51,0,66,5,0,parking,rpm
220.4814512917465,545,0,128,12,51,0,66,5,0,parking,rpm
220.49202284566235,260,0,128,246,51,0,89,5,0,parking,rpm
220.51243749232944,316,0,128,246,51,0,89,5,0,parking,rpm
220.61248667966015,329,0,128,86,51,0,89,5,0,parking,rpm
221.11237097358833,545,0,128,86,51,0,89,5,0,parking,rpm
221.12273519036373,260,0,128,86,51,0,89,5,0,parking,rpm
221.1427663025573,316,0,128,0,51,0,89,5,0,parking,rpm
221.24223199682405,329,0,128,0,51,0,89,5,0,parking,rpm
221.74322499717704,545,0,128,0,51,0,89,5,0,parking,rpm
221.7526619400806,260,0,128,12,51,0,66,5,0,parking,rpm
221.77298677045655,316,0,128,12,51,0,66,5,0,parking,rpm
221.8723096119834,329,0,128,98,51,0,66,5,0,parking,rpm
222.37177956538582,545,0,128,98,51,0,66,5,0,parking,rpm
222.38090216621424,260,0,128,98,51,0,66,5,0,parking,rpm
222.40166752820144,316,0,128,98,51,0,66,5,0,parking,rpm
222.5013818741978,329,0,128,98,51,0,66,5,0,parking,rpm
223.00113410701294,545,0,128,12,51,0,66,5,0,parking,rpm
223.0117863158041,260,0,128,0,51,0,89,5,0,parking,rpm
223.03084102806667,316,0,128,0,51,0,89,5,0,parking,rpm
223.1313575269466,329,0,128,0,51,0,89,5,0,parking,rpm
223.63063432556694,545,0,128,0,51,0,89,5,0,parking,rpm
223.64118563801995,260,0,128,86,51,0,89,5,0,parking,rpm
223.66078021397246,316,0,128,86,51,0,89,5,0,parking,rpm
223.7611303835546,329,0,128,86,51,0,89,5,0,parking,rpm
224.26191064703133,545,0,128,86,51,0,89,5,0,parking,rpm
224.27182959317983,260,0,128,98,51,0,66,5,0,parking,rpm
224.29124285061536,316,0,128,12,51,0,66,5,0,parking,rpm
224.3919887970862,329,0,128,12,51,0,66,5,0,parking,rpm
224.8928613508709,545,0,128,12,51,0,66,5,0,parking,rpm
224.90354732598865,260,0,128,12,51,0,66,5,0,parking,rpm
224.92367645314522,316,0,128,12,51,0,66,5,0,parking,rpm
225.02447219739,329,0,128,98,51,0,66,5,0,parking,rpm
225.52435687599592,545,0,128,98,51,0,66,5,0,parking,rpm
225.53391563434042,260,0,128,86,51,0,89,5,0,parking,rpm
225.55421122511063,316,0,128,86,51,0,89,5,0,parking,rpm
225.65369481797183,329,0,128,86,51,0,89,5,0,parking,rpm
226.15344453647003,545,0,128,0,51,0,89,5,0,parking,rpm
226.1632446877213,260,0,128,0,51,0,89,5,0,parking,rpm
226.18262427614286,316,0,128,0,51,0,89,5,0,parking,rpm
226.28188280456425,329,0,128,0,51,0,89,5,0,parking,rpm
226.78109074097375,545,0,128,0,51,0,89,5,0,parking,rpm
226.7906730282923,260,0,128,98,51,0,66,5,0,parking,rpm
226.80991487689892,316,0,128,98,51,0,66,5,0,parking,rpm
226.91019525502074,329,0,128,98,51,0,66,5,0,parking,rpm
227.41101413830185,545,0,128,98,51,0,66,5,0,parking,rpm
227.42119372712932,260,0,128,98,51,0,66,5,0,parking,rpm
227.44209123965078,316,0,128,12,51,0,66,5,0,parking,rpm
227.541276956883,329,0,128,12,51,0,66,5,0,parking,rpm
228.0414129764474,545,0,128,12,51,0,66,5,0,parking,rpm
228.05210494174324,260,0,128,246,51,0,89,5,0,parking,rpm
228.0726022569251,316,0,128,246,51,0,89,5,0,parking,rpm
228.1729410504314,329,0,128,246,51,0,89,5,0,parking,rpm
228.6725673831665,545,0,128,246,51,0,89,5,0,parking,rpm
228.6820734733506,260,0,128,86,51,0,89,5,0,parking,rpm
228.70275819888278,316,0,128,86,51,0,89,5,0,parking,rpm
228.80341061726855,329,0,128,86,51,0,89,5,0,parking,rpm
229.30253684715936,545,0,128,0,51,0,89,5,0,parking,rpm
229.31278550847424,260,0,128,12,51,0,66,5,0,parking,rpm
229.33206934381417,316,0,128,12,51,0,66,5,0,parking,rpm
229.4323100235289,329,0,128,12,51,0,66,5,0,parking,rpm
229.93194086480509,545,0,128,12,51,0,66,5,0,parking,rpm
229.94154626844104,260,0,128,98,51,0,66,5,0,parking,rpm
229.9624813903225,316,0,128,98,51,0,66,5,0,parking,rpm
230.06253684852982,329,0,128,98,51,0,66,5,0,parking,rpm
230.56198005612555,545,0,128,98,51,0,66,5,0,parking,rpm
230.57211757470444,260,0,128,86,51,0,89,5,0,parking,rpm
230.59117549650503,316,0,128,0,51,0,89,5,0,parking,rpm
230.6907930243222,329,0,128,0,51,0,89,5,0,parking,rpm
231.19165536530753,545,0,128,0,51,0,89,5,0,parking,rpm
231.20224896649896,260,0,128,0,51,0,89,5,0,parking,rpm
231.22135764717552,316,0,128,0,51,0,89,5,0,parking,rpm
231.3205219580998,329,0,128,86,51,0,89,5,0,parking,rpm
231.81967964854056,545,0,128,86,51,0,89,5,0,parking,rpm
231.82972597067496,260,0,128,98,51,0,66,5,0,parking,rpm
231.84947648653662,316,0,128,98,51,0,66,5,0,parking,rpm
231.95038363489854,329,0,128,98,51,0,66,5,0,parking,rpm
232.45020868412922,545,0,128,12,51,0,66,5,0,parking,rpm
232.45850322984523,260,0,128,12,51,0,66,5,0,parking,rpm
232.4789869239247,316,0,128,12,51,0,66,5,0,parking,rpm
232.57823890312278,329,0,128,12,51,0,66,5,0,parking,rpm
233.07754241268754,545,0,128,12,51,0,66,5,0,parking,rpm
233.0871067604296,260,0,128,246,51,0,89,5,0,parking,rpm
233.1068326250694,316,0,128,246,51,0,89,5,0,parking,rpm
233.20688112975628,329,0,128,86,51,0,89,5,0,parking,rpm
233.7066577244078,545,0,128,86,51,0,89,5,0,parking,rpm
233.71701301772544,260,0,128,86,51,0,89,5,0,parking,rpm
233.73670404295876,316,0,128,0,51,0,89,5,0,parking,rpm
233.83667577605917,329,0,128,0,51,0,89,5,0,parking,rpm
234.33733113639144,545,0,128,0,51,0,89,5,0,parking,rpm
234.34656630449192,260,0,128,12,51,0,66,5,0,parking,rpm
234.3660565979662,316,0,128,12,51,0,66,5,0,parking,rpm
234.4666922645145,329,0,128,98,51,0,66,5,0,parking,rpm
234.96732743096808,545,0,128,98,51,0,66,5,0,parking,rpm
234.97715435573872,260,0,128,98,51,0,66,5,0,parking,rpm
234.9980898918969,316,0,128,98,51,0,66,5,0,parking,rpm
235.09738281986455,329,0,128,98,51,0,66,5,0,parking,rpm
235.59795712708035,545,0,128,12,51,0,66,5,0,parking,rpm
235.60761823880085,260,0,128,0,51,0,89,5,0,parking,rpm
235.6285153659875,316,0,128,0,51,0,89,5,0,parking,rpm
235.72926646538198,329,0,128,0,51,0,89,5,0,parking,rpm
236.22952848298473,545,0,128,0,51,0,89,5,0,parking,rpm
236.2397304948087,260,0,128,86,51,0,89,5,0,parking,rpm
236.25896404506724,316,0,128,86,51,0,89,5,0,parking,rpm
236.35953753638236,329,0,128,86,51,0,89,5,0,parking,rpm
236.859255907704,545,0,128,86,51,0,89,5,0,parking,rpm
236.8696285587385,260,0,128,98,51,0,66,5,0,parking,rpm
236.89042639372965,316,0,128,12,51,0,66,5,0,parking,rpm
236.99124497715943,329,0,128,12,51,0,66,5,0,parking,rpm
237.4915101980379,545,0,128,12,51,0,66,5,0,parking,rpm
237.50079983252132,260,0,128,12,51,0,66,5,0,parking,rpm
237.51982244221887,316,0,128,12,51,0,66,5,0,parking,rpm
237.61888367464647,329,0,128,98,51,0,66,5,0,parking,rpm
238.1184476548813,545,0,128,98,51,0,66,5,0,parking,rpm
238.1281038470709,260,0,128,86,51,0,89,5,0,parking,rpm
238.1474973741318,316,0,128,86,51,0,89,5,0,parking,rpm
238.24697622642367,329,0,128,86,51,0,89,5,0,parking,rpm
238.74768140039978,545,0,128,0,51,0,89,5,0,parking,rpm
238.75830996736542,260,0,128,0,51,0,89,5,0,parking,rpm
238.77838662494327,316,0,128,0,51,0,89,5,0,parking,rpm
238.87918309186983,329,0,128,0,51,0,89,5,0,parking,rpm
239.37982826809295,545,0,128,0,51,0,89,5,0,parking,rpm
239.3897872907581,260,0,128,98,51,0,66,5,0,parking,rpm
239.40896714427717,316,0,128,98,51,0,66,5,0,parking,rpm
239.50860933614277,329,0,128,98,51,0,66,5,0,parking,rpm
240.00939256492504,545,0,128,98,51,0,66,5,0,parking,rpm
240.01839519654905,260,0,128,98,51,0,66,5,0,parking,rpm
240.03884495472516,316,0,128,12,51,0,66,5,0,parking,rpm
240.137916605329,329,0,128,12,51,0,66,5,0,parking,rpm
240.63880980938075,545,0,128,12,51,0,66,5,0,parking,rpm
240.6485716610698,260,0,128,246,51,0,89,5,0,parking,rpm
240.66854690123185,316,0,128,246,51,0,89,5,0,parking,rpm
240.76795081672228,329,0,128,246,51,0,89,5,0,parking,rpm
241.26845377221932,545,0,128,246,51,0,89,5,0,parking,rpm
241.27766511804967,260,0,128,86,51,0,89,5,0,parking,rpm
241.29722833391415,316,0,128,86,51,0,89,5,0,parking,rpm
241.3979840790249,329,0,128,86,51,0,89,5,0,parking,rpm
241.89781276665246,545,0,128,0,51,0,89,5,0,parking,rpm
241.90773377209044,260,0,128,12,51,0,66,5,0,parking,rpm
241.92745307847687,316,0,128,12,51,0,66,5,0,parking,rpm
242.0283660894653,329,0,128,12,51,0,66,5,0,parking,rpm
242.52914639856837,545,0,128,12,51,0,66,5,0,parking,rpm
242.53896122953125,260,0,128,98,51,0,66,5,0,parking,rpm
242.55992919410193,316,0,128,98,51,0,66,5,0,parking,rpm
242.66010084208793,329,0,128,98,51,0,66,5,0,parking,rpm
243.15956464889481,545,0,128,98,51,0,66,5,0,parking,rpm
243.1700327253999,260,0,128,86,51,0,89,5,0,parking,rpm
243.18907170122938,316,0,128,0,51,0,89,5,0,parking,rpm
243.28974703708047,329,0,128,0,51,0,89,5,0,parking,rpm
243.7898724577621,545,0,128,0,51,0,89,5,0,parking,rpm
243.79954241496452,260,0,128,0,51,0,89,5,0,parking,rpm
243.81938594609494,316,0,128,0,51,0,89,5,0,parking,rpm
243.92020455069533,329,0,128,86,51,0,89,5,0,parking,rpm
244.4209881651048,545,0,128,86,51,0,89,5,0,parking,rpm
244.43060038229603,260,0,128,98,51,0,66,5,0,parking,rpm
244.45155723080808,316,0,128,98,51,0,66,5,0,parking,rpm
244.55207841646504,329,0,128,98,51,0,66,5,0,parking,rpm
245.05250469128825,545,0,128,12,51,0,66,5,0,parking,rpm
245.06329146116573,260,0,128,12,51,0,66,5,0,parking,rpm
245.082360301614,316,0,128,12,51,0,66,5,0,parking,rpm
245.1832316391243,329,0,128,12,51,0,66,5,0,parking,rpm
245.68336735278075,545,0,128,12,51,0,66,5,0,parking,rpm
245.69260166465287,260,0,128,246,51,0,89,5,0,parking,rpm
245.71164430688287,316,0,128,246,51,0,89,5,0,parking,rpm
245.81228244580072,329,0,128,86,51,0,89,5,0,parking,rpm
246.3122745262163,545,0,128,86,51,0,89,5,0,parking,rpm
246.3219003207657,260,0,128,86,51,0,89,5,0,parking,rpm
246.34401732283652,316,0,128,0,51,0,89,5,0,parking,rpm
246.44482866953035,329,0,128,0,51,0,89,5,0,parking,rpm
246.94520587558375,545,0,128,0,51,0,89,5,0,parking,rpm
246.95613358496823,260,0,128,12,51,0,66,5,0,parking,rpm
246.97526121012226,316,0,128,12,51,0,66,5,0,parking,rpm
247.07501496011508,329,0,128,98,51,0,66,5,0,parking,rpm
247.57470658700535,545,0,128,98,51,0,66,5,0,parking,rpm
247.58404995298096,260,0,128,98,51,0,66,5,0,parking,rpm
247.60324547148232,316,0,128,98,51,0,66,5,0,parking,rpm
247.70323487292404,329,0,128,98,51,0,66,5,0,parking,rpm
248.2032450081414,545,0,128,12,51,0,66,5,0,parking,rpm
248.2130616159101,260,0,128,0,51,0,89,5,0,parking,rpm
248.23324166331003,316,0,128,0,51,0,89,5,0,parking,rpm
248.33409846594594,329,0,128,0,51,0,89,5,0,parking,rpm
248.83364235059986,545,0,128,0,51,0,89,5,0,parking,rpm
248.8426657923414,260,0,128,86,51,0,89,5,0,parking,rpm
248.8631521007879,316,0,128,86,51,0,89,5,0,parking,rpm
248.96294634155436,329,0,128,86,51,0,89,5,0,parking,rpm
249.46222651899234,545,0,128,86,51,0,89,5,0,parking,rpm
249.47145700314394,260,0,128,98,51,0,66,5,0,parking,rpm
249.49214032919897,316,0,128,12,51,0,66,5,0,parking,rpm
249.593128982338,329,0,128,12,51,0,66,5,0,parking,rpm
250.09254668229232,545,0,128,12,51,0,66,5,0,parking,rpm
250.1023604453805,260,0,128,12,51,0,66,5,0,parking,rpm
250.12200424203397,316,0,128,12,51,0,66,5,0,parking,rpm
250.22292724149034,329,0,128,98,51,0,66,5,0,parking,rpm
250.7234230031493,545,0,128,98,51,0,66,5,0,parking,rpm
250.73398026874597,260,0,128,86,51,0,89,5,0,parking,rpm
250.75382193161394,316,0,128,86,51,0,89,5,0,parking,rpm
250.85358603241085,329,0,128,86,51,0,89,5,0,parking,rpm
251.35272399073676,545,0,128,0,51,0,89,5,0,parking,rpm
251.36189801150235,260,0,128,0,51,0,89,5,0,parking,rpm
251.3813129772571,316,0,128,0,51,0,89,5,0,parking,rpm
251.48170599724594,329,0,128,0,51,0,89,5,0,parking,rpm
251.98260196452847,545,0,128,0,51,0,89,5,0,parking,rpm
251.99188872828407,260,1,128,98,51,1,72,5,2,city_driving,rpm
252.0122449730069,316,2,128,99,51,2,72,5,2,city_driving,rpm
252.11180025298114,329,2,128,99,51,2,72,6,2,city_driving,rpm
252.61121151985833,545,3,128,99,51,3,72,6,2,city_driving,rpm
252.6217217592689,260,4,128,100,51,4,72,6,2,city_driving,rpm
252.64186719201365,316,5,128,12,51,5,72,6,2,city_driving,rpm
252.739742004656,329,6,128,12,51,6,72,7,2,city_driving,rpm
253.23978627329652,545,6,128,12,51,6,72,7,2,city_driving,rpm
253.2497355401872,260,7,128,246,51,7,95,7,2,city_driving,rpm
253.26964711639513,316,8,128,246,51,8,95,7,2,city_driving,rpm
253.36868410625794,329,9,128,246,51,9,95,8,2,city_driving,rpm
253.86967835379807,545,10,128,246,51,10,95,8,2,city_driving,rpm
253.8803357670401,260,10,128,90,51,10,95,8,2,city_driving,rpm
253.90068967948017,316,11,128,90,51,11,95,8,2,city_driving,rpm
253.99971300763164,329,12,128,91,51,12,95,9,2,city_driving,rpm
254.49875932001,545,13,128,0,51,13,95,9,2,city_driving,rpm
254.5083461852041,260,14,128,12,51,14,72,9,2,city_driving,rpm
254.52896489837784,316,14,128,12,51,14,72,9,2,city_driving,rpm
254.6282765204191,329,15,128,12,51,15,72,10,2,city_driving,rpm
255.12855168809514,545,16,128,12,51,16,72,10,2,city_driving,rpm
255.13833890436058,260,17,128,105,51,17,72,10,2,city_driving,rpm
255.15923494956976,316,18,128,105,51,18,72,10,2,city_driving,rpm
255.25844788271098,329,18,128,105,51,18,72,11,2,city_driving,rpm
255.75882361121953,545,19,128,106,51,19,72,11,2,city_driving,rpm
255.76932683203665,260,20,128,94,51,20,95,11,2,city_driving,rpm
255.78986458211037,316,21,128,0,51,21,95,11,2,city_driving,rpm
255.8892365932336,329,22,128,0,51,22,95,11,2,city_driving,rpm
256.38830688233713,545,22,128,0,51,22,95,12,2,city_driving,rpm
256.3973408922044,260,23,128,0,51,23,95,12,2,city_driving,rpm
256.41753115079433,316,24,128,0,51,24,95,12,2,city_driving,rpm
256.51712401683255,329,25,128,96,51,25,95,12,2,city_driving,rpm
257.01757013096386,545,26,128,96,51,26,95,13,2,city_driving,rpm
257.02781125718593,260,26,128,109,51,26,72,13,2,city_driving,rpm
257.04858019449154,316,27,128,109,51,27,72,13,2,city_driving,rpm
257.1487713870134,329,28,128,109,51,28,72,13,2,city_driving,rpm
257.64914106601,545,29,128,12,51,29,72,14,2,city_driving,rpm
257.6583036904647,260,30,128,12,51,30,72,14,2,city_driving,rpm
257.67854274908365,316,30,128,12,51,30,72,14,2,city_driving,rpm
257.77855443944003,329,31,128,12,51,31,72,14,2,city_driving,rpm
258.2785945619075,545,32,128,12,51,32,72,15,2,city_driving,rpm
258.28874814482765,260,33,128,246,51,33,95,15,2,city_driving,rpm
258.31096459623143,316,34,128,246,51,34,95,15,2,city_driving,rpm
258.4117378083142,329,34,128,100,51,34,95,15,2,city_driving,rpm
258.9108179810404,545,35,128,100,51,35,95,16,2,city_driving,rpm
258.9203859459119,260,36,128,100,51,36,95,16,2,city_driving,rpm
258.94135739541116,316,37,128,0,51,37,95,16,2,city_driving,rpm
259.0415342117123,329,38,128,0,51,38,95,16,2,city_driving,rpm
259.54075374618765,545,38,128,0,51,38,95,17,2,city_driving,rpm
259.55063411459685,260,39,128,12,51,39,72,17,2,city_driving,rpm
259.57116208444074,316,40,128,12,51,40,72,17,2,city_driving,rpm
259.67182556172605,329,41,128,114,51,41,72,17,2,city_driving,rpm
260.1718983450264,545,42,128,115,51,42,72,17,2,city_driving,rpm
260.18175474956314,260,42,128,115,51,42,72,18,2,city_driving,rpm
260.2007974072835,316,43,128,115,51,43,72,18,2,city_driving,rpm
260.2999979669058,329,44,128,116,51,44,72,18,2,city_driving,rpm
260.80084671697693,545,45,128,12,51,45,72,18,2,city_driving,rpm
260.81018557728964,260,46,128,0,51,46,95,19,2,city_driving,rpm
260.8302169266371,316,46,128,0,51,46,95,19,2,city_driving,rpm
260.9302513956692,329,47,128,0,51,47,95,19,2,city_driving,rpm
261.430820199742,545,48,128,0,51,48,95,19,2,city_driving,rpm
261.4404208518305,260,49,128,106,51,49,95,20,2,city_driving,rpm
261.4591881527066,316,50,128,106,51,50,95,20,2,city_driving,rpm
261.55898378192035,329,50,128,106,51,50,95,20,2,city_driving,rpm
262.05821104562665,545,51,128,106,51,51,95,20,2,city_driving,rpm
262.06887202689,260,52,128,119,51,52,72,21,2,city_driving,rpm
262.0881919898755,316,53,128,12,51,53,72,21,2,city_driving,rpm
262.1887386290047,329,54,128,12,51,54,72,21,2,city_driving,rpm
262.6882810073529,545,54,128,12,51,54,72,21,2,city_driving,rpm
262.69776852719093,260,55,128,12,51,55,72,22,2,city_driving,rpm
262.7187445119891,316,56,128,12,51,56,72,22,2,city_driving,rpm
262.8179323596407,329,57,128,121,51,57,72,22,2,city_driving,rpm
263.31798698099533,545,58,128,121,51,58,72,22,2,city_driving,rpm
263.32847992668144,260,58,128,109,51,58,95,23,2,city_driving,rpm
263.3484677310613,316,59,128,110,51,59,95,23,2,city_driving,rpm
263.4481559778745,329,60,128,110,51,60,95,23,2,city_driving,rpm
263.9479858998821,545,60,128,0,51,60,95,23,2,city_driving,rpm
263.95822633374814,260,60,128,0,51,60,95,23,2,city_driving,rpm
263.978489116325,316,60,128,0,51,60,95,23,2,city_driving,rpm
264.07755201214366,329,60,128,0,51,60,95,23,2,city_driving,rpm
264.57788345063096,545,60,128,0,51,60,95,23,2,city_driving,rpm
264.5883693328805,260,60,128,122,51,60,72,23,2,city_driving,rpm
264.60812143754697,316,60,128,122,51,60,72,23,2,city_driving,rpm
264.708962218142,329,60,128,122,51,60,72,23,2,city_driving,rpm
265.20982482277645,545,60,128,122,51,60,72,23,2,city_driving,rpm
265.21902381509824,260,60,128,122,51,60,72,23,2,city_driving,rpm
265.239150750627,316,60,128,12,51,60,72,23,2,city_driving,rpm
265.33859737282506,329,60,128,12,51,60,72,23,2,city_driving,rpm
265.83787957114725,545,60,128,12,51,60,72,23,2,city_driving,rpm
265.8472339415104,260,60,128,246,51,60,95,23,2,city_driving,rpm
265.8674880296911,316,60,128,246,51,60,95,23,2,city_driving,rpm
265.96656435084975,329,60,128,246,51,60,95,23,2,city_driving,rpm
266.4672846450184,545,60,128,246,51,60,95,23,2,city_driving,rpm
266.4765814797367,260,60,128,110,51,60,95,23,2,city_driving,rpm
266.49625928700294,316,60,128,110,51,60,95,23,2,city_driving,rpm
266.5954658757783,329,60,128,110,51,60,95,23,2,city_driving,rpm
267.0962056630872,545,60,128,0,51,60,95,23,2,city_driving,rpm
267.1069929268839,260,60,128,12,51,60,72,23,2,city_driving,rpm
267.12654760982326,316,60,128,12,51,60,72,23,2,city_driving,rpm
267.22560103016554,329,60,128,12,51,60,72,23,2,city_driving,rpm
267.7255034153577,545,60,128,12,51,60,72,23,2,city_driving,rpm
267.7348601905761,260,60,128,122,51,60,72,23,2,city_driving,rpm
267.754354996618,316,60,128,122,51,60,72,23,2,city_driving,rpm
267.85423542060937,329,60,128,122,51,60,72,23,2,city_driving,rpm
268.3536608199367,545,60,128,122,51,60,72,23,2,city_driving,rpm
268.36393554596,260,60,128,110,51,60,95,23,2,city_driving,rpm
268.38387934717326,316,60,128,0,51,60,95,23,2,city_driving,rpm
268.4831943645921,329,60,128,0,51,60,95,23,2,city_driving,rpm
268.9824666013632,545,60,128,0,51,60,95,23,2,city_driving,rpm
268.99310469994776,260,60,128,0,51,60,95,23,2,city_driving,rpm
269.01301366919546,316,60,128,0,51,60,95,23,2,city_driving,rpm
269.1139639529392,329,60,128,110,51,60,95,23,2,city_driving,rpm
269.61462529784694,545,60,128,110,51,60,95,23,2,city_driving,rpm
269.62449346999455,260,60,128,122,51,60,72,23,2,city_driving,rpm
269.64414720033665,316,60,128,122,51,60,72,23,2,city_driving,rpm
269.74374551753783,329,60,128,122,51,60,72,23,2,city_driving,rpm
270.2431988074459,545,60,128,12,51,60,72,23,2,city_driving,rpm
270.2529136490685,260,60,128,12,51,60,72,23,2,city_driving,rpm
270.2719141717849,316,60,128,12,51,60,72,23,2,city_driving,rpm
270.3726448828045,329,60,128,12,51,60,72,23,2,city_driving,rpm
270.872320600065,545,60,128,12,51,60,72,23,2,city_driving,rpm
270.8822682261593,260,60,128,246,51,60,95,23,2,city_driving,rpm
270.90268918497816,316,60,128,246,51,60,95,23,2,city_driving,rpm
271.0035468797885,329,60,128,110,51,60,95,23,2,city_driving,rpm
271.50288531490907,545,60,128,110,51,60,95,23,2,city_driving,rpm
271.51232598284497,260,60,128,110,51,60,95,23,2,city_driving,rpm
271.5323137077832,316,60,128,0,51,60,95,23,2,city_driving,rpm
271.6317592517289,329,60,128,0,51,60,95,23,2,city_driving,rpm
272.13091654393634,545,60,128,0,51,60,95,23,2,city_driving,rpm
272.14072528436793,260,60,128,12,51,60,72,23,2,city_driving,rpm
272.1599057243354,316,60,128,12,51,60,72,23,2,city_driving,rpm
272.26009708781254,329,60,128,122,51,60,72,23,2,city_driving,rpm
272.760697801309,545,60,128,122,51,60,72,23,2,city_driving,rpm
272.76756208181143,260,60,128,122,51,60,72,23,2,city_driving,rpm
272.78716260073423,316,60,128,122,51,60,72,23,2,city_driving,rpm
272.886566375646,329,60,128,122,51,60,72,23,2,city_driving,rpm
273.3865196797425,545,60,128,12,51,60,72,23,2,city_driving,rpm
273.3970543675016,260,60,128,0,51,60,95,23,2,city_driving,rpm
273.41776592242906,316,60,128,0,51,60,95,23,2,city_driving,rpm
273.5170698292684,329,60,128,0,51,60,95,23,2,city_driving,rpm
274.0171316529017,545,60,128,0,51,60,95,23,2,city_driving,rpm
274.0280664016521,260,60,128,110,51,60,95,23,2,city_driving,rpm
274.04887034589564,316,60,128,110,51,60,95,23,2,city_driving,rpm
274.14884528479894,329,60,128,110,51,60,95,23,2,city_driving,rpm
274.64911922558787,545,60,128,110,51,60,95,23,2,city_driving,rpm
274.6585011782075,260,60,128,122,51,60,72,23,2,city_driving,rpm
274.6782628791721,316,60,128,12,51,60,72,23,2,city_driving,rpm
274.77780962460446,329,60,128,12,51,60,72,23,2,city_driving,rpm
275.2772880840845,545,60,128,12,51,60,72,23,2,city_driving,rpm
275.28673878896234,260,60,128,12,51,60,72,23,2,city_driving,rpm
275.31060070065894,316,60,128,12,51,60,72,23,2,city_driving,rpm
275.4102493274897,329,60,128,122,51,60,72,23,2,city_driving,rpm
275.9102517255386,545,60,128,122,51,60,72,23,2,city_driving,rpm
275.92078939343236,260,60,128,110,51,60,95,23,2,city_driving,rpm
275.9406084166888,316,60,128,110,51,60,95,23,2,city_driving,rpm
276.0396535884882,329,60,128,110,51,60,95,23,2,city_driving,rpm
276.5406482422417,545,60,128,0,51,60,95,23,2,city_driving,rpm
276.55053219048074,260,60,128,0,51,60,95,23,2,city_driving,rpm
276.57005233836003,316,60,128,0,51,60,95,23,2,city_driving,rpm
276.6691623713255,329,60,128,0,51,60,95,23,2,city_driving,rpm
277.1683278283838,545,60,128,0,51,60,95,23,2,city_driving,rpm
277.1785804551217,260,60,128,122,51,60,72,23,2,city_driving,rpm
277.19813460257996,316,60,128,122,51,60,72,23,2,city_driving,rpm
277.29770540929144,329,60,128,122,51,60,72,23,2,city_driving,rpm
277.7971225192262,545,60,128,122,51,60,72,23,2,city_driving,rpm
277.80618105090053,260,60,128,122,51,60,72,23,2,city_driving,rpm
277.82660105642145,316,60,128,12,51,60,72,23,2,city_driving,rpm
277.9269651883211,329,60,128,12,51,60,72,23,2,city_driving,rpm
278.4262079476507,545,60,128,12,51,60,72,23,2,city_driving,rpm
278.4352335678813,260,60,128,246,51,60,95,23,2,city_driving,rpm
278.45516964013115,316,60,128,246,51,60,95,23,2,city_driving,rpm
278.55488485843506,329,60,128,246,51,60,95,23,2,city_driving,rpm
279.0542017710632,545,60,128,246,51,60,95,23,2,city_driving,rpm
279.06455682274725,260,60,128,110,51,60,95,23,2,city_driving,rpm
279.08371832173776,316,60,128,110,51,60,95,23,2,city_driving,rpm
279.18373748790674,329,60,128,110,51,60,95,23,2,city_driving,rpm
279.68465003526074,545,60,128,0,51,60,95,23,2,city_driving,rpm
279.69509737281294,260,60,128,12,51,60,72,23,2,city_driving,rpm
279.714274420735,316,60,128,12,51,60,72,23,2,city_driving,rpm
279.814331868447,329,60,128,12,51,60,72,23,2,city_driving,rpm
280.31337087829263,545,60,128,12,51,60,72,23,2,city_driving,rpm
280.3235066648806,260,60,128,122,51,60,72,23,2,city_driving,rpm
280.3434459114095,316,60,128,122,51,60,72,23,2,city_driving,rpm
280.4433017476676,329,60,128,122,51,60,72,23,2,city_driving,rpm
280.9431734747276,545,60,128,122,51,60,72,23,2,city_driving,rpm
280.9532013982315,260,60,128,110,51,60,95,23,2,city_driving,rpm
280.9741563072407,316,60,128,0,51,60,95,23,2,city_driving,rpm
281.0741151701326,329,60,128,0,51,60,95,23,2,city_driving,rpm
281.5727070127691,545,60,128,0,51,60,95,23,2,city_driving,rpm
281.5830823330536,260,60,128,0,51,60,95,23,2,city_driving,rpm
281.60401587694054,316,60,128,0,51,60,95,23,2,city_driving,rpm
281.7044287159697,329,60,128,110,51,60,95,23,2,city_driving,rpm
282.20523479752507,545,60,128,110,51,60,95,23,2,city_driving,rpm
282.2145895358566,260,60,128,122,51,60,72,23,2,city_driving,rpm
282.2340241121878,316,60,128,122,51,60,72,23,2,city_driving,rpm
282.3340037062041,329,60,128,122,51,60,72,23,2,city_driving,rpm
282.83376282805705,545,60,128,12,51,60,72,23,2,city_driving,rpm
282.84299225020095,260,60,128,12,51,60,72,23,2,city_driving,rpm
282.8635941403508,316,60,128,12,51,60,72,23,2,city_driving,rpm
282.96318277387445,329,60,128,12,51,60,72,23,2,city_driving,rpm
283.46391592125855,545,60,128,12,51,60,72,23,2,city_driving,rpm
283.47426656904685,260,60,128,246,51,60,95,23,2,city_driving,rpm
283.49483382461955,316,60,128,246,51,60,95,23,2,city_driving,rpm
283.59521434272716,329,60,128,110,51,60,95,23,2,city_driving,rpm
284.09478764218443,545,60,128,110,51,60,95,23,2,city_driving,rpm
284.1045943282991,260,60,128,110,51,60,95,23,2,city_driving,rpm
284.12524045065913,316,60,128,0,51,60,95,23,2,city_driving,rpm
284.22541843151197,329,60,128,0,51,60,95,23,2,city_driving,rpm
284.7263681976619,545,60,128,0,51,60,95,23,2,city_driving,rpm
284.7356753231711,260,60,128,12,51,60,72,23,2,city_driving,rpm
284.75661709599575,316,60,128,12,51,60,72,23,2,city_driving,rpm
284.85579583550737,329,60,128,122,51,60,72,23,2,city_driving,rpm
285.35526487103186,545,60,128,122,51,60,72,23,2,city_driving,rpm
285.3661655404351,260,60,128,122,51,60,72,23,2,city_driving,rpm
285.3866570519368,316,60,128,122,51,60,72,23,2,city_driving,rpm
285.4871247534499,329,60,128,122,51,60,72,23,2,city_driving,rpm
285.9877904072088,545,60,128,12,51,60,72,23,2,city_driving,rpm
285.9981419438303,260,60,128,0,51,60,95,23,2,city_driving,rpm
286.017283523525,316,60,128,0,51,60,95,23,2,city_driving,rpm
286.1177878131613,329,60,128,0,51,60,95,23,2,city_driving,rpm
286.6181087087775,545,60,128,0,51,60,95,23,2,city_driving,rpm
286.62854958766246,260,60,128,110,51,60,95,23,2,city_driving,rpm
286.6493587270521,316,60,128,110,51,60,95,23,2,city_driving,rpm
286.74899043861603,329,60,128,110,51,60,95,23,2,city_driving,rpm
287.24944734345127,545,60,128,110,51,60,95,23,2,city_driving,rpm
287.26040142371784,260,60,128,122,51,60,72,23,2,city_driving,rpm
287.2811259504589,316,60,128,12,51,60,72,23,2,city_driving,rpm
287.38154961086946,329,60,128,12,51,60,72,23,2,city_driving,rpm
287.8818797840164,545,60,128,12,51,60,72,23,2,city_driving,rpm
287.891573066621,260,60,128,12,51,60,72,23,2,city_driving,rpm
287.9113641587805,316,60,128,12,51,60,72,23,2,city_driving,rpm
288.01100274027334,329,60,128,122,51,60,72,23,2,city_driving,rpm
288.51037434836013,545,60,128,122,51,60,72,23,2,city_driving,rpm
288.5216460403527,260,60,128,110,51,60,95,23,2,city_driving,rpm
288.54195400502095,316,60,128,110,51,60,95,23,2,city_driving,rpm
288.64160232097873,329,60,128,110,51,60,95,23,2,city_driving,rpm
289.1409936843704,545,60,128,0,51,60,95,23,2,city_driving,rpm
289.1510812860123,260,60,128,0,51,60,95,23,2,city_driving,rpm
289.1715331348061,316,60,128,0,51,60,95,23,2,city_driving,rpm
289.2720034727818,329,60,128,0,51,60,95,23,2,city_driving,rpm
289.7727480062188,545,60,128,0,51,60,95,23,2,city_driving,rpm
289.783456939548,260,60,128,122,51,60,72,23,2,city_driving,rpm
289.8028976306707,316,60,128,122,51,60,72,23,2,city_driving,rpm
289.9030726399462,329,60,128,122,51,60,72,23,2,city_driving,rpm
290.40278583896776,545,60,128,122,51,60,72,23,2,city_driving,rpm
290.413182360646,260,60,128,122,51,60,72,23,2,city_driving,rpm
290.4340418846152,316,60,128,12,51,60,72,23,2,city_driving,rpm
290.5338998499352,329,60,128,12,51,60,72,23,2,city_driving,rpm
291.0343316347059,545,60,128,12,51,60,72,23,2,city_driving,rpm
291.04484675534195,260,60,128,246,51,60,95,23,2,city_driving,rpm
291.0656219716695,316,60,128,246,51,60,95,23,2,city_driving,rpm
291.16495166099475,329,60,128,246,51,60,95,23,2,city_driving,rpm
291.6650878198161,545,60,128,246,51,60,95,23,2,city_driving,rpm
291.6741388650039,260,60,128,110,51,60,95,23,2,city_driving,rpm
291.6933004681752,316,60,128,110,51,60,95,23,2,city_driving,rpm
291.7927598898686,329,60,128,110,51,60,95,23,2,city_driving,rpm
292.29291497524895,545,60,128,0,51,60,95,23,2,city_driving,rpm
292.3036896337194,260,60,128,12,51,60,72,23,2,city_driving,rpm
292.3242264729042,316,60,128,12,51,60,72,23,2,city_driving,rpm
292.424815064542,329,60,128,12,51,60,72,23,2,city_driving,rpm
292.92532456943246,545,60,128,12,51,60,72,23,2,city_driving,rpm
292.9360748643251,260,60,128,122,51,60,72,23,2,city_driving,rpm
292.95621460139137,316,60,128,122,51,60,72,23,2,city_driving,rpm
293.0565258977712,329,60,128,122,51,60,72,23,2,city_driving,rpm
293.5555535188002,545,60,128,122,51,60,72,23,2,city_driving,rpm
293.5649043413591,260,60,128,110,51,60,95,23,2,city_driving,rpm
293.58549073672003,316,60,128,0,51,60,95,23,2,city_driving,rpm
293.6859231954842,329,60,128,0,51,60,95,23,2,city_driving,rpm
294.18653416079155,545,60,128,0,51,60,95,23,2,city_driving,rpm
294.1965653542165,260,60,128,0,51,60,95,23,2,city_driving,rpm
294.21642783291264,316,60,128,0,51,60,95,23,2,city_driving,rpm
294.31625794176426,329,60,128,110,51,60,95,23,2,city_driving,rpm
294.81717775682387,545,60,128,110,51,60,95,23,2,city_driving,rpm
294.82711337752926,260,60,128,122,51,60,72,23,2,city_driving,rpm
294.8476350777043,316,60,128,122,51,60,72,23,2,city_driving,rpm
294.94826097107557,329,60,128,122,51,60,72,23,2,city_driving,rpm
295.44878420364364,545,60,128,12,51,60,72,23,2,city_driving,rpm
295.45889749263455,260,60,128,12,51,60,72,23,2,city_driving,rpm
295.47963133437554,316,60,128,12,51,60,72,23,2,city_driving,rpm
295.579235801288,329,60,128,12,51,60,72,23,2,city_driving,rpm
296.0786081830745,545,60,128,12,51,60,72,23,2,city_driving,rpm
296.089428362311,260,60,128,246,51,60,95,23,2,city_driving,rpm
296.11030847382807,316,60,128,246,51,60,95,23,2,city_driving,rpm
296.2110797964443,329,60,128,110,51,60,95,23,2,city_driving,rpm
296.7114868669927,545,60,128,110,51,60,95,23,2,city_driving,rpm
296.72065601445775,260,60,128,110,51,60,95,23,2,city_driving,rpm
296.74075669110834,316,60,128,0,51,60,95,23,2,city_driving,rpm
296.84144059517587,329,60,128,0,51,60,95,23,2,city_driving,rpm
297.340861015496,545,60,128,0,51,60,95,23,2,city_driving,rpm
297.35158853887555,260,60,128,12,51,60,72,23,2,city_driving,rpm
297.3723683811891,316,60,128,12,51,60,72,23,2,city_driving,rpm
297.47256658254736,329,60,128,122,51,60,72,23,2,city_driving,rpm
297.971911134483,545,60,128,122,51,60,72,23,2,city_driving,rpm
297.9812432984232,260,60,128,122,51,60,72,23,2,city_driving,rpm
298.00212657694146,316,60,128,122,51,60,72,23,2,city_driving,rpm
298.1011349433343,329,60,128,122,51,60,72,23,2,city_driving,rpm
298.6003528010858,545,60,128,12,51,60,72,23,2,city_driving,rpm
298.6097868330423,260,60,128,0,51,60,95,23,2,city_driving,rpm
298.62970055514756,316,60,128,0,51,60,95,23,2,city_driving,rpm
298.72898082634396,329,60,128,0,51,60,95,23,2,city_driving,rpm
299.2293327343825,545,60,128,0,51,60,95,23,2,city_driving,rpm
299.23921524874305,260,60,128,110,51,60,95,23,2,city_driving,rpm
299.26002010974935,316,60,128,110,51,60,95,23,2,city_driving,rpm
299.3601430602857,329,60,128,110,51,60,95,23,2,city_driving,rpm
299.8599510869605,545,60,128,110,51,60,95,23,2,city_driving,rpm
299.86939321586385,260,60,128,122,51,60,72,23,2,city_driving,rpm
299.8897919954119,316,60,128,12,51,60,72,23,2,city_driving,rpm
299.98913056242634,329,60,128,12,51,60,72,23,2,city_driving,rpm
300.48885447813365,545,60,128,12,51,60,72,23,2,city_driving,rpm
300.49875067277986,260,60,128,12,51,60,72,23,2,city_driving,rpm
300.5187778294259,316,60,128,12,51,60,72,23,2,city_driving,rpm
300.61944862359513,329,60,128,122,51,60,72,23,2,city_driving,rpm
301.1186720426205,545,60,128,122,51,60,72,23,2,city_driving,rpm
301.129460685873,260,60,128,110,51,60,95,23,2,city_driving,rpm
301.1503731592701,316,60,128,110,51,60,95,23,2,city_driving,rpm
301.25054963136284,329,60,128,110,51,60,95,23,2,city_driving,rpm
301.75039175673294,545,60,128,0,51,60,95,23,2,city_driving,rpm
301.7603568528781,260,60,128,0,51,60,95,23,2,city_driving,rpm
301.78110487043404,316,60,128,0,51,60,95,23,2,city_driving,rpm
301.881607838298,329,60,128,0,51,60,95,23,2,city_driving,rpm
302.38099021532753,545,60,128,0,51,60,95,23,2,city_driving,rpm
302.3912734804091,260,60,128,122,51,60,72,23,2,city_driving,rpm
302.41131200107776,316,60,128,122,51,60,72,23,2,city_driving,rpm
302.5116768573134,329,60,128,122,51,60,72,23,2,city_driving,rpm
303.01157143358665,545,60,128,122,51,60,72,23,2,city_driving,rpm
303.0209435798635,260,60,128,122,51,60,72,23,2,city_driving,rpm
303.041493333988,316,60,128,12,51,60,72,23,2,city_driving,rpm
303.142273603861,329,60,128,12,51,60,72,23,2,city_driving,rpm
303.6422786382885,545,60,128,12,51,60,72,23,2,city_driving,rpm
303.65273735226833,260,60,128,246,51,60,95,23,2,city_driving,rpm
303.6731065104495,316,60,128,246,51,60,95,23,2,city_driving,rpm
303.773114064774,329,60,128,246,51,60,95,23,2,city_driving,rpm
304.2721994428872,545,60,128,246,51,60,95,23,2,city_driving,rpm
304.28233065947654,260,60,128,110,51,60,95,23,2,city_driving,rpm
304.3024891562408,316,60,128,110,51,60,95,23,2,city_driving,rpm
304.4019442041983,329,60,128,110,51,60,95,23,2,city_driving,rpm
304.90120740119227,545,60,128,0,51,60,95,23,2,city_driving,rpm
304.91139521195737,260,60,128,12,51,60,72,23,2,city_driving,rpm
304.9313743704412,316,60,128,12,51,60,72,23,2,city_driving,rpm
305.0311276081841,329,60,128,12,51,60,72,23,2,city_driving,rpm
305.53161783802017,545,60,128,12,51,60,72,23,2,city_driving,rpm
305.53882070662644,260,60,128,122,51,60,72,23,2,city_driving,rpm
305.55584465964,316,60,128,122,51,60,72,23,2,city_driving,rpm
305.6566614557462,329,60,128,122,51,60,72,23,2,city_driving,rpm
306.15925086472777,545,60,128,122,51,60,72,23,2,city_driving,rpm
306.1688465774663,260,60,128,110,51,60,95,23,2,city_driving,rpm
306.1893604807625,316,60,128,0,51,60,95,23,2,city_driving,rpm
306.288915873652,329,60,128,0,51,60,95,23,2,city_driving,rpm
306.78874355777083,545,60,128,0,51,60,95,23,2,city_driving,rpm
306.7994691980927,260,60,128,0,51,60,95,23,2,city_driving,rpm
306.8216402352223,316,60,128,0,51,60,95,23,2,city_driving,rpm
306.92199212863943,329,60,128,110,51,60,95,23,2,city_driving,rpm
307.4218777000288,545,60,128,110,51,60,95,23,2,city_driving,rpm
307.43272654790013,260,60,128,122,51,60,72,23,2,city_driving,rpm
307.45244413671685,316,60,128,122,51,60,72,23,2,city_driving,rpm
307.5531251600009,329,60,128,122,51,60,72,23,2,city_driving,rpm
308.05226781255527,545,60,128,12,51,60,72,23,2,city_driving,rpm
308.0628854139604,260,60,128,12,51,60,72,23,2,city_driving,rpm
308.0831561439575,316,60,128,12,51,60,72,23,2,city_driving,rpm
308.18310770977297,329,60,128,12,51,60,72,23,2,city_driving,rpm
308.68333478575545,545,60,128,12,51,60,72,23,2,city_driving,rpm
308.69329800062025,260,60,128,246,51,60,95,23,2,city_driving,rpm
308.71324743938277,316,60,128,246,51,60,95,23,2,city_driving,rpm
308.8139240544168,329,60,128,110,51,60,95,23,2,city_driving,rpm
309.31439669635176,545,60,128,110,51,60,95,23,2,city_driving,rpm
309.32341831577685,260,60,128,110,51,60,95,23,2,city_driving,rpm
309.34391247400976,316,60,128,0,51,60,95,23,2,city_driving,rpm
309.4446983099887,329,60,128,0,51,60,95,23,2,city_driving,rpm
309.94565297336237,545,60,128,0,51,60,95,23,2,city_driving,rpm
309.95589586658735,260,60,128,12,51,60,72,23,2,city_driving,rpm
309.9753817093256,316,60,128,12,51,60,72,23,2,city_driving,rpm
310.07545157637526,329,60,128,122,51,60,72,23,2,city_driving,rpm
310.57545176000593,545,60,128,122,51,60,72,23,2,city_driving,rpm
310.5851529455217,260,60,128,122,51,60,72,23,2,city_driving,rpm
310.60499080691017,316,60,128,122,51,60,72,23,2,city_driving,rpm
310.7046816617785,329,60,128,122,51,60,72,23,2,city_driving,rpm
311.2049149042486,545,60,128,12,51,60,72,23,2,city_driving,rpm
311.2142885003537,260,60,128,0,51,60,95,23,2,city_driving,rpm
311.2340643571809,316,60,128,0,51,60,95,23,2,city_driving,rpm
311.3336275523657,329,60,128,0,51,60,95,23,2,city_driving,rpm
311.8326323437315,545,60,128,0,51,60,95,23,2,city_driving,rpm
311.84215158124107,260,60,128,110,51,60,95,23,2,city_driving,rpm
311.8624022149673,316,60,128,110,51,60,95,23,2,city_driving,rpm
311.9631961239011,329,60,128,110,51,60,95,23,2,city_driving,rpm
312.4629193011912,545,60,128,110,51,60,95,23,2,city_driving,rpm
312.4719264182905,260,60,128,122,51,60,72,23,2,city_driving,rpm
312.4915763458648,316,60,128,12,51,60,72,23,2,city_driving,rpm
312.591687683984,329,60,128,12,51,60,72,23,2,city_driving,rpm
313.09209915710323,545,60,128,12,51,60,72,23,2,city_driving,rpm
313.10293027489075,260,60,128,12,51,60,72,23,2,city_driving,rpm
313.12197486637945,316,60,128,12,51,60,72,23,2,city_driving,rpm
313.2223256438145,329,60,128,122,51,60,72,23,2,city_driving,rpm
313.72285615688213,545,60,128,122,51,60,72,23,2,city_driving,rpm
313.7320017579018,260,60,128,110,51,60,95,23,2,city_driving,rpm
313.75211464295273,316,60,128,110,51,60,95,23,2,city_driving,rpm
313.85158202333815,329,60,128,110,51,60,95,23,2,city_driving,rpm
314.3518784990291,545,60,128,0,51,60,95,23,2,city_driving,rpm
314.3611366623555,260,60,128,0,51,60,95,23,2,city_driving,rpm
314.38168882459183,316,60,128,0,51,60,95,23,2,city_driving,rpm
314.48209892056633,329,60,128,0,51,60,95,23,2,city_driving,rpm
314.9812145021338,545,60,128,0,51,60,95,23,2,city_driving,rpm
314.9911950523983,260,60,128,122,51,60,72,23,2,city_driving,rpm
315.01126317701744,316,60,128,122,51,60,72,23,2,city_driving,rpm
315.11166860957775,329,60,128,122,51,60,72,23,2,city_driving,rpm
315.6112804429741,545,60,128,122,51,60,72,23,2,city_driving,rpm
315.6213698884991,260,60,128,122,51,60,72,23,2,city_driving,rpm
315.6410622907729,316,60,128,12,51,60,72,23,2,city_driving,rpm
315.7408281845839,329,60,128,12,51,60,72,23,2,city_driving,rpm
316.2417980896071,545,60,128,12,51,60,72,23,2,city_driving,rpm
316.25208848027773,260,60,128,246,51,60,95,23,2,city_driving,rpm
316.27282633963085,316,60,128,246,51,60,95,23,2,city_driving,rpm
316.37190419478134,329,60,128,246,51,60,95,23,2,city_driving,rpm
316.8726012877239,545,60,128,246,51,60,95,23,2,city_driving,rpm
316.8828379410029,260,60,128,110,51,60,95,23,2,city_driving,rpm
316.9024320931621,316,60,128,110,51,60,95,23,2,city_driving,rpm
317.0027602635901,329,60,128,110,51,60,95,23,2,city_driving,rpm
317.5025764192906,545,60,128,0,51,60,95,23,2,city_driving,rpm
317.513155217171,260,60,128,12,51,60,72,23,2,city_driving,rpm
317.53242001481567,316,60,128,12,51,60,72,23,2,city_driving,rpm
317.6319824786308,329,60,128,12,51,60,72,23,2,city_driving,rpm
318.13186993961745,545,60,128,12,51,60,72,23,2,city_driving,rpm
318.14224455903286,260,60,128,122,51,60,72,23,2,city_driving,rpm
318.16244520135456,316,60,128,122,51,60,72,23,2,city_driving,rpm
318.2628996060785,329,60,128,122,51,60,72,23,2,city_driving,rpm
318.76307642141944,545,60,128,122,51,60,72,23,2,city_driving,rpm
318.77234479329275,260,60,128,110,51,60,95,23,2,city_driving,rpm
318.7928791214437,316,60,128,0,51,60,95,23,2,city_driving,rpm
318.89276107158116,329,60,128,0,51,60,95,23,2,city_driving,rpm
319.39184155054124,545,60,128,0,51,60,95,23,2,city_driving,rpm
319.40227180799786,260,60,128,0,51,60,95,23,2,city_driving,rpm
319.4227774754955,316,60,128,0,51,60,95,23,2,city_driving,rpm
319.5236610169996,329,60,128,110,51,60,95,23,2,city_driving,rpm
320.0237101892192,545,60,128,110,51,60,95,23,2,city_driving,rpm
320.0340599960207,260,60,128,122,51,60,72,23,2,city_driving,rpm
320.05328259694954,316,60,128,122,51,60,72,23,2,city_driving,rpm
320.1524353901385,329,60,128,122,51,60,72,23,2,city_driving,rpm
320.6519294033009,545,60,128,12,51,60,72,23,2,city_driving,rpm
320.6613856603223,260,60,128,12,51,60,72,23,2,city_driving,rpm
320.68207483226837,316,60,128,12,51,60,72,23,2,city_driving,rpm
320.782754223264,329,60,128,12,51,60,72,23,2,city_driving,rpm
321.282839226205,545,60,128,12,51,60,72,23,2,city_driving,rpm
321.2923222857748,260,60,128,246,51,60,95,23,2,city_driving,rpm
321.31282873128515,316,60,128,246,51,60,95,23,2,city_driving,rpm
321.4130202420082,329,60,128,110,51,60,95,23,2,city_driving,rpm
321.91203858142035,545,60,128,110,51,60,95,23,2,city_driving,rpm
321.92170510094337,260,60,128,110,51,60,95,23,2,city_driving,rpm
321.9420307477954,316,60,128,0,51,60,95,23,2,city_driving,rpm
322.04282204502744,329,60,128,0,51,60,95,23,2,city_driving,rpm
322.54194045519154,545,60,128,0,51,60,95,23,2,city_driving,rpm
322.55163884600137,260,60,128,12,51,60,72,23,2,city_driving,rpm
322.57162420968166,316,60,128,12,51,60,72,23,2,city_driving,rpm
322.6718246452212,329,60,128,122,51,60,72,23,2,city_driving,rpm
323.17104408488376,545,60,128,122,51,60,72,23,2,city_driving,rpm
323.1816383920367,260,60,128,122,51,60,72,23,2,city_driving,rpm
323.2013623518891,316,60,128,122,51,60,72,23,2,city_driving,rpm
323.3022383181601,329,60,128,122,51,60,72,23,2,city_driving,rpm
323.80264399421304,545,60,128,12,51,60,72,23,2,city_driving,rpm
323.8123897566153,260,60,128,0,51,60,95,23,2,city_driving,rpm
323.83176384344597,316,60,128,0,51,60,95,23,2,city_driving,rpm
323.9320685939671,329,60,128,0,51,60,95,23,2,city_driving,rpm
324.43255334427255,545,60,128,0,51,60,95,23,2,city_driving,rpm
324.4421072536386,260,60,128,110,51,60,95,23,2,city_driving,rpm
324.462297467657,316,60,128,110,51,60,95,23,2,city_driving,rpm
324.56158635027055,329,60,128,110,51,60,95,23,2,city_driving,rpm
325.0611422969885,545,60,128,110,51,60,95,23,2,city_driving,rpm
325.0707022194573,260,60,128,122,51,60,72,23,2,city_driving,rpm
325.0903035746762,316,60,128,12,51,60,72,23,2,city_driving,rpm
325.1898252659728,329,60,128,12,51,60,72,23,2,city_driving,rpm
325.6900532294834,545,60,128,12,51,60,72,23,2,city_driving,rpm
325.700396545167,260,60,128,12,51,60,72,23,2,city_driving,rpm
325.7212046555955,316,60,128,12,51,60,72,23,2,city_driving,rpm
325.8208919710828,329,60,128,122,51,60,72,23,2,city_driving,rpm
326.321615023335,545,60,128,122,51,60,72,23,2,city_driving,rpm
326.33155632185236,260,60,128,110,51,60,95,23,2,city_driving,rpm
326.352357866746,316,60,128,110,51,60,95,23,2,city_driving,rpm
326.4525464168284,329,60,128,110,51,60,95,23,2,city_driving,rpm
326.95205760644706,545,60,128,0,51,60,95,23,2,city_driving,rpm
326.9612635758935,260,60,128,0,51,60,95,23,2,city_driving,rpm
326.9807416671327,316,60,128,0,51,60,95,23,2,city_driving,rpm
327.0814283291825,329,60,128,0,51,60,95,23,2,city_driving,rpm
327.58047566204334,545,60,128,0,51,60,95,23,2,city_driving,rpm
327.59034767042334,260,60,128,122,51,60,72,23,2,city_driving,rpm
327.6111531444633,316,60,128,122,51,60,72,23,2,city_driving,rpm
327.7113327872531,329,60,128,122,51,60,72,23,2,city_driving,rpm
328.2104331535136,545,60,128,122,51,60,72,23,2,city_driving,rpm
328.2199282106439,260,60,128,122,51,60,72,23,2,city_driving,rpm
328.239063243952,316,60,128,12,51,60,72,23,2,city_driving,rpm
328.3400358856102,329,60,128,12,51,60,72,23,2,city_driving,rpm
328.84066519293447,545,60,128,12,51,60,72,23,2,city_driving,rpm
328.85014773650033,260,60,128,246,51,60,95,23,2,city_driving,rpm
328.8701451937372,316,60,128,246,51,60,95,23,2,city_driving,rpm
328.97020474484145,329,60,128,246,51,60,95,23,2,city_driving,rpm
329.470669906467,545,60,128,246,51,60,95,23,2,city_driving,rpm
329.48112504771245,260,60,128,110,51,60,95,23,2,city_driving,rpm
329.50153639552906,316,60,128,110,51,60,95,23,2,city_driving,rpm
329.600806971591,329,60,128,110,51,60,95,23,2,city_driving,rpm
330.10094573625406,545,60,128,0,51,60,95,23,2,city_driving,rpm
330.1113231529688,260,60,128,12,51,60,72,23,2,city_driving,rpm
330.13225362849334,316,60,128,12,51,60,72,23,2,city_driving,rpm
330.23303795962465,329,60,128,12,51,60,72,23,2,city_driving,rpm
330.73255705522706,545,60,128,12,51,60,72,23,2,city_driving,rpm
330.74313008476224,260,60,128,122,51,60,72,23,2,city_driving,rpm
330.7629379190111,316,60,128,122,51,60,72,23,2,city_driving,rpm
330.8633135922407,329,60,128,122,51,60,72,23,2,city_driving,rpm
331.36377479817793,545,60,128,122,51,60,72,23,2,city_driving,rpm
331.3744043650823,260,60,128,110,51,60,95,23,2,city_driving,rpm
331.3942298256514,316,60,128,0,51,60,95,23,2,city_driving,rpm
331.49495332569217,329,60,128,0,51,60,95,23,2,city_driving,rpm
331.9947075094525,545,60,128,0,51,60,95,23,2,city_driving,rpm
332.0052321846506,260,60,128,0,51,60,95,23,2,city_driving,rpm
332.0259874081615,316,60,128,0,51,60,95,23,2,city_driving,rpm
332.1267671056675,329,60,128,110,51,60,95,23,2,city_driving,rpm
332.627159066278,545,60,128,110,51,60,95,23,2,city_driving,rpm
332.63804550553783,260,60,128,122,51,60,72,23,2,city_driving,rpm
332.6585509480739,316,60,128,122,51,60,72,23,2,city_driving,rpm
332.75821217688673,329,60,128,122,51,60,72,23,2,city_driving,rpm
333.25842555291894,545,60,128,12,51,60,72,23,2,city_driving,rpm
333.267807505922,260,60,128,12,51,60,72,23,2,city_driving,rpm
333.2885075559031,316,60,128,12,51,60,72,23,2,city_driving,rpm
333.3894403818087,329,60,128,12,51,60,72,23,2,city_driving,rpm
333.88951111726794,545,60,128,12,51,60,72,23,2,city_driving,rpm
333.8998596494886,260,60,128,246,51,60,95,23,2,city_driving,rpm
333.9199428533952,316,60,128,246,51,60,95,23,2,city_driving,rpm
334.0203764019163,329,60,128,110,51,60,95,23,2,city_driving,rpm
334.5199718934923,545,60,128,110,51,60,95,23,2,city_driving,rpm
334.52956652221513,260,60,128,110,51,60,95,23,2,city_driving,rpm
334.5505384204335,316,60,128,0,51,60,95,23,2,city_driving,rpm
334.65147595512633,329,60,128,0,51,60,95,23,2,city_driving,rpm
335.1507355812938,545,60,128,0,51,60,95,23,2,city_driving,rpm
335.1609443800047,260,60,128,12,51,60,72,23,2,city_driving,rpm
335.1815625125762,316,60,128,12,51,60,72,23,2,city_driving,rpm
335.28063926443804,329,60,128,122,51,60,72,23,2,city_driving,rpm
335.78122025806545,545,60,128,122,51,60,72,23,2,city_driving,rpm
335.79041932433864,260,60,128,122,51,60,72,23,2,city_driving,rpm
335.81049352264796,316,60,128,122,51,60,72,23,2,city_driving,rpm
335.9108282466847,329,60,128,122,51,60,72,23,2,city_driving,rpm
336.4112362376663,545,60,128,12,51,60,72,23,2,city_driving,rpm
336.42076353632285,260,60,128,0,51,60,95,23,2,city_driving,rpm
336.440770728997,316,60,128,0,51,60,95,23,2,city_driving,rpm
336.5405972972999,329,60,128,0,51,60,95,23,2,city_driving,rpm
337.04149453945627,545,60,128,0,51,60,95,23,2,city_driving,rpm
337.0513552592643,260,60,128,110,51,60,95,23,2,city_driving,rpm
337.0714614052096,316,60,128,110,51,60,95,23,2,city_driving,rpm
337.17145093900547,329,60,128,110,51,60,95,23,2,city_driving,rpm
337.670529048291,545,60,128,110,51,60,95,23,2,city_driving,rpm
337.67967884291045,260,60,128,122,51,60,72,23,2,city_driving,rpm
337.69945177106894,316,60,128,12,51,60,72,23,2,city_driving,rpm
337.80029707024323,329,60,128,12,51,60,72,23,2,city_driving,rpm
338.30113868751704,545,60,128,12,51,60,72,23,2,city_driving,rpm
338.31074953306995,260,60,128,12,51,60,72,23,2,city_driving,rpm
338.3300285541902,316,60,128,12,51,60,72,23,2,city_driving,rpm
338.4293830682571,329,60,128,122,51,60,72,23,2,city_driving,rpm
338.92951779813325,545,60,128,122,51,60,72,23,2,city_driving,rpm
338.94037721053195,260,60,128,110,51,60,95,23,2,city_driving,rpm
338.96022048546234,316,60,128,110,51,60,95,23,2,city_driving,rpm
339.0602396212315,329,60,128,110,51,60,95,23,2,city_driving,rpm
339.5611301653636,545,60,128,0,51,60,95,23,2,city_driving,rpm
339.57156291439975,260,60,128,0,51,60,95,23,2,city_driving,rpm
339.59187547106194,316,60,128,0,51,60,95,23,2,city_driving,rpm
339.6909688783465,329,60,128,0,51,60,95,23,2,city_driving,rpm
340.1899774002435,545,60,128,0,51,60,95,23,2,city_driving,rpm
340.1998750692612,260,60,128,122,51,60,72,23,2,city_driving,rpm
340.22175881419804,316,60,128,122,51,60,72,23,2,city_driving,rpm
340.3218850104838,329,60,128,122,51,60,72,23,2,city_driving,rpm
340.82261802678045,545,60,128,122,51,60,72,23,2,city_driving,rpm
340.8329983716764,260,60,128,122,51,60,72,23,2,city_driving,rpm
340.85369421774664,316,60,128,12,51,60,72,23,2,city_driving,rpm
340.9531274288645,329,60,128,12,51,60,72,23,2,city_driving,rpm
341.45332792319414,545,60,128,12,51,60,72,23,2,city_driving,rpm
341.46247552447414,260,60,128,246,51,60,95,23,2,city_driving,rpm
341.48316866022066,316,60,128,246,51,60,95,23,2,city_driving,rpm
341.5838452828539,329,60,128,246,51,60,95,23,2,city_driving,rpm
342.0833055106344,545,60,128,246,51,60,95,23,2,city_driving,rpm
342.0941727800668,260,60,128,110,51,60,95,23,2,city_driving,rpm
342.1146903263599,316,60,128,110,51,60,95,23,2,city_driving,rpm
342.21400227906537,329,60,128,110,51,60,95,23,2,city_driving,rpm
342.71379042058135,545,60,128,0,51,60,95,23,2,city_driving,rpm
342.7233760775086,260,60,128,12,51,60,72,23,2,city_driving,rpm
342.7424503893491,316,60,128,12,51,60,72,23,2,city_driving,rpm
342.8428317672723,329,60,128,12,51,60,72,23,2,city_driving,rpm
343.34267379305794,545,60,128,12,51,60,72,23,2,city_driving,rpm
343.35263160449415,260,60,128,122,51,60,72,23,2,city_driving,rpm
343.3717888236843,316,60,128,122,51,60,72,23,2,city_driving,rpm
343.4721865976024,329,60,128,122,51,60,72,23,2,city_driving,rpm
343.972998917756,545,60,128,122,51,60,72,23,2,city_driving,rpm
343.9831627615976,260,60,128,110,51,60,95,23,2,city_driving,rpm
344.00346816629394,316,60,128,0,51,60,95,23,2,city_driving,rpm
344.1030248557393,329,60,128,0,51,60,95,23,2,city_driving,rpm
344.60280439478777,545,60,128,0,51,60,95,23,2,city_driving,rpm
344.6124088867478,260,60,128,0,51,60,95,23,2,city_driving,rpm
344.63206547122877,316,60,128,0,51,60,95,23,2,city_driving,rpm
344.73262580700543,329,60,128,110,51,60,95,23,2,city_driving,rpm
345.2330663656577,545,60,128,110,51,60,95,23,2,city_driving,rpm
345.2439388050761,260,60,128,122,51,60,72,23,2,city_driving,rpm
345.26436409122573,316,60,128,122,51,60,72,23,2,city_driving,rpm
345.3635464696185,329,60,128,122,51,60,72,23,2,city_driving,rpm
345.8641802555576,545,60,128,12,51,60,72,23,2,city_driving,rpm
345.8746096731719,260,60,128,12,51,60,72,23,2,city_driving,rpm
345.8956077459089,316,60,128,12,51,60,72,23,2,city_driving,rpm
345.99531039882083,329,60,128,12,51,60,72,23,2,city_driving,rpm
346.49537432788986,545,60,128,12,51,60,72,23,2,city_driving,rpm
346.5051009301139,260,60,128,246,51,60,95,23,2,city_driving,rpm
346.5246327075229,316,60,128,246,51,60,95,23,2,city_driving,rpm
346.62531482571677,329,60,128,110,51,60,95,23,2,city_driving,rpm
347.12567593692626,545,60,128,110,51,60,95,23,2,city_driving,rpm
347.13478321824897,260,60,128,110,51,60,95,23,2,city_driving,rpm
347.1538793640929,316,60,128,0,51,60,95,23,2,city_driving,rpm
347.2533929788068,329,60,128,0,51,60,95,23,2,city_driving,rpm
347.75266998986206,545,60,128,0,51,60,95,23,2,city_driving,rpm
347.7625047859164,260,60,128,12,51,60,72,23,2,city_driving,rpm
347.7826543064787,316,60,128,12,51,60,72,23,2,city_driving,rpm
347.8832241225983,329,60,128,122,51,60,72,23,2,city_driving,rpm
348.38263281645266,545,60,128,122,51,60,72,23,2,city_driving,rpm
348.39185360509896,260,60,128,122,51,60,72,23,2,city_driving,rpm
348.4116598691764,316,60,128,122,51,60,72,23,2,city_driving,rpm
348.51173358095355,329,60,128,122,51,60,72,23,2,city_driving,rpm
349.0123758644727,545,60,128,12,51,60,72,23,2,city_driving,rpm
349.0224653396507,260,60,128,0,51,60,95,23,2,city_driving,rpm
349.04201498866274,316,60,128,0,51,60,95,23,2,city_driving,rpm
349.1423276942091,329,60,128,0,51,60,95,23,2,city_driving,rpm
349.642283555142,545,60,128,0,51,60,95,23,2,city_driving,rpm
349.65151241725516,260,60,128,110,51,60,95,23,2,city_driving,rpm
349.6714981529012,316,60,128,110,51,60,95,23,2,city_driving,rpm
349.7715767681908,329,60,128,110,51,60,95,23,2,city_driving,rpm
350.2723722878311,545,60,128,110,51,60,95,23,2,city_driving,rpm
350.2824111854208,260,60,128,122,51,60,72,23,2,city_driving,rpm
350.302974953637,316,60,128,12,51,60,72,23,2,city_driving,rpm
350.4022492423956,329,60,128,12,51,60,72,23,2,city_driving,rpm
350.9027970382965,545,60,128,12,51,60,72,23,2,city_driving,rpm
350.9129387762337,260,60,128,12,51,60,72,23,2,city_driving,rpm
350.9330232928597,316,60,128,12,51,60,72,23,2,city_driving,rpm
351.0333526235063,329,60,128,122,51,60,72,23,2,city_driving,rpm
351.53349288559536,545,60,128,122,51,60,72,23,2,city_driving,rpm
351.54297990663565,260,60,128,110,51,60,95,23,2,city_driving,rpm
351.5621537730556,316,60,128,110,51,60,95,23,2,city_driving,rpm
351.66174439174927,329,60,128,110,51,60,95,23,2,city_driving,rpm
352.1609043973,545,60,128,0,51,60,95,23,2,city_driving,rpm
352.1706599897523,260,60,128,0,51,60,95,23,2,city_driving,rpm
352.1900563941561,316,60,128,0,51,60,95,23,2,city_driving,rpm
352.2894140898916,329,60,128,0,51,60,95,23,2,city_driving,rpm
352.7891939957337,545,60,128,0,51,60,95,23,2,city_driving,rpm
352.7984878213575,260,60,128,122,51,60,72,23,2,city_driving,rpm
352.8179603444759,316,60,128,122,51,60,72,23,2,city_driving,rpm
352.91801587861573,329,60,128,122,51,60,72,23,2,city_driving,rpm
353.41758765143015,545,60,128,122,51,60,72,23,2,city_driving,rpm
353.42759749873727,260,60,128,122,51,60,72,23,2,city_driving,rpm
353.44673686057536,316,60,128,12,51,60,72,23,2,city_driving,rpm
353.54671960113,329,60,128,12,51,60,72,23,2,city_driving,rpm
354.0466952168931,545,60,128,12,51,60,72,23,2,city_driving,rpm
354.05674253342636,260,60,128,246,51,60,95,23,2,city_driving,rpm
354.07581968823047,316,60,128,246,51,60,95,23,2,city_driving,rpm
354.17483746271,329,60,128,246,51,60,95,23,2,city_driving,rpm
354.6757694615744,545,60,128,246,51,60,95,23,2,city_driving,rpm
354.6858792722829,260,60,128,110,51,60,95,23,2,city_driving,rpm
354.7065774773107,316,60,128,110,51,60,95,23,2,city_driving,rpm
354.8074645100623,329,60,128,110,51,60,95,23,2,city_driving,rpm
355.3081645568145,545,60,128,0,51,60,95,23,2,city_driving,rpm
355.31723638749395,260,60,128,12,51,60,72,23,2,city_driving,rpm
355.3380962440229,316,60,128,12,51,60,72,23,2,city_driving,rpm
355.43717148955454,329,60,128,12,51,60,72,23,2,city_driving,rpm
355.9370896127959,545,60,128,12,51,60,72,23,2,city_driving,rpm
355.9470361009281,260,60,128,122,51,60,72,23,2,city_driving,rpm
355.9666446341935,316,60,128,122,51,60,72,23,2,city_driving,rpm
356.0669416407014,329,60,128,122,51,60,72,23,2,city_driving,rpm
356.5660472552145,545,60,128,122,51,60,72,23,2,city_driving,rpm
356.57626646802413,260,60,128,110,51,60,95,23,2,city_driving,rpm
356.5958519120473,316,60,128,0,51,60,95,23,2,city_driving,rpm
356.69543638504217,329,60,128,0,51,60,95,23,2,city_driving,rpm
357.1950927095782,545,60,128,0,51,60,95,23,2,city_driving,rpm
357.2049545794952,260,60,128,0,51,60,95,23,2,city_driving,rpm
357.22500650162743,316,60,128,0,51,60,95,23,2,city_driving,rpm
357.32472117812216,329,60,128,110,51,60,95,23,2,city_driving,rpm
357.82516758872345,545,60,128,110,51,60,95,23,2,city_driving,rpm
357.8354081846887,260,60,128,122,51,60,72,23,2,city_driving,rpm
357.85552756253867,316,60,128,122,51,60,72,23,2,city_driving,rpm
357.95524173232263,329,60,128,122,51,60,72,23,2,city_driving,rpm
358.455913377331,545,60,128,12,51,60,72,23,2,city_driving,rpm
358.4666563654159,260,60,128,12,51,60,72,23,2,city_driving,rpm
358.48594282343686,316,60,128,12,51,60,72,23,2,city_driving,rpm
358.5858115793455,329,60,128,12,51,60,72,23,2,city_driving,rpm
359.0850275704821,545,60,128,12,51,60,72,23,2,city_driving,rpm
359.09443284781565,260,60,128,246,51,60,95,23,2,city_driving,rpm
359.1142494243172,316,60,128,246,51,60,95,23,2,city_driving,rpm
359.21453531834476,329,60,128,110,51,60,95,23,2,city_driving,rpm
359.71362245128404,545,60,128,110,51,60,95,23,2,city_driving,rpm
359.72461586135165,260,60,128,110,51,60,95,23,2,city_driving,rpm
359.7440777734485,316,60,128,0,51,60,95,23,2,city_driving,rpm
359.8444019694695,329,60,128,0,51,60,95,23,2,city_driving,rpm
360.34496912243884,545,60,128,0,51,60,95,23,2,city_driving,rpm
360.3540442881879,260,60,128,12,51,60,72,23,2,city_driving,rpm
360.37358504439567,316,60,128,12,51,60,72,23,2,city_driving,rpm
360.47308242100365,329,60,128,122,51,60,72,23,2,city_driving,rpm
360.97348171470236,545,60,128,122,51,60,72,23,2,city_driving,rpm
360.98325491661063,260,60,128,122,51,60,72,23,2,city_driving,rpm
361.0023588744443,316,60,128,122,51,60,72,23,2,city_driving,rpm
361.1024153987392,329,60,128,122,51,60,72,23,2,city_driving,rpm
361.60251398735073,545,60,128,12,51,60,72,23,2,city_driving,rpm
361.61318457406867,260,60,128,0,51,60,95,23,2,city_driving,rpm
361.63230391067674,316,60,128,0,51,60,95,23,2,city_driving,rpm
361.7326261164075,329,60,128,0,51,60,95,23,2,city_driving,rpm
362.2317112836493,545,60,128,0,51,60,95,23,2,city_driving,rpm
362.2420236446477,260,60,128,110,51,60,95,23,2,city_driving,rpm
362.2618828549448,316,60,128,110,51,60,95,23,2,city_driving,rpm
362.3610174262202,329,60,128,110,51,60,95,23,2,city_driving,rpm
362.86050046190405,545,60,128,110,51,60,95,23,2,city_driving,rpm
362.8705628438529,260,60,128,122,51,60,72,23,2,city_driving,rpm
362.8901112919397,316,60,128,12,51,60,72,23,2,city_driving,rpm
362.9891255878751,329,60,128,12,51,60,72,23,2,city_driving,rpm
363.4897287474446,545,60,128,12,51,60,72,23,2,city_driving,rpm
363.5003742050699,260,60,128,12,51,60,72,23,2,city_driving,rpm
363.5200616931319,316,60,128,12,51,60,72,23,2,city_driving,rpm
363.61967914672135,329,60,128,122,51,60,72,23,2,city_driving,rpm
364.120041109154,545,60,128,122,51,60,72,23,2,city_driving,rpm
364.13069040014557,260,60,128,110,51,60,95,23,2,city_driving,rpm
364.1514514360151,316,60,128,110,51,60,95,23,2,city_driving,rpm
364.2517253615207,329,60,128,110,51,60,95,23,2,city_driving,rpm
364.7522133481634,545,60,128,0,51,60,95,23,2,city_driving,rpm
364.7613175730218,260,60,128,0,51,60,95,23,2,city_driving,rpm
364.78104334759695,316,60,128,0,51,60,95,23,2,city_driving,rpm
364.8814158869711,329,60,128,0,51,60,95,23,2,city_driving,rpm
365.3804458549969,545,60,128,0,51,60,95,23,2,city_driving,rpm
365.39011704311156,260,60,128,122,51,60,72,23,2,city_driving,rpm
365.41085119565366,316,60,128,122,51,60,72,23,2,city_driving,rpm
365.5114257796129,329,60,128,122,51,60,72,23,2,city_driving,rpm
366.0106917226783,545,60,128,122,51,60,72,23,2,city_driving,rpm
366.0214230661176,260,60,128,122,51,60,72,23,2,city_driving,rpm
366.041355712162,316,60,128,12,51,60,72,23,2,city_driving,rpm
366.1420524764732,329,60,128,12,51,60,72,23,2,city_driving,rpm
366.6428706143131,545,60,128,12,51,60,72,23,2,city_driving,rpm
366.65216505857586,260,60,128,246,51,60,95,23,2,city_driving,rpm
366.6721280378142,316,60,128,246,51,60,95,23,2,city_driving,rpm
366.7725650592438,329,60,128,246,51,60,95,23,2,city_driving,rpm
367.2731327518933,545,60,128,246,51,60,95,23,2,city_driving,rpm
367.2828770032788,260,60,128,110,51,60,95,23,2,city_driving,rpm
367.3029335123605,316,60,128,110,51,60,95,23,2,city_driving,rpm
367.4024270088388,329,60,128,110,51,60,95,23,2,city_driving,rpm
367.9017182145172,545,60,128,0,51,60,95,23,2,city_driving,rpm
367.9124306775647,260,60,128,12,51,60,72,23,2,city_driving,rpm
367.9320760030192,316,60,128,12,51,60,72,23,2,city_driving,rpm
368.0322952241625,329,60,128,12,51,60,72,23,2,city_driving,rpm
368.53195595348944,545,60,128,12,51,60,72,23,2,city_driving,rpm
368.5419464152273,260,60,128,122,51,60,72,23,2,city_driving,rpm
368.56194919674306,316,60,128,122,51,60,72,23,2,city_driving,rpm
368.6625723768812,329,60,128,122,51,60,72,23,2,city_driving,rpm
369.1631548724548,545,60,128,122,51,60,72,23,2,city_driving,rpm
369.17295954502936,260,60,128,110,51,60,95,23,2,city_driving,rpm
369.1921713876911,316,60,128,0,51,60,95,23,2,city_driving,rpm
369.2912630855896,329,60,128,0,51,60,95,23,2,city_driving,rpm
369.79134310183946,545,60,128,0,51,60,95,23,2,city_driving,rpm
369.80095817882335,260,60,128,0,51,60,95,23,2,city_driving,rpm
369.8199799386487,316,60,128,0,51,60,95,23,2,city_driving,rpm
369.9198751582722,329,60,128,110,51,60,95,23,2,city_driving,rpm
370.42046329214276,545,60,128,110,51,60,95,23,2,city_driving,rpm
370.43107368569,260,60,128,122,51,60,72,23,2,city_driving,rpm
370.45017866219195,316,60,128,122,51,60,72,23,2,city_driving,rpm
370.54917895518724,329,60,128,122,51,60,72,23,2,city_driving,rpm
371.04974787164696,545,60,128,12,51,60,72,23,2,city_driving,rpm
371.0597598967309,260,60,128,12,51,60,72,23,2,city_driving,rpm
371.079345955651,316,60,128,12,51,60,72,23,2,city_driving,rpm
371.17993166455227,329,60,128,12,51,60,72,23,2,city_driving,rpm
371.6765504654933,545,60,128,12,51,60,72,23,2,city_driving,rpm
371.68713171511513,260,60,128,246,51,60,95,23,2,city_driving,rpm
371.70686222096884,316,60,128,246,51,60,95,23,2,city_driving,rpm
371.80737534714206,329,60,128,110,51,60,95,23,2,city_driving,rpm
372.30726695126907,545,60,128,110,51,60,95,23,2,city_driving,rpm
372.3180696129846,260,60,128,110,51,60,95,23,2,city_driving,rpm
372.337515729109,316,60,128,0,51,60,95,23,2,city_driving,rpm
372.43817867153257,329,60,128,0,51,60,95,23,2,city_driving,rpm
372.93834367888167,545,60,128,0,51,60,95,23,2,city_driving,rpm
372.94806840948144,260,60,128,12,51,60,72,23,2,city_driving,rpm
372.96895610197134,316,60,128,12,51,60,72,23,2,city_driving,rpm
373.06822308787923,329,60,128,122,51,60,72,23,2,city_driving,rpm
373.5690028730369,545,60,128,122,51,60,72,23,2,city_driving,rpm
373.5799998301508,260,60,128,122,51,60,72,23,2,city_driving,rpm
373.60020037410567,316,60,128,122,51,60,72,23,2,city_driving,rpm
373.6994187296886,329,60,128,122,51,60,72,23,2,city_driving,rpm
374.19869361794645,545,60,128,12,51,60,72,23,2,city_driving,rpm
374.2092624536134,260,60,128,0,51,60,95,23,2,city_driving,rpm
374.22863746849123,316,60,128,0,51,60,95,23,2,city_driving,rpm
374.3276644566414,329,60,128,0,51,60,95,23,2,city_driving,rpm
374.82800970586385,545,60,128,0,51,60,95,23,2,city_driving,rpm
374.83863671323013,260,60,128,110,51,60,95,23,2,city_driving,rpm
374.8595652637158,316,60,128,110,51,60,95,23,2,city_driving,rpm
374.9591855670534,329,60,128,110,51,60,95,23,2,city_driving,rpm
375.4590778658689,545,60,128,110,51,60,95,23,2,city_driving,rpm
375.4688499321924,260,60,128,122,51,60,72,23,2,city_driving,rpm
375.48832988793777,316,60,128,12,51,60,72,23,2,city_driving,rpm
375.5890647766042,329,60,128,12,51,60,72,23,2,city_driving,rpm
376.0897835345662,545,60,128,12,51,60,72,23,2,city_driving,rpm
376.10036425354434,260,60,128,12,51,60,72,23,2,city_driving,rpm
376.1213588655709,316,60,128,12,51,60,72,23,2,city_driving,rpm
376.22212032143125,329,60,128,122,51,60,72,23,2,city_driving,rpm
376.7225718847364,545,60,128,122,51,60,72,23,2,city_driving,rpm
376.73258710198803,260,60,128,110,51,60,95,23,2,city_driving,rpm
376.75328997661103,316,60,128,110,51,60,95,23,2,city_driving,rpm
376.854107211643,329,60,128,110,51,60,95,23,2,city_driving,rpm
377.3532560033609,545,60,128,0,51,60,95,23,2,city_driving,rpm
377.36309236376303,260,60,128,0,51,60,95,23,2,city_driving,rpm
377.3829845426526,316,60,128,0,51,60,95,23,2,city_driving,rpm
377.4820530072493,329,60,128,0,51,60,95,23,2,city_driving,rpm
377.9819518300355,545,60,128,0,51,60,95,23,2,city_driving,rpm
377.9913935860281,260,62,128,123,51,62,76,23,4,highway,rpm
378.0120358183634,316,63,128,123,51,63,76,24,4,highway,rpm
378.11302784805395,329,64,128,124,51,64,76,24,4,highway,rpm
378.61402064734426,545,66,128,124,51,66,76,25,4,highway,rpm
378.6249730824047,260,68,128,125,51,68,76,25,4,highway,rpm
378.6454649009193,316,69,128,12,51,69,76,26,4,highway,rpm
378.7452336905128,329,70,128,12,51,70,76,26,4,highway,rpm
379.2448937194672,545,72,128,12,51,72,76,27,4,highway,rpm
379.25552678810124,260,74,128,246,51,74,99,27,4,highway,rpm
379.2750361812878,316,75,128,246,51,75,99,28,4,highway,rpm
379.3742719819666,329,76,128,246,51,76,99,28,4,highway,rpm
379.87507477316353,545,78,128,246,51,78,99,28,4,highway,rpm
379.88529426034745,260,80,128,118,51,80,99,29,4,highway,rpm
379.90599176688903,316,81,128,118,51,81,99,29,4,highway,rpm
380.00671418538025,329,82,128,119,51,82,99,30,4,highway,rpm
380.50770863494915,545,84,128,0,51,84,99,30,4,highway,rpm
380.5173158597976,260,86,128,12,51,86,76,31,4,highway,rpm
380.53717629174315,316,87,128,12,51,87,76,31,4,highway,rpm
380.63736746428367,329,88,128,12,51,88,76,32,4,highway,rpm
381.1381755596326,545,90,128,12,51,90,76,32,4,highway,rpm
381.1491293146599,260,92,128,135,51,92,76,32,4,highway,rpm
381.1692653078762,316,93,128,135,51,93,76,33,4,highway,rpm
381.2694796979457,329,94,128,136,51,94,76,33,4,highway,rpm
381.76897826201304,545,96,128,136,51,96,76,34,4,highway,rpm
381.7782872368696,260,98,128,125,51,98,99,34,4,highway,rpm
381.7979104705493,316,99,128,0,51,99,99,35,4,highway,rpm
381.8970263270264,329,100,128,0,51,100,99,35,4,highway,rpm
382.3973847487211,545,102,128,0,51,102,99,36,4,highway,rpm
382.4075200449712,260,104,128,0,51,104,99,36,4,highway,rpm
382.42710134270106,316,105,128,0,51,105,99,36,4,highway,rpm
382.52706923364894,329,106,128,129,51,106,99,37,4,highway,rpm
383.0262673839706,545,108,128,129,51,108,99,37,4,highway,rpm
383.03639531616784,260,110,128,142,51,110,76,38,4,highway,rpm
383.0569097613402,316,111,128,142,51,111,76,38,4,highway,rpm
383.15700079874176,329,112,128,143,51,112,76,39,4,highway,rpm
383.65629806562674,545,114,128,12,51,114,76,39,4,highway,rpm
383.6659549221925,260,116,128,12,51,116,76,40,4,highway,rpm
383.68630390668596,316,117,128,12,51,117,76,40,4,highway,rpm
383.7853501824886,329,118,128,12,51,118,76,41,4,highway,rpm
384.28468384144645,545,120,128,12,51,120,76,41,4,highway,rpm
384.2945064581083,260,120,128,246,51,120,99,41,4,highway,rpm
384.3141411488867,316,120,128,246,51,120,99,41,4,highway,rpm
384.41405997887534,329,120,128,134,51,120,99,41,4,highway,rpm
384.914992527381,545,120,128,134,51,120,99,41,4,highway,rpm
384.9248461377308,260,120,128,134,51,120,99,41,4,highway,rpm
384.9456117919905,316,120,128,0,51,120,99,41,4,highway,rpm
385.04597112457964,329,120,128,0,51,120,99,41,4,highway,rpm
385.54578217868266,545,120,128,0,51,120,99,41,4,highway,rpm
385.55496631385137,260,120,128,12,51,120,76,41,4,highway,rpm
385.57526045838256,316,120,128,12,51,120,76,41,4,highway,rpm
385.67528886297356,329,120,128,146,51,120,76,41,4,highway,rpm
386.174402015962,545,120,128,146,51,120,76,41,4,highway,rpm
386.1860340880691,260,120,128,146,51,120,76,41,4,highway,rpm
386.2056202789924,316,120,128,146,51,120,76,41,4,highway,rpm
386.30564143663565,329,120,128,146,51,120,76,41,4,highway,rpm
386.80617189149484,545,120,128,12,51,120,76,41,4,highway,rpm
386.8158110333718,260,120,128,0,51,120,99,41,4,highway,rpm
386.8360278522899,316,120,128,0,51,120,99,41,4,highway,rpm
386.9361230943959,329,120,128,0,51,120,99,41,4,highway,rpm
387.43516394243846,545,120,128,0,51,120,99,41,4,highway,rpm
387.44596408330074,260,120,128,134,51,120,99,41,4,highway,rpm
387.4658426195813,316,120,128,134,51,120,99,41,4,highway,rpm
387.5652028959655,329,120,128,134,51,120,99,41,4,highway,rpm
388.06570104449776,545,120,128,134,51,120,99,41,4,highway,rpm
388.07668194094873,260,120,128,146,51,120,76,41,4,highway,rpm
388.0958158550862,316,120,128,12,51,120,76,41,4,highway,rpm
388.1948961025741,329,120,128,12,51,120,76,41,4,highway,rpm
388.6946900832273,545,120,128,12,51,120,76,41,4,highway,rpm
388.7041145323402,260,120,128,12,51,120,76,41,4,highway,rpm
388.72325391380633,316,120,128,12,51,120,76,41,4,highway,rpm
388.82386504537976,329,120,128,146,51,120,76,41,4,highway,rpm
389.32390238716016,545,120,128,146,51,120,76,41,4,highway,rpm
389.33406205655496,260,120,128,134,51,120,99,41,4,highway,rpm
389.3538393392202,316,120,128,134,51,120,99,41,4,highway,rpm
389.4537224510394,329,120,128,134,51,120,99,41,4,highway,rpm
389.95339938982835,545,120,128,0,51,120,99,41,4,highway,rpm
389.96401717544546,260,120,128,0,51,120,99,41,4,highway,rpm
389.98433615160405,316,120,128,0,51,120,99,41,4,highway,rpm
390.0836736557274,329,120,128,0,51,120,99,41,4,highway,rpm
390.58375671644365,545,120,128,0,51,120,99,41,4,highway,rpm
390.59394488149854,260,120,128,146,51,120,76,41,4,highway,rpm
390.6144976235958,316,120,128,146,51,120,76,41,4,highway,rpm
390.71362659470617,329,120,128,146,51,120,76,41,4,highway,rpm
391.2136831583869,545,120,128,146,51,120,76,41,4,highway,rpm
391.2236424794194,260,120,128,146,51,120,76,41,4,highway,rpm
391.24356650626765,316,120,128,12,51,120,76,41,4,highway,rpm
391.342677038077,329,120,128,12,51,120,76,41,4,highway,rpm
391.8419419051016,545,120,128,12,51,120,76,41,4,highway,rpm
391.8522726026338,260,120,128,246,51,120,99,41,4,highway,rpm
391.87312138744966,316,120,128,246,51,120,99,41,4,highway,rpm
391.97302745470773,329,120,128,246,51,120,99,41,4,highway,rpm
392.4735750613211,545,120,128,246,51,120,99,41,4,highway,rpm
392.48457034243216,260,120,128,134,51,120,99,41,4,highway,rpm
392.50544448653164,316,120,128,134,51,120,99,41,4,highway,rpm
392.6063549045939,329,120,128,134,51,120,99,41,4,highway,rpm
393.1069611666632,545,120,128,0,51,120,99,41,4,highway,rpm
393.1173296126065,260,120,128,12,51,120,76,41,4,highway,rpm
393.1373308603119,316,120,128,12,51,120,76,41,4,highway,rpm
393.23667037009744,329,120,128,12,51,120,76,41,4,highway,rpm
393.7368340792832,545,120,128,12,51,120,76,41,4,highway,rpm
393.7468352816746,260,120,128,146,51,120,76,41,4,highway,rpm
393.76755805031166,316,120,128,146,51,120,76,41,4,highway,rpm
393.8675563075315,329,120,128,146,51,120,76,41,4,highway,rpm
394.36782566928565,545,120,128,146,51,120,76,41,4,highway,rpm
394.3782120271518,260,120,128,134,51,120,99,41,4,highway,rpm
394.39843128872604,316,120,128,0,51,120,99,41,4,highway,rpm
394.498811676742,329,120,128,0,51,120,99,41,4,highway,rpm
394.9980699262709,545,120,128,0,51,120,99,41,4,highway,rpm
395.0080359283874,260,120,128,0,51,120,99,41,4,highway,rpm
395.02707427561705,316,120,128,0,51,120,99,41,4,highway,rpm
395.1276413915572,329,120,128,134,51,120,99,41,4,highway,rpm
395.62857326498073,545,120,128,134,51,120,99,41,4,highway,rpm
395.6392819374506,260,120,128,146,51,120,76,41,4,highway,rpm
395.65832706809334,316,120,128,146,51,120,76,41,4,highway,rpm
395.7592579506826,329,120,128,146,51,120,76,41,4,highway,rpm
396.2583345334315,545,120,128,12,51,120,76,41,4,highway,rpm
396.26825480119356,260,120,128,12,51,120,76,41,4,highway,rpm
396.28764209936907,316,120,128,12,51,120,76,41,4,highway,rpm
396.3886205918086,329,120,128,12,51,120,76,41,4,highway,rpm
396.8885631222077,545,120,128,12,51,120,76,41,4,highway,rpm
396.8991641162003,260,120,128,246,51,120,99,41,4,highway,rpm
396.92005198271397,316,120,128,246,51,120,99,41,4,highway,rpm
397.0204505753125,329,120,128,134,51,120,99,41,4,highway,rpm
397.51977268316546,545,120,128,134,51,120,99,41,4,highway,rpm
397.5301648247499,260,120,128,134,51,120,99,41,4,highway,rpm
397.5501249894071,316,120,128,0,51,120,99,41,4,highway,rpm
397.65000071685074,329,120,128,0,51,120,99,41,4,highway,rpm
398.14972583294514,545,120,128,0,51,120,99,41,4,highway,rpm
398.1603847183781,260,120,128,12,51,120,76,41,4,highway,rpm
398.181321984811,316,120,128,12,51,120,76,41,4,highway,rpm
398.28189177004487,329,120,128,146,51,120,76,41,4,highway,rpm
398.78091901071434,545,120,128,146,51,120,76,41,4,highway,rpm
398.79161947622794,260,120,128,146,51,120,76,41,4,highway,rpm
398.8116183377296,316,120,128,146,51,120,76,41,4,highway,rpm
398.9116357525369,329,120,128,146,51,120,76,41,4,highway,rpm
399.410754999991,545,120,128,12,51,120,76,41,4,highway,rpm
399.41997608282855,260,120,128,0,51,120,99,41,4,highway,rpm
399.43932183462516,316,120,128,0,51,120,99,41,4,highway,rpm
399.5391091818949,329,120,128,0,51,120,99,41,4,highway,rpm
400.03852876645203,545,120,128,0,51,120,99,41,4,highway,rpm
400.04941002143653,260,120,128,134,51,120,99,41,4,highway,rpm
400.0685416106598,316,120,128,134,51,120,99,41,4,highway,rpm
400.1694521380846,329,120,128,134,51,120,99,41,4,highway,rpm
400.67028555367284,545,120,128,134,51,120,99,41,4,highway,rpm
400.6809764824125,260,120,128,146,51,120,76,41,4,highway,rpm
400.70073174021144,316,120,128,12,51,120,76,41,4,highway,rpm
400.80031986984005,329,120,128,12,51,120,76,41,4,highway,rpm
401.3012442315549,545,120,128,12,51,120,76,41,4,highway,rpm
401.3110958350784,260,120,128,12,51,120,76,41,4,highway,rpm
401.3306263807426,316,120,128,12,51,120,76,41,4,highway,rpm
401.4312080631174,329,120,128,146,51,120,76,41,4,highway,rpm
401.93070559730126,545,120,128,146,51,120,76,41,4,highway,rpm
401.9400913288144,260,120,128,134,51,120,99,41,4,highway,rpm
401.95915432037293,316,120,128,134,51,120,99,41,4,highway,rpm
402.0600394751308,329,120,128,134,51,120,99,41,4,highway,rpm
402.5609076437391,545,120,128,0,51,120,99,41,4,highway,rpm
402.5709484906511,260,120,128,0,51,120,99,41,4,highway,rpm
402.59115271857513,316,120,128,0,51,120,99,41,4,highway,rpm
402.69073668897084,329,120,128,0,51,120,99,41,4,highway,rpm
403.1910723344357,545,120,128,0,51,120,99,41,4,highway,rpm
403.20036624377934,260,120,128,146,51,120,76,41,4,highway,rpm
403.2200871374026,316,120,128,146,51,120,76,41,4,highway,rpm
403.3197259968501,329,120,128,146,51,120,76,41,4,highway,rpm
403.8203769169471,545,120,128,146,51,120,76,41,4,highway,rpm
403.8310192026845,260,120,128,146,51,120,76,41,4,highway,rpm
403.8511605258058,316,120,128,12,51,120,76,41,4,highway,rpm
403.9502747207587,329,120,128,12,51,120,76,41,4,highway,rpm
404.45006974194496,545,120,128,12,51,120,76,41,4,highway,rpm
404.4593187614007,260,120,128,246,51,120,99,41,4,highway,rpm
404.4794564370581,316,120,128,246,51,120,99,41,4,highway,rpm
404.5794270580357,329,120,128,246,51,120,99,41,4,highway,rpm
405.0799087771514,545,120,128,246,51,120,99,41,4,highway,rpm
405.0892578559699,260,120,128,134,51,120,99,41,4,highway,rpm
405.109852819247,316,120,128,134,51,120,99,41,4,highway,rpm
405.20952749787915,329,120,128,134,51,120,99,41,4,highway,rpm
405.71052115866155,545,120,128,0,51,120,99,41,4,highway,rpm
405.72036617281464,260,120,128,12,51,120,76,41,4,highway,rpm
405.740160259939,316,120,128,12,51,120,76,41,4,highway,rpm
405.8404408754539,329,120,128,12,51,120,76,41,4,highway,rpm
406.33957337913694,545,120,128,12,51,120,76,41,4,highway,rpm
406.3504911116983,260,120,128,146,51,120,76,41,4,highway,rpm
406.3712113429737,316,120,128,146,51,120,76,41,4,highway,rpm
406.4706294065039,329,120,128,146,51,120,76,41,4,highway,rpm
406.9698265049068,545,120,128,146,51,120,76,41,4,highway,rpm
406.98052504234994,260,120,128,134,51,120,99,41,4,highway,rpm
407.00119972727566,316,120,128,0,51,120,99,41,4,highway,rpm
407.10210346430654,329,120,128,0,51,120,99,41,4,highway,rpm
407.6017015005391,545,120,128,0,51,120,99,41,4,highway,rpm
407.611604119622,260,120,128,0,51,120,99,41,4,highway,rpm
407.6322260880693,316,120,128,0,51,120,99,41,4,highway,rpm
407.7324978710297,329,120,128,134,51,120,99,41,4,highway,rpm
408.2329031617657,545,120,128,134,51,120,99,41,4,highway,rpm
408.24360329319086,260,120,128,146,51,120,76,41,4,highway,rpm
408.2641591075081,316,120,128,146,51,120,76,41,4,highway,rpm
408.36405914636424,329,120,128,146,51,120,76,41,4,highway,rpm
408.86310545815263,545,120,128,12,51,120,76,41,4,highway,rpm
408.87284640393847,260,120,128,12,51,120,76,41,4,highway,rpm
408.8932799773377,316,120,128,12,51,120,76,41,4,highway,rpm
408.993086452446,329,120,128,12,51,120,76,41,4,highway,rpm
409.4929675011121,545,120,128,12,51,120,76,41,4,highway,rpm
409.5039659399199,260,120,128,246,51,120,99,41,4,highway,rpm
409.5239273859726,316,120,128,246,51,120,99,41,4,highway,rpm
409.6233966631084,329,120,128,134,51,120,99,41,4,highway,rpm
410.1239080667227,545,120,128,134,51,120,99,41,4,highway,rpm
410.13449640038954,260,120,128,134,51,120,99,41,4,highway,rpm
410.15355537017433,316,120,128,0,51,120,99,41,4,highway,rpm
410.2527751898774,329,120,128,0,51,120,99,41,4,highway,rpm
410.7532928153281,545,120,128,0,51,120,99,41,4,highway,rpm
410.763421474426,260,120,128,12,51,120,76,41,4,highway,rpm
410.78434919045543,316,120,128,12,51,120,76,41,4,highway,rpm
410.88338303864504,329,120,128,146,51,120,76,41,4,highway,rpm
411.38285941958844,545,120,128,146,51,120,76,41,4,highway,rpm
411.3932884569646,260,120,128,146,51,120,76,41,4,highway,rpm
411.41253408129546,316,120,128,146,51,120,76,41,4,highway,rpm
411.51319679863735,329,120,128,146,51,120,76,41,4,highway,rpm
412.0125519168853,545,120,128,12,51,120,76,41,4,highway,rpm
412.0232714970317,260,120,128,0,51,120,99,41,4,highway,rpm
412.04373205931586,316,120,128,0,51,120,99,41,4,highway,rpm
412.14283151753614,329,120,128,0,51,120,99,41,4,highway,rpm
412.64192818874517,545,120,128,0,51,120,99,41,4,highway,rpm
412.65156709544533,260,120,128,134,51,120,99,41,4,highway,rpm
412.6707082266038,316,120,128,134,51,120,99,41,4,highway,rpm
412.7707414360846,329,120,128,134,51,120,99,41,4,highway,rpm
413.2697552281039,545,120,128,134,51,120,99,41,4,highway,rpm
413.27926793456726,260,120,128,146,51,120,76,41,4,highway,rpm
413.2998462151785,316,120,128,12,51,120,76,41,4,highway,rpm
413.40019952145127,329,120,128,12,51,120,76,41,4,highway,rpm
413.9002221897233,545,120,128,12,51,120,76,41,4,highway,rpm
413.90932272666123,260,120,128,12,51,120,76,41,4,highway,rpm
413.92869295034325,316,120,128,12,51,120,76,41,4,highway,rpm
414.02863886008464,329,120,128,146,51,120,76,41,4,highway,rpm
414.52805299521447,545,120,128,146,51,120,76,41,4,highway,rpm
414.53807545798026,260,120,128,134,51,120,99,41,4,highway,rpm
414.55766705402067,316,120,128,134,51,120,99,41,4,highway,rpm
414.6572840905043,329,120,128,134,51,120,99,41,4,highway,rpm
415.1577256356294,545,120,128,0,51,120,99,41,4,highway,rpm
415.1668718081172,260,120,128,0,51,120,99,41,4,highway,rpm
415.1869125800614,316,120,128,0,51,120,99,41,4,highway,rpm
415.28598571407974,329,120,128,0,51,120,99,41,4,highway,rpm
415.7851467357623,545,120,128,0,51,120,99,41,4,highway,rpm
415.79447134983457,260,120,128,146,51,120,76,41,4,highway,rpm
415.81352592786595,316,120,128,146,51,120,76,41,4,highway,rpm
415.91307908347125,329,120,128,146,51,120,76,41,4,highway,rpm
416.4123953574325,545,120,128,146,51,120,76,41,4,highway,rpm
416.422690533865,260,120,128,146,51,120,76,41,4,highway,rpm
416.44329489045225,316,120,128,12,51,120,76,41,4,highway,rpm
416.54307922886096,329,120,128,12,51,120,76,41,4,highway,rpm
417.0428452559368,545,120,128,12,51,120,76,41,4,highway,rpm
417.05380449374445,260,120,128,246,51,120,99,41,4,highway,rpm
417.0731230334474,316,120,128,246,51,120,99,41,4,highway,rpm
417.17270753877006,329,120,128,246,51,120,99,41,4,highway,rpm
417.6734590163049,545,120,128,246,51,120,99,41,4,highway,rpm
417.68253969734,260,120,128,134,51,120,99,41,4,highway,rpm
417.7018810189406,316,120,128,134,51,120,99,41,4,highway,rpm
417.80097875477173,329,120,128,134,51,120,99,41,4,highway,rpm
418.3006827909266,545,120,128,0,51,120,99,41,4,highway,rpm
418.3100579363552,260,120,128,12,51,120,76,41,4,highway,rpm
418.32959682408074,316,120,128,12,51,120,76,41,4,highway,rpm
418.42993583425294,329,120,128,12,51,120,76,41,4,highway,rpm
418.9293039158078,545,120,128,12,51,120,76,41,4,highway,rpm
418.9395111018202,260,120,128,146,51,120,76,41,4,highway,rpm
418.9590272603371,316,120,128,146,51,120,76,41,4,highway,rpm
419.058683802053,329,120,128,146,51,120,76,41,4,highway,rpm
419.5578545191092,545,120,128,146,51,120,76,41,4,highway,rpm
419.56713971971266,260,120,128,134,51,120,99,41,4,highway,rpm
419.5869324095905,316,120,128,0,51,120,99,41,4,highway,rpm
419.68644507296096,329,120,128,0,51,120,99,41,4,highway,rpm
420.18711292714727,545,120,128,0,51,120,99,41,4,highway,rpm
420.19726917323146,260,120,128,0,51,120,99,41,4,highway,rpm
420.2166209480191,316,120,128,0,51,120,99,41,4,highway,rpm
420.3157383245223,329,120,128,134,51,120,99,41,4,highway,rpm
420.8137296004755,545,120,128,134,51,120,99,41,4,highway,rpm
420.8231266794734,260,120,128,146,51,120,76,41,4,highway,rpm
420.84382627722596,316,120,128,146,51,120,76,41,4,highway,rpm
420.94418154966655,329,120,128,146,51,120,76,41,4,highway,rpm
421.4434603777777,545,120,128,12,51,120,76,41,4,highway,rpm
421.45276910829784,260,120,128,12,51,120,76,41,4,highway,rpm
421.47233493312984,316,120,128,12,51,120,76,41,4,highway,rpm
421.5725212932325,329,120,128,12,51,120,76,41,4,highway,rpm
422.0706204888717,545,120,128,12,51,120,76,41,4,highway,rpm
422.0806885565934,260,120,128,246,51,120,99,41,4,highway,rpm
422.1001155439875,316,120,128,246,51,120,99,41,4,highway,rpm
422.19949330037247,329,120,128,134,51,120,99,41,4,highway,rpm
422.69914149389706,545,120,128,134,51,120,99,41,4,highway,rpm
422.70828539476224,260,120,128,134,51,120,99,41,4,highway,rpm
422.72752152558724,316,120,128,0,51,120,99,41,4,highway,rpm
422.82721162093605,329,120,128,0,51,120,99,41,4,highway,rpm
423.3263379347874,545,120,128,0,51,120,99,41,4,highway,rpm
423.33984619569816,260,120,128,12,51,120,76,41,4,highway,rpm
423.35928998643533,316,120,128,12,51,120,76,41,4,highway,rpm
423.45835608124094,329,120,128,146,51,120,76,41,4,highway,rpm
423.9581198738233,545,120,128,146,51,120,76,41,4,highway,rpm
423.96770708548274,260,120,128,146,51,120,76,41,4,highway,rpm
423.9879254622438,316,120,128,146,51,120,76,41,4,highway,rpm
424.0879871200653,329,120,128,146,51,120,76,41,4,highway,rpm
424.5872883783868,545,120,128,12,51,120,76,41,4,highway,rpm
424.59702624114647,260,120,128,0,51,120,99,41,4,highway,rpm
424.6169105338815,316,120,128,0,51,120,99,41,4,highway,rpm
424.716887807129,329,120,128,0,51,120,99,41,4,highway,rpm
425.21655460782415,545,120,128,0,51,120,99,41,4,highway,rpm
425.22711952367655,260,120,128,134,51,120,99,41,4,highway,rpm
425.2461949277375,316,120,128,134,51,120,99,41,4,highway,rpm
425.3459136199715,329,120,128,134,51,120,99,41,4,highway,rpm
425.84651135323173,545,120,128,134,51,120,99,41,4,highway,rpm
425.8563204157181,260,120,128,146,51,120,76,41,4,highway,rpm
425.876027208395,316,120,128,12,51,120,76,41,4,highway,rpm
425.9756980255965,329,120,128,12,51,120,76,41,4,highway,rpm
426.47632763878477,545,120,128,12,51,120,76,41,4,highway,rpm
426.48619094791263,260,120,128,12,51,120,76,41,4,highway,rpm
426.5056661428339,316,120,128,12,51,120,76,41,4,highway,rpm
426.6062255359686,329,120,128,146,51,120,76,41,4,highway,rpm
427.1067606952333,545,120,128,146,51,120,76,41,4,highway,rpm
427.11656508393247,260,120,128,134,51,120,99,41,4,highway,rpm
427.13566960584666,316,120,128,134,51,120,99,41,4,highway,rpm
427.23638245223697,329,120,128,134,51,120,99,41,4,highway,rpm
427.73572053677924,545,120,128,0,51,120,99,41,4,highway,rpm
427.74543723551403,260,120,128,0,51,120,99,41,4,highway,rpm
427.76591674363334,316,120,128,0,51,120,99,41,4,highway,rpm
427.8654461650629,329,120,128,0,51,120,99,41,4,highway,rpm
428.3645710799117,545,120,128,0,51,120,99,41,4,highway,rpm
428.37408346317596,260,120,128,146,51,120,76,41,4,highway,rpm
428.3932753534398,316,120,128,146,51,120,76,41,4,highway,rpm
428.49397810795773,329,120,128,146,51,120,76,41,4,highway,rpm
428.9936328301747,545,120,128,146,51,120,76,41,4,highway,rpm
429.00339129863875,260,120,128,146,51,120,76,41,4,highway,rpm
429.0237211499909,316,120,128,12,51,120,76,41,4,highway,rpm
429.124391764209,329,120,128,12,51,120,76,41,4,highway,rpm
429.62495078887457,545,120,128,12,51,120,76,41,4,highway,rpm
429.63503057916904,260,120,128,246,51,120,99,41,4,highway,rpm
429.6548935776385,316,120,128,246,51,120,99,41,4,highway,rpm
429.7558132004897,329,120,128,246,51,120,99,41,4,highway,rpm
430.2549817650578,545,120,128,246,51,120,99,41,4,highway,rpm
430.26407753995727,260,120,128,134,51,120,99,41,4,highway,rpm
430.2839513939671,316,120,128,134,51,120,99,41,4,highway,rpm
430.3837234749853,329,120,128,134,51,120,99,41,4,highway,rpm
430.88442544031176,545,120,128,0,51,120,99,41,4,highway,rpm
430.89479768160487,260,120,128,12,51,120,76,41,4,highway,rpm
430.9144908037719,316,120,128,12,51,120,76,41,4,highway,rpm
431.0123876219087,329,120,128,12,51,120,76,41,4,highway,rpm
431.51182289177495,545,120,128,12,51,120,76,41,4,highway,rpm
431.521550508349,260,120,128,146,51,120,76,41,4,highway,rpm
431.5409081256204,316,120,128,146,51,120,76,41,4,highway,rpm
431.6414287089901,329,120,128,146,51,120,76,41,4,highway,rpm
432.1409857269152,545,120,128,146,51,120,76,41,4,highway,rpm
432.151878739253,260,120,128,134,51,120,99,41,4,highway,rpm
432.171870158813,316,120,128,0,51,120,99,41,4,highway,rpm
432.2727766166956,329,120,128,0,51,120,99,41,4,highway,rpm
432.7720754885215,545,120,128,0,51,120,99,41,4,highway,rpm
432.7829624889732,260,120,128,0,51,120,99,41,4,highway,rpm
432.80262840049636,316,120,128,0,51,120,99,41,4,highway,rpm
432.90196954358,329,120,128,134,51,120,99,41,4,highway,rpm
433.40210934975505,545,120,128,134,51,120,99,41,4,highway,rpm
433.41200086896595,260,120,128,146,51,120,76,41,4,highway,rpm
433.43193966620964,316,120,128,146,51,120,76,41,4,highway,rpm
433.5313525034555,329,120,128,146,51,120,76,41,4,highway,rpm
434.0319578544554,545,120,128,12,51,120,76,41,4,highway,rpm
434.04217492925864,260,120,128,12,51,120,76,41,4,highway,rpm
434.0630483056485,316,120,128,12,51,120,76,41,4,highway,rpm
434.1629673931934,329,120,128,12,51,120,76,41,4,highway,rpm
434.6637471845148,545,120,128,12,51,120,76,41,4,highway,rpm
434.67458161497154,260,120,128,246,51,120,99,41,4,highway,rpm
434.69390542543454,316,120,128,246,51,120,99,41,4,highway,rpm
434.79423468659036,329,120,128,134,51,120,99,41,4,highway,rpm
435.2932836112965,545,120,128,134,51,120,99,41,4,highway,rpm
435.3026153434307,260,120,128,134,51,120,99,41,4,highway,rpm
435.3233041820908,316,120,128,0,51,120,99,41,4,highway,rpm
435.4232284139009,329,120,128,0,51,120,99,41,4,highway,rpm
435.92280421671074,545,120,128,0,51,120,99,41,4,highway,rpm
435.93198215907177,260,120,128,12,51,120,76,41,4,highway,rpm
435.95205520586785,316,120,128,12,51,120,76,41,4,highway,rpm
436.0510590346274,329,120,128,146,51,120,76,41,4,highway,rpm
436.5510393952689,545,120,128,146,51,120,76,41,4,highway,rpm
436.5619962982643,260,120,128,146,51,120,76,41,4,highway,rpm
436.5822409640247,316,120,128,146,51,120,76,41,4,highway,rpm
436.6853765122673,329,120,128,146,51,120,76,41,4,highway,rpm
437.184423641538,545,120,128,12,51,120,76,41,4,highway,rpm
437.1940540808603,260,120,128,0,51,120,99,41,4,highway,rpm
437.21400155838313,316,120,128,0,51,120,99,41,4,highway,rpm
437.3149044920359,329,120,128,0,51,120,99,41,4,highway,rpm
437.81520840651297,545,120,128,0,51,120,99,41,4,highway,rpm
437.82576879143664,260,120,128,134,51,120,99,41,4,highway,rpm
437.8467476672701,316,120,128,134,51,120,99,41,4,highway,rpm
437.9465944372599,329,120,128,134,51,120,99,41,4,highway,rpm
438.44696243471276,545,120,128,134,51,120,99,41,4,highway,rpm
438.45630962285674,260,120,128,146,51,120,76,41,4,highway,rpm
438.47615980977724,316,120,128,12,51,120,76,41,4,highway,rpm
438.5766726570613,329,120,128,12,51,120,76,41,4,highway,rpm
439.0767267264736,545,120,128,12,51,120,76,41,4,highway,rpm
439.08684675753665,260,120,128,12,51,120,76,41,4,highway,rpm
439.10643812496687,316,120,128,12,51,120,76,41,4,highway,rpm
439.206054518228,329,120,128,146,51,120,76,41,4,highway,rpm
439.70705384479925,545,120,128,146,51,120,76,41,4,highway,rpm
439.71659036094854,260,120,128,134,51,120,99,41,4,highway,rpm
439.7362104287674,316,120,128,134,51,120,99,41,4,highway,rpm
439.83569727034666,329,120,128,134,51,120,99,41,4,highway,rpm
440.336244930643,545,120,128,0,51,120,99,41,4,highway,rpm
440.34675355367176,260,120,128,0,51,120,99,41,4,highway,rpm
440.3670323748682,316,120,128,0,51,120,99,41,4,highway,rpm
440.46654319042943,329,120,128,0,51,120,99,41,4,highway,rpm
440.96715082035684,545,120,128,0,51,120,99,41,4,highway,rpm
440.9773573443528,260,120,128,146,51,120,76,41,4,highway,rpm
440.9966505525973,316,120,128,146,51,120,76,41,4,highway,rpm
441.0972804267752,329,120,128,146,51,120,76,41,4,highway,rpm
441.59742956791797,545,120,128,146,51,120,76,41,4,highway,rpm
441.60693960106914,260,120,128,146,51,120,76,41,4,highway,rpm
441.62610920058995,316,120,128,12,51,120,76,41,4,highway,rpm
441.7252870556374,329,120,128,12,51,120,76,41,4,highway,rpm
442.2255908510581,545,120,128,12,51,120,76,41,4,highway,rpm
442.2360210286265,260,120,128,246,51,120,99,41,4,highway,rpm
442.255877983048,316,120,128,246,51,120,99,41,4,highway,rpm
442.3552702891035,329,120,128,246,51,120,99,41,4,highway,rpm
442.85528425398843,545,120,128,246,51,120,99,41,4,highway,rpm
442.86483688125566,260,120,128,134,51,120,99,41,4,highway,rpm
442.8843505722942,316,120,128,134,51,120,99,41,4,highway,rpm
442.9852014698814,329,120,128,134,51,120,99,41,4,highway,rpm
443.4860389474508,545,120,128,0,51,120,99,41,4,highway,rpm
443.49701641304716,260,120,128,12,51,120,76,41,4,highway,rpm
443.51684993662406,316,120,128,12,51,120,76,41,4,highway,rpm
443.61711110119836,329,120,128,12,51,120,76,41,4,highway,rpm
444.1179441564209,545,120,128,12,51,120,76,41,4,highway,rpm
444.1272243562921,260,120,128,146,51,120,76,41,4,highway,rpm
444.1462951111022,316,120,128,146,51,120,76,41,4,highway,rpm
444.24713412839844,329,120,128,146,51,120,76,41,4,highway,rpm
444.74648407958455,545,120,128,146,51,120,76,41,4,highway,rpm
444.75701555474336,260,120,128,134,51,120,99,41,4,highway,rpm
444.7769598417614,316,120,128,0,51,120,99,41,4,highway,rpm
444.8774635691758,329,120,128,0,51,120,99,41,4,highway,rpm
445.3774267883331,545,120,128,0,51,120,99,41,4,highway,rpm
445.3873956880421,260,120,128,0,51,120,99,41,4,highway,rpm
445.40646188515046,316,120,128,0,51,120,99,41,4,highway,rpm
445.50728337320953,329,120,128,134,51,120,99,41,4,highway,rpm
446.00647688765514,545,120,128,134,51,120,99,41,4,highway,rpm
446.0156577652532,260,120,128,146,51,120,76,41,4,highway,rpm
446.03580132914607,316,120,128,146,51,120,76,41,4,highway,rpm
446.1360699206485,329,120,128,146,51,120,76,41,4,highway,rpm
446.63656578148635,545,120,128,12,51,120,76,41,4,highway,rpm
446.6462504111349,260,120,128,12,51,120,76,41,4,highway,rpm
446.6654846950646,316,120,128,12,51,120,76,41,4,highway,rpm
446.7656721675937,329,120,128,12,51,120,76,41,4,highway,rpm
447.2659742663303,545,120,128,12,51,120,76,41,4,highway,rpm
447.2759770262345,260,120,128,246,51,120,99,41,4,highway,rpm
447.2966267983188,316,120,128,246,51,120,99,41,4,highway,rpm
447.39726830109197,329,120,128,134,51,120,99,41,4,highway,rpm
447.8972797661741,545,120,128,134,51,120,99,41,4,highway,rpm
447.90762051281905,260,120,128,134,51,120,99,41,4,highway,rpm
447.9267982321286,316,120,128,0,51,120,99,41,4,highway,rpm
448.02584947849806,329,120,128,0,51,120,99,41,4,highway,rpm
448.5248636961935,545,120,128,0,51,120,99,41,4,highway,rpm
448.5356013950969,260,120,128,12,51,120,76,41,4,highway,rpm
448.5554115678293,316,120,128,12,51,120,76,41,4,highway,rpm
448.65514938092326,329,120,128,146,51,120,76,41,4,highway,rpm
449.154715591171,545,120,128,146,51,120,76,41,4,highway,rpm
449.1652210700511,260,120,128,146,51,120,76,41,4,highway,rpm
449.1855293049177,316,120,128,146,51,120,76,41,4,highway,rpm
449.2853538974222,329,120,128,146,51,120,76,41,4,highway,rpm
449.7857591600906,545,120,128,12,51,120,76,41,4,highway,rpm
449.7954021646246,260,120,128,0,51,120,99,41,4,highway,rpm
449.814988570226,316,120,128,0,51,120,99,41,4,highway,rpm
449.9154185745426,329,120,128,0,51,120,99,41,4,highway,rpm
450.415958643433,545,120,128,0,51,120,99,41,4,highway,rpm
450.42580840114795,260,120,128,134,51,120,99,41,4,highway,rpm
450.44651057597486,316,120,128,134,51,120,99,41,4,highway,rpm
450.5474793219762,329,120,128,134,51,120,99,41,4,highway,rpm
451.0472627296483,545,120,128,134,51,120,99,41,4,highway,rpm
451.0570141608351,260,120,128,146,51,120,76,41,4,highway,rpm
451.07743410298843,316,120,128,12,51,120,76,41,4,highway,rpm
451.17648266540965,329,120,128,12,51,120,76,41,4,highway,rpm
451.67585344518125,545,120,128,12,51,120,76,41,4,highway,rpm
451.6851379926884,260,120,128,12,51,120,76,41,4,highway,rpm
451.704714520246,316,120,128,12,51,120,76,41,4,highway,rpm
451.80440934068383,329,120,128,146,51,120,76,41,4,highway,rpm
452.3040161126537,545,120,128,146,51,120,76,41,4,highway,rpm
452.31362840071404,260,120,128,134,51,120,99,41,4,highway,rpm
452.3330904443138,316,120,128,134,51,120,99,41,4,highway,rpm
452.43225729866833,329,120,128,134,51,120,99,41,4,highway,rpm
452.93141896802206,545,120,128,0,51,120,99,41,4,highway,rpm
452.941019993919,260,120,128,0,51,120,99,41,4,highway,rpm
452.96087697271616,316,120,128,0,51,120,99,41,4,highway,rpm
453.0603231606807,329,120,128,0,51,120,99,41,4,highway,rpm
453.5601374436355,545,120,128,0,51,120,99,41,4,highway,rpm
453.5698872130704,260,120,128,146,51,120,76,41,4,highway,rpm
453.5906811587366,316,120,128,146,51,120,76,41,4,highway,rpm
453.6908011914076,329,120,128,146,51,120,76,41,4,highway,rpm
454.1898252830089,545,120,128,146,51,120,76,41,4,highway,rpm
454.19945302118424,260,120,128,146,51,120,76,41,4,highway,rpm
454.2197542115843,316,120,128,12,51,120,76,41,4,highway,rpm
454.3200321680481,329,120,128,12,51,120,76,41,4,highway,rpm
454.82089529325987,545,120,128,12,51,120,76,41,4,highway,rpm
454.8305617127444,260,120,128,246,51,120,99,41,4,highway,rpm
454.85145729006746,316,120,128,246,51,120,99,41,4,highway,rpm
454.9509293362092,329,120,128,246,51,120,99,41,4,highway,rpm
455.4513185645122,545,120,128,246,51,120,99,41,4,highway,rpm
455.46143563751815,260,120,128,134,51,120,99,41,4,highway,rpm
455.48127422201634,316,120,128,134,51,120,99,41,4,highway,rpm
455.58045268017344,329,120,128,134,51,120,99,41,4,highway,rpm
456.07956746141645,545,120,128,0,51,120,99,41,4,highway,rpm
456.09039456252293,260,120,128,12,51,120,76,41,4,highway,rpm
456.11054288306775,316,120,128,12,51,120,76,41,4,highway,rpm
456.2104291554038,329,120,128,12,51,120,76,41,4,highway,rpm
456.71084816370524,545,120,128,12,51,120,76,41,4,highway,rpm
456.7203157662204,260,120,128,146,51,120,76,41,4,highway,rpm
456.73938949148754,316,120,128,146,51,120,76,41,4,highway,rpm
456.83908743674084,329,120,128,146,51,120,76,41,4,highway,rpm
457.3388594321344,545,120,128,146,51,120,76,41,4,highway,rpm
457.3497197571064,260,120,128,134,51,120,99,41,4,highway,rpm
457.3693100721821,316,120,128,0,51,120,99,41,4,highway,rpm
457.46903379959554,329,120,128,0,51,120,99,41,4,highway,rpm
457.96828012435964,545,120,128,0,51,120,99,41,4,highway,rpm
457.9779657336206,260,120,128,0,51,120,99,41,4,highway,rpm
457.998723076929,316,120,128,0,51,120,99,41,4,highway,rpm
458.09791663740083,329,120,128,134,51,120,99,41,4,highway,rpm
458.5972072279992,545,120,128,134,51,120,99,41,4,highway,rpm
458.6074476235642,260,120,128,146,51,120,76,41,4,highway,rpm
458.6264486919104,316,120,128,146,51,120,76,41,4,highway,rpm
458.72628077176773,329,120,128,146,51,120,76,41,4,highway,rpm
459.2263562644007,545,120,128,12,51,120,76,41,4,highway,rpm
459.2361848865795,260,120,128,12,51,120,76,41,4,highway,rpm
459.255190288808,316,120,128,12,51,120,76,41,4,highway,rpm
459.35593727410856,329,120,128,12,51,120,76,41,4,highway,rpm
459.8558731178413,545,120,128,12,51,120,76,41,4,highway,rpm
459.8665516271399,260,120,128,246,51,120,99,41,4,highway,rpm
459.88730912979116,316,120,128,246,51,120,99,41,4,highway,rpm
459.98812644083444,329,120,128,134,51,120,99,41,4,highway,rpm
460.48712972175343,545,120,128,134,51,120,99,41,4,highway,rpm
460.4975138038321,260,120,128,134,51,120,99,41,4,highway,rpm
460.5172246175016,316,120,128,0,51,120,99,41,4,highway,rpm
460.6178190524892,329,120,128,0,51,120,99,41,4,highway,rpm
461.11713899656047,545,120,128,0,51,120,99,41,4,highway,rpm
461.12782849581083,260,120,128,12,51,120,76,41,4,highway,rpm
461.14760869899237,316,120,128,12,51,120,76,41,4,highway,rpm
461.2466423880812,329,120,128,146,51,120,76,41,4,highway,rpm
461.74697302611554,545,120,128,146,51,120,76,41,4,highway,rpm
461.7570858323404,260,120,128,146,51,120,76,41,4,highway,rpm
461.77644381017564,316,120,128,146,51,120,76,41,4,highway,rpm
461.87736873702323,329,120,128,146,51,120,76,41,4,highway,rpm
462.37644177183716,545,120,128,12,51,120,76,41,4,highway,rpm
462.3855732176333,260,120,128,0,51,120,99,41,4,highway,rpm
462.40622475048144,316,120,128,0,51,120,99,41,4,highway,rpm
462.5067808406976,329,120,128,0,51,120,99,41,4,highway,rpm
463.00611001909857,545,120,128,0,51,120,99,41,4,highway,rpm
463.016095651365,260,120,128,134,51,120,99,41,4,highway,rpm
463.0354455650575,316,120,128,134,51,120,99,41,4,highway,rpm
463.1361856578466,329,120,128,134,51,120,99,41,4,highway,rpm
463.63671757023724,545,120,128,134,51,120,99,41,4,highway,rpm
463.64612716979974,260,120,128,146,51,120,76,41,4,highway,rpm
463.66579772020873,316,120,128,12,51,120,76,41,4,highway,rpm
463.7650969835248,329,120,128,12,51,120,76,41,4,highway,rpm
464.26560292729016,545,120,128,12,51,120,76,41,4,highway,rpm
464.27474967359467,260,120,128,12,51,120,76,41,4,highway,rpm
464.29467813079174,316,120,128,12,51,120,76,41,4,highway,rpm
464.39387379369026,329,120,128,146,51,120,76,41,4,highway,rpm
464.8945787408321,545,120,128,146,51,120,76,41,4,highway,rpm
464.9050610296447,260,120,128,134,51,120,99,41,4,highway,rpm
464.9255494707296,316,120,128,134,51,120,99,41,4,highway,rpm
465.0250674348833,329,120,128,134,51,120,99,41,4,highway,rpm
465.52585273064665,545,120,128,0,51,120,99,41,4,highway,rpm
465.5366251459113,260,120,128,0,51,120,99,41,4,highway,rpm
465.55711117062367,316,120,128,0,51,120,99,41,4,highway,rpm
465.6562885147867,329,120,128,0,51,120,99,41,4,highway,rpm
466.15614081611915,545,120,128,0,51,120,99,41,4,highway,rpm
466.16583216954353,260,120,128,146,51,120,76,41,4,highway,rpm
466.1849444605636,316,120,128,146,51,120,76,41,4,highway,rpm
466.2847071208788,329,120,128,146,51,120,76,41,4,highway,rpm
466.78554417595734,545,120,128,146,51,120,76,41,4,highway,rpm
466.7946857722385,260,120,128,146,51,120,76,41,4,highway,rpm
466.81543517095236,316,120,128,12,51,120,76,41,4,highway,rpm
466.9154244202458,329,120,128,12,51,120,76,41,4,highway,rpm
467.41533459465114,545,120,128,12,51,120,76,41,4,highway,rpm
467.4249023881056,260,120,128,246,51,120,99,41,4,highway,rpm
467.44553790247244,316,120,128,246,51,120,99,41,4,highway,rpm
467.5447554407242,329,120,128,246,51,120,99,41,4,highway,rpm
468.044490392803,545,120,128,246,51,120,99,41,4,highway,rpm
468.05374063714476,260,120,128,134,51,120,99,41,4,highway,rpm
468.0727942382076,316,120,128,134,51,120,99,41,4,highway,rpm
468.1723977228198,329,120,128,134,51,120,99,41,4,highway,rpm
468.67141610379383,545,120,128,0,51,120,99,41,4,highway,rpm
468.68102575117865,260,120,128,12,51,120,76,41,4,highway,rpm
468.7013813718597,316,120,128,12,51,120,76,41,4,highway,rpm
468.80116855233666,329,120,128,12,51,120,76,41,4,highway,rpm
469.30117225177787,545,120,128,12,51,120,76,41,4,highway,rpm
469.31029564002677,260,120,128,146,51,120,76,41,4,highway,rpm
469.3301184634046,316,120,128,146,51,120,76,41,4,highway,rpm
469.4294302468349,329,120,128,146,51,120,76,41,4,highway,rpm
469.92963005166877,545,120,128,146,51,120,76,41,4,highway,rpm
469.94007323713294,260,120,128,134,51,120,99,41,4,highway,rpm
469.95917380364665,316,120,128,0,51,120,99,41,4,highway,rpm
470.0600554083707,329,120,128,0,51,120,99,41,4,highway,rpm
470.5608095101514,545,120,128,0,51,120,99,41,4,highway,rpm
470.5709549371435,260,120,128,0,51,120,99,41,4,highway,rpm
470.59095685482055,316,120,128,0,51,120,99,41,4,highway,rpm
470.69161840130573,329,120,128,134,51,120,99,41,4,highway,rpm
471.1912196622107,545,120,128,134,51,120,99,41,4,highway,rpm
471.2011740314339,260,120,128,146,51,120,76,41,4,highway,rpm
471.22091783227467,316,120,128,146,51,120,76,41,4,highway,rpm
471.32138827800264,329,120,128,146,51,120,76,41,4,highway,rpm
471.8212636235594,545,120,128,12,51,120,76,41,4,highway,rpm
471.83076271486607,260,120,128,12,51,120,76,41,4,highway,rpm
471.8502510323684,316,120,128,12,51,120,76,41,4,highway,rpm
471.95105042501245,329,120,128,12,51,120,76,41,4,highway,rpm
472.45164353060835,545,120,128,12,51,120,76,41,4,highway,rpm
472.46204172565893,260,120,128,246,51,120,99,41,4,highway,rpm
472.48149656244624,316,120,128,246,51,120,99,41,4,highway,rpm
472.5810154921694,329,120,128,134,51,120,99,41,4,highway,rpm
473.08065680756624,545,120,128,134,51,120,99,41,4,highway,rpm
473.0906765533971,260,120,128,134,51,120,99,41,4,highway,rpm
473.11124006870494,316,120,128,0,51,120,99,41,4,highway,rpm
473.2121297080652,329,120,128,0,51,120,99,41,4,highway,rpm
473.7128940603802,545,120,128,0,51,120,99,41,4,highway,rpm
473.7234385867237,260,120,128,12,51,120,76,41,4,highway,rpm
473.7430916402102,316,120,128,12,51,120,76,41,4,highway,rpm
473.8423623039502,329,120,128,146,51,120,76,41,4,highway,rpm
474.34154682821867,545,120,128,146,51,120,76,41,4,highway,rpm
474.3518430316365,260,120,128,146,51,120,76,41,4,highway,rpm
474.37177681171454,316,120,128,146,51,120,76,41,4,highway,rpm
474.47093672825156,329,120,128,146,51,120,76,41,4,highway,rpm
474.9709846990268,545,120,128,12,51,120,76,41,4,highway,rpm
474.9790324186794,260,120,128,0,51,120,99,41,4,highway,rpm
474.99926510617365,316,120,128,0,51,120,99,41,4,highway,rpm
475.09897699672155,329,120,128,0,51,120,99,41,4,highway,rpm
475.59976919732014,545,120,128,0,51,120,99,41,4,highway,rpm
475.608870133071,260,120,128,134,51,120,99,41,4,highway,rpm
475.62952614055985,316,120,128,134,51,120,99,41,4,highway,rpm
475.72929118935895,329,120,128,134,51,120,99,41,4,highway,rpm
476.22888628978177,545,120,128,134,51,120,99,41,4,highway,rpm
476.2379890363976,260,120,128,146,51,120,76,41,4,highway,rpm
476.25787959645385,316,120,128,12,51,120,76,41,4,highway,rpm
476.35839913912315,329,120,128,12,51,120,76,41,4,highway,rpm
476.85890805297,545,120,128,12,51,120,76,41,4,highway,rpm
476.86939461128566,260,120,128,12,51,120,76,41,4,highway,rpm
476.8889976783484,316,120,128,12,51,120,76,41,4,highway,rpm
476.9884297815276,329,120,128,146,51,120,76,41,4,highway,rpm
477.48824133125714,545,120,128,146,51,120,76,41,4,highway,rpm
477.4974442041997,260,120,128,134,51,120,99,41,4,highway,rpm
477.51690689290047,316,120,128,134,51,120,99,41,4,highway,rpm
477.6173089987074,329,120,128,134,51,120,99,41,4,highway,rpm
478.1172246011158,545,120,128,0,51,120,99,41,4,highway,rpm
478.1270384761624,260,120,128,0,51,120,99,41,4,highway,rpm
478.1471676584009,316,120,128,0,51,120,99,41,4,highway,rpm
478.2481497557807,329,120,128,0,51,120,99,41,4,highway,rpm
478.74880707171957,545,120,128,0,51,120,99,41,4,highway,rpm
478.75822398851193,260,120,128,146,51,120,76,41,4,highway,rpm
478.77875423878424,316,120,128,146,51,120,76,41,4,highway,rpm
478.8780804962504,329,120,128,146,51,120,76,41,4,highway,rpm
479.3780674349979,545,120,128,146,51,120,76,41,4,highway,rpm
479.3885244603726,260,120,128,146,51,120,76,41,4,highway,rpm
479.40801425577575,316,120,128,12,51,120,76,41,4,highway,rpm
479.50865621858486,329,120,128,12,51,120,76,41,4,highway,rpm
480.0080900576127,545,120,128,12,51,120,76,41,4,highway,rpm
480.01895195455785,260,120,128,246,51,120,99,41,4,highway,rpm
480.03860108803286,316,120,128,246,51,120,99,41,4,highway,rpm
480.1392532337242,329,120,128,246,51,120,99,41,4,highway,rpm
480.6397934869366,545,120,128,246,51,120,99,41,4,highway,rpm
480.65062503373815,260,120,128,134,51,120,99,41,4,highway,rpm
480.67121881949777,316,120,128,134,51,120,99,41,4,highway,rpm
480.7715553439612,329,120,128,134,51,120,99,41,4,highway,rpm
481.27171424860893,545,120,128,0,51,120,99,41,4,highway,rpm
481.28167117578124,260,120,128,12,51,120,76,41,4,highway,rpm
481.3024547588206,316,120,128,12,51,120,76,41,4,highway,rpm
481.40183913005427,329,120,128,12,51,120,76,41,4,highway,rpm
481.9021710250511,545,120,128,12,51,120,76,41,4,highway,rpm
481.9121182472902,260,120,128,146,51,120,76,41,4,highway,rpm
481.93252373516594,316,120,128,146,51,120,76,41,4,highway,rpm
482.0320961127688,329,120,128,146,51,120,76,41,4,highway,rpm
482.5329793185931,545,120,128,146,51,120,76,41,4,highway,rpm
482.543789626336,260,120,128,134,51,120,99,41,4,highway,rpm
482.56440467079796,316,120,128,0,51,120,99,41,4,highway,rpm
482.6640707851058,329,120,128,0,51,120,99,41,4,highway,rpm
483.16445273865224,545,120,128,0,51,120,99,41,4,highway,rpm
483.1736492077991,260,120,128,0,51,120,99,41,4,highway,rpm
483.1928932769551,316,120,128,0,51,120,99,41,4,highway,rpm
483.2930087597298,329,120,128,134,51,120,99,41,4,highway,rpm
483.7921505473357,545,120,128,134,51,120,99,41,4,highway,rpm
483.8026830467599,260,120,128,146,51,120,76,41,4,highway,rpm
483.8220287424797,316,120,128,146,51,120,76,41,4,highway,rpm
483.92180185312117,329,120,128,146,51,120,76,41,4,highway,rpm
484.42081661719,545,120,128,12,51,120,76,41,4,highway,rpm
484.43097071877395,260,120,128,12,51,120,76,41,4,highway,rpm
484.45141080487844,316,120,128,12,51,120,76,41,4,highway,rpm
484.55183113967473,329,120,128,12,51,120,76,41,4,highway,rpm
485.0509730838152,545,120,128,12,51,120,76,41,4,highway,rpm
485.06049038001237,260,120,128,246,51,120,99,41,4,highway,rpm
485.0775540269505,316,120,128,246,51,120,99,41,4,highway,rpm
485.17702087079266,329,120,128,134,51,120,99,41,4,highway,rpm
485.67800214173036,545,120,128,134,51,120,99,41,4,highway,rpm
485.6889034745554,260,120,128,134,51,120,99,41,4,highway,rpm
485.7096700885508,316,120,128,0,51,120,99,41,4,highway,rpm
485.8093188541499,329,120,128,0,51,120,99,41,4,highway,rpm
486.30871313744154,545,120,128,0,51,120,99,41,4,highway,rpm
486.3188968276157,260,120,128,12,51,120,76,41,4,highway,rpm
486.33799262221316,316,120,128,12,51,120,76,41,4,highway,rpm
486.4381132616634,329,120,128,146,51,120,76,41,4,highway,rpm
486.93881780874,545,120,128,146,51,120,76,41,4,highway,rpm
486.9484256251683,260,120,128,146,51,120,76,41,4,highway,rpm
486.9688364897225,316,120,128,146,51,120,76,41,4,highway,rpm
487.06903101030537,329,120,128,146,51,120,76,41,4,highway,rpm
487.5687160952473,545,120,128,12,51,120,76,41,4,highway,rpm
487.5793504358282,260,120,128,0,51,120,99,41,4,highway,rpm
487.59887427769587,316,120,128,0,51,120,99,41,4,highway,rpm
487.69836417998226,329,120,128,0,51,120,99,41,4,highway,rpm
488.1981626095685,545,120,128,0,51,120,99,41,4,highway,rpm
488.2088135010966,260,120,128,134,51,120,99,41,4,highway,rpm
488.2286751377027,316,120,128,134,51,120,99,41,4,highway,rpm
488.32844083569273,329,120,128,134,51,120,99,41,4,highway,rpm
488.8279997943154,545,120,128,134,51,120,99,41,4,highway,rpm
488.8370380047089,260,120,128,146,51,120,76,41,4,highway,rpm
488.85649488973684,316,120,128,12,51,120,76,41,4,highway,rpm
488.95565843123063,329,120,128,12,51,120,76,41,4,highway,rpm
489.45570333169553,545,120,128,12,51,120,76,41,4,highway,rpm
489.4653012398724,260,120,128,12,51,120,76,41,4,highway,rpm
489.48554657771473,316,120,128,12,51,120,76,41,4,highway,rpm
489.5845815129291,329,120,128,146,51,120,76,41,4,highway,rpm
490.0855655995208,545,120,128,146,51,120,76,41,4,highway,rpm
490.0946199196422,260,120,128,134,51,120,99,41,4,highway,rpm
490.11396694915896,316,120,128,134,51,120,99,41,4,highway,rpm
490.2133671030291,329,120,128,134,51,120,99,41,4,highway,rpm
490.7130544326013,545,120,128,0,51,120,99,41,4,highway,rpm
490.7227081764807,260,120,128,0,51,120,99,41,4,highway,rpm
490.7429579225588,316,120,128,0,51,120,99,41,4,highway,rpm
490.8427197716797,329,120,128,0,51,120,99,41,4,highway,rpm
491.3420150491863,545,120,128,0,51,120,99,41,4,highway,rpm
491.3510334632081,260,120,128,146,51,120,76,41,4,highway,rpm
491.37117050490343,316,120,128,146,51,120,76,41,4,highway,rpm
491.4704074229063,329,120,128,146,51,120,76,41,4,highway,rpm
491.9710334363493,545,120,128,146,51,120,76,41,4,highway,rpm
491.9803702885209,260,120,128,146,51,120,76,41,4,highway,rpm
491.99958216842697,316,120,128,12,51,120,76,41,4,highway,rpm
492.09891166342794,329,120,128,12,51,120,76,41,4,highway,rpm
492.5980355349381,545,120,128,12,51,120,76,41,4,highway,rpm
492.6087539772302,260,120,128,246,51,120,99,41,4,highway,rpm
492.62893437935793,316,120,128,246,51,120,99,41,4,highway,rpm
492.72796661287066,329,120,128,246,51,120,99,41,4,highway,rpm
493.22851653358816,545,120,128,246,51,120,99,41,4,highway,rpm
493.2392770607745,260,120,128,134,51,120,99,41,4,highway,rpm
493.2594908370357,316,120,128,134,51,120,99,41,4,highway,rpm
493.3592088920431,329,120,128,134,51,120,99,41,4,highway,rpm
493.8583978222943,545,120,128,0,51,120,99,41,4,highway,rpm
493.86927011277606,260,120,128,12,51,120,76,41,4,highway,rpm
493.8882801964553,316,120,128,12,51,120,76,41,4,highway,rpm
493.98863057970755,329,120,128,12,51,120,76,41,4,highway,rpm
494.48847985150053,545,120,128,12,51,120,76,41,4,highway,rpm
494.4989723716779,260,120,128,146,51,120,76,41,4,highway,rpm
494.5191566849155,316,120,128,146,51,120,76,41,4,highway,rpm
494.61831339233305,329,120,128,146,51,120,76,41,4,highway,rpm
495.117543858903,545,120,128,146,51,120,76,41,4,highway,rpm
495.12834359420305,260,120,128,134,51,120,99,41,4,highway,rpm
495.14813338111435,316,120,128,0,51,120,99,41,4,highway,rpm
495.2490533534181,329,120,128,0,51,120,99,41,4,highway,rpm
495.7480893274003,545,120,128,0,51,120,99,41,4,highway,rpm
495.7589213820882,260,120,128,0,51,120,99,41,4,highway,rpm
495.7780439868832,316,120,128,0,51,120,99,41,4,highway,rpm
495.8777753907348,329,120,128,134,51,120,99,41,4,highway,rpm
496.3775566564347,545,120,128,134,51,120,99,41,4,highway,rpm
496.38693120502717,260,120,128,146,51,120,76,41,4,highway,rpm
496.4070154667463,316,120,128,146,51,120,76,41,4,highway,rpm
496.50645774979506,329,120,128,146,51,120,76,41,4,highway,rpm
497.006620350188,545,120,128,12,51,120,76,41,4,highway,rpm
497.0164627583763,260,120,128,12,51,120,76,41,4,highway,rpm
497.03715196527975,316,120,128,12,51,120,76,41,4,highway,rpm
497.1366882486166,329,120,128,12,51,120,76,41,4,highway,rpm
497.63614745555503,545,120,128,12,51,120,76,41,4,highway,rpm
497.646316846424,260,120,128,246,51,120,99,41,4,highway,rpm
497.66581718165605,316,120,128,246,51,120,99,41,4,highway,rpm
497.7652754475068,329,120,128,134,51,120,99,41,4,highway,rpm
498.26508226791884,545,120,128,134,51,120,99,41,4,highway,rpm
498.27607883794536,260,120,128,134,51,120,99,41,4,highway,rpm
498.2957697471175,316,120,128,0,51,120,99,41,4,highway,rpm
498.39527736742616,329,120,128,0,51,120,99,41,4,highway,rpm
498.8960841822481,545,120,128,0,51,120,99,41,4,highway,rpm
498.9067821342355,260,120,128,12,51,120,76,41,4,highway,rpm
498.92762255036683,316,120,128,12,51,120,76,41,4,highway,rpm
499.02810400640027,329,120,128,146,51,120,76,41,4,highway,rpm
499.5288958404911,545,120,128,146,51,120,76,41,4,highway,rpm
499.5387185275735,260,120,128,146,51,120,76,41,4,highway,rpm
499.55838432094475,316,120,128,146,51,120,76,41,4,highway,rpm
499.6576514955475,329,120,128,146,51,120,76,41,4,highway,rpm
500.1584613232976,545,120,128,12,51,120,76,41,4,highway,rpm
500.1690062741934,260,120,128,0,51,120,99,41,4,highway,rpm
500.18908503337485,316,120,128,0,51,120,99,41,4,highway,rpm
500.28845518854985,329,120,128,0,51,120,99,41,4,highway,rpm
500.7893576057074,545,120,128,0,51,120,99,41,4,highway,rpm
500.7992205686162,260,120,128,134,51,120,99,41,4,highway,rpm
500.81850539160496,316,120,128,134,51,120,99,41,4,highway,rpm
500.91627417676233,329,120,128,134,51,120,99,41,4,highway,rpm
501.41595328503956,545,120,128,134,51,120,99,41,4,highway,rpm
501.42559810554025,260,120,128,146,51,120,76,41,4,highway,rpm
501.4453662252824,316,120,128,12,51,120,76,41,4,highway,rpm
501.54439380288636,329,120,128,12,51,120,76,41,4,highway,rpm
502.0441183095613,545,120,128,12,51,120,76,41,4,highway,rpm
502.05463883721717,260,120,128,12,51,120,76,41,4,highway,rpm
502.07510422181934,316,120,128,12,51,120,76,41,4,highway,rpm
502.17512899740507,329,120,128,146,51,120,76,41,4,highway,rpm
502.6751831988982,545,120,128,146,51,120,76,41,4,highway,rpm
502.68525424926077,260,120,128,134,51,120,99,41,4,highway,rpm
502.70197264136743,316,120,128,134,51,120,99,41,4,highway,rpm
502.8022581596311,329,120,128,134,51,120,99,41,4,highway,rpm
503.30175908260765,545,120,128,0,51,120,99,41,4,highway,rpm
503.3116070929869,260,120,128,0,51,120,99,41,4,highway,rpm
503.3310934006609,316,120,128,0,51,120,99,41,4,highway,rpm
503.43018517161727,329,120,128,0,51,120,99,41,4,highway,rpm
503.93064317015865,545,120,128,0,51,120,99,41,4,highway,rpm
503.9397302913597,260,118,128,145,77,118,76,40,4,braking,rpm
503.9594873881795,316,116,128,144,102,116,76,40,4,braking,rpm
504.0604220699835,329,114,128,144,128,114,76,39,4,braking,rpm
504.5601577761407,545,112,128,143,153,112,76,39,4,braking,rpm
504.5692436583878,260,110,128,142,178,110,76,38,4,braking,rpm
504.5897128715496,316,108,128,12,204,108,76,37,4,braking,rpm
504.68893847713116,329,106,128,12,229,106,76,37,4,braking,rpm
505.188007637113,545,104,128,12,255,104,76,36,4,braking,rpm
505.19866382768015,260,102,128,246,255,102,99,36,4,braking,rpm
505.2177007163356,316,100,128,246,255,100,99,35,4,braking,rpm
505.31790859607725,329,98,128,246,255,98,99,34,4,braking,rpm
505.818133613315,545,96,128,246,255,96,99,34,4,braking,rpm
505.82814920438085,260,94,128,124,255,94,99,33,4,braking,rpm
505.84911907424964,316,92,128,123,255,92,99,33,4,braking,rpm
505.9487593647436,329,90,128,122,255,90,99,32,4,braking,rpm
506.4488652467674,545,88,128,0,255,88,99,31,4,braking,rpm
506.45803782958626,260,86,128,12,255,86,76,31,4,braking,rpm
506.47823974404434,316,84,128,12,255,84,76,30,4,braking,rpm
506.5773008883929,329,82,128,12,255,82,76,30,4,braking,rpm
507.07671177860965,545,80,128,12,255,80,76,29,4,braking,rpm
507.0860059854835,260,78,128,129,255,78,76,28,4,braking,rpm
507.1069456322418,316,76,128,128,255,76,76,28,4,braking,rpm
507.2068276044969,329,74,128,128,255,74,76,27,4,braking,rpm
507.7062018501069,545,72,128,127,255,72,76,27,4,braking,rpm
507.71615183874604,260,70,128,114,255,70,99,26,4,braking,rpm
507.73627325574824,316,68,128,0,255,68,99,25,4,braking,rpm
507.83660293794907,329,66,128,0,255,66,99,25,4,braking,rpm
508.33647916140126,545,64,128,0,255,64,99,24,4,braking,rpm
508.3467285856103,260,62,128,0,255,62,99,24,4,braking,rpm
508.3660135121958,316,60,128,0,255,60,99,23,4,braking,rpm
508.4651802659869,329,58,128,109,255,58,99,22,4,braking,rpm
508.9644260216757,545,56,128,108,255,56,99,22,4,braking,rpm
508.9735418278605,260,54,128,120,255,54,76,21,4,braking,rpm
508.9939761684852,316,52,128,119,255,52,76,21,4,braking,rpm
509.09441666261876,329,50,128,118,255,50,76,20,4,braking,rpm
509.59500958049466,545,48,128,12,255,48,76,19,4,braking,rpm
509.6050126931863,260,46,128,12,255,46,76,19,4,braking,rpm
509.6253931227366,316,44,128,12,255,44,76,18,4,braking,rpm
509.7251282863112,329,42,128,12,255,42,76,18,4,braking,rpm
510.2259552201195,545,40,128,12,255,40,76,17,4,braking,rpm
510.2365699172729,260,38,128,246,255,38,99,16,4,braking,rpm
510.25707125175416,316,36,128,246,255,36,99,16,4,braking,rpm
510.3565800799374,329,34,128,100,255,34,99,15,4,braking,rpm
510.8563171752689,545,32,128,99,255,32,99,15,4,braking,rpm
510.8654832501,260,30,128,98,255,30,99,14,4,braking,rpm
510.88483890265366,316,28,128,0,255,28,99,13,4,braking,rpm
510.98408045583375,329,26,128,0,255,26,99,13,4,braking,rpm
511.4842493682127,545,24,128,0,255,24,99,12,4,braking,rpm
511.49439662594324,260,22,128,12,255,22,76,12,4,braking,rpm
511.5137847587251,316,20,128,12,255,20,76,11,4,braking,rpm
511.61428023752177,329,18,128,105,255,18,76,10,4,braking,rpm
512.1137276343717,545,16,128,104,255,16,76,10,4,braking,rpm
512.1240929736239,260,14,128,104,255,14,76,9,4,braking,rpm
512.1434264327914,316,12,128,103,255,12,76,9,4,braking,rpm
512.2434369624555,329,10,128,102,255,10,76,8,4,braking,rpm
512.7431702793168,545,8,128,12,255,8,76,7,4,braking,rpm
512.7532544282589,260,6,128,0,255,6,99,7,4,braking,rpm
512.7729189882988,316,4,128,0,255,4,99,6,4,braking,rpm
512.8732676362717,329,2,128,0,255,2,99,6,4,braking,rpm
513.3730677604543,545,0,128,0,255,0,99,5,4,braking,rpm
513.3825191567554,260,0,128,86,255,0,99,5,4,braking,rpm
513.402909080365,316,0,128,86,255,0,99,5,4,braking,rpm
513.503363498278,329,0,128,86,255,0,99,5,4,braking,rpm
514.0028867037595,545,0,128,86,255,0,99,5,4,braking,rpm
514.0123580946562,260,0,128,98,255,0,76,5,4,braking,rpm
514.032163416678,316,0,128,12,255,0,76,5,4,braking,rpm
514.1312648654947,329,0,128,12,255,0,76,5,4,braking,rpm
514.6316273438309,545,0,128,12,255,0,76,5,4,braking,rpm
514.6409266629123,260,0,128,12,255,0,76,5,4,braking,rpm
514.6608567212676,316,0,128,12,255,0,76,5,4,braking,rpm
514.7610189669871,329,0,128,98,255,0,76,5,4,braking,rpm
515.2619742863451,545,0,128,98,255,0,76,5,4,braking,rpm
515.2718525304933,260,0,128,86,255,0,99,5,4,braking,rpm
515.291972972248,316,0,128,86,255,0,99,5,4,braking,rpm
515.3920852472581,329,0,128,86,255,0,99,5,4,braking,rpm
515.892594019335,545,0,128,0,255,0,99,5,4,braking,rpm
515.90221159735,260,0,128,0,255,0,99,5,4,braking,rpm
515.9222875445673,316,0,128,0,255,0,99,5,4,braking,rpm
516.0227767114227,329,0,128,0,255,0,99,5,4,braking,rpm
516.5227456235089,545,0,128,0,255,0,99,5,4,braking,rpm
516.533058887232,260,0,128,98,255,0,76,5,4,braking,rpm
516.5532466031864,316,0,128,98,255,0,76,5,4,braking,rpm
516.6536751500244,329,0,128,98,255,0,76,5,4,braking,rpm
517.1543920185125,545,0,128,98,255,0,76,5,4,braking,rpm
517.164610608816,260,0,128,98,255,0,76,5,4,braking,rpm
517.185054670875,316,0,128,12,255,0,76,5,4,braking,rpm
517.2848450620446,329,0,128,12,255,0,76,5,4,braking,rpm
517.7857195008513,545,0,128,12,255,0,76,5,4,braking,rpm
517.7953414796027,260,0,128,246,255,0,99,5,4,braking,rpm
517.8152225942915,316,0,128,246,255,0,99,5,4,braking,rpm
517.9155516137243,329,0,128,246,255,0,99,5,4,braking,rpm
518.4157807178027,545,0,128,246,255,0,99,5,4,braking,rpm
518.4250645237246,260,0,128,86,255,0,99,5,4,braking,rpm
518.4448704187848,316,0,128,86,255,0,99,5,4,braking,rpm
518.5451604916615,329,0,128,86,255,0,99,5,4,braking,rpm
519.0444127580241,545,0,128,0,255,0,99,5,4,braking,rpm
519.0549698650781,260,0,128,12,255,0,76,5,4,braking,rpm
519.0749438388767,316,0,128,12,255,0,76,5,4,braking,rpm
519.1749347046455,329,0,128,12,255,0,76,5,4,braking,rpm
519.6747092072408,545,0,128,12,255,0,76,5,4,braking,rpm
519.6843037617891,260,0,128,98,255,0,76,5,4,braking,rpm
519.7037616477854,316,0,128,98,255,0,76,5,4,braking,rpm
519.8039140177282,329,0,128,98,255,0,76,5,4,braking,rpm
520.3034873319671,545,0,128,98,255,0,76,5,4,braking,rpm
520.3127852502865,260,0,128,86,255,0,99,5,4,braking,rpm
520.3321201018583,316,0,128,0,255,0,99,5,4,braking,rpm
520.4312612729066,329,0,128,0,255,0,99,5,4,braking,rpm
520.9314044219346,545,0,128,0,255,0,99,5,4,braking,rpm
520.9414008343816,260,0,128,0,255,0,99,5,4,braking,rpm
520.9616004567806,316,0,128,0,255,0,99,5,4,braking,rpm
521.0610414496592,329,0,128,86,255,0,99,5,4,braking,rpm
521.5614880373283,545,0,128,86,255,0,99,5,4,braking,rpm
521.571105270703,260,0,128,98,255,0,76,5,4,braking,rpm
521.5903898322574,316,0,128,98,255,0,76,5,4,braking,rpm
521.6902991677342,329,0,128,98,255,0,76,5,4,braking,rpm
522.1907005130663,545,0,128,12,255,0,76,5,4,braking,rpm
522.2007765859322,260,0,128,12,255,0,76,5,4,braking,rpm
522.2216920627569,316,0,128,12,255,0,76,5,4,braking,rpm
522.3218828602737,329,0,128,12,255,0,76,5,4,braking,rpm
522.8224309974885,545,0,128,12,255,0,76,5,4,braking,rpm
522.8325337458032,260,0,128,246,255,0,99,5,4,braking,rpm
522.8530961174489,316,0,128,246,255,0,99,5,4,braking,rpm
522.9528243805095,329,0,128,86,255,0,99,5,4,braking,rpm
523.4534174475034,545,0,128,86,255,0,99,5,4,braking,rpm
523.4640038340708,260,0,128,86,255,0,99,5,4,braking,rpm
523.483227892028,316,0,128,0,255,0,99,5,4,braking,rpm
523.5835504631918,329,0,128,0,255,0,99,5,4,braking,rpm
524.0825597404056,545,0,128,0,255,0,99,5,4,braking,rpm
524.0920342407862,260,0,128,12,255,0,76,5,4,braking,rpm
524.1112712155444,316,0,128,12,255,0,76,5,4,braking,rpm
524.2120969247171,329,0,128,98,255,0,76,5,4,braking,rpm
524.7122899674348,545,0,128,98,255,0,76,5,4,braking,rpm
524.7219473852203,260,0,128,98,255,0,76,5,4,braking,rpm
524.741376439379,316,0,128,98,255,0,76,5,4,braking,rpm
524.8408500264758,329,0,128,98,255,0,76,5,4,braking,rpm
525.3400330276978,545,0,128,12,255,0,76,5,4,braking,rpm
525.3493620135445,260,0,128,0,255,0,99,5,4,braking,rpm
525.3688712380452,316,0,128,0,255,0,99,5,4,braking,rpm
525.4691213655402,329,0,128,0,255,0,99,5,4,braking,rpm
525.9695040945197,545,0,128,0,255,0,99,5,4,braking,rpm
525.9791373301846,260,0,128,86,255,0,99,5,4,braking,rpm
526.0001144547597,316,0,128,86,255,0,99,5,4,braking,rpm
526.1008199444107,329,0,128,86,255,0,99,5,4,braking,rpm
526.6001247967918,545,0,128,86,255,0,99,5,4,braking,rpm
526.6099077795988,260,0,128,98,255,0,76,5,4,braking,rpm
526.6302414990545,316,0,128,12,255,0,76,5,4,braking,rpm
526.7305252888308,329,0,128,12,255,0,76,5,4,braking,rpm
527.2305406600296,545,0,128,12,255,0,76,5,4,braking,rpm
527.2404349428812,260,0,128,12,255,0,76,5,4,braking,rpm
527.2597441455318,316,0,128,12,255,0,76,5,4,braking,rpm
527.3606520427197,329,0,128,98,255,0,76,5,4,braking,rpm
527.861319668688,545,0,128,98,255,0,76,5,4,braking,rpm
527.872212639241,260,0,128,86,255,0,99,5,4,braking,rpm
527.8925303845068,316,0,128,86,255,0,99,5,4,braking,rpm
527.9925450156816,329,0,128,86,255,0,99,5,4,braking,rpm
528.4921358055806,545,0,128,0,255,0,99,5,4,braking,rpm
528.5024411660718,260,0,128,0,255,0,99,5,4,braking,rpm
528.5230787167542,316,0,128,0,255,0,99,5,4,braking,rpm
528.6227079587809,329,0,128,0,255,0,99,5,4,braking,rpm
529.1225557009514,545,0,128,0,255,0,99,5,4,braking,rpm
529.1317578153028,260,0,128,98,255,0,76,5,4,braking,rpm
529.1516965436231,316,0,128,98,255,0,76,5,4,braking,rpm
529.2509463570022,329,0,128,98,255,0,76,5,4,braking,rpm
529.751621640157,545,0,128,98,255,0,76,5,4,braking,rpm
529.7619707299289,260,0,128,98,255,0,76,5,4,braking,rpm
529.7818895811699,316,0,128,12,255,0,76,5,4,braking,rpm
529.8820321057672,329,0,128,12,255,0,76,5,4,braking,rpm
530.3828855236754,545,0,128,12,255,0,76,5,4,braking,rpm
530.3939354454651,260,0,128,246,255,0,99,5,4,braking,rpm
530.4147511384721,316,0,128,246,255,0,99,5,4,braking,rpm
530.5155693488122,329,0,128,246,255,0,99,5,4,braking,rpm
531.016179833624,545,0,128,246,255,0,99,5,4,braking,rpm
531.0267193837888,260,0,128,86,255,0,99,5,4,braking,rpm
531.0458499391749,316,0,128,86,255,0,99,5,4,braking,rpm
531.1455098114017,329,0,128,86,255,0,99,5,4,braking,rpm
531.645526784886,545,0,128,0,255,0,99,5,4,braking,rpm
531.6550236640096,260,0,128,12,255,0,76,5,4,braking,rpm
531.6750751470295,316,0,128,12,255,0,76,5,4,braking,rpm
531.7753476434426,329,0,128,12,255,0,76,5,4,braking,rpm
532.275132921758,545,0,128,12,255,0,76,5,4,braking,rpm
532.2853135711867,260,0,128,98,255,0,76,5,4,braking,rpm
532.3060073903208,316,0,128,98,255,0,76,5,4,braking,rpm
532.4064831302096,329,0,128,98,255,0,76,5,4,braking,rpm
532.9069697144135,545,0,128,98,255,0,76,5,4,braking,rpm
532.9160554012961,260,0,128,86,255,0,99,5,4,braking,rpm
532.9359898556338,316,0,128,0,255,0,99,5,4,braking,rpm
533.0363289999661,329,0,128,0,255,0,99,5,4,braking,rpm
533.5355839752089,545,0,128,0,255,0,99,5,4,braking,rpm
533.54613037688,260,0,128,0,255,0,99,5,4,braking,rpm
533.5652071945862,316,0,128,0,255,0,99,5,4,braking,rpm
533.6647139420796,329,0,128,86,255,0,99,5,4,braking,rpm
534.1645235885662,545,0,128,86,255,0,99,5,4,braking,rpm
534.1752593235037,260,0,128,98,255,0,76,5,4,braking,rpm
534.195668286999,316,0,128,98,255,0,76,5,4,braking,rpm
534.2959891200819,329,0,128,98,255,0,76,5,4,braking,rpm
534.7954880368945,545,0,128,12,255,0,76,5,4,braking,rpm
534.8057751604487,260,0,128,12,255,0,76,5,4,braking,rpm
534.8265611050797,316,0,128,12,255,0,76,5,4,braking,rpm
534.9255824280776,329,0,128,12,255,0,76,5,4,braking,rpm
535.4258216916523,545,0,128,12,255,0,76,5,4,braking,rpm
535.4348564902529,260,0,128,246,255,0,99,5,4,braking,rpm
535.4553512571632,316,0,128,246,255,0,99,5,4,braking,rpm
535.555155554855,329,0,128,86,255,0,99,5,4,braking,rpm
536.0543968192787,545,0,128,86,255,0,99,5,4,braking,rpm
536.0647945274732,260,0,128,86,255,0,99,5,4,braking,rpm
536.0854772646758,316,0,128,0,255,0,99,5,4,braking,rpm
536.1851770463281,329,0,128,0,255,0,99,5,4,braking,rpm
536.6855450472026,545,0,128,0,255,0,99,5,4,braking,rpm
536.695483603973,260,0,128,12,255,0,76,5,4,braking,rpm
536.7147766947938,316,0,128,12,255,0,76,5,4,braking,rpm
536.8140951907749,329,0,128,98,255,0,76,5,4,braking,rpm
537.3146991578228,545,0,128,98,255,0,76,5,4,braking,rpm
537.3241103390841,260,0,128,98,255,0,76,5,4,braking,rpm
537.3441809782004,316,0,128,98,255,0,76,5,4,braking,rpm
537.4443438041552,329,0,128,98,255,0,76,5,4,braking,rpm
537.944191015359,545,0,128,12,255,0,76,5,4,braking,rpm
537.9538484434643,260,0,128,0,255,0,99,5,4,braking,rpm
537.9740212060692,316,0,128,0,255,0,99,5,4,braking,rpm
538.0750028514783,329,0,128,0,255,0,99,5,4,braking,rpm
538.5749434699893,545,0,128,0,255,0,99,5,4,braking,rpm
538.5842241979118,260,0,128,86,255,0,99,5,4,braking,rpm
538.6033697038029,316,0,128,86,255,0,99,5,4,braking,rpm
538.7042675175414,329,0,128,86,255,0,99,5,4,braking,rpm
539.2065690206758,545,0,128,86,255,0,99,5,4,braking,rpm
539.2173683790547,260,0,128,98,255,0,76,5,4,braking,rpm
539.2376876269126,316,0,128,12,255,0,76,5,4,braking,rpm
539.3383846581767,329,0,128,12,255,0,76,5,4,braking,rpm
539.8389317544907,545,0,128,12,255,0,76,5,4,braking,rpm
539.8485307949568,260,0,128,12,255,0,76,5,4,braking,rpm
539.8676787102186,316,0,128,12,255,0,76,5,4,braking,rpm
539.9685353233399,329,0,128,98,255,0,76,5,4,braking,rpm
540.4681328037593,545,0,128,98,255,0,76,5,4,braking,rpm
540.4782084142977,260,0,128,86,255,0,99,5,4,braking,rpm
540.4984721466234,316,0,128,86,255,0,99,5,4,braking,rpm
540.5990891562574,329,0,128,86,255,0,99,5,4,braking,rpm
541.0986392375187,545,0,128,0,255,0,99,5,4,braking,rpm
541.1094625846916,260,0,128,0,255,0,99,5,4,braking,rpm
541.1300055435629,316,0,128,0,255,0,99,5,4,braking,rpm
541.2292710538044,329,0,128,0,255,0,99,5,4,braking,rpm
541.728850710322,545,0,128,0,255,0,99,5,4,braking,rpm
541.7381506098421,260,0,128,98,255,0,76,5,4,braking,rpm
541.7589285004508,316,0,128,98,255,0,76,5,4,braking,rpm
541.8584117372043,329,0,128,98,255,0,76,5,4,braking,rpm
542.3596028763509,545,0,128,98,255,0,76,5,4,braking,rpm
542.3700471394783,260,0,128,98,255,0,76,5,4,braking,rpm
542.3909413838451,316,0,128,12,255,0,76,5,4,braking,rpm
542.4915083298192,329,0,128,12,255,0,76,5,4,braking,rpm
542.9909723558968,545,0,128,12,255,0,76,5,4,braking,rpm
543.0007746488453,260,0,128,246,255,0,99,5,4,braking,rpm
543.0216064316687,316,0,128,246,255,0,99,5,4,braking,rpm
543.1213345096942,329,0,128,246,255,0,99,5,4,braking,rpm
543.6221161841212,545,0,128,246,255,0,99,5,4,braking,rpm
543.631172037759,260,0,128,86,255,0,99,5,4,braking,rpm
543.6504610950343,316,0,128,86,255,0,99,5,4,braking,rpm
543.7508200779121,329,0,128,86,255,0,99,5,4,braking,rpm
544.2508071709548,545,0,128,0,255,0,99,5,4,braking,rpm
544.2608688665542,260,0,128,12,255,0,76,5,4,braking,rpm
544.2798709266917,316,0,128,12,255,0,76,5,4,braking,rpm
544.3792794742418,329,0,128,12,255,0,76,5,4,braking,rpm
544.8783461626601,545,0,128,12,255,0,76,5,4,braking,rpm
544.8878817845454,260,0,128,98,255,0,76,5,4,braking,rpm
544.907380003959,316,0,128,98,255,0,76,5,4,braking,rpm
545.0064153556373,329,0,128,98,255,0,76,5,4,braking,rpm
545.5059943613339,545,0,128,98,255,0,76,5,4,braking,rpm
545.5149980824195,260,0,128,86,255,0,99,5,4,braking,rpm
545.5346811512761,316,0,128,0,255,0,99,5,4,braking,rpm
545.6355707523306,329,0,128,0,255,0,99,5,4,braking,rpm
546.1345889874377,545,0,128,0,255,0,99,5,4,braking,rpm
546.144962557323,260,0,128,0,255,0,99,5,4,braking,rpm
546.165338922767,316,0,128,0,255,0,99,5,4,braking,rpm
546.2652432536249,329,0,128,86,255,0,99,5,4,braking,rpm
546.7660551964582,545,0,128,86,255,0,99,5,4,braking,rpm
546.7756923861833,260,0,128,98,255,0,76,5,4,braking,rpm
546.7947231793011,316,0,128,98,255,0,76,5,4,braking,rpm
546.8938745383581,329,0,128,98,255,0,76,5,4,braking,rpm
547.3936698496457,545,0,128,12,255,0,76,5,4,braking,rpm
547.4030764440498,260,0,128,12,255,0,76,5,4,braking,rpm
547.4230243548277,316,0,128,12,255,0,76,5,4,braking,rpm
547.5226465498475,329,0,128,12,255,0,76,5,4,braking,rpm
548.0223035477273,545,0,128,12,255,0,76,5,4,braking,rpm
548.0325418808022,260,0,128,246,255,0,99,5,4,braking,rpm
548.0530019578051,316,0,128,246,255,0,99,5,4,braking,rpm
548.15238320436,329,0,128,86,255,0,99,5,4,braking,rpm
548.6521336874681,545,0,128,86,255,0,99,5,4,braking,rpm
548.6618473269183,260,0,128,86,255,0,99,5,4,braking,rpm
548.6819070453373,316,0,128,0,255,0,99,5,4,braking,rpm
548.7828093537121,329,0,128,0,255,0,99,5,4,braking,rpm
549.2833572796911,545,0,128,0,255,0,99,5,4,braking,rpm
549.2939802701627,260,0,128,12,255,0,76,5,4,braking,rpm
549.3137601491503,316,0,128,12,255,0,76,5,4,braking,rpm
549.41282525965,329,0,128,98,255,0,76,5,4,braking,rpm
549.9130881925439,545,0,128,98,255,0,76,5,4,braking,rpm
549.9236489020929,260,0,128,98,255,0,76,5,4,braking,rpm
549.9441933133032,316,0,128,98,255,0,76,5,4,braking,rpm
550.0444682110655,329,0,128,98,255,0,76,5,4,braking,rpm
550.5440337332124,545,0,128,12,255,0,76,5,4,braking,rpm
550.554242782591,260,0,128,0,255,0,99,5,4,braking,rpm
550.5742801151374,316,0,128,0,255,0,99,5,4,braking,rpm
550.673681297583,329,0,128,0,255,0,99,5,4,braking,rpm
551.1735651209291,545,0,128,0,255,0,99,5,4,braking,rpm
551.1827171779879,260,0,128,86,255,0,99,5,4,braking,rpm
551.2037106212064,316,0,128,86,255,0,99,5,4,braking,rpm
551.3030143109465,329,0,128,86,255,0,99,5,4,braking,rpm
551.8028387917634,545,0,128,86,255,0,99,5,4,braking,rpm
551.8129947213808,260,0,128,98,255,0,76,5,4,braking,rpm
551.8323903866136,316,0,128,12,255,0,76,5,4,braking,rpm
551.9326588287103,329,0,128,12,255,0,76,5,4,braking,rpm
552.4332701548377,545,0,128,12,255,0,76,5,4,braking,rpm
552.4430152988043,260,0,128,12,255,0,76,5,4,braking,rpm
552.4625736423834,316,0,128,12,255,0,76,5,4,braking,rpm
552.5618909123913,329,0,128,98,255,0,76,5,4,braking,rpm
553.0612519878936,545,0,128,98,255,0,76,5,4,braking,rpm
553.0708194738013,260,0,128,86,255,0,99,5,4,braking,rpm
553.0905854693751,316,0,128,86,255,0,99,5,4,braking,rpm
553.1909446023285,329,0,128,86,255,0,99,5,4,braking,rpm
553.6902690418972,545,0,128,0,255,0,99,5,4,braking,rpm
553.6999490641106,260,0,128,0,255,0,99,5,4,braking,rpm
553.7199166475575,316,0,128,0,255,0,99,5,4,braking,rpm
553.820034551031,329,0,128,0,255,0,99,5,4,braking,rpm
554.3205757664426,545,0,128,0,255,0,99,5,4,braking,rpm
554.3301333274011,260,0,128,98,255,0,76,5,4,braking,rpm
554.3508803307748,316,0,128,98,255,0,76,5,4,braking,rpm
554.4504746621767,329,0,128,98,255,0,76,5,4,braking,rpm
554.9494814352289,545,0,128,98,255,0,76,5,4,braking,rpm
554.9598130546699,260,0,128,98,255,0,76,5,4,braking,rpm
554.9802230474659,316,0,128,12,255,0,76,5,4,braking,rpm
555.0797005969408,329,0,128,12,255,0,76,5,4,braking,rpm
555.5793955152711,545,0,128,12,255,0,76,5,4,braking,rpm
555.5902201985806,260,0,128,246,255,0,99,5,4,braking,rpm
555.6100802620399,316,0,128,246,255,0,99,5,4,braking,rpm
555.7104965458328,329,0,128,246,255,0,99,5,4,braking,rpm
556.209991569014,545,0,128,246,255,0,99,5,4,braking,rpm
556.2201545102897,260,0,128,86,255,0,99,5,4,braking,rpm
556.2399173264483,316,0,128,86,255,0,99,5,4,braking,rpm
556.3405561865897,329,0,128,86,255,0,99,5,4,braking,rpm
556.840969273746,545,0,128,0,255,0,99,5,4,braking,rpm
556.8503578830337,260,0,128,12,255,0,76,5,4,braking,rpm
556.8705318301232,316,0,128,12,255,0,76,5,4,braking,rpm
556.9708402579851,329,0,128,12,255,0,76,5,4,braking,rpm
557.4699316308668,545,0,128,12,255,0,76,5,4,braking,rpm
557.4796763360832,260,0,128,98,255,0,76,5,4,braking,rpm
557.4986917999797,316,0,128,98,255,0,76,5,4,braking,rpm
557.5991250128475,329,0,128,98,255,0,76,5,4,braking,rpm
558.0991562132621,545,0,128,98,255,0,76,5,4,braking,rpm
558.1098800356401,260,0,128,86,255,0,99,5,4,braking,rpm
558.1289355425946,316,0,128,0,255,0,99,5,4,braking,rpm
558.2262260032159,329,0,128,0,255,0,99,5,4,braking,rpm
558.7257605347701,545,0,128,0,255,0,99,5,4,braking,rpm
558.7356834809184,260,0,128,0,255,0,99,5,4,braking,rpm
558.7554854382417,316,0,128,0,255,0,99,5,4,braking,rpm
558.8546385086241,329,0,128,86,255,0,99,5,4,braking,rpm
559.35412104579,545,0,128,86,255,0,99,5,4,braking,rpm
559.364183428634,260,0,128,98,255,0,76,5,4,braking,rpm
559.3833743080219,316,0,128,98,255,0,76,5,4,braking,rpm
559.4839147627927,329,0,128,98,255,0,76,5,4,braking,rpm
559.9846146617396,545,0,128,12,255,0,76,5,4,braking,rpm
559.9953849760074,260,0,128,12,255,0,76,5,4,braking,rpm
560.0162386942244,316,0,128,12,255,0,76,5,4,braking,rpm
560.1162918871158,329,0,128,12,255,0,76,5,4,braking,rpm
560.6169664908788,545,0,128,12,255,0,76,5,4,braking,rpm
560.6278484240364,260,0,128,246,255,0,99,5,4,braking,rpm
560.6468922545299,316,0,128,246,255,0,99,5,4,braking,rpm
560.7477005453457,329,0,128,86,255,0,99,5,4,braking,rpm
561.2479668669991,545,0,128,86,255,0,99,5,4,braking,rpm
561.257140147539,260,0,128,86,255,0,99,5,4,braking,rpm
561.2766173380498,316,0,128,0,255,0,99,5,4,braking,rpm
561.375622467207,329,0,128,0,255,0,99,5,4,braking,rpm
561.876054878135,545,0,128,0,255,0,99,5,4,braking,rpm
561.8868611493876,260,0,128,12,255,0,76,5,4,braking,rpm
561.9073667182722,316,0,128,12,255,0,76,5,4,braking,rpm
562.0077457611171,329,0,128,98,255,0,76,5,4,braking,rpm
562.5078530183114,545,0,128,98,255,0,76,5,4,braking,rpm
562.5183097215827,260,0,128,98,255,0,76,5,4,braking,rpm
562.5387527348813,316,0,128,98,255,0,76,5,4,braking,rpm
562.6378123861156,329,0,128,98,255,0,76,5,4,braking,rpm
563.1373237844425,545,0,128,12,255,0,76,5,4,braking,rpm
563.1481968479212,260,0,128,0,255,0,99,5,4,braking,rpm
563.1688357870404,316,0,128,0,255,0,99,5,4,braking,rpm
563.268602343457,329,0,128,0,255,0,99,5,4,braking,rpm
563.7676471395079,545,0,128,0,255,0,99,5,4,braking,rpm
563.7769568390667,260,0,128,86,255,0,99,5,4,braking,rpm
563.7977371229414,316,0,128,86,255,0,99,5,4,braking,rpm
563.8976315287476,329,0,128,86,255,0,99,5,4,braking,rpm
564.3970301437007,545,0,128,86,255,0,99,5,4,braking,rpm
564.4071631055053,260,0,128,98,255,0,76,5,4,braking,rpm
564.4271379970402,316,0,128,12,255,0,76,5,4,braking,rpm
564.5265797552045,329,0,128,12,255,0,76,5,4,braking,rpm
565.0265466666285,545,0,128,12,255,0,76,5,4,braking,rpm
565.036201129762,260,0,128,12,255,0,76,5,4,braking,rpm
565.0564359455929,316,0,128,12,255,0,76,5,4,braking,rpm
565.1574085971002,329,0,128,98,255,0,76,5,4,braking,rpm
565.6575622514043,545,0,128,98,255,0,76,5,4,braking,rpm
565.6673530643159,260,0,128,86,255,0,99,5,4,braking,rpm
565.6865626678713,316,0,128,86,255,0,99,5,4,braking,rpm
565.786433973231,329,0,128,86,255,0,99,5,4,braking,rpm
566.2866111385067,545,0,128,0,255,0,99,5,4,braking,rpm
566.2963424367779,260,0,128,0,255,0,99,5,4,braking,rpm
566.3157365068909,316,0,128,0,255,0,99,5,4,braking,rpm
566.41581832489,329,0,128,0,255,0,99,5,4,braking,rpm
566.9153016029111,545,0,128,0,255,0,99,5,4,braking,rpm
566.9250001690859,260,0,128,98,255,0,76,5,4,braking,rpm
566.9455335730864,316,0,128,98,255,0,76,5,4,braking,rpm
567.0462245781052,329,0,128,98,255,0,76,5,4,braking,rpm
567.5457903619737,545,0,128,98,255,0,76,5,4,braking,rpm
567.5558120381679,260,0,128,98,255,0,76,5,4,braking,rpm
567.5754707186093,316,0,128,12,255,0,76,5,4,braking,rpm
567.6746535627998,329,0,128,12,255,0,76,5,4,braking,rpm
568.1740822216111,545,0,128,12,255,0,76,5,4,braking,rpm
568.1849672110635,260,0,128,246,255,0,99,5,4,braking,rpm
568.204935796844,316,0,128,246,255,0,99,5,4,braking,rpm
568.3055764593594,329,0,128,246,255,0,99,5,4,braking,rpm
568.8047043550102,545,0,128,246,255,0,99,5,4,braking,rpm
568.8138787335957,260,0,128,86,255,0,99,5,4,braking,rpm
568.833298548831,316,0,128,86,255,0,99,5,4,braking,rpm
568.932615463447,329,0,128,86,255,0,99,5,4,braking,rpm
569.4326559963177,545,0,128,0,255,0,99,5,4,braking,rpm
569.443347022033,260,0,128,12,255,0,76,5,4,braking,rpm
569.4623576020949,316,0,128,12,255,0,76,5,4,braking,rpm
569.5619406184807,329,0,128,12,255,0,76,5,4,braking,rpm
570.0616978102126,545,0,128,12,255,0,76,5,4,braking,rpm
570.0708042124949,260,0,128,98,255,0,76,5,4,braking,rpm
570.0907180778134,316,0,128,98,255,0,76,5,4,braking,rpm
570.1907193060661,329,0,128,98,255,0,76,5,4,braking,rpm
570.6916807032113,545,0,128,98,255,0,76,5,4,braking,rpm
570.7012359474224,260,0,128,86,255,0,99,5,4,braking,rpm
570.7207932647502,316,0,128,0,255,0,99,5,4,braking,rpm
570.8206273023177,329,0,128,0,255,0,99,5,4,braking,rpm
571.3207775919093,545,0,128,0,255,0,99,5,4,braking,rpm
571.3309032424917,260,0,128,0,255,0,99,5,4,braking,rpm
571.3503601812945,316,0,128,0,255,0,99,5,4,braking,rpm
571.4502037357945,329,0,128,86,255,0,99,5,4,braking,rpm
571.9493709134591,545,0,128,86,255,0,99,5,4,braking,rpm
571.9602925065694,260,0,128,98,255,0,76,5,4,braking,rpm
571.9797685652636,316,0,128,98,255,0,76,5,4,braking,rpm
572.0801546313419,329,0,128,98,255,0,76,5,4,braking,rpm
572.5834376473343,545,0,128,12,255,0,76,5,4,braking,rpm
572.5934180965792,260,0,128,12,255,0,76,5,4,braking,rpm
572.6131018406027,316,0,128,12,255,0,76,5,4,braking,rpm
572.7130076283586,329,0,128,12,255,0,76,5,4,braking,rpm
573.2132191821116,545,0,128,12,255,0,76,5,4,braking,rpm
573.2239086531309,260,0,128,246,255,0,99,5,4,braking,rpm
573.2442711890615,316,0,128,246,255,0,99,5,4,braking,rpm
573.3449137826441,329,0,128,86,255,0,99,5,4,braking,rpm
573.844856613899,545,0,128,86,255,0,99,5,4,braking,rpm
573.8545550621025,260,0,128,86,255,0,99,5,4,braking,rpm
573.8745569398088,316,0,128,0,255,0,99,5,4,braking,rpm
573.9749728994329,329,0,128,0,255,0,99,5,4,braking,rpm
574.4739918015131,545,0,128,0,255,0,99,5,4,braking,rpm
574.4844008211861,260,0,128,12,255,0,76,5,4,braking,rpm
574.5040216080538,316,0,128,12,255,0,76,5,4,braking,rpm
574.6031188172808,329,0,128,98,255,0,76,5,4,braking,rpm
575.1037558585849,545,0,128,98,255,0,76,5,4,braking,rpm
575.1128754676793,260,0,128,98,255,0,76,5,4,braking,rpm
575.1325279974214,316,0,128,98,255,0,76,5,4,braking,rpm
575.2329270530573,329,0,128,98,255,0,76,5,4,braking,rpm
575.7331987271472,545,0,128,12,255,0,76,5,4,braking,rpm
575.742238788828,260,0,128,0,255,0,99,5,4,braking,rpm
575.7623946020411,316,0,128,0,255,0,99,5,4,braking,rpm
575.8627430669386,329,0,128,0,255,0,99,5,4,braking,rpm
576.3635738516997,545,0,128,0,255,0,99,5,4,braking,rpm
576.3729315284952,260,0,128,86,255,0,99,5,4,braking,rpm
576.3923198345253,316,0,128,86,255,0,99,5,4,braking,rpm
576.4929954298951,329,0,128,86,255,0,99,5,4,braking,rpm
576.9933735441189,545,0,128,86,255,0,99,5,4,braking,rpm
577.0042812554005,260,0,128,98,255,0,76,5,4,braking,rpm
577.0236920660891,316,0,128,12,255,0,76,5,4,braking,rpm
577.1237604253901,329,0,128,12,255,0,76,5,4,braking,rpm
577.6234480183192,545,0,128,12,255,0,76,5,4,braking,rpm
577.6353165737546,260,0,128,12,255,0,76,5,4,braking,rpm
577.6557344527484,316,0,128,12,255,0,76,5,4,braking,rpm
577.7559034650313,329,0,128,98,255,0,76,5,4,braking,rpm
578.2566740725555,545,0,128,98,255,0,76,5,4,braking,rpm
578.2657506756809,260,0,128,86,255,0,99,5,4,braking,rpm
578.2864532287053,316,0,128,86,255,0,99,5,4,braking,rpm
578.3872112768598,329,0,128,86,255,0,99,5,4,braking,rpm
578.8875480188548,545,0,128,0,255,0,99,5,4,braking,rpm
578.8980719133156,260,0,128,0,255,0,99,5,4,braking,rpm
578.9182492457958,316,0,128,0,255,0,99,5,4,braking,rpm
579.0189753208692,329,0,128,0,255,0,99,5,4,braking,rpm
579.5189046300908,545,0,128,0,255,0,99,5,4,braking,rpm
579.5279880787772,260,0,128,98,255,0,76,5,4,braking,rpm
579.5486973529213,316,0,128,98,255,0,76,5,4,braking,rpm
579.6484159816318,329,0,128,98,255,0,76,5,4,braking,rpm
580.1476569684041,545,0,128,98,255,0,76,5,4,braking,rpm
580.157411710334,260,0,128,98,255,0,76,5,4,braking,rpm
580.1783310100827,316,0,128,12,255,0,76,5,4,braking,rpm
580.2792390047877,329,0,128,12,255,0,76,5,4,braking,rpm
580.7782610824971,545,0,128,12,255,0,76,5,4,braking,rpm
580.7873777376508,260,0,128,246,255,0,99,5,4,braking,rpm
580.8075566243615,316,0,128,246,255,0,99,5,4,braking,rpm
580.9071763089964,329,0,128,246,255,0,99,5,4,braking,rpm
581.4064638360034,545,0,128,246,255,0,99,5,4,braking,rpm
581.4160019553995,260,0,128,86,255,0,99,5,4,braking,rpm
581.4359633483115,316,0,128,86,255,0,99,5,4,braking,rpm
581.5365734889257,329,0,128,86,255,0,99,5,4,braking,rpm
582.0358615701008,545,0,128,0,255,0,99,5,4,braking,rpm
582.0460713075573,260,0,128,12,255,0,76,5,4,braking,rpm
582.0660470141557,316,0,128,12,255,0,76,5,4,braking,rpm
582.1666460506151,329,0,128,12,255,0,76,5,4,braking,rpm
582.666867301698,545,0,128,12,255,0,76,5,4,braking,rpm
582.6760304512385,260,0,128,98,255,0,76,5,4,braking,rpm
582.6952605195398,316,0,128,98,255,0,76,5,4,braking,rpm
582.7952836750031,329,0,128,98,255,0,76,5,4,braking,rpm
583.2956835775634,545,0,128,98,255,0,76,5,4,braking,rpm
583.3051163795982,260,0,128,86,255,0,99,5,4,braking,rpm
583.325368226539,316,0,128,0,255,0,99,5,4,braking,rpm
583.4256298290791,329,0,128,0,255,0,99,5,4,braking,rpm
583.9253572905317,545,0,128,0,255,0,99,5,4,braking,rpm
583.9353987751572,260,0,128,0,255,0,99,5,4,braking,rpm
583.956170386227,316,0,128,0,255,0,99,5,4,braking,rpm
584.0565103930344,329,0,128,86,255,0,99,5,4,braking,rpm
584.5567093909197,545,0,128,86,255,0,99,5,4,braking,rpm
584.5669939890228,260,0,128,98,255,0,76,5,4,braking,rpm
584.5869333989959,316,0,128,98,255,0,76,5,4,braking,rpm
584.6878962320922,329,0,128,98,255,0,76,5,4,braking,rpm
585.188373454253,545,0,128,12,255,0,76,5,4,braking,rpm
585.1989082499938,260,0,128,12,255,0,76,5,4,braking,rpm
585.2196854647804,316,0,128,12,255,0,76,5,4,braking,rpm
585.3189918065029,329,0,128,12,255,0,76,5,4,braking,rpm
585.8197342841621,545,0,128,12,255,0,76,5,4,braking,rpm
585.8301655724823,260,0,128,246,255,0,99,5,4,braking,rpm
585.8505050961069,316,0,128,246,255,0,99,5,4,braking,rpm
585.9498997649546,329,0,128,86,255,0,99,5,4,braking,rpm
586.4504469639477,545,0,128,86,255,0,99,5,4,braking,rpm
586.4608324179163,260,0,128,86,255,0,99,5,4,braking,rpm
586.4809873909376,316,0,128,0,255,0,99,5,4,braking,rpm
586.581574561068,329,0,128,0,255,0,99,5,4,braking,rpm
587.0811868527486,545,0,128,0,255,0,99,5,4,braking,rpm
587.0910250112695,260,0,128,12,255,0,76,5,4,braking,rpm
587.1118454348193,316,0,128,12,255,0,76,5,4,braking,rpm
587.2127540061784,329,0,128,98,255,0,76,5,4,braking,rpm
587.7134136087292,545,0,128,98,255,0,76,5,4,braking,rpm
587.7243585482695,260,0,128,98,255,0,76,5,4,braking,rpm
587.7453065425814,316,0,128,98,255,0,76,5,4,braking,rpm
587.8458776177038,329,0,128,98,255,0,76,5,4,braking,rpm
588.3453005185175,545,0,128,12,255,0,76,5,4,braking,rpm
588.3551337937631,260,0,128,0,255,0,99,5,4,braking,rpm
588.3753749199213,316,0,128,0,255,0,99,5,4,braking,rpm
588.474939869611,329,0,128,0,255,0,99,5,4,braking,rpm
588.9752395996852,545,0,128,0,255,0,99,5,4,braking,rpm
588.9843045480704,260,0,128,86,255,0,99,5,4,braking,rpm
589.004326678368,316,0,128,86,255,0,99,5,4,braking,rpm
589.1049272695924,329,0,128,86,255,0,99,5,4,braking,rpm
589.6057748111178,545,0,128,86,255,0,99,5,4,braking,rpm
589.6154208949716,260,0,128,98,255,0,76,5,4,braking,rpm
589.6352235054783,316,0,128,12,255,0,76,5,4,braking,rpm
589.7359661923082,329,0,128,12,255,0,76,5,4,braking,rpm
590.2359367828194,545,0,128,12,255,0,76,5,4,braking,rpm
590.2450682800369,260,0,128,12,255,0,76,5,4,braking,rpm
590.2648789696342,316,0,128,12,255,0,76,5,4,braking,rpm
590.3643116010124,329,0,128,98,255,0,76,5,4,braking,rpm
590.8649311301218,545,0,128,98,255,0,76,5,4,braking,rpm
590.8759055674292,260,0,128,86,255,0,99,5,4,braking,rpm
590.8950110225578,316,0,128,86,255,0,99,5,4,braking,rpm
590.9948890006408,329,0,128,86,255,0,99,5,4,braking,rpm
591.4951810287457,545,0,128,0,255,0,99,5,4,braking,rpm
591.5056949836667,260,0,128,0,255,0,99,5,4,braking,rpm
591.5262799094512,316,0,128,0,255,0,99,5,4,braking,rpm
591.6259668148996,329,0,128,0,255,0,99,5,4,braking,rpm
592.1263068443083,545,0,128,0,255,0,99,5,4,braking,rpm
592.1355201709939,260,0,128,98,255,0,76,5,4,braking,rpm
592.156334815055,316,0,128,98,255,0,76,5,4,braking,rpm
592.2566070977559,329,0,128,98,255,0,76,5,4,braking,rpm
592.7570916143201,545,0,128,98,255,0,76,5,4,braking,rpm
592.76721092517,260,0,128,98,255,0,76,5,4,braking,rpm
592.7880037438822,316,0,128,12,255,0,76,5,4,braking,rpm
592.8884003124259,329,0,128,12,255,0,76,5,4,braking,rpm
593.3887576580692,545,0,128,12,255,0,76,5,4,braking,rpm
593.3992338283733,260,0,128,246,255,0,99,5,4,braking,rpm
593.4188498236344,316,0,128,246,255,0,99,5,4,braking,rpm
593.5193716929516,329,0,128,246,255,0,99,5,4,braking,rpm
594.0190736509402,545,0,128,246,255,0,99,5,4,braking,rpm
594.0283317201691,260,0,128,86,255,0,99,5,4,braking,rpm
594.0478214556779,316,0,128,86,255,0,99,5,4,braking,rpm
594.1470008361085,329,0,128,86,255,0,99,5,4,braking,rpm
594.647310663171,545,0,128,0,255,0,99,5,4,braking,rpm
594.656663816154,260,0,128,12,255,0,76,5,4,braking,rpm
594.6768110394135,316,0,128,12,255,0,76,5,4,braking,rpm
594.7771661927227,329,0,128,12,255,0,76,5,4,braking,rpm
595.2772825927302,545,0,128,12,255,0,76,5,4,braking,rpm
595.2864035619012,260,0,128,98,255,0,76,5,4,braking,rpm
595.3067261633488,316,0,128,98,255,0,76,5,4,braking,rpm
595.4074623505417,329,0,128,98,255,0,76,5,4,braking,rpm
595.9068804191423,545,0,128,98,255,0,76,5,4,braking,rpm
595.9162058454667,260,0,128,86,255,0,99,5,4,braking,rpm
595.9363121471748,316,0,128,0,255,0,99,5,4,braking,rpm
596.0361194622495,329,0,128,0,255,0,99,5,4,braking,rpm
596.5365655604224,545,0,128,0,255,0,99,5,4,braking,rpm
596.5462599534388,260,0,128,0,255,0,99,5,4,braking,rpm
596.567030601306,316,0,128,0,255,0,99,5,4,braking,rpm
596.6669556628018,329,0,128,86,255,0,99,5,4,braking,rpm
597.1676341026268,545,0,128,86,255,0,99,5,4,braking,rpm
597.1783841583657,260,0,128,98,255,0,76,5,4,braking,rpm
597.1992055761245,316,0,128,98,255,0,76,5,4,braking,rpm
597.2993193177743,329,0,128,98,255,0,76,5,4,braking,rpm
597.8000692409942,545,0,128,12,255,0,76,5,4,braking,rpm
597.8096633599281,260,0,128,12,255,0,76,5,4,braking,rpm
597.8298404663789,316,0,128,12,255,0,76,5,4,braking,rpm
597.929033696235,329,0,128,12,255,0,76,5,4,braking,rpm
598.4297547448023,545,0,128,12,255,0,76,5,4,braking,rpm
598.4395622031424,260,0,128,246,255,0,99,5,4,braking,rpm
598.4592152491837,316,0,128,246,255,0,99,5,4,braking,rpm
598.5600932379887,329,0,128,86,255,0,99,5,4,braking,rpm
599.0594739826606,545,0,128,86,255,0,99,5,4,braking,rpm
599.0701542747023,260,0,128,86,255,0,99,5,4,braking,rpm
599.0902940543499,316,0,128,0,255,0,99,5,4,braking,rpm
599.1898961139937,329,0,128,0,255,0,99,5,4,braking,rpm
599.6889579174316,545,0,128,0,255,0,99,5,4,braking,rpm
599.6987160002504,260,0,128,12,255,0,76,5,4,braking,rpm
599.7194023024975,316,0,128,12,255,0,76,5,4,braking,rpm
599.8189481885722,329,0,128,98,255,0,76,5,4,braking,rpm
600.3197403369538,545,0,128,98,255,0,76,5,4,braking,rpm
600.3300762060737,260,0,128,98,255,0,76,5,4,braking,rpm
600.3492690373531,316,0,128,98,255,0,76,5,4,braking,rpm
600.4487401995249,329,0,128,98,255,0,76,5,4,braking,rpm
600.9488708008724,545,0,128,12,255,0,76,5,4,braking,rpm
600.9581748261174,260,0,128,0,255,0,99,5,4,braking,rpm
600.9781149588734,316,0,128,0,255,0,99,5,4,braking,rpm
601.0777314200767,329,0,128,0,255,0,99,5,4,braking,rpm
601.5785116812611,545,0,128,0,255,0,99,5,4,braking,rpm
601.5892852001258,260,0,128,86,255,0,99,5,4,braking,rpm
601.6091680861509,316,0,128,86,255,0,99,5,4,braking,rpm
601.7094678133885,329,0,128,86,255,0,99,5,4,braking,rpm
602.2094832346244,545,0,128,86,255,0,99,5,4,braking,rpm
602.2186807307614,260,0,128,98,255,0,76,5,4,braking,rpm
602.2394877310701,316,0,128,12,255,0,76,5,4,braking,rpm
602.3396858839255,329,0,128,12,255,0,76,5,4,braking,rpm
602.8404166415168,545,0,128,12,255,0,76,5,4,braking,rpm
602.8502900813451,260,0,128,12,255,0,76,5,4,braking,rpm
602.8695242816121,316,0,128,12,255,0,76,5,4,braking,rpm
602.9699418483308,329,0,128,98,255,0,76,5,4,braking,rpm
603.470916090328,545,0,128,98,255,0,76,5,4,braking,rpm
603.4814841365703,260,0,128,86,255,0,99,5,4,braking,rpm
603.5038505999212,316,0,128,86,255,0,99,5,4,braking,rpm
603.6035678559542,329,0,128,86,255,0,99,5,4,braking,rpm
604.1040941160052,545,0,128,0,255,0,99,5,4,braking,rpm
604.1138902550729,260,0,128,0,255,0,99,5,4,braking,rpm
604.1342695962115,316,0,128,0,255,0,99,5,4,braking,rpm
604.2350829898409,329,0,128,0,255,0,99,5,4,braking,rpm
604.7342289757138,545,0,128,0,255,0,99,5,4,braking,rpm
604.7436574568108,260,0,128,98,255,0,76,5,4,braking,rpm
604.7629020261404,316,0,128,98,255,0,76,5,4,braking,rpm
604.8625876106619,329,0,128,98,255,0,76,5,4,braking,rpm
605.3634833504658,545,0,128,98,255,0,76,5,4,braking,rpm
605.37335381578,260,0,128,98,255,0,76,5,4,braking,rpm
605.3935882739534,316,0,128,12,255,0,76,5,4,braking,rpm
605.4937979685656,329,0,128,12,255,0,76,5,4,braking,rpm
605.9946101513074,545,0,128,12,255,0,76,5,4,braking,rpm
606.0053992635187,260,0,128,246,255,0,99,5,4,braking,rpm
606.025148705031,316,0,128,246,255,0,99,5,4,braking,rpm
606.1258760339234,329,0,128,246,255,0,99,5,4,braking,rpm
606.6264544122059,545,0,128,246,255,0,99,5,4,braking,rpm
606.6373631439553,260,0,128,86,255,0,99,5,4,braking,rpm
606.6578218475578,316,0,128,86,255,0,99,5,4,braking,rpm
606.7579671596301,329,0,128,86,255,0,99,5,4,braking,rpm
607.258195238296,545,0,128,0,255,0,99,5,4,braking,rpm
607.2676503584859,260,0,128,12,255,0,76,5,4,braking,rpm
607.2875890696927,316,0,128,12,255,0,76,5,4,braking,rpm
607.3871176850412,329,0,128,12,255,0,76,5,4,braking,rpm
607.8869726763963,545,0,128,12,255,0,76,5,4,braking,rpm
607.8977417797093,260,0,128,98,255,0,76,5,4,braking,rpm
607.9173497882911,316,0,128,98,255,0,76,5,4,braking,rpm
608.0178333663018,329,0,128,98,255,0,76,5,4,braking,rpm
608.5192356928882,545,0,128,98,255,0,76,5,4,braking,rpm
608.5302186713847,260,0,128,86,255,0,99,5,4,braking,rpm
608.5508956926994,316,0,128,0,255,0,99,5,4,braking,rpm
608.6501905589283,329,0,128,0,255,0,99,5,4,braking,rpm
609.150081163184,545,0,128,0,255,0,99,5,4,braking,rpm
609.1598792030671,260,0,128,0,255,0,99,5,4,braking,rpm
609.1793051522341,316,0,128,0,255,0,99,5,4,braking,rpm
609.2794228057332,329,0,128,86,255,0,99,5,4,braking,rpm
609.7792251531716,545,0,128,86,255,0,99,5,4,braking,rpm
609.7883639172004,260,0,128,98,255,0,76,5,4,braking,rpm
609.8084012717962,316,0,128,98,255,0,76,5,4,braking,rpm
609.9086674841286,329,0,128,98,255,0,76,5,4,braking,rpm
610.4092909222189,545,0,128,12,255,0,76,5,4,braking,rpm
610.4199161880613,260,0,128,12,255,0,76,5,4,braking,rpm
610.4397914421655,316,0,128,12,255,0,76,5,4,braking,rpm
610.5392472155008,329,0,128,12,255,0,76,5,4,braking,rpm
611.0402431945431,545,0,128,12,255,0,76,5,4,braking,rpm
611.0494816345667,260,0,128,246,255,0,99,5,4,braking,rpm
611.0699125894787,316,0,128,246,255,0,99,5,4,braking,rpm
611.1701209894319,329,0,128,86,255,0,99,5,4,braking,rpm
611.6699368347151,545,0,128,86,255,0,99,5,4,braking,rpm
611.6801751208712,260,0,128,86,255,0,99,5,4,braking,rpm
611.7006198218402,316,0,128,0,255,0,99,5,4,braking,rpm
611.7999428732402,329,0,128,0,255,0,99,5,4,braking,rpm
612.3005379665794,545,0,128,0,255,0,99,5,4,braking,rpm
612.309671376672,260,0,128,12,255,0,76,5,4,braking,rpm
612.328776325771,316,0,128,12,255,0,76,5,4,braking,rpm
612.4289486765346,329,0,128,98,255,0,76,5,4,braking,rpm
612.9291382331304,545,0,128,98,255,0,76,5,4,braking,rpm
612.9390116111271,260,0,128,98,255,0,76,5,4,braking,rpm
612.9583933150624,316,0,128,98,255,0,76,5,4,braking,rpm
613.0587641855648,329,0,128,98,255,0,76,5,4,braking,rpm
613.5586221032258,545,0,128,12,255,0,76,5,4,braking,rpm
613.567898437134,260,0,128,0,255,0,99,5,4,braking,rpm
613.5883457353241,316,0,128,0,255,0,99,5,4,braking,rpm
613.6886325137021,329,0,128,0,255,0,99,5,4,braking,rpm
614.1880165187969,545,0,128,0,255,0,99,5,4,braking,rpm
614.198917928109,260,0,128,86,255,0,99,5,4,braking,rpm
614.2181981435596,316,0,128,86,255,0,99,5,4,braking,rpm
614.3182582619653,329,0,128,86,255,0,99,5,4,braking,rpm
614.8187165296384,545,0,128,86,255,0,99,5,4,braking,rpm
614.8292726181687,260,0,128,98,255,0,76,5,4,braking,rpm
614.8492118215786,316,0,128,12,255,0,76,5,4,braking,rpm
614.9488660154211,329,0,128,12,255,0,76,5,4,braking,rpm
615.4492038624103,545,0,128,12,255,0,76,5,4,braking,rpm
615.4583697735161,260,0,128,12,255,0,76,5,4,braking,rpm
615.4776470034723,316,0,128,12,255,0,76,5,4,braking,rpm
615.5783256323178,329,0,128,98,255,0,76,5,4,braking,rpm
616.0782169383219,545,0,128,98,255,0,76,5,4,braking,rpm
616.0886122354203,260,0,128,86,255,0,99,5,4,braking,rpm
616.1084698719479,316,0,128,86,255,0,99,5,4,braking,rpm
616.2075299373245,329,0,128,86,255,0,99,5,4,braking,rpm
616.7080321539049,545,0,128,0,255,0,99,5,4,braking,rpm
616.717316806358,260,0,128,0,255,0,99,5,4,braking,rpm
616.7374739195564,316,0,128,0,255,0,99,5,4,braking,rpm
616.8367233078201,329,0,128,0,255,0,99,5,4,braking,rpm
617.3375345287844,545,0,128,0,255,0,99,5,4,braking,rpm
617.3476531433511,260,0,128,98,255,0,76,5,4,braking,rpm
617.3684898943583,316,0,128,98,255,0,76,5,4,braking,rpm
617.4691353860366,329,0,128,98,255,0,76,5,4,braking,rpm
617.9697749121467,545,0,128,98,255,0,76,5,4,braking,rpm
617.9796154367367,260,0,128,98,255,0,76,5,4,braking,rpm
617.9997181028581,316,0,128,12,255,0,76,5,4,braking,rpm
618.099108026549,329,0,128,12,255,0,76,5,4,braking,rpm
618.5982621553662,545,0,128,12,255,0,76,5,4,braking,rpm
618.6078251214149,260,0,128,246,255,0,99,5,4,braking,rpm
618.6283375424072,316,0,128,246,255,0,99,5,4,braking,rpm
618.7281650661731,329,0,128,246,255,0,99,5,4,braking,rpm
619.2284844366557,545,0,128,246,255,0,99,5,4,braking,rpm
619.2383477184522,260,0,128,86,255,0,99,5,4,braking,rpm
619.2588609060616,316,0,128,86,255,0,99,5,4,braking,rpm
619.3583660784192,329,0,128,86,255,0,99,5,4,braking,rpm
619.857615618759,545,0,128,0,255,0,99,5,4,braking,rpm
619.8681817165808,260,0,128,12,255,0,76,5,4,braking,rpm
619.8882630384192,316,0,128,12,255,0,76,5,4,braking,rpm
619.9881540020177,329,0,128,12,255,0,76,5,4,braking,rpm
620.4886261332764,545,0,128,12,255,0,76,5,4,braking,rpm
620.4978931207391,260,0,128,98,255,0,76,5,4,braking,rpm
620.5182043425526,316,0,128,98,255,0,76,5,4,braking,rpm
620.6185490894437,329,0,128,98,255,0,76,5,4,braking,rpm
621.1192750122095,545,0,128,98,255,0,76,5,4,braking,rpm
621.1296131806042,260,0,128,86,255,0,99,5,4,braking,rpm
621.1500556579866,316,0,128,0,255,0,99,5,4,braking,rpm
621.2505420793177,329,0,128,0,255,0,99,5,4,braking,rpm
621.7508359899421,545,0,128,0,255,0,99,5,4,braking,rpm
621.7611143942478,260,0,128,0,255,0,99,5,4,braking,rpm
621.7817302879414,316,0,128,0,255,0,99,5,4,braking,rpm
621.8809672114646,329,0,128,86,255,0,99,5,4,braking,rpm
622.3805033369947,545,0,128,86,255,0,99,5,4,braking,rpm
622.3909158349892,260,0,128,98,255,0,76,5,4,braking,rpm
622.4102868625697,316,0,128,98,255,0,76,5,4,braking,rpm
622.5101581071145,329,0,128,98,255,0,76,5,4,braking,rpm
623.0097981916579,545,0,128,12,255,0,76,5,4,braking,rpm
623.0196974129461,260,0,128,12,255,0,76,5,4,braking,rpm
623.0392893082652,316,0,128,12,255,0,76,5,4,braking,rpm
623.138822670431,329,0,128,12,255,0,76,5,4,braking,rpm
623.63892099691,545,0,128,12,255,0,76,5,4,braking,rpm
623.6484134705169,260,0,128,246,255,0,99,5,4,braking,rpm
623.6692269176395,316,0,128,246,255,0,99,5,4,braking,rpm
623.769896797289,329,0,128,86,255,0,99,5,4,braking,rpm
624.269238333592,545,0,128,86,255,0,99,5,4,braking,rpm
624.278549273754,260,0,128,86,255,0,99,5,4,braking,rpm
624.298357226629,316,0,128,0,255,0,99,5,4,braking,rpm
624.3989044800497,329,0,128,0,255,0,99,5,4,braking,rpm
624.8987319805163,545,0,128,0,255,0,99,5,4,braking,rpm
624.9079372968285,260,0,128,12,255,0,76,5,4,braking,rpm
624.9279523657106,316,0,128,12,255,0,76,5,4,braking,rpm
625.0272395434638,329,0,128,98,255,0,76,5,4,braking,rpm
625.5266739222797,545,0,128,98,255,0,76,5,4,braking,rpm
625.5363207569069,260,0,128,98,255,0,76,5,4,braking,rpm
625.5560975685452,316,0,128,98,255,0,76,5,4,braking,rpm
625.6559395963988,329,0,128,98,255,0,76,5,4,braking,rpm
626.1568578666254,545,0,128,12,255,0,76,5,4,braking,rpm
626.1668300964637,260,0,128,0,255,0,99,5,4,braking,rpm
626.1864945201104,316,0,128,0,255,0,99,5,4,braking,rpm
626.2857669035417,329,0,128,0,255,0,99,5,4,braking,rpm
626.7855001184143,545,0,128,0,255,0,99,5,4,braking,rpm
626.795399067004,260,0,128,86,255,0,99,5,4,braking,rpm
626.8160315306474,316,0,128,86,255,0,99,5,4,braking,rpm
626.9159410485554,329,0,128,86,255,0,99,5,4,braking,rpm
627.4161186803606,545,0,128,86,255,0,99,5,4,braking,rpm
627.4263559783669,260,0,128,98,255,0,76,5,4,braking,rpm
627.4466353139867,316,0,128,12,255,0,76,5,4,braking,rpm
627.5475427943156,329,0,128,12,255,0,76,5,4,braking,rpm
628.0479039238536,545,0,128,12,255,0,76,5,4,braking,rpm
628.0572500003844,260,0,128,12,255,0,76,5,4,braking,rpm
628.0771657321171,316,0,128,12,255,0,76,5,4,braking,rpm
628.1772692172586,329,0,128,98,255,0,76,5,4,braking,rpm
628.6774558864378,545,0,128,98,255,0,76,5,4,braking,rpm
628.6866542073881,260,0,128,86,255,0,99,5,4,braking,rpm
628.7070146177023,316,0,128,86,255,0,99,5,4,braking,rpm
628.807987401782,329,0,128,86,255,0,99,5,4,braking,rpm
629.3072738532572,545,0,128,0,255,0,99,5,4,braking,rpm
629.3179664921571,260,0,128,0,255,0,99,5,4,braking,rpm
629.3378580437991,316,0,128,0,255,0,99,5,4,braking,rpm
629.4369296068705,329,0,128,0,255,0,99,5,4,braking,rpm
629.9374528488914,545,0,128,0,255,0,99,5,4,braking,rpm
629.9475830068959,260,0,128,98,255,0,76,5,255,reverse,rpm
629.9682876272319,316,1,128,98,255,1,76,5,255,reverse,rpm
630.0674866986791,329,1,128,98,255,1,76,5,255,reverse,rpm
630.5682346614972,545,1,128,98,255,1,76,5,255,reverse,rpm
630.5777051148416,260,2,128,99,255,2,76,5,255,reverse,rpm
630.596774622407,316,2,128,12,255,2,76,6,255,reverse,rpm
630.6973565495309,329,2,128,12,255,2,76,6,255,reverse,rpm
631.1972702942799,545,2,128,12,255,2,76,6,255,reverse,rpm
631.2074655309808,260,3,128,246,255,3,99,6,255,reverse,rpm
631.227861699825,316,3,128,246,255,3,99,6,255,reverse,rpm
631.3280981308793,329,3,128,246,255,3,99,6,255,reverse,rpm
631.8279483318604,545,4,128,246,255,4,99,6,255,reverse,rpm
631.8385686615842,260,4,128,88,255,4,99,6,255,reverse,rpm
631.8585103348616,316,4,128,88,255,4,99,6,255,reverse,rpm
631.9583258351736,329,4,128,88,255,4,99,6,255,reverse,rpm
632.4589194886654,545,5,128,0,255,5,99,6,255,reverse,rpm
632.4688143178204,260,5,128,12,255,5,76,7,255,reverse,rpm
632.4891369525931,316,5,128,12,255,5,76,7,255,reverse,rpm
632.58836396433,329,6,128,12,255,6,76,7,255,reverse,rpm
633.0892541769142,545,6,128,12,255,6,76,7,255,reverse,rpm
633.0998045845099,260,6,128,101,255,6,76,7,255,reverse,rpm
633.1207525363955,316,7,128,101,255,7,76,7,255,reverse,rpm
633.2200097898119,329,7,128,101,255,7,76,7,255,reverse,rpm
633.7202979287292,545,7,128,101,255,7,76,7,255,reverse,rpm
633.7297296938033,260,7,128,89,255,7,99,7,255,reverse,rpm
633.750706162981,316,8,128,0,255,8,99,7,255,reverse,rpm
633.8512027366334,329,8,128,0,255,8,99,7,255,reverse,rpm
634.3511052118864,545,8,128,0,255,8,99,8,255,reverse,rpm
634.3603464257824,260,9,128,0,255,9,99,8,255,reverse,rpm
634.3808059495759,316,9,128,0,255,9,99,8,255,reverse,rpm
634.4814298528842,329,9,128,90,255,9,99,8,255,reverse,rpm
634.9820400108598,545,10,128,90,255,10,99,8,255,reverse,rpm
634.9913183775506,260,10,128,102,255,10,76,8,255,reverse,rpm
635.0111857723539,316,10,128,102,255,10,76,8,255,reverse,rpm
635.1118757002043,329,10,128,102,255,10,76,8,255,reverse,rpm
635.6111528851364,545,10,128,12,255,10,76,8,255,reverse,rpm
635.6209929281769,260,10,128,12,255,10,76,8,255,reverse,rpm
635.6413972434381,316,10,128,12,255,10,76,8,255,reverse,rpm
635.7404946765676,329,10,128,12,255,10,76,8,255,reverse,rpm
636.2399401621773,545,10,128,12,255,10,76,8,255,reverse,rpm
636.2496878501909,260,10,128,246,255,10,99,8,255,reverse,rpm
636.2697325980826,316,10,128,246,255,10,99,8,255,reverse,rpm
636.3704442592586,329,10,128,90,255,10,99,8,255,reverse,rpm
636.8709503269788,545,10,128,90,255,10,99,8,255,reverse,rpm
636.8816398887096,260,10,128,90,255,10,99,8,255,reverse,rpm
636.9011366285762,316,10,128,0,255,10,99,8,255,reverse,rpm
637.0011545610994,329,10,128,0,255,10,99,8,255,reverse,rpm
637.5010029635037,545,10,128,0,255,10,99,8,255,reverse,rpm
637.5111778861235,260,10,128,12,255,10,76,8,255,reverse,rpm
637.5318654938667,316,10,128,12,255,10,76,8,255,reverse,rpm
637.6322462565578,329,10,128,102,255,10,76,8,255,reverse,rpm
638.1327913602489,545,10,128,102,255,10,76,8,255,reverse,rpm
638.1437731888185,260,10,128,102,255,10,76,8,255,reverse,rpm
638.1634900584386,316,10,128,102,255,10,76,8,255,reverse,rpm
638.2635513344369,329,10,128,102,255,10,76,8,255,reverse,rpm
638.7630307238556,545,10,128,12,255,10,76,8,255,reverse,rpm
638.7737281289559,260,10,128,0,255,10,99,8,255,reverse,rpm
638.7928729617387,316,10,128,0,255,10,99,8,255,reverse,rpm
638.8926164618317,329,10,128,0,255,10,99,8,255,reverse,rpm
639.39184956339,545,10,128,0,255,10,99,8,255,reverse,rpm
639.4012076760299,260,10,128,90,255,10,99,8,255,reverse,rpm
639.4221909512429,316,10,128,90,255,10,99,8,255,reverse,rpm
639.5214846424652,329,10,128,90,255,10,99,8,255,reverse,rpm
640.0208708117209,545,10,128,90,255,10,99,8,255,reverse,rpm
640.0309294138345,260,10,128,102,255,10,76,8,255,reverse,rpm
640.0515882111204,316,10,128,12,255,10,76,8,255,reverse,rpm
640.1523077996452,329,10,128,12,255,10,76,8,255,reverse,rpm
640.6526389268811,545,10,128,12,255,10,76,8,255,reverse,rpm
640.6636170542502,260,10,128,12,255,10,76,8,255,reverse,rpm
640.683529457702,316,10,128,12,255,10,76,8,255,reverse,rpm
640.7838988842743,329,10,128,102,255,10,76,8,255,reverse,rpm
641.2842747187909,545,10,128,102,255,10,76,8,255,reverse,rpm
641.2940229516898,260,10,128,90,255,10,99,8,255,reverse,rpm
641.3140640491687,316,10,128,90,255,10,99,8,255,reverse,rpm
641.4132371937087,329,10,128,90,255,10,99,8,255,reverse,rpm
641.9125077991282,545,10,128,0,255,10,99,8,255,reverse,rpm
641.9234486015621,260,10,128,0,255,10,99,8,255,reverse,rpm
641.9430251584625,316,10,128,0,255,10,99,8,255,reverse,rpm
642.0420758705962,329,10,128,0,255,10,99,8,255,reverse,rpm
642.5414903203721,545,10,128,0,255,10,99,8,255,reverse,rpm
642.550884649788,260,10,128,102,255,10,76,8,255,reverse,rpm
642.5699400008638,316,10,128,102,255,10,76,8,255,reverse,rpm
642.6693597904625,329,10,128,102,255,10,76,8,255,reverse,rpm
643.1703004851588,545,10,128,102,255,10,76,8,255,reverse,rpm
643.1802872590171,260,10,128,102,255,10,76,8,255,reverse,rpm
643.2004529560618,316,10,128,12,255,10,76,8,255,reverse,rpm
643.2997594067658,329,10,128,12,255,10,76,8,255,reverse,rpm
643.7994550626217,545,10,128,12,255,10,76,8,255,reverse,rpm
643.810137657695,260,10,128,246,255,10,99,8,255,reverse,rpm
643.8296347216054,316,10,128,246,255,10,99,8,255,reverse,rpm
643.9291827457339,329,10,128,246,255,10,99,8,255,reverse,rpm
644.4295943138214,545,10,128,246,255,10,99,8,255,reverse,rpm
644.438779989164,260,10,128,90,255,10,99,8,255,reverse,rpm
644.4590809641307,316,10,128,90,255,10,99,8,255,reverse,rpm
644.5581036799573,329,10,128,90,255,10,99,8,255,reverse,rpm
645.058102497578,545,10,128,0,255,10,99,8,255,reverse,rpm
645.068148850735,260,10,128,12,255,10,76,8,255,reverse,rpm
645.088781377738,316,10,128,12,255,10,76,8,255,reverse,rpm
645.189695925142,329,10,128,12,255,10,76,8,255,reverse,rpm
645.6895430785415,545,10,128,12,255,10,76,8,255,reverse,rpm
645.7002384801348,260,10,128,102,255,10,76,8,255,reverse,rpm
645.7209572641235,316,10,128,102,255,10,76,8,255,reverse,rpm
645.8204510784379,329,10,128,102,255,10,76,8,255,reverse,rpm
646.3210654746612,545,10,128,102,255,10,76,8,255,reverse,rpm
646.3305360396156,260,10,128,90,255,10,99,8,255,reverse,rpm
646.350405228485,316,10,128,0,255,10,99,8,255,reverse,rpm
646.4514045482127,329,10,128,0,255,10,99,8,255,reverse,rpm
646.9518482330284,545,10,128,0,255,10,99,8,255,reverse,rpm
646.9623961366684,260,10,128,0,255,10,99,8,255,reverse,rpm
646.9817343859283,316,10,128,0,255,10,99,8,255,reverse,rpm
647.0825326344581,329,10,128,90,255,10,99,8,255,reverse,rpm
647.5819611530696,545,10,128,90,255,10,99,8,255,reverse,rpm
647.5919976417291,260,10,128,102,255,10,76,8,255,reverse,rpm
647.611562505238,316,10,128,102,255,10,76,8,255,reverse,rpm
647.7106754883324,329,10,128,102,255,10,76,8,255,reverse,rpm
648.209861161181,545,10,128,12,255,10,76,8,255,reverse,rpm
648.220616300865,260,10,128,12,255,10,76,8,255,reverse,rpm
648.2404450239598,316,10,128,12,255,10,76,8,255,reverse,rpm
648.3397449707817,329,10,128,12,255,10,76,8,255,reverse,rpm
648.8387762745105,545,10,128,12,255,10,76,8,255,reverse,rpm
648.8485337816318,260,10,128,246,255,10,99,8,255,reverse,rpm
648.8685056892408,316,10,128,246,255,10,99,8,255,reverse,rpm
648.9687579353846,329,10,128,90,255,10,99,8,255,reverse,rpm
649.4684888800554,545,10,128,90,255,10,99,8,255,reverse,rpm
649.4790584836431,260,10,128,90,255,10,99,8,255,reverse,rpm
649.499717498558,316,10,128,0,255,10,99,8,255,reverse,rpm
649.5997354665491,329,10,128,0,255,10,99,8,255,reverse,rpm
650.0991704984208,545,10,128,0,255,10,99,8,255,reverse,rpm
650.1092367396134,260,10,128,12,255,10,76,8,255,reverse,rpm
650.1297570504801,316,10,128,12,255,10,76,8,255,reverse,rpm
650.2300412804353,329,10,128,102,255,10,76,8,255,reverse,rpm
650.7309633015765,545,10,128,102,255,10,76,8,255,reverse,rpm
650.7412997548695,260,10,128,102,255,10,76,8,255,reverse,rpm
650.7606427401546,316,10,128,102,255,10,76,8,255,reverse,rpm
650.8616070946546,329,10,128,102,255,10,76,8,255,reverse,rpm
651.361625555815,545,10,128,12,255,10,76,8,255,reverse,rpm
651.37169905772,260,10,128,0,255,10,99,8,255,reverse,rpm
651.39212584314,316,10,128,0,255,10,99,8,255,reverse,rpm
651.4913608089295,329,10,128,0,255,10,99,8,255,reverse,rpm
651.9912669358539,545,10,128,0,255,10,99,8,255,reverse,rpm
652.0009144472843,260,10,128,90,255,10,99,8,255,reverse,rpm
652.0210925896171,316,10,128,90,255,10,99,8,255,reverse,rpm
652.1213286631686,329,10,128,90,255,10,99,8,255,reverse,rpm
652.6215701810705,545,10,128,90,255,10,99,8,255,reverse,rpm
652.6325366627627,260,10,128,102,255,10,76,8,255,reverse,rpm
652.6523396426823,316,10,128,12,255,10,76,8,255,reverse,rpm
652.752466428173,329,10,128,12,255,10,76,8,255,reverse,rpm
653.2526243223929,545,10,128,12,255,10,76,8,255,reverse,rpm
653.2618381861134,260,10,128,12,255,10,76,8,255,reverse,rpm
653.2802335770081,316,10,128,12,255,10,76,8,255,reverse,rpm
653.3799929518774,329,10,128,102,255,10,76,8,255,reverse,rpm
653.8797028638478,545,10,128,102,255,10,76,8,255,reverse,rpm
653.8916508831015,260,10,128,90,255,10,99,8,255,reverse,rpm
653.9111476800433,316,10,128,90,255,10,99,8,255,reverse,rpm
654.0120158390832,329,10,128,90,255,10,99,8,255,reverse,rpm
654.5120840827826,545,10,128,0,255,10,99,8,255,reverse,rpm
654.5222657708557,260,10,128,0,255,10,99,8,255,reverse,rpm
654.5417550648241,316,10,128,0,255,10,99,8,255,reverse,rpm
654.6424913026653,329,10,128,0,255,10,99,8,255,reverse,rpm
655.1422706420989,545,10,128,0,255,10,99,8,255,reverse,rpm
655.1520644735458,260,10,128,102,255,10,76,8,255,reverse,rpm
655.1710706638802,316,10,128,102,255,10,76,8,255,reverse,rpm
655.2701844844073,329,10,128,102,255,10,76,8,255,reverse,rpm
655.7702287786584,545,10,128,102,255,10,76,8,255,reverse,rpm
655.7809243819593,260,10,128,102,255,10,76,8,255,reverse,rpm
655.8006266476041,316,10,128,12,255,10,76,8,255,reverse,rpm
655.9007471536728,329,10,128,12,255,10,76,8,255,reverse,rpm
656.4007634438376,545,10,128,12,255,10,76,8,255,reverse,rpm
656.4102289058959,260,10,128,246,255,10,99,8,255,reverse,rpm
656.4309635096291,316,10,128,246,255,10,99,8,255,reverse,rpm
656.5309464870297,329,10,128,246,255,10,99,8,255,reverse,rpm
657.0315350984841,545,10,128,246,255,10,99,8,255,reverse,rpm
657.0417475547882,260,10,128,90,255,10,99,8,255,reverse,rpm
657.0614402492491,316,10,128,90,255,10,99,8,255,reverse,rpm
657.160815839657,329,10,128,90,255,10,99,8,255,reverse,rpm
657.661521922105,545,10,128,0,255,10,99,8,255,reverse,rpm
657.6707175258682,260,10,128,12,255,10,76,8,255,reverse,rpm
657.6907625598668,316,10,128,12,255,10,76,8,255,reverse,rpm
657.7910128327845,329,10,128,12,255,10,76,8,255,reverse,rpm
658.2902404598171,545,10,128,12,255,10,76,8,255,reverse,rpm
658.2999499378604,260,10,128,102,255,10,76,8,255,reverse,rpm
658.3209413330367,316,10,128,102,255,10,76,8,255,reverse,rpm
658.4200349247527,329,10,128,102,255,10,76,8,255,reverse,rpm
658.9203428185382,545,10,128,102,255,10,76,8,255,reverse,rpm
658.9294206024766,260,10,128,90,255,10,99,8,255,reverse,rpm
658.9501081098213,316,10,128,0,255,10,99,8,255,reverse,rpm
659.0501904827236,329,10,128,0,255,10,99,8,255,reverse,rpm
659.5495829788351,545,10,128,0,255,10,99,8,255,reverse,rpm
659.5600032996516,260,10,128,0,255,10,99,8,255,reverse,rpm
659.5802120851372,316,10,128,0,255,10,99,8,255,reverse,rpm
659.6811732516888,329,10,128,90,255,10,99,8,255,reverse,rpm
660.1821320083488,545,10,128,90,255,10,99,8,255,reverse,rpm
660.1912880261227,260,10,128,102,255,10,76,8,255,reverse,rpm
660.2113335342545,316,10,128,102,255,10,76,8,255,reverse,rpm
660.3120636395357,329,10,128,102,255,10,76,8,255,reverse,rpm
660.812572648416,545,10,128,12,255,10,76,8,255,reverse,rpm
660.822886797282,260,10,128,12,255,10,76,8,255,reverse,rpm
660.8427789142108,316,10,128,12,255,10,76,8,255,reverse,rpm
660.9426546733866,329,10,128,12,255,10,76,8,255,reverse,rpm
661.4432208756426,545,10,128,12,255,10,76,8,255,reverse,rpm
661.4531620446622,260,10,128,246,255,10,99,8,255,reverse,rpm
661.4725857713723,316,10,128,246,255,10,99,8,255,reverse,rpm
661.5718300779364,329,10,128,90,255,10,99,8,255,reverse,rpm
662.0709433071487,545,10,128,90,255,10,99,8,255,reverse,rpm
662.0802473136861,260,10,128,90,255,10,99,8,255,reverse,rpm
662.100715281913,316,10,128,0,255,10,99,8,255,reverse,rpm
662.2007841900388,329,10,128,0,255,10,99,8,255,reverse,rpm
662.7005937922225,545,10,128,0,255,10,99,8,255,reverse,rpm
662.7102882928554,260,10,128,12,255,10,76,8,255,reverse,rpm
662.7299854578074,316,10,128,12,255,10,76,8,255,reverse,rpm
662.8292869237706,329,10,128,102,255,10,76,8,255,reverse,rpm
663.329591919916,545,10,128,102,255,10,76,8,255,reverse,rpm
663.3399489756894,260,10,128,102,255,10,76,8,255,reverse,rpm
663.3602588529686,316,10,128,102,255,10,76,8,255,reverse,rpm
663.4599956521157,329,10,128,102,255,10,76,8,255,reverse,rpm
663.9596137929469,545,10,128,12,255,10,76,8,255,reverse,rpm
663.9690093903372,260,10,128,0,255,10,99,8,255,reverse,rpm
663.9888602113897,316,10,128,0,255,10,99,8,255,reverse,rpm
664.08957845965,329,10,128,0,255,10,99,8,255,reverse,rpm
664.5895110870201,545,10,128,0,255,10,99,8,255,reverse,rpm
664.5990735925766,260,10,128,90,255,10,99,8,255,reverse,rpm
664.6191548261172,316,10,128,90,255,10,99,8,255,reverse,rpm
664.7187217957814,329,10,128,90,255,10,99,8,255,reverse,rpm
665.2195514568722,545,10,128,90,255,10,99,8,255,reverse,rpm
665.2305044965585,260,10,128,102,255,10,76,8,255,reverse,rpm
665.2510725211392,316,10,128,12,255,10,76,8,255,reverse,rpm
665.3501824705597,329,10,128,12,255,10,76,8,255,reverse,rpm
665.850097017193,545,10,128,12,255,10,76,8,255,reverse,rpm
665.8609397692411,260,10,128,12,255,10,76,8,255,reverse,rpm
665.8805867816717,316,10,128,12,255,10,76,8,255,reverse,rpm
665.9809179674895,329,10,128,102,255,10,76,8,255,reverse,rpm
666.4801268029222,545,10,128,102,255,10,76,8,255,reverse,rpm
666.4897055953445,260,10,128,90,255,10,99,8,255,reverse,rpm
666.5098625559224,316,10,128,90,255,10,99,8,255,reverse,rpm
666.6088815947229,329,10,128,90,255,10,99,8,255,reverse,rpm
667.109460061487,545,10,128,0,255,10,99,8,255,reverse,rpm
667.1200243730163,260,10,128,0,255,10,99,8,255,reverse,rpm
667.1407343788316,316,10,128,0,255,10,99,8,255,reverse,rpm
667.2401505266793,329,10,128,0,255,10,99,8,255,reverse,rpm
667.7405016172892,545,10,128,0,255,10,99,8,255,reverse,rpm
667.7507895076537,260,10,128,102,255,10,76,8,255,reverse,rpm
667.7709012749623,316,10,128,102,255,10,76,8,255,reverse,rpm
667.8709750063385,329,10,128,102,255,10,76,8,255,reverse,rpm
668.3709987769906,545,10,128,102,255,10,76,8,255,reverse,rpm
668.3802772737126,260,10,128,102,255,10,76,8,255,reverse,rpm
668.4010087710833,316,10,128,12,255,10,76,8,255,reverse,rpm
668.5013149916724,329,10,128,12,255,10,76,8,255,reverse,rpm
669.0007723627676,545,10,128,12,255,10,76,8,255,reverse,rpm
669.0097704264502,260,10,128,246,255,10,99,8,255,reverse,rpm
669.0300249268319,316,10,128,246,255,10,99,8,255,reverse,rpm
669.1294293945577,329,10,128,246,255,10,99,8,255,reverse,rpm
669.6293032624612,545,10,128,246,255,10,99,8,255,reverse,rpm
669.6383325211234,260,10,128,90,255,10,99,8,255,reverse,rpm
669.6587595045287,316,10,128,90,255,10,99,8,255,reverse,rpm
669.759433960683,329,10,128,90,255,10,99,8,255,reverse,rpm
670.2598641659075,545,10,128,0,255,10,99,8,255,reverse,rpm
670.2676453113619,260,10,128,12,255,10,76,8,255,reverse,rpm
670.288583827113,316,10,128,12,255,10,76,8,255,reverse,rpm
670.3882794520235,329,10,128,12,255,10,76,8,255,reverse,rpm
670.8887545756398,545,10,128,12,255,10,76,8,255,reverse,rpm
670.8981969699453,260,10,128,102,255,10,76,8,255,reverse,rpm
670.9186348739386,316,10,128,102,255,10,76,8,255,reverse,rpm
671.0191426368015,329,10,128,102,255,10,76,8,255,reverse,rpm
671.5199030467626,545,10,128,102,255,10,76,8,255,reverse,rpm
671.5300213730316,260,10,128,90,255,10,99,8,255,reverse,rpm
671.5495702050175,316,10,128,0,255,10,99,8,255,reverse,rpm
671.6499894374999,329,10,128,0,255,10,99,8,255,reverse,rpm
672.1492645146176,545,10,128,0,255,10,99,8,255,reverse,rpm
672.1595849475993,260,10,128,0,255,10,99,8,255,reverse,rpm
672.1799778684755,316,10,128,0,255,10,99,8,255,reverse,rpm
672.2800524857241,329,10,128,90,255,10,99,8,255,reverse,rpm
672.779684117013,545,10,128,90,255,10,99,8,255,reverse,rpm
672.7900073408654,260,10,128,102,255,10,76,8,255,reverse,rpm
672.8092417864907,316,10,128,102,255,10,76,8,255,reverse,rpm
672.9095324909849,329,10,128,102,255,10,76,8,255,reverse,rpm
673.4095360036097,545,10,128,12,255,10,76,8,255,reverse,rpm
673.4197417221496,260,10,128,12,255,10,76,8,255,reverse,rpm
673.4403946125036,316,10,128,12,255,10,76,8,255,reverse,rpm
673.5400651156724,329,10,128,12,255,10,76,8,255,reverse,rpm
674.0402597879489,545,10,128,12,255,10,76,8,255,reverse,rpm
674.0502072350287,260,10,128,246,255,10,99,8,255,reverse,rpm
674.0711815384698,316,10,128,246,255,10,99,8,255,reverse,rpm
674.1702940928552,329,10,128,90,255,10,99,8,255,reverse,rpm
674.6693371504148,545,10,128,90,255,10,99,8,255,reverse,rpm
674.6798185187251,260,10,128,90,255,10,99,8,255,reverse,rpm
674.7006208507942,316,10,128,0,255,10,99,8,255,reverse,rpm
674.8005920104924,329,10,128,0,255,10,99,8,255,reverse,rpm
675.3013591427732,545,10,128,0,255,10,99,8,255,reverse,rpm
675.3118727772196,260,10,128,12,255,10,76,8,255,reverse,rpm
675.3315391393969,316,10,128,12,255,10,76,8,255,reverse,rpm
675.4308172875579,329,10,128,102,255,10,76,8,255,reverse,rpm
675.9307021771792,545,10,128,102,255,10,76,8,255,reverse,rpm
675.9397800542328,260,10,128,102,255,10,76,8,255,reverse,rpm
675.9589822133479,316,10,128,102,255,10,76,8,255,reverse,rpm
676.0596201354055,329,10,128,102,255,10,76,8,255,reverse,rpm
676.5591319156316,545,10,128,12,255,10,76,8,255,reverse,rpm
676.5695291092285,260,10,128,0,255,10,99,8,255,reverse,rpm
676.5900914265573,316,10,128,0,255,10,99,8,255,reverse,rpm
676.6908223559974,329,10,128,0,255,10,99,8,255,reverse,rpm
677.190839644774,545,10,128,0,255,10,99,8,255,reverse,rpm
677.2003187863538,260,10,128,90,255,10,99,8,255,reverse,rpm
677.2203666252052,316,10,128,90,255,10,99,8,255,reverse,rpm
677.3199592597726,329,10,128,90,255,10,99,8,255,reverse,rpm
677.8208360767915,545,10,128,90,255,10,99,8,255,reverse,rpm
677.8309486933433,260,10,128,102,255,10,76,8,255,reverse,rpm
677.8505811821104,316,10,128,12,255,10,76,8,255,reverse,rpm
677.9508161843407,329,10,128,12,255,10,76,8,255,reverse,rpm
678.4503398770244,545,10,128,12,255,10,76,8,255,reverse,rpm
678.4599728601956,260,10,128,12,255,10,76,8,255,reverse,rpm
678.4809544682469,316,10,128,12,255,10,76,8,255,reverse,rpm
678.5802931285535,329,10,128,102,255,10,76,8,255,reverse,rpm
679.0805785002046,545,10,128,102,255,10,76,8,255,reverse,rpm
679.0907323324498,260,10,128,90,255,10,99,8,255,reverse,rpm
679.1114613571469,316,10,128,90,255,10,99,8,255,reverse,rpm
679.2121335691718,329,10,128,90,255,10,99,8,255,reverse,rpm
679.7129922628936,545,10,128,0,255,10,99,8,255,reverse,rpm
679.7220456219004,260,10,128,0,255,10,99,8,255,reverse,rpm
679.7413695400272,316,10,128,0,255,10,99,8,255,reverse,rpm
679.8417341707872,329,10,128,0,255,10,99,8,255,reverse,rpm
680.3412262256694,545,10,128,0,255,10,99,8,255,reverse,rpm
680.3522138705292,260,10,128,102,255,10,76,8,255,reverse,rpm
680.3723733166488,316,10,128,102,255,10,76,8,255,reverse,rpm
680.4752640342219,329,10,128,102,255,10,76,8,255,reverse,rpm
680.975900551476,545,10,128,102,255,10,76,8,255,reverse,rpm
680.9860085563844,260,10,128,102,255,10,76,8,255,reverse,rpm
681.0059277423611,316,10,128,12,255,10,76,8,255,reverse,rpm
681.1066770379618,329,10,128,12,255,10,76,8,255,reverse,rpm
681.6045250893726,545,10,128,12,255,10,76,8,255,reverse,rpm
681.6144813519884,260,10,128,246,255,10,99,8,255,reverse,rpm
681.6338056365361,316,10,128,246,255,10,99,8,255,reverse,rpm
681.7330820120071,329,10,128,246,255,10,99,8,255,reverse,rpm
682.2324497157222,545,10,128,246,255,10,99,8,255,reverse,rpm
682.2432599872537,260,10,128,90,255,10,99,8,255,reverse,rpm
682.2630944441044,316,10,128,90,255,10,99,8,255,reverse,rpm
682.3622430405643,329,10,128,90,255,10,99,8,255,reverse,rpm
682.8630993485632,545,10,128,0,255,10,99,8,255,reverse,rpm
682.8734177449977,260,10,128,12,255,10,76,8,255,reverse,rpm
682.8942218276503,316,10,128,12,255,10,76,8,255,reverse,rpm
682.9940982054009,329,10,128,12,255,10,76,8,255,reverse,rpm
683.4944000152461,545,10,128,12,255,10,76,8,255,reverse,rpm
683.5041677479034,260,10,128,102,255,10,76,8,255,reverse,rpm
683.5247751547394,316,10,128,102,255,10,76,8,255,reverse,rpm
683.6240809615499,329,10,128,102,255,10,76,8,255,reverse,rpm
684.1238919510124,545,10,128,102,255,10,76,8,255,reverse,rpm
684.1335788355572,260,10,128,90,255,10,99,8,255,reverse,rpm
684.1538125230924,316,10,128,0,255,10,99,8,255,reverse,rpm
684.2546982277207,329,10,128,0,255,10,99,8,255,reverse,rpm
684.7545676545216,545,10,128,0,255,10,99,8,255,reverse,rpm
684.7643272893112,260,10,128,0,255,10,99,8,255,reverse,rpm
684.7840188773831,316,10,128,0,255,10,99,8,255,reverse,rpm
684.8839617330221,329,10,128,90,255,10,99,8,255,reverse,rpm
685.3832688960445,545,10,128,90,255,10,99,8,255,reverse,rpm
685.3922846783406,260,10,128,102,255,10,76,8,255,reverse,rpm
685.4113875620845,316,10,128,102,255,10,76,8,255,reverse,rpm
685.5109767132986,329,10,128,102,255,10,76,8,255,reverse,rpm
686.0119239830414,545,10,128,12,255,10,76,8,255,reverse,rpm
686.022713828431,260,10,128,12,255,10,76,8,255,reverse,rpm
686.0429778375906,316,10,128,12,255,10,76,8,255,reverse,rpm
686.1432518175877,329,10,128,12,255,10,76,8,255,reverse,rpm
686.6436218403052,545,10,128,12,255,10,76,8,255,reverse,rpm
686.6542446582561,260,10,128,246,255,10,99,8,255,reverse,rpm
686.6750759931211,316,10,128,246,255,10,99,8,255,reverse,rpm
686.7752868960004,329,10,128,90,255,10,99,8,255,reverse,rpm
687.2759035266225,545,10,128,90,255,10,99,8,255,reverse,rpm
687.2857051754843,260,10,128,90,255,10,99,8,255,reverse,rpm
687.3056665540927,316,10,128,0,255,10,99,8,255,reverse,rpm
687.406340568815,329,10,128,0,255,10,99,8,255,reverse,rpm
687.9067250281674,545,10,128,0,255,10,99,8,255,reverse,rpm
687.9168526255073,260,10,128,12,255,10,76,8,255,reverse,rpm
687.9363467340784,316,10,128,12,255,10,76,8,255,reverse,rpm
688.0369883856412,329,10,128,102,255,10,76,8,255,reverse,rpm
688.536260081157,545,10,128,102,255,10,76,8,255,reverse,rpm
688.5461652129884,260,10,128,102,255,10,76,8,255,reverse,rpm
688.5665677436276,316,10,128,102,255,10,76,8,255,reverse,rpm
688.6675433498647,329,10,128,102,255,10,76,8,255,reverse,rpm
689.1680497548258,545,10,128,12,255,10,76,8,255,reverse,rpm
689.178192133804,260,10,128,0,255,10,99,8,255,reverse,rpm
689.1979990948985,316,10,128,0,255,10,99,8,255,reverse,rpm
689.29724021081,329,10,128,0,255,10,99,8,255,reverse,rpm
689.7970724773527,545,10,128,0,255,10,99,8,255,reverse,rpm
689.8072260486999,260,10,128,90,255,10,99,8,255,reverse,rpm
689.8265610915939,316,10,128,90,255,10,99,8,255,reverse,rpm
689.927524570333,329,10,128,90,255,10,99,8,255,reverse,rpm
690.4269495353612,545,10,128,90,255,10,99,8,255,reverse,rpm
690.4366843630445,260,10,128,102,255,10,76,8,255,reverse,rpm
690.4565195970983,316,10,128,12,255,10,76,8,255,reverse,rpm
690.5561103541282,329,10,128,12,255,10,76,8,255,reverse,rpm
691.0559345637173,545,10,128,12,255,10,76,8,255,reverse,rpm
691.0651574002171,260,10,128,12,255,10,76,8,255,reverse,rpm
691.085735586351,316,10,128,12,255,10,76,8,255,reverse,rpm
691.1847700466017,329,10,128,102,255,10,76,8,255,reverse,rpm
691.6843829955941,545,10,128,102,255,10,76,8,255,reverse,rpm
691.6941020276718,260,10,128,90,255,10,99,8,255,reverse,rpm
691.7149972501186,316,10,128,90,255,10,99,8,255,reverse,rpm
691.8158616359816,329,10,128,90,255,10,99,8,255,reverse,rpm
692.3164787911949,545,10,128,0,255,10,99,8,255,reverse,rpm
692.3265746480594,260,10,128,0,255,10,99,8,255,reverse,rpm
692.3469103320773,316,10,128,0,255,10,99,8,255,reverse,rpm
692.4466974351942,329,10,128,0,255,10,99,8,255,reverse,rpm
692.9476653351891,545,10,128,0,255,10,99,8,255,reverse,rpm
692.9567632701329,260,10,128,102,255,10,76,8,255,reverse,rpm
692.9768751597323,316,10,128,102,255,10,76,8,255,reverse,rpm
693.0762068496341,329,10,128,102,255,10,76,8,255,reverse,rpm
693.5759134992318,545,10,128,102,255,10,76,8,255,reverse,rpm
693.5852550644685,260,10,128,102,255,10,76,8,255,reverse,rpm
693.6050733821105,316,10,128,12,255,10,76,8,255,reverse,rpm
693.7043110686503,329,10,128,12,255,10,76,8,255,reverse,rpm
694.2043118295247,545,10,128,12,255,10,76,8,255,reverse,rpm
694.2168598318608,260,10,128,246,255,10,99,8,255,reverse,rpm
694.2370584232473,316,10,128,246,255,10,99,8,255,reverse,rpm
694.3361343260316,329,10,128,246,255,10,99,8,255,reverse,rpm
694.8343585608335,545,10,128,246,255,10,99,8,255,reverse,rpm
694.8435788241965,260,10,128,90,255,10,99,8,255,reverse,rpm
694.8644426322885,316,10,128,90,255,10,99,8,255,reverse,rpm
694.9649989967146,329,10,128,90,255,10,99,8,255,reverse,rpm
695.4643819704877,545,10,128,0,255,10,99,8,255,reverse,rpm
695.4739561449876,260,10,128,12,255,10,76,8,255,reverse,rpm
695.4939834541266,316,10,128,12,255,10,76,8,255,reverse,rpm
695.5932590318107,329,10,128,12,255,10,76,8,255,reverse,rpm
696.0933886732681,545,10,128,12,255,10,76,8,255,reverse,rpm
696.1037334945976,260,10,128,102,255,10,76,8,255,reverse,rpm
696.1245273770121,316,10,128,102,255,10,76,8,255,reverse,rpm
696.2240490871324,329,10,128,102,255,10,76,8,255,reverse,rpm
696.7238021160605,545,10,128,102,255,10,76,8,255,reverse,rpm
696.7333339230569,260,10,128,90,255,10,99,8,255,reverse,rpm
696.7537558725323,316,10,128,0,255,10,99,8,255,reverse,rpm
696.8537064415865,329,10,128,0,255,10,99,8,255,reverse,rpm
697.3528077193081,545,10,128,0,255,10,99,8,255,reverse,rpm
697.3629384097509,260,10,128,0,255,10,99,8,255,reverse,rpm
697.3839125647592,316,10,128,0,255,10,99,8,255,reverse,rpm
697.4836841033305,329,10,128,90,255,10,99,8,255,reverse,rpm
697.9838362088752,545,10,128,90,255,10,99,8,255,reverse,rpm
697.9941923724436,260,10,128,102,255,10,76,8,255,reverse,rpm
698.0141217090877,316,10,128,102,255,10,76,8,255,reverse,rpm
698.1141553497076,329,10,128,102,255,10,76,8,255,reverse,rpm
698.6139715976738,545,10,128,12,255,10,76,8,255,reverse,rpm
698.622994959402,260,10,128,12,255,10,76,8,255,reverse,rpm
698.6424354734692,316,10,128,12,255,10,76,8,255,reverse,rpm
698.7431866381354,329,10,128,12,255,10,76,8,255,reverse,rpm
699.2434770657077,545,10,128,12,255,10,76,8,255,reverse,rpm
699.2527400544146,260,10,128,246,255,10,99,8,255,reverse,rpm
699.2725298353273,316,10,128,246,255,10,99,8,255,reverse,rpm
699.3719541124414,329,10,128,90,255,10,99,8,255,reverse,rpm
699.872667847152,545,10,128,90,255,10,99,8,255,reverse,rpm
699.8818531495508,260,10,128,90,255,10,99,8,255,reverse,rpm
699.9008656571506,316,10,128,0,255,10,99,8,255,reverse,rpm
700.0017617537487,329,10,128,0,255,10,99,8,255,reverse,rpm
700.4990745951039,545,10,128,0,255,10,99,8,255,reverse,rpm
700.5085946321332,260,10,128,12,255,10,76,8,255,reverse,rpm
700.5290881400527,316,10,128,12,255,10,76,8,255,reverse,rpm
700.6289707344755,329,10,128,102,255,10,76,8,255,reverse,rpm
701.1285889178938,545,10,128,102,255,10,76,8,255,reverse,rpm
701.1387287458592,260,10,128,102,255,10,76,8,255,reverse,rpm
701.1581335033932,316,10,128,102,255,10,76,8,255,reverse,rpm
701.2591179335549,329,10,128,102,255,10,76,8,255,reverse,rpm
701.7595405920104,545,10,128,12,255,10,76,8,255,reverse,rpm
701.7694400777985,260,10,128,0,255,10,99,8,255,reverse,rpm
701.7897630259857,316,10,128,0,255,10,99,8,255,reverse,rpm
701.8902359825746,329,10,128,0,255,10,99,8,255,reverse,rpm
702.3902084385854,545,10,128,0,255,10,99,8,255,reverse,rpm
702.3993590740703,260,10,128,90,255,10,99,8,255,reverse,rpm
702.4191960246771,316,10,128,90,255,10,99,8,255,reverse,rpm
702.5184748741635,329,10,128,90,255,10,99,8,255,reverse,rpm
703.0186412704996,545,10,128,90,255,10,99,8,255,reverse,rpm
703.0296157530545,260,10,128,102,255,10,76,8,255,reverse,rpm
703.0494895582017,316,10,128,12,255,10,76,8,255,reverse,rpm
703.1487128883197,329,10,128,12,255,10,76,8,255,reverse,rpm
703.6477992270206,545,10,128,12,255,10,76,8,255,reverse,rpm
703.6573407660196,260,10,128,12,255,10,76,8,255,reverse,rpm
703.6782085517199,316,10,128,12,255,10,76,8,255,reverse,rpm
703.7791302712633,329,10,128,102,255,10,76,8,255,reverse,rpm
704.2799129488175,545,10,128,102,255,10,76,8,255,reverse,rpm
704.289844913766,260,10,128,90,255,10,99,8,255,reverse,rpm
704.3102761906424,316,10,128,90,255,10,99,8,255,reverse,rpm
704.4097449467631,329,10,128,90,255,10,99,8,255,reverse,rpm
704.910568489724,545,10,128,0,255,10,99,8,255,reverse,rpm
704.9199659862007,260,10,128,0,255,10,99,8,255,reverse,rpm
704.9391180634329,316,10,128,0,255,10,99,8,255,reverse,rpm
705.0393926982139,329,10,128,0,255,10,99,8,255,reverse,rpm
705.5385468976566,545,10,128,0,255,10,99,8,255,reverse,rpm
705.5478984281347,260,10,128,102,255,10,76,8,255,reverse,rpm
705.5672612391702,316,10,128,102,255,10,76,8,255,reverse,rpm
705.6668488532395,329,10,128,102,255,10,76,8,255,reverse,rpm
706.1675210543498,545,10,128,102,255,10,76,8,255,reverse,rpm
706.1777706978424,260,10,128,102,255,10,76,8,255,reverse,rpm
706.1980909027163,316,10,128,12,255,10,76,8,255,reverse,rpm
706.2986984678877,329,10,128,12,255,10,76,8,255,reverse,rpm
706.7980101694044,545,10,128,12,255,10,76,8,255,reverse,rpm
706.8089140941553,260,10,128,246,255,10,99,8,255,reverse,rpm
706.8286979338083,316,10,128,246,255,10,99,8,255,reverse,rpm
706.9289330009387,329,10,128,246,255,10,99,8,255,reverse,rpm
707.4282216405705,545,10,128,246,255,10,99,8,255,reverse,rpm
707.4383886601084,260,10,128,90,255,10,99,8,255,reverse,rpm
707.4582944027997,316,10,128,90,255,10,99,8,255,reverse,rpm
707.5584424914713,329,10,128,90,255,10,99,8,255,reverse,rpm
708.0580066171775,545,10,128,0,255,10,99,8,255,reverse,rpm
708.0684335215149,260,10,128,12,255,10,76,8,255,reverse,rpm
708.0874954577171,316,10,128,12,255,10,76,8,255,reverse,rpm
708.1867362555722,329,10,128,12,255,10,76,8,255,reverse,rpm
708.6875315698486,545,10,128,12,255,10,76,8,255,reverse,rpm
708.697326259937,260,10,128,102,255,10,76,8,255,reverse,rpm
708.7163465449684,316,10,128,102,255,10,76,8,255,reverse,rpm
708.8172604279422,329,10,128,102,255,10,76,8,255,reverse,rpm
709.3173156426113,545,10,128,102,255,10,76,8,255,reverse,rpm
709.3269623639444,260,10,128,90,255,10,99,8,255,reverse,rpm
709.3486226848229,316,10,128,0,255,10,99,8,255,reverse,rpm
709.4493240450062,329,10,128,0,255,10,99,8,255,reverse,rpm
709.9499913684577,545,10,128,0,255,10,99,8,255,reverse,rpm
709.9604574221212,260,10,128,0,255,10,99,8,255,reverse,rpm
709.9803787093731,316,10,128,0,255,10,99,8,255,reverse,rpm
710.0807267416378,329,10,128,90,255,10,99,8,255,reverse,rpm
710.5804024623793,545,10,128,90,255,10,99,8,255,reverse,rpm
710.5896834490622,260,10,128,102,255,10,76,8,255,reverse,rpm
710.6088740811463,316,10,128,102,255,10,76,8,255,reverse,rpm
710.7080881966903,329,10,128,102,255,10,76,8,255,reverse,rpm
711.2079471939087,545,10,128,12,255,10,76,8,255,reverse,rpm
711.217732588288,260,10,128,12,255,10,76,8,255,reverse,rpm
711.2373105147029,316,10,128,12,255,10,76,8,255,reverse,rpm
711.336459699265,329,10,128,12,255,10,76,8,255,reverse,rpm
711.8362018167323,545,10,128,12,255,10,76,8,255,reverse,rpm
711.8460655215147,260,10,128,246,255,10,99,8,255,reverse,rpm
711.866242489021,316,10,128,246,255,10,99,8,255,reverse,rpm
711.9663918350134,329,10,128,90,255,10,99,8,255,reverse,rpm
712.4669886046466,545,10,128,90,255,10,99,8,255,reverse,rpm
712.4763502748001,260,10,128,90,255,10,99,8,255,reverse,rpm
712.4957796545301,316,10,128,0,255,10,99,8,255,reverse,rpm
712.5951356250587,329,10,128,0,255,10,99,8,255,reverse,rpm
713.0956598477902,545,10,128,0,255,10,99,8,255,reverse,rpm
713.1063054486752,260,10,128,12,255,10,76,8,255,reverse,rpm
713.1259750865402,316,10,128,12,255,10,76,8,255,reverse,rpm
713.2254923563328,329,10,128,102,255,10,76,8,255,reverse,rpm
713.7257361279495,545,10,128,102,255,10,76,8,255,reverse,rpm
713.7347688525994,260,10,128,102,255,10,76,8,255,reverse,rpm
713.7539073751178,316,10,128,102,255,10,76,8,255,reverse,rpm
713.8534406514573,329,10,128,102,255,10,76,8,255,reverse,rpm
714.3524956441947,545,10,128,12,255,10,76,8,255,reverse,rpm
714.3619524587801,260,10,128,0,255,10,99,8,255,reverse,rpm
714.3818223554065,316,10,128,0,255,10,99,8,255,reverse,rpm
714.4810118049049,329,10,128,0,255,10,99,8,255,reverse,rpm
714.9818696665232,545,10,128,0,255,10,99,8,255,reverse,rpm
714.9922599577791,260,10,128,90,255,10,99,8,255,reverse,rpm
715.0117058448534,316,10,128,90,255,10,99,8,255,reverse,rpm
715.1113679063081,329,10,128,90,255,10,99,8,255,reverse,rpm
715.6111512291709,545,10,128,90,255,10,99,8,255,reverse,rpm
715.6214072760836,260,10,128,102,255,10,76,8,255,reverse,rpm
715.6417414336354,316,10,128,12,255,10,76,8,255,reverse,rpm
715.7423998204757,329,10,128,12,255,10,76,8,255,reverse,rpm
716.243144985273,545,10,128,12,255,10,76,8,255,reverse,rpm
716.2536523393161,260,10,128,12,255,10,76,8,255,reverse,rpm
716.2728073528165,316,10,128,12,255,10,76,8,255,reverse,rpm
716.3720676068596,329,10,128,102,255,10,76,8,255,reverse,rpm
716.8728743785284,545,10,128,102,255,10,76,8,255,reverse,rpm
716.8837182134802,260,10,128,90,255,10,99,8,255,reverse,rpm
716.9045042284824,316,10,128,90,255,10,99,8,255,reverse,rpm
717.005167637446,329,10,128,90,255,10,99,8,255,reverse,rpm
717.5055717660799,545,10,128,0,255,10,99,8,255,reverse,rpm
717.5161532803653,260,10,128,0,255,10,99,8,255,reverse,rpm
717.5363589881167,316,10,128,0,255,10,99,8,255,reverse,rpm
717.6364560487145,329,10,128,0,255,10,99,8,255,reverse,rpm
718.1363608534193,545,10,128,0,255,10,99,8,255,reverse,rpm
718.146139830363,260,10,128,102,255,10,76,8,255,reverse,rpm
718.166586812326,316,10,128,102,255,10,76,8,255,reverse,rpm
718.2640138968693,329,10,128,102,255,10,76,8,255,reverse,rpm
718.7641788143122,545,10,128,102,255,10,76,8,255,reverse,rpm
718.7744422463792,260,10,128,102,255,10,76,8,255,reverse,rpm
718.7948801505029,316,10,128,12,255,10,76,8,255,reverse,rpm
718.8941899831071,329,10,128,12,255,10,76,8,255,reverse,rpm
719.3943935701976,545,10,128,12,255,10,76,8,255,reverse,rpm
719.4053389662231,260,10,128,246,255,10,99,8,255,reverse,rpm
719.4263344236111,316,10,128,246,255,10,99,8,255,reverse,rpm
719.5264368704912,329,10,128,246,255,10,99,8,255,reverse,rpm
720.0261628320528,545,10,128,246,255,10,99,8,255,reverse,rpm
720.0370989646501,260,10,128,90,255,10,99,8,255,reverse,rpm
720.0567645507176,316,10,128,90,255,10,99,8,255,reverse,rpm
720.1562803390448,329,10,128,90,255,10,99,8,255,reverse,rpm
720.6562608466551,545,10,128,0,255,10,99,8,255,reverse,rpm
720.6652796066113,260,10,128,12,255,10,76,8,255,reverse,rpm
720.6857157039749,316,10,128,12,255,10,76,8,255,reverse,rpm
720.7850153157118,329,10,128,12,255,10,76,8,255,reverse,rpm
721.2850489266242,545,10,128,12,255,10,76,8,255,reverse,rpm
721.2960059485564,260,10,128,102,255,10,76,8,255,reverse,rpm
721.3153618237604,316,10,128,102,255,10,76,8,255,reverse,rpm
721.4144682932698,329,10,128,102,255,10,76,8,255,reverse,rpm
721.9154347399735,545,10,128,102,255,10,76,8,255,reverse,rpm
721.9262568739413,260,10,128,90,255,10,99,8,255,reverse,rpm
721.9456012469392,316,10,128,0,255,10,99,8,255,reverse,rpm
722.0452191486175,329,10,128,0,255,10,99,8,255,reverse,rpm
722.5445848789091,545,10,128,0,255,10,99,8,255,reverse,rpm
722.5541445738749,260,10,128,0,255,10,99,8,255,reverse,rpm
722.5741548859867,316,10,128,0,255,10,99,8,255,reverse,rpm
722.6746183816255,329,10,128,90,255,10,99,8,255,reverse,rpm
723.1740046186968,545,10,128,90,255,10,99,8,255,reverse,rpm
723.1831216560311,260,10,128,102,255,10,76,8,255,reverse,rpm
723.2033992318995,316,10,128,102,255,10,76,8,255,reverse,rpm
723.3038165847943,329,10,128,102,255,10,76,8,255,reverse,rpm
723.8034147169354,545,10,128,12,255,10,76,8,255,reverse,rpm
723.8126451465135,260,10,128,12,255,10,76,8,255,reverse,rpm
723.8326911836666,316,10,128,12,255,10,76,8,255,reverse,rpm
723.932268694804,329,10,128,12,255,10,76,8,255,reverse,rpm
724.4317901316492,545,10,128,12,255,10,76,8,255,reverse,rpm
724.4414853156127,260,10,128,246,255,10,99,8,255,reverse,rpm
724.462280092343,316,10,128,246,255,10,99,8,255,reverse,rpm
724.5629805949854,329,10,128,90,255,10,99,8,255,reverse,rpm
725.0633888127136,545,10,128,90,255,10,99,8,255,reverse,rpm
725.0726849809222,260,10,128,90,255,10,99,8,255,reverse,rpm
725.093182450463,316,10,128,0,255,10,99,8,255,reverse,rpm
725.192260273422,329,10,128,0,255,10,99,8,255,reverse,rpm
725.6919390888133,545,10,128,0,255,10,99,8,255,reverse,rpm
725.7026827236549,260,10,128,12,255,10,76,8,255,reverse,rpm
725.7234112691349,316,10,128,12,255,10,76,8,255,reverse,rpm
725.8216465468812,329,10,128,102,255,10,76,8,255,reverse,rpm
726.3237326661189,545,10,128,102,255,10,76,8,255,reverse,rpm
726.3335349676079,260,10,128,102,255,10,76,8,255,reverse,rpm
726.3543520722815,316,10,128,102,255,10,76,8,255,reverse,rpm
726.4545931135023,329,10,128,102,255,10,76,8,255,reverse,rpm
726.9536974402943,545,10,128,12,255,10,76,8,255,reverse,rpm
726.9634735983151,260,10,128,0,255,10,99,8,255,reverse,rpm
726.9844684659391,316,10,128,0,255,10,99,8,255,reverse,rpm
727.0848212675332,329,10,128,0,255,10,99,8,255,reverse,rpm
727.5857247856984,545,10,128,0,255,10,99,8,255,reverse,rpm
727.5955700080351,260,10,128,90,255,10,99,8,255,reverse,rpm
727.6155190560181,316,10,128,90,255,10,99,8,255,reverse,rpm
727.7150742857414,329,10,128,90,255,10,99,8,255,reverse,rpm
728.2158327483417,545,10,128,90,255,10,99,8,255,reverse,rpm
728.2263966380742,260,10,128,102,255,10,76,8,255,reverse,rpm
728.2458168618642,316,10,128,12,255,10,76,8,255,reverse,rpm
728.3452555202695,329,10,128,12,255,10,76,8,255,reverse,rpm
728.8443242635994,545,10,128,12,255,10,76,8,255,reverse,rpm
728.8545286976666,260,10,128,12,255,10,76,8,255,reverse,rpm
728.8747500840472,316,10,128,12,255,10,76,8,255,reverse,rpm
728.9753379990996,329,10,128,102,255,10,76,8,255,reverse,rpm
729.4756017493353,545,10,128,102,255,10,76,8,255,reverse,rpm
729.4864307942516,260,10,128,90,255,10,99,8,255,reverse,rpm
729.5058913747848,316,10,128,90,255,10,99,8,255,reverse,rpm
729.6055774199418,329,10,128,90,255,10,99,8,255,reverse,rpm
730.1055106627787,545,10,128,0,255,10,99,8,255,reverse,rpm
730.1154027117242,260,10,128,0,255,10,99,8,255,reverse,rpm
730.135716167689,316,10,128,0,255,10,99,8,255,reverse,rpm
730.2359181360782,329,10,128,0,255,10,99,8,255,reverse,rpm
730.7351157979534,545,10,128,0,255,10,99,8,255,reverse,rpm
730.7441252595075,260,10,128,102,255,10,76,8,255,reverse,rpm
730.7646320058104,316,10,128,102,255,10,76,8,255,reverse,rpm
730.8643855129191,329,10,128,102,255,10,76,8,255,reverse,rpm
731.3651590477959,545,10,128,102,255,10,76,8,255,reverse,rpm
731.3757904622859,260,10,128,102,255,10,76,8,255,reverse,rpm
731.3962115626344,316,10,128,12,255,10,76,8,255,reverse,rpm
731.4956218425717,329,10,128,12,255,10,76,8,255,reverse,rpm
731.9958643347601,545,10,128,12,255,10,76,8,255,reverse,rpm
732.0058149305225,260,10,128,246,255,10,99,8,255,reverse,rpm
732.025198925975,316,10,128,246,255,10,99,8,255,reverse,rpm
732.1248089799918,329,10,128,246,255,10,99,8,255,reverse,rpm
732.6252329316433,545,10,128,246,255,10,99,8,255,reverse,rpm
732.63426985936,260,10,128,90,255,10,99,8,255,reverse,rpm
732.6532973263536,316,10,128,90,255,10,99,8,255,reverse,rpm
732.7537608103053,329,10,128,90,255,10,99,8,255,reverse,rpm
733.2537917649644,545,10,128,0,255,10,99,8,255,reverse,rpm
733.2632064041283,260,10,128,12,255,10,76,8,255,reverse,rpm
733.2830237989708,316,10,128,12,255,10,76,8,255,reverse,rpm
733.383529424304,329,10,128,12,255,10,76,8,255,reverse,rpm
733.8840396200143,545,10,128,12,255,10,76,8,255,reverse,rpm
733.8938176530015,260,10,128,102,255,10,76,8,255,reverse,rpm
733.9136478908272,316,10,128,102,255,10,76,8,255,reverse,rpm
734.0131461141744,329,10,128,102,255,10,76,8,255,reverse,rpm
734.5137081269611,545,10,128,102,255,10,76,8,255,reverse,rpm
734.5263083781039,260,10,128,90,255,10,99,8,255,reverse,rpm
734.5459059056232,316,10,128,0,255,10,99,8,255,reverse,rpm
734.6454797693832,329,10,128,0,255,10,99,8,255,reverse,rpm
735.1448414342426,545,10,128,0,255,10,99,8,255,reverse,rpm
735.1548903990009,260,10,128,0,255,10,99,8,255,reverse,rpm
735.1740914132768,316,10,128,0,255,10,99,8,255,reverse,rpm
735.2735407014227,329,10,128,90,255,10,99,8,255,reverse,rpm
735.7729491253859,545,10,128,90,255,10,99,8,255,reverse,rpm
735.7838496054827,260,10,128,102,255,10,76,8,255,reverse,rpm
735.8033091507124,316,10,128,102,255,10,76,8,255,reverse,rpm
735.9042606765943,329,10,128,102,255,10,76,8,255,reverse,rpm
736.4039849801176,545,10,128,12,255,10,76,8,255,reverse,rpm
736.4139798637908,260,10,128,12,255,10,76,8,255,reverse,rpm
736.4340324047006,316,10,128,12,255,10,76,8,255,reverse,rpm
736.5345536686394,329,10,128,12,255,10,76,8,255,reverse,rpm
737.0340041854714,545,10,128,12,255,10,76,8,255,reverse,rpm
737.0442540854357,260,10,128,246,255,10,99,8,255,reverse,rpm
737.0650311098141,316,10,128,246,255,10,99,8,255,reverse,rpm
737.1650719126374,329,10,128,90,255,10,99,8,255,reverse,rpm
737.6654758350737,545,10,128,90,255,10,99,8,255,reverse,rpm
737.6761872299086,260,10,128,90,255,10,99,8,255,reverse,rpm
737.6991031201112,316,10,128,0,255,10,99,8,255,reverse,rpm
737.7993911952623,329,10,128,0,255,10,99,8,255,reverse,rpm
738.2987970292243,545,10,128,0,255,10,99,8,255,reverse,rpm
738.3086636687956,260,10,128,12,255,10,76,8,255,reverse,rpm
738.3288613680642,316,10,128,12,255,10,76,8,255,reverse,rpm
738.4284774444161,329,10,128,102,255,10,76,8,255,reverse,rpm
738.9289648386963,545,10,128,102,255,10,76,8,255,reverse,rpm
738.9392496446482,260,10,128,102,255,10,76,8,255,reverse,rpm
738.9596069561403,316,10,128,102,255,10,76,8,255,reverse,rpm
739.0604671305996,329,10,128,102,255,10,76,8,255,reverse,rpm
739.5601864985097,545,10,128,12,255,10,76,8,255,reverse,rpm
739.5693990441863,260,10,128,0,255,10,99,8,255,reverse,rpm
739.5895943643364,316,10,128,0,255,10,99,8,255,reverse,rpm
739.6887390438795,329,10,128,0,255,10,99,8,255,reverse,rpm
740.189033314224,545,10,128,0,255,10,99,8,255,reverse,rpm
740.1985378409495,260,10,128,90,255,10,99,8,255,reverse,rpm
740.2182338694349,316,10,128,90,255,10,99,8,255,reverse,rpm
740.3190283444619,329,10,128,90,255,10,99,8,255,reverse,rpm
740.8187715302206,545,10,128,90,255,10,99,8,255,reverse,rpm
740.8284741638461,260,10,128,102,255,10,76,8,255,reverse,rpm
740.8478352961044,316,10,128,12,255,10,76,8,255,reverse,rpm
740.9474774720056,329,10,128,12,255,10,76,8,255,reverse,rpm
741.4466826221229,545,10,128,12,255,10,76,8,255,reverse,rpm
741.455977944774,260,10,128,12,255,10,76,8,255,reverse,rpm
741.4764989014651,316,10,128,12,255,10,76,8,255,reverse,rpm
741.5756989244402,329,10,128,102,255,10,76,8,255,reverse,rpm
742.0748677001044,545,10,128,102,255,10,76,8,255,reverse,rpm
742.0839140042635,260,10,128,90,255,10,99,8,255,reverse,rpm
742.1040851349788,316,10,128,90,255,10,99,8,255,reverse,rpm
742.2032945409189,329,10,128,90,255,10,99,8,255,reverse,rpm
742.7038708351932,545,10,128,0,255,10,99,8,255,reverse,rpm
742.7134880272437,260,10,128,0,255,10,99,8,255,reverse,rpm
742.7344439380889,316,10,128,0,255,10,99,8,255,reverse,rpm
742.8340710788806,329,10,128,0,255,10,99,8,255,reverse,rpm
743.3340105228838,545,10,128,0,255,10,99,8,255,reverse,rpm
743.3436313286079,260,10,128,102,255,10,76,8,255,reverse,rpm
743.3639716588475,316,10,128,102,255,10,76,8,255,reverse,rpm
743.4648921762463,329,10,128,102,255,10,76,8,255,reverse,rpm
743.9654813083266,545,10,128,102,255,10,76,8,255,reverse,rpm
743.9760420655425,260,10,128,102,255,10,76,8,255,reverse,rpm
743.995733287207,316,10,128,12,255,10,76,8,255,reverse,rpm
744.0966551270844,329,10,128,12,255,10,76,8,255,reverse,rpm
744.5973069354005,545,10,128,12,255,10,76,8,255,reverse,rpm
744.6080903527348,260,10,128,246,255,10,99,8,255,reverse,rpm
744.6294627874908,316,10,128,246,255,10,99,8,255,reverse,rpm
744.7289516072843,329,10,128,246,255,10,99,8,255,reverse,rpm
745.2285259371951,545,10,128,246,255,10,99,8,255,reverse,rpm
745.2381727792977,260,10,128,90,255,10,99,8,255,reverse,rpm
745.257763231214,316,10,128,90,255,10,99,8,255,reverse,rpm
745.3586334601251,329,10,128,90,255,10,99,8,255,reverse,rpm
745.857866162783,545,10,128,0,255,10,99,8,255,reverse,rpm
745.8675481678672,260,10,128,12,255,10,76,8,255,reverse,rpm
745.8870139251998,316,10,128,12,255,10,76,8,255,reverse,rpm
745.9870985272161,329,10,128,12,255,10,76,8,255,reverse,rpm
746.4871715494163,545,10,128,12,255,10,76,8,255,reverse,rpm
746.4978802467754,260,10,128,102,255,10,76,8,255,reverse,rpm
746.5174360268185,316,10,128,102,255,10,76,8,255,reverse,rpm
746.6138463498986,329,10,128,102,255,10,76,8,255,reverse,rpm
747.1143344908158,545,10,128,102,255,10,76,8,255,reverse,rpm
747.1243500815687,260,10,128,90,255,10,99,8,255,reverse,rpm
747.1440444220502,316,10,128,0,255,10,99,8,255,reverse,rpm
747.2431199525727,329,10,128,0,255,10,99,8,255,reverse,rpm
747.7435024154267,545,10,128,0,255,10,99,8,255,reverse,rpm
747.7532255031372,260,10,128,0,255,10,99,8,255,reverse,rpm
747.77342931427,316,10,128,0,255,10,99,8,255,reverse,rpm
747.872870543657,329,10,128,90,255,10,99,8,255,reverse,rpm
748.372596305939,545,10,128,90,255,10,99,8,255,reverse,rpm
748.3822643264332,260,10,128,102,255,10,76,8,255,reverse,rpm
748.4018411518294,316,10,128,102,255,10,76,8,255,reverse,rpm
748.5014596024213,329,10,128,102,255,10,76,8,255,reverse,rpm
749.0009876442435,545,10,128,12,255,10,76,8,255,reverse,rpm
749.0101240950232,260,10,128,12,255,10,76,8,255,reverse,rpm
749.0295786668006,316,10,128,12,255,10,76,8,255,reverse,rpm
749.1296050847071,329,10,128,12,255,10,76,8,255,reverse,rpm
749.6298811228643,545,10,128,12,255,10,76,8,255,reverse,rpm
749.6397885257896,260,10,128,246,255,10,99,8,255,reverse,rpm
749.6597486886641,316,10,128,246,255,10,99,8,255,reverse,rpm
749.7607333814987,329,10,128,90,255,10,99,8,255,reverse,rpm
750.2602823201435,545,10,128,90,255,10,99,8,255,reverse,rpm
750.26989606958,260,10,128,90,255,10,99,8,255,reverse,rpm
750.2899659309329,316,10,128,0,255,10,99,8,255,reverse,rpm
750.3899072750672,329,10,128,0,255,10,99,8,255,reverse,rpm
750.8905644779617,545,10,128,0,255,10,99,8,255,reverse,rpm
750.9010167827058,260,10,128,12,255,10,76,8,255,reverse,rpm
750.9205350989777,316,10,128,12,255,10,76,8,255,reverse,rpm
751.0196895749425,329,10,128,102,255,10,76,8,255,reverse,rpm
751.5189092884984,545,10,128,102,255,10,76,8,255,reverse,rpm
751.5290861519904,260,10,128,102,255,10,76,8,255,reverse,rpm
751.5487735026614,316,10,128,102,255,10,76,8,255,reverse,rpm
751.6487837370596,329,10,128,102,255,10,76,8,255,reverse,rpm
752.1481714388754,545,10,128,12,255,10,76,8,255,reverse,rpm
752.1580566235742,260,10,128,0,255,10,99,8,255,reverse,rpm
752.1784612333399,316,10,128,0,255,10,99,8,255,reverse,rpm
752.2779399631016,329,10,128,0,255,10,99,8,255,reverse,rpm
752.7772293705472,545,10,128,0,255,10,99,8,255,reverse,rpm
752.7880993490671,260,10,128,90,255,10,99,8,255,reverse,rpm
752.8086429008246,316,10,128,90,255,10,99,8,255,reverse,rpm
752.9079991866658,329,10,128,90,255,10,99,8,255,reverse,rpm
753.4083353933792,545,10,128,90,255,10,99,8,255,reverse,rpm
753.4189041340426,260,10,128,102,255,10,76,8,255,reverse,rpm
753.4388288910282,316,10,128,12,255,10,76,8,255,reverse,rpm
753.5385044025226,329,10,128,12,255,10,76,8,255,reverse,rpm
754.0378999010244,545,10,128,12,255,10,76,8,255,reverse,rpm
754.0483488841544,260,10,128,12,255,10,76,8,255,reverse,rpm
754.0681837566219,316,10,128,12,255,10,76,8,255,reverse,rpm
754.169046444718,329,10,128,102,255,10,76,8,255,reverse,rpm
754.6683200843338,545,10,128,102,255,10,76,8,255,reverse,rpm
754.6788392886413,260,10,128,90,255,10,99,8,255,reverse,rpm
754.6991456552975,316,10,128,90,255,10,99,8,255,reverse,rpm
754.7990416252348,329,10,128,90,255,10,99,8,255,reverse,rpm
755.2983713282628,545,10,128,0,255,10,99,8,255,reverse,rpm
755.3085787350007,260,10,128,0,255,10,99,8,255,reverse,rpm
755.3293377776519,316,10,128,0,255,10,99,8,255,reverse,rpm
755.4283750924649,329,10,128,0,255,10,99,8,255,reverse,rpm
755.9290487474113,545,10,128,0,255,10,99,8,255,reverse,rpm
755.9396327847738,260,10,128,102,51,10,76,8,0,idle,rpm
755.9603466700005,316,9,128,102,51,9,76,8,0,idle,rpm
756.0600818750918,329,8,128,101,51,8,76,8,0,idle,rpm
756.5602783751689,545,8,128,101,51,8,76,7,0,idle,rpm
756.5708304940686,260,8,128,101,51,8,76,7,0,idle,rpm
756.591866566985,316,7,128,12,51,7,76,7,0,idle,rpm
756.6922949734679,329,6,128,12,51,6,76,7,0,idle,rpm
757.1917524591031,545,6,128,12,51,6,76,7,0,idle,rpm
757.201000446371,260,6,128,246,51,6,99,7,0,idle,rpm
757.2218652246505,316,5,128,246,51,5,99,6,0,idle,rpm
757.3224712795417,329,4,128,246,51,4,99,6,0,idle,rpm
757.8217886303156,545,4,128,246,51,4,99,6,0,idle,rpm
757.831060819834,260,4,128,87,51,4,99,6,0,idle,rpm
757.8507800217805,316,3,128,87,51,3,99,6,0,idle,rpm
757.9500168443216,329,2,128,87,51,2,99,6,0,idle,rpm
758.4495978203897,545,2,128,0,51,2,99,6,0,idle,rpm
758.4588332868016,260,2,128,12,51,2,76,5,0,idle,rpm
758.4785432355704,316,1,128,12,51,1,76,5,0,idle,rpm
758.578607460851,329,0,128,12,51,0,76,5,0,idle,rpm
759.0789029195022,545,0,128,12,51,0,76,5,0,idle,rpm
759.0910667731807,260,0,128,98,51,0,76,5,0,idle,rpm
759.1115935904259,316,0,128,98,51,0,76,5,0,idle,rpm
759.2111475796643,329,0,128,98,51,0,76,5,0,idle,rpm
759.7117132352544,545,0,128,98,51,0,76,5,0,idle,rpm
759.7226211660848,260,0,128,86,51,0,99,5,0,idle,rpm
759.7435761012545,316,0,128,0,51,0,99,5,0,idle,rpm
759.8427406477145,329,0,128,0,51,0,99,5,0,idle,rpm
760.3437046005304,545,0,128,0,51,0,99,5,0,idle,rpm
760.3536341279801,260,0,128,0,51,0,99,5,0,idle,rpm
760.3738602864355,316,0,128,0,51,0,99,5,0,idle,rpm
760.4734325995016,329,0,128,86,51,0,99,5,0,idle,rpm
760.9741360862165,545,0,128,86,51,0,99,5,0,idle,rpm
760.9847152901423,260,0,128,98,51,0,76,5,0,idle,rpm
761.0054057888564,316,0,128,98,51,0,76,5,0,idle,rpm
761.1055430387644,329,0,128,98,51,0,76,5,0,idle,rpm
761.6058821201597,545,0,128,12,51,0,76,5,0,idle,rpm
761.6156007509057,260,0,128,12,51,0,76,5,0,idle,rpm
761.6361981746259,316,0,128,12,51,0,76,5,0,idle,rpm
761.7353545485194,329,0,128,12,51,0,76,5,0,idle,rpm
762.2360089919212,545,0,128,12,51,0,76,5,0,idle,rpm
762.2468442601621,260,0,128,246,51,0,99,5,0,idle,rpm
762.2665201031228,316,0,128,246,51,0,99,5,0,idle,rpm
762.3656320933467,329,0,128,86,51,0,99,5,0,idle,rpm
762.8660132391993,545,0,128,86,51,0,99,5,0,idle,rpm
762.8754475604837,260,0,128,86,51,0,99,5,0,idle,rpm
762.8958964097175,316,0,128,0,51,0,99,5,0,idle,rpm
762.995532588726,329,0,128,0,51,0,99,5,0,idle,rpm
763.4964061697667,545,0,128,0,51,0,99,5,0,idle,rpm
763.5070923039619,260,0,128,12,51,0,76,5,0,idle,rpm
763.5274515968371,316,0,128,12,51,0,76,5,0,idle,rpm
763.6269420199646,329,0,128,98,51,0,76,5,0,idle,rpm
764.12661756298,545,0,128,98,51,0,76,5,0,idle,rpm
764.137061112336,260,0,128,98,51,0,76,5,0,idle,rpm
764.1573069148379,316,0,128,98,51,0,76,5,0,idle,rpm
764.2573386134738,329,0,128,98,51,0,76,5,0,idle,rpm
764.7583277585032,545,0,128,12,51,0,76,5,0,idle,rpm
764.7690785722991,260,0,128,0,51,0,99,5,0,idle,rpm
764.789055134789,316,0,128,0,51,0,99,5,0,idle,rpm
764.8899649775323,329,0,128,0,51,0,99,5,0,idle,rpm
765.3895992426818,545,0,128,0,51,0,99,5,0,idle,rpm
765.3986379593267,260,0,128,86,51,0,99,5,0,idle,rpm
765.4187968567209,316,0,128,86,51,0,99,5,0,idle,rpm
765.5186058402272,329,0,128,86,51,0,99,5,0,idle,rpm
766.0187884688834,545,0,128,86,51,0,99,5,0,idle,rpm
766.0279165993205,260,0,128,98,51,0,76,5,0,idle,rpm
766.0471585221451,316,0,128,12,51,0,76,5,0,idle,rpm
766.1477198266484,329,0,128,12,51,0,76,5,0,idle,rpm
766.6472282913103,545,0,128,12,51,0,76,5,0,idle,rpm
766.6581917588651,260,0,128,12,51,0,76,5,0,idle,rpm
766.6777433449685,316,0,128,12,51,0,76,5,0,idle,rpm
766.7775586990442,329,0,128,98,51,0,76,5,0,idle,rpm
767.2770991647786,545,0,128,98,51,0,76,5,0,idle,rpm
767.2872563926563,260,0,128,86,51,0,99,5,0,idle,rpm
767.3064086500905,316,0,128,86,51,0,99,5,0,idle,rpm
767.4072537276325,329,0,128,86,51,0,99,5,0,idle,rpm
767.9067860958821,545,0,128,0,51,0,99,5,0,idle,rpm
767.9163920201416,260,0,128,0,51,0,99,5,0,idle,rpm
767.9362112088861,316,0,128,0,51,0,99,5,0,idle,rpm
768.0369594320392,329,0,128,0,51,0,99,5,0,idle,rpm
768.5359849131055,545,0,128,0,51,0,99,5,0,idle,rpm
768.5464615059644,260,0,128,98,51,0,76,5,0,idle,rpm
768.5672607813636,316,0,128,98,51,0,76,5,0,idle,rpm
768.667488510545,329,0,128,98,51,0,76,5,0,idle,rpm
769.1675628569005,545,0,128,98,51,0,76,5,0,idle,rpm
769.1774374894783,260,0,128,98,51,0,76,5,0,idle,rpm
769.1965096895997,316,0,128,12,51,0,76,5,0,idle,rpm
769.2955799082737,329,0,128,12,51,0,76,5,0,idle,rpm
769.7948981931089,545,0,128,12,51,0,76,5,0,idle,rpm
769.8041502027435,260,0,128,246,51,0,99,5,0,idle,rpm
769.8241432692213,316,0,128,246,51,0,99,5,0,idle,rpm
769.9242346256594,329,0,128,246,51,0,99,5,0,idle,rpm
770.4244359433295,545,0,128,246,51,0,99,5,0,idle,rpm
770.4352086318347,260,0,128,86,51,0,99,5,0,idle,rpm
770.4548553665185,316,0,128,86,51,0,99,5,0,idle,rpm
770.555311666906,329,0,128,86,51,0,99,5,0,idle,rpm
771.0546976364498,545,0,128,0,51,0,99,5,0,idle,rpm
771.0641535745706,260,0,128,12,51,0,76,5,0,idle,rpm
771.0845439579159,316,0,128,12,51,0,76,5,0,idle,rpm
771.1839065853758,329,0,128,12,51,0,76,5,0,idle,rpm
771.6838843432654,545,0,128,12,51,0,76,5,0,idle,rpm
771.6936074425063,260,0,128,98,51,0,76,5,0,idle,rpm
771.714387743678,316,0,128,98,51,0,76,5,0,idle,rpm
771.8140973223666,329,0,128,98,51,0,76,5,0,idle,rpm
772.3142784011225,545,0,128,98,51,0,76,5,0,idle,rpm
772.323338488381,260,0,128,86,51,0,99,5,0,idle,rpm
772.343694874607,316,0,128,0,51,0,99,5,0,idle,rpm
772.4444540352689,329,0,128,0,51,0,99,5,0,idle,rpm
772.9451807971395,545,0,128,0,51,0,99,5,0,idle,rpm
772.9543330837176,260,0,128,0,51,0,99,5,0,idle,rpm
772.9744784104021,316,0,128,0,51,0,99,5,0,idle,rpm
773.0736953350803,329,0,128,86,51,0,99,5,0,idle,rpm
773.5731889240523,545,0,128,86,51,0,99,5,0,idle,rpm
773.5815861258172,260,0,128,98,51,0,76,5,0,idle,rpm
773.6018953851667,316,0,128,98,51,0,76,5,0,idle,rpm
773.7018059276834,329,0,128,98,51,0,76,5,0,idle,rpm
774.202574044097,545,0,128,12,51,0,76,5,0,idle,rpm
774.2125230665674,260,0,128,12,51,0,76,5,0,idle,rpm
774.2334229564902,316,0,128,12,51,0,76,5,0,idle,rpm
774.3341297243554,329,0,128,12,51,0,76,5,0,idle,rpm
774.8347787541834,545,0,128,12,51,0,76,5,0,idle,rpm
774.8450230163537,260,0,128,246,51,0,99,5,0,idle,rpm
774.8650768737693,316,0,128,246,51,0,99,5,0,idle,rpm
774.9650653762881,329,0,128,86,51,0,99,5,0,idle,rpm
775.465083316808,545,0,128,86,51,0,99,5,0,idle,rpm
775.4753758011192,260,0,128,86,51,0,99,5,0,idle,rpm
775.4952667633888,316,0,128,0,51,0,99,5,0,idle,rpm
775.595409764615,329,0,128,0,51,0,99,5,0,idle,rpm
776.0945331314539,545,0,128,0,51,0,99,5,0,idle,rpm
776.104272269973,260,0,128,12,51,0,76,5,0,idle,rpm
776.1246744548451,316,0,128,12,51,0,76,5,0,idle,rpm
776.2240257299602,329,0,128,98,51,0,76,5,0,idle,rpm
776.7232823753661,545,0,128,98,51,0,76,5,0,idle,rpm
776.7322965417487,260,0,128,98,51,0,76,5,0,idle,rpm
776.7518323765536,316,0,128,98,51,0,76,5,0,idle,rpm
776.8524018803796,329,0,128,98,51,0,76,5,0,idle,rpm
777.3518694919596,545,0,128,12,51,0,76,5,0,idle,rpm
777.3626366053605,260,0,128,0,51,0,99,5,0,idle,rpm
777.3830038188036,316,0,128,0,51,0,99,5,0,idle,rpm
777.483423038615,329,0,128,0,51,0,99,5,0,idle,rpm
777.9831739058445,545,0,128,0,51,0,99,5,0,idle,rpm
777.9941511250655,260,0,128,86,51,0,99,5,0,idle,rpm
778.0142262251079,316,0,128,86,51,0,99,5,0,idle,rpm
778.1150745937897,329,0,128,86,51,0,99,5,0,idle,rpm
778.6159017361607,545,0,128,86,51,0,99,5,0,idle,rpm
778.6255769390737,260,0,128,98,51,0,76,5,0,idle,rpm
778.646142095278,316,0,128,12,51,0,76,5,0,idle,rpm
778.7463690552572,329,0,128,12,51,0,76,5,0,idle,rpm
779.2454339642419,545,0,128,12,51,0,76,5,0,idle,rpm
779.2553746964317,260,0,128,12,51,0,76,5,0,idle,rpm
779.2749955021712,316,0,128,12,51,0,76,5,0,idle,rpm
779.3746397325112,329,0,128,98,51,0,76,5,0,idle,rpm
779.8742093462438,545,0,128,98,51,0,76,5,0,idle,rpm
779.884826300692,260,0,128,86,51,0,99,5,0,idle,rpm
779.9052996815242,316,0,128,86,51,0,99,5,0,idle,rpm
780.0055805034435,329,0,128,86,51,0,99,5,0,idle,rpm
780.5053127672288,545,0,128,0,51,0,99,5,0,idle,rpm
780.5146510735758,260,0,128,0,51,0,99,5,0,idle,rpm
780.5336836357465,316,0,128,0,51,0,99,5,0,idle,rpm
780.6328530159934,329,0,128,0,51,0,99,5,0,idle,rpm
781.1334595801399,545,0,128,0,51,0,99,5,0,idle,rpm
781.1437862650967,260,0,128,98,51,0,76,5,0,idle,rpm
781.1641333546065,316,0,128,98,51,0,76,5,0,idle,rpm
781.2642116205974,329,0,128,98,51,0,76,5,0,idle,rpm
781.7639511529068,545,0,128,98,51,0,76,5,0,idle,rpm
781.773375075939,260,0,128,98,51,0,76,5,0,idle,rpm
781.7929104482655,316,0,128,12,51,0,76,5,0,idle,rpm
781.8932529687027,329,0,128,12,51,0,76,5,0,idle,rpm
782.3937543548114,545,0,128,12,51,0,76,5,0,idle,rpm
782.4046426518406,260,0,128,246,51,0,99,5,0,idle,rpm
782.4241226508028,316,0,128,246,51,0,99,5,0,idle,rpm
782.5244289444304,329,0,128,246,51,0,99,5,0,idle,rpm
783.0243468370492,545,0,128,246,51,0,99,5,0,idle,rpm
783.0350036024906,260,0,128,86,51,0,99,5,0,idle,rpm
783.0552660813388,316,0,128,86,51,0,99,5,0,idle,rpm
783.1550631113901,329,0,128,86,51,0,99,5,0,idle,rpm
783.6555464100325,545,0,128,0,51,0,99,5,0,idle,rpm
783.6660891800445,260,0,128,12,51,0,76,5,0,idle,rpm
783.686855491468,316,0,128,12,51,0,76,5,0,idle,rpm
783.7874395310703,329,0,128,12,51,0,76,5,0,idle,rpm
784.2880339454126,545,0,128,12,51,0,76,5,0,idle,rpm
784.2983967286561,260,0,128,98,51,0,76,5,0,idle,rpm
784.3177992984505,316,0,128,98,51,0,76,5,0,idle,rpm
784.4180091257927,329,0,128,98,51,0,76,5,0,idle,rpm
784.9187936191456,545,0,128,98,51,0,76,5,0,idle,rpm
784.9278737410018,260,0,128,86,51,0,99,5,0,idle,rpm
784.9471704800686,316,0,128,0,51,0,99,5,0,idle,rpm
785.0475577100267,329,0,128,0,51,0,99,5,0,idle,rpm
785.5475259474615,545,0,128,0,51,0,99,5,0,idle,rpm
785.5567049819809,260,0,128,0,51,0,99,5,0,idle,rpm
785.576808917911,316,0,128,0,51,0,99,5,0,idle,rpm
785.6765640247135,329,0,128,86,51,0,99,5,0,idle,rpm
786.1758759931747,545,0,128,86,51,0,99,5,0,idle,rpm
786.1849709913286,260,0,128,98,51,0,76,5,0,idle,rpm
786.205211419131,316,0,128,98,51,0,76,5,0,idle,rpm
786.3050683745086,329,0,128,98,51,0,76,5,0,idle,rpm
786.8051344156021,545,0,128,12,51,0,76,5,0,idle,rpm
786.8145368066305,260,0,128,12,51,0,76,5,0,idle,rpm
786.8344371659334,316,0,128,12,51,0,76,5,0,idle,rpm
786.9351468190279,329,0,128,12,51,0,76,5,0,idle,rpm
787.4353458215002,545,0,128,12,51,0,76,5,0,idle,rpm
