timestamp,can_id,b0,b1,b2,b3,b4,b5,b6,b7,state,attack_type
0.01,260,0,128,0,51,0,0,5,0,parking,none
0.03,316,0,128,0,51,0,0,5,0,parking,none
0.05,329,0,128,0,51,0,0,5,0,parking,none
0.07,545,0,128,0,51,0,0,5,0,parking,none
1.002795484,260,0,128,0,51,0,0,5,0,parking,none
1.022795484,316,0,128,0,51,0,0,5,0,parking,none
1.042795484,329,0,128,0,51,0,0,5,0,parking,none
1.062795484,545,0,128,0,51,0,0,5,0,parking,none
1.994150304,260,0,128,0,51,0,0,5,0,parking,none
2.014150304,316,0,128,0,51,0,0,5,0,parking,none
2.034150304,329,0,128,0,51,0,0,5,0,parking,none
2.054150304,545,0,128,0,51,0,0,5,0,parking,none
2.98858451,260,0,128,0,51,0,0,5,0,parking,none
3.00858451,316,0,128,0,51,0,0,5,0,parking,none
3.02858451,329,0,128,0,51,0,0,5,0,parking,none
3.04858451,545,0,128,0,51,0,0,5,0,parking,none
4.023683697,260,0,128,0,51,0,0,5,0,parking,none
4.043683697,316,0,128,0,51,0,0,5,0,parking,none
4.063683697,329,0,128,0,51,0,0,5,0,parking,none
4.083683697,545,0,128,0,51,0,0,5,0,parking,none
5.017304282,260,0,128,0,51,0,0,5,0,parking,none
5.037304282,316,0,128,0,51,0,0,5,0,parking,none
5.057304282,329,0,128,0,51,0,0,5,0,parking,none
5.077304282,545,0,128,0,51,0,0,5,0,parking,none
5.942436612,260,0,128,0,51,0,0,5,0,parking,none
5.962436612,316,0,128,0,51,0,0,5,0,parking,none
5.982436612,329,0,128,0,51,0,0,5,0,parking,none
6.002436612,545,0,128,0,51,0,0,5,0,parking,none
6.959052529,260,0,128,0,51,0,0,5,0,parking,none
6.979052529,316,0,128,0,51,0,0,5,0,parking,none
6.999052529,329,0,128,0,51,0,0,5,0,parking,none
7.019052529,545,0,128,0,51,0,0,5,0,parking,none
7.945685655,260,0,128,0,51,0,0,5,0,parking,none
7.965685655,316,0,128,0,51,0,0,5,0,parking,none
7.985685655,329,0,128,0,51,0,0,5,0,parking,none
8.005685655,545,0,128,0,51,0,0,5,0,parking,none
8.934837721,260,0,128,0,51,0,0,5,0,parking,none
8.954837721,316,0,128,0,51,0,0,5,0,parking,none
8.974837721,329,0,128,0,51,0,0,5,0,parking,none
8.994837721,545,0,128,0,51,0,0,5,0,parking,none
9.94063196,260,0,128,0,51,0,0,5,0,parking,none
9.96063196,316,0,128,0,51,0,0,5,0,parking,none
9.98063196,329,0,128,0,51,0,0,5,0,parking,none
10.00063196,545,0,128,0,51,0,0,5,0,parking,none
10.952246847,260,0,128,0,51,0,0,5,0,parking,none
10.972246847,316,0,128,0,51,0,0,5,0,parking,none
10.992246847,329,0,128,0,51,0,0,5,0,parking,none
11.012246847,545,0,128,0,51,0,0,5,0,parking,none
12.010424781,260,0,128,0,51,0,0,5,0,parking,none
12.030424781,316,0,128,0,51,0,0,5,0,parking,none
12.050424781,329,0,128,0,51,0,0,5,0,parking,none
12.070424781,545,0,128,0,51,0,0,5,0,parking,none
13.043256607,260,0,128,0,51,0,0,5,0,parking,none
13.063256607,316,0,128,0,51,0,0,5,0,parking,none
13.083256607,329,0,128,0,51,0,0,5,0,parking,none
13.103256607,545,0,128,0,51,0,0,5,0,parking,none
14.048781966,260,0,128,0,51,0,0,5,0,parking,none
14.068781966,316,0,128,0,51,0,0,5,0,parking,none
14.088781966,329,0,128,0,51,0,0,5,0,parking,none
14.108781966,545,0,128,0,51,0,0,5,0,parking,none
15.011865885,260,0,128,0,51,0,0,5,0,parking,none
15.031865885,316,0,128,0,51,0,0,5,0,parking,none
15.051865885,329,0,128,0,51,0,0,5,0,parking,none
15.071865885,545,0,128,0,51,0,0,5,0,parking,none
15.961132767,260,0,128,0,51,0,0,5,0,parking,none
15.981132767,316,0,128,0,51,0,0,5,0,parking,none
16.001132767,329,0,128,0,51,0,0,5,0,parking,none
16.021132767,545,0,128,0,51,0,0,5,0,parking,none
16.973449877,260,0,128,0,51,0,0,5,0,parking,none
16.993449877,316,0,128,0,51,0,0,5,0,parking,none
17.013449877,329,0,128,0,51,0,0,5,0,parking,none
17.033449877,545,0,128,0,51,0,0,5,0,parking,none
18.039003918,260,0,128,0,51,0,0,5,0,parking,none
18.059003918,316,0,128,0,51,0,0,5,0,parking,none
18.079003918,329,0,128,0,51,0,0,5,0,parking,none
18.099003918,545,0,128,0,51,0,0,5,0,parking,none
19.041086761,260,0,128,0,51,0,0,5,0,parking,none
19.061086761,316,0,128,0,51,0,0,5,0,parking,none
19.081086761,329,0,128,0,51,0,0,5,0,parking,none
19.101086761,545,0,128,0,51,0,0,5,0,parking,none
20.035770597,260,0,128,0,51,0,0,5,0,parking,none
20.055770597,316,0,128,0,51,0,0,5,0,parking,none
20.075770597,329,0,128,0,51,0,0,5,0,parking,none
20.095770597,545,0,128,0,51,0,0,5,0,parking,none
21.062359408,260,0,128,0,51,0,0,5,0,parking,none
21.082359408,316,0,128,0,51,0,0,5,0,parking,none
21.102359408,329,0,128,0,51,0,0,5,0,parking,none
21.122359408,545,0,128,0,51,0,0,5,0,parking,none
21.989682143,260,0,128,0,51,0,0,5,0,parking,none
22.009682143,316,0,128,0,51,0,0,5,0,parking,none
22.029682143,329,0,128,0,51,0,0,5,0,parking,none
22.049682143,545,0,128,0,51,0,0,5,0,parking,none
22.974068277,260,0,128,0,51,0,0,5,0,parking,none
22.994068277,316,0,128,0,51,0,0,5,0,parking,none
23.014068277,329,0,128,0,51,0,0,5,0,parking,none
23.034068277,545,0,128,0,51,0,0,5,0,parking,none
23.998586404,260,0,128,0,51,0,0,5,0,parking,none
24.018586404,316,0,128,0,51,0,0,5,0,parking,none
24.038586404,329,0,128,0,51,0,0,5,0,parking,none
24.058586404,545,0,128,0,51,0,0,5,0,parking,none
25.042256623,260,0,128,3,51,0,0,5,0,idle,none
25.062256623,316,0,128,3,51,0,0,5,0,idle,none
25.082256623,329,0,128,3,51,0,0,5,0,idle,none
25.102256623,545,0,128,3,51,0,0,5,0,idle,none
25.537444029,260,0,128,3,51,0,0,5,0,idle,none
25.557444029,316,0,128,3,51,0,0,5,0,idle,none
25.577444029,329,0,128,3,51,0,0,5,0,idle,none
25.597444029,545,0,128,3,51,0,0,5,0,idle,none
26.044976027,260,0,128,3,51,0,0,5,0,idle,none
26.064976027,316,0,128,3,51,0,0,5,0,idle,none
26.084976027,329,0,128,3,51,0,0,5,0,idle,none
26.104976027,545,0,128,3,51,0,0,5,0,idle,none
26.549940296,260,0,128,3,51,0,0,5,0,idle,none
26.569940296,316,0,128,3,51,0,0,5,0,idle,none
26.589940296,329,0,128,3,51,0,0,5,0,idle,none
26.609940296,545,0,128,3,51,0,0,5,0,idle,none
27.065586832,260,0,128,3,51,0,0,5,0,idle,none
27.085586832,316,0,128,3,51,0,0,5,0,idle,none
27.105586832,329,0,128,3,51,0,0,5,0,idle,none
27.125586832,545,0,128,3,51,0,0,5,0,idle,none
27.543322387,260,0,128,3,51,0,0,5,0,idle,none
27.563322387,316,0,128,3,51,0,0,5,0,idle,none
27.583322387,329,0,128,3,51,0,0,5,0,idle,none
27.603322387,545,0,128,3,51,0,0,5,0,idle,none
28.054687401,260,0,128,3,51,0,0,5,0,idle,none
28.074687401,316,0,128,3,51,0,0,5,0,idle,none
28.094687401,329,0,128,3,51,0,0,5,0,idle,none
28.114687401,545,0,128,3,51,0,0,5,0,idle,none
28.524396993,260,0,128,3,51,0,0,5,0,idle,none
28.544396993,316,0,128,3,51,0,0,5,0,idle,none
28.564396993,329,0,128,3,51,0,0,5,0,idle,none
28.584396993,545,0,128,3,51,0,0,5,0,idle,none
28.971998085,260,0,128,3,51,0,0,5,0,idle,none
28.991998085,316,0,128,3,51,0,0,5,0,idle,none
29.011998085,329,0,128,3,51,0,0,5,0,idle,none
29.031998085,545,0,128,3,51,0,0,5,0,idle,none
29.45986027,260,0,128,3,51,0,0,5,0,idle,none
29.47986027,316,0,128,3,51,0,0,5,0,idle,none
29.49986027,329,0,128,3,51,0,0,5,0,idle,none
29.51986027,545,0,128,3,51,0,0,5,0,idle,none
29.941544069,260,0,128,3,51,0,0,5,0,idle,none
29.961544069,316,0,128,3,51,0,0,5,0,idle,none
29.981544069,329,0,128,3,51,0,0,5,0,idle,none
30.001544069,545,0,128,3,51,0,0,5,0,idle,none
30.459064314,260,0,128,3,51,0,0,5,0,idle,none
30.479064314,316,0,128,3,51,0,0,5,0,idle,none
30.499064314,329,0,128,3,51,0,0,5,0,idle,none
30.519064314,545,0,128,3,51,0,0,5,0,idle,none
30.972349632,260,0,128,3,51,0,0,5,0,idle,none
30.992349632,316,0,128,3,51,0,0,5,0,idle,none
31.012349632,329,0,128,3,51,0,0,5,0,idle,none
31.032349632,545,0,128,3,51,0,0,5,0,idle,none
31.447968137,260,0,128,3,51,0,0,5,0,idle,none
31.467968137,316,0,128,3,51,0,0,5,0,idle,none
31.487968137,329,0,128,3,51,0,0,5,0,idle,none
31.507968137,545,0,128,3,51,0,0,5,0,idle,none
31.964915366,260,0,128,3,51,0,0,5,0,idle,none
31.984915366,316,0,128,3,51,0,0,5,0,idle,none
32.004915366,329,0,128,3,51,0,0,5,0,idle,none
32.024915366,545,0,128,3,51,0,0,5,0,idle,none
32.444871309,260,0,128,3,51,0,0,5,0,idle,none
32.464871309,316,0,128,3,51,0,0,5,0,idle,none
32.484871309,329,0,128,3,51,0,0,5,0,idle,none
32.504871309,545,0,128,3,51,0,0,5,0,idle,none
32.943146433,260,0,128,3,51,0,0,5,0,idle,none
32.963146433,316,0,128,3,51,0,0,5,0,idle,none
32.983146433,329,0,128,3,51,0,0,5,0,idle,none
33.003146433,545,0,128,3,51,0,0,5,0,idle,none
33.437268437,260,0,128,3,51,0,0,5,0,idle,none
33.457268437,316,0,128,3,51,0,0,5,0,idle,none
33.477268437,329,0,128,3,51,0,0,5,0,idle,none
33.497268437,545,0,128,3,51,0,0,5,0,idle,none
33.939556834,260,0,128,3,51,0,0,5,0,idle,none
33.959556834,316,0,128,3,51,0,0,5,0,idle,none
33.979556834,329,0,128,3,51,0,0,5,0,idle,none
33.999556834,545,0,128,3,51,0,0,5,0,idle,none
34.45592956,260,0,128,3,51,0,0,5,0,idle,none
34.47592956,316,0,128,3,51,0,0,5,0,idle,none
34.49592956,329,0,128,3,51,0,0,5,0,idle,none
34.51592956,545,0,128,3,51,0,0,5,0,idle,none
34.968697836,260,0,128,3,51,0,0,5,0,idle,none
34.988697836,316,0,128,3,51,0,0,5,0,idle,none
35.008697836,329,0,128,3,51,0,0,5,0,idle,none
35.028697836,545,0,128,3,51,0,0,5,0,idle,none
35.475695538,260,0,128,3,51,0,0,5,0,idle,none
35.495695538,316,0,128,3,51,0,0,5,0,idle,none
35.515695538,329,0,128,3,51,0,0,5,0,idle,none
35.535695538,545,0,128,3,51,0,0,5,0,idle,none
35.9886945,260,0,128,3,51,0,0,5,0,idle,none
36.0086945,316,0,128,3,51,0,0,5,0,idle,none
36.0286945,329,0,128,3,51,0,0,5,0,idle,none
36.0486945,545,0,128,3,51,0,0,5,0,idle,none
36.498264341,260,0,128,3,51,0,0,5,0,idle,none
36.518264341,316,0,128,3,51,0,0,5,0,idle,none
36.538264341,329,0,128,3,51,0,0,5,0,idle,none
36.558264341,545,0,128,3,51,0,0,5,0,idle,none
36.985724632,260,0,128,3,51,0,0,5,0,idle,none
37.005724632,316,0,128,3,51,0,0,5,0,idle,none
37.025724632,329,0,128,3,51,0,0,5,0,idle,none
37.045724632,545,0,128,3,51,0,0,5,0,idle,none
37.47137721,260,0,128,3,51,0,0,5,0,idle,none
37.49137721,316,0,128,3,51,0,0,5,0,idle,none
37.51137721,329,0,128,3,51,0,0,5,0,idle,none
37.53137721,545,0,128,3,51,0,0,5,0,idle,none
37.961977844,260,0,128,3,51,0,0,5,0,idle,none
37.981977844,316,0,128,3,51,0,0,5,0,idle,none
38.001977844,329,0,128,3,51,0,0,5,0,idle,none
38.021977844,545,0,128,3,51,0,0,5,0,idle,none
38.471964372,260,0,128,3,51,0,0,5,0,idle,none
38.491964372,316,0,128,3,51,0,0,5,0,idle,none
38.511964372,329,0,128,3,51,0,0,5,0,idle,none
38.531964372,545,0,128,3,51,0,0,5,0,idle,none
38.966962061,260,0,128,3,51,0,0,5,0,idle,none
38.986962061,316,0,128,3,51,0,0,5,0,idle,none
39.006962061,329,0,128,3,51,0,0,5,0,idle,none
39.026962061,545,0,128,3,51,0,0,5,0,idle,none
39.513677145,260,0,128,3,51,0,0,5,0,idle,none
39.533677145,316,0,128,3,51,0,0,5,0,idle,none
39.553677145,329,0,128,3,51,0,0,5,0,idle,none
39.573677145,545,0,128,3,51,0,0,5,0,idle,none
39.997291294,260,0,128,3,51,0,0,5,0,idle,none
40.017291294,316,0,128,3,51,0,0,5,0,idle,none
40.037291294,329,0,128,3,51,0,0,5,0,idle,none
40.057291294,545,0,128,3,51,0,0,5,0,idle,none
40.475313802,260,0,128,3,51,0,0,5,0,idle,none
40.495313802,316,0,128,3,51,0,0,5,0,idle,none
40.515313802,329,0,128,3,51,0,0,5,0,idle,none
40.535313802,545,0,128,3,51,0,0,5,0,idle,none
40.990683273,260,0,128,3,51,0,0,5,0,idle,none
41.010683273,316,0,128,3,51,0,0,5,0,idle,none
41.030683273,329,0,128,3,51,0,0,5,0,idle,none
41.050683273,545,0,128,3,51,0,0,5,0,idle,none
41.519120272,260,0,128,3,51,0,0,5,0,idle,none
41.539120272,316,0,128,3,51,0,0,5,0,idle,none
41.559120272,329,0,128,3,51,0,0,5,0,idle,none
41.579120272,545,0,128,3,51,0,0,5,0,idle,none
42.029234126,260,0,128,3,51,0,0,5,0,idle,none
42.049234126,316,0,128,3,51,0,0,5,0,idle,none
42.069234126,329,0,128,3,51,0,0,5,0,idle,none
42.089234126,545,0,128,3,51,0,0,5,0,idle,none
42.545950473,260,0,128,3,51,0,0,5,0,idle,none
42.565950473,316,0,128,3,51,0,0,5,0,idle,none
42.585950473,329,0,128,3,51,0,0,5,0,idle,none
42.605950473,545,0,128,3,51,0,0,5,0,idle,none
43.074477373,260,0,128,3,51,0,0,5,0,idle,none
43.094477373,316,0,128,3,51,0,0,5,0,idle,none
43.114477373,329,0,128,3,51,0,0,5,0,idle,none
43.134477373,545,0,128,3,51,0,0,5,0,idle,none
43.572596823,260,0,128,3,51,0,0,5,0,idle,none
43.592596823,316,0,128,3,51,0,0,5,0,idle,none
43.612596823,329,0,128,3,51,0,0,5,0,idle,none
43.632596823,545,0,128,3,51,0,0,5,0,idle,none
44.044137644,260,0,128,3,51,0,0,5,0,idle,none
44.064137644,316,0,128,3,51,0,0,5,0,idle,none
44.084137644,329,0,128,3,51,0,0,5,0,idle,none
44.104137644,545,0,128,3,51,0,0,5,0,idle,none
44.533496114,260,0,128,3,51,0,0,5,0,idle,none
44.553496114,316,0,128,3,51,0,0,5,0,idle,none
44.573496114,329,0,128,3,51,0,0,5,0,idle,none
44.593496114,545,0,128,3,51,0,0,5,0,idle,none
45.052554029,260,0,128,3,51,0,0,5,0,idle,none
45.072554029,316,0,128,3,51,0,0,5,0,idle,none
45.092554029,329,0,128,3,51,0,0,5,0,idle,none
45.112554029,545,0,128,3,51,0,0,5,0,idle,none
45.523680461,260,0,128,3,51,0,0,5,0,idle,none
45.543680461,316,0,128,3,51,0,0,5,0,idle,none
45.563680461,329,0,128,3,51,0,0,5,0,idle,none
45.583680461,545,0,128,3,51,0,0,5,0,idle,none
46.024351087,260,0,128,3,51,0,0,5,0,idle,none
46.044351087,316,0,128,3,51,0,0,5,0,idle,none
46.064351087,329,0,128,3,51,0,0,5,0,idle,none
46.084351087,545,0,128,3,51,0,0,5,0,idle,none
46.529415834,260,0,128,3,51,0,0,5,0,idle,none
46.549415834,316,0,128,3,51,0,0,5,0,idle,none
46.569415834,329,0,128,3,51,0,0,5,0,idle,none
46.589415834,545,0,128,3,51,0,0,5,0,idle,none
47.023103991,260,0,128,3,51,0,0,5,0,idle,none
47.043103991,316,0,128,3,51,0,0,5,0,idle,none
47.063103991,329,0,128,3,51,0,0,5,0,idle,none
47.083103991,545,0,128,3,51,0,0,5,0,idle,none
47.537576631,260,0,128,3,51,0,0,5,0,idle,none
47.557576631,316,0,128,3,51,0,0,5,0,idle,none
47.577576631,329,0,128,3,51,0,0,5,0,idle,none
47.597576631,545,0,128,3,51,0,0,5,0,idle,none
48.049192225,260,0,128,3,51,0,0,5,0,idle,none
48.069192225,316,0,128,3,51,0,0,5,0,idle,none
48.089192225,329,0,128,3,51,0,0,5,0,idle,none
48.109192225,545,0,128,3,51,0,0,5,0,idle,none
48.595620396,260,0,128,3,51,0,0,5,0,idle,none
48.615620396,316,0,128,3,51,0,0,5,0,idle,none
48.635620396,329,0,128,3,51,0,0,5,0,idle,none
48.655620396,545,0,128,3,51,0,0,5,0,idle,none
49.108019751,260,0,128,3,51,0,0,5,0,idle,none
49.128019751,316,0,128,3,51,0,0,5,0,idle,none
49.148019751,329,0,128,3,51,0,0,5,0,idle,none
49.168019751,545,0,128,3,51,0,0,5,0,idle,none
49.595831682,260,0,128,3,51,0,0,5,0,idle,none
49.615831682,316,0,128,3,51,0,0,5,0,idle,none
49.635831682,329,0,128,3,51,0,0,5,0,idle,none
49.655831682,545,0,128,3,51,0,0,5,0,idle,none
50.08459573,260,0,128,3,51,0,0,5,0,idle,none
50.10459573,316,0,128,3,51,0,0,5,0,idle,none
50.12459573,329,0,128,3,51,0,0,5,0,idle,none
50.14459573,545,0,128,3,51,0,0,5,0,idle,none
50.567964108,260,0,128,3,51,0,0,5,0,idle,none
50.587964108,316,0,128,3,51,0,0,5,0,idle,none
50.607964108,329,0,128,3,51,0,0,5,0,idle,none
50.627964108,545,0,128,3,51,0,0,5,0,idle,none
51.087009579,260,0,128,3,51,0,0,5,0,idle,none
51.107009579,316,0,128,3,51,0,0,5,0,idle,none
51.127009579,329,0,128,3,51,0,0,5,0,idle,none
51.147009579,545,0,128,3,51,0,0,5,0,idle,none
51.575672923,260,0,128,3,51,0,0,5,0,idle,none
51.595672923,316,0,128,3,51,0,0,5,0,idle,none
51.615672923,329,0,128,3,51,0,0,5,0,idle,none
51.635672923,545,0,128,3,51,0,0,5,0,idle,none
52.074267707,260,0,128,3,51,0,0,5,0,idle,none
52.094267707,316,0,128,3,51,0,0,5,0,idle,none
52.114267707,329,0,128,3,51,0,0,5,0,idle,none
52.134267707,545,0,128,3,51,0,0,5,0,idle,none
52.589253759,260,0,128,3,51,0,0,5,0,idle,none
52.609253759,316,0,128,3,51,0,0,5,0,idle,none
52.629253759,329,0,128,3,51,0,0,5,0,idle,none
52.649253759,545,0,128,3,51,0,0,5,0,idle,none
53.0747845,260,0,128,3,51,0,0,5,0,idle,none
53.0947845,316,0,128,3,51,0,0,5,0,idle,none
53.1147845,329,0,128,3,51,0,0,5,0,idle,none
53.1347845,545,0,128,3,51,0,0,5,0,idle,none
53.56891134,260,0,128,3,51,0,0,5,0,idle,none
53.58891134,316,0,128,3,51,0,0,5,0,idle,none
53.60891134,329,0,128,3,51,0,0,5,0,idle,none
53.62891134,545,0,128,3,51,0,0,5,0,idle,none
54.032085615,260,0,128,3,51,0,0,5,0,idle,none
54.052085615,316,0,128,3,51,0,0,5,0,idle,none
54.072085615,329,0,128,3,51,0,0,5,0,idle,none
54.092085615,545,0,128,3,51,0,0,5,0,idle,none
54.510436043,260,0,128,3,51,0,0,5,0,idle,none
54.530436043,316,0,128,3,51,0,0,5,0,idle,none
54.550436043,329,0,128,3,51,0,0,5,0,idle,none
54.570436043,545,0,128,3,51,0,0,5,0,idle,none
54.999081314,260,0,128,3,51,0,0,5,0,idle,none
55.019081314,316,0,128,3,51,0,0,5,0,idle,none
55.039081314,329,0,128,3,51,0,0,5,0,idle,none
55.059081314,545,0,128,3,51,0,0,5,0,idle,none
55.507396534,260,0,128,0,51,0,0,5,0,driving,none
55.527396534,316,0,128,0,51,0,0,5,0,driving,none
55.547396534,329,0,128,0,51,0,0,5,0,driving,none
55.567396534,545,0,128,0,51,0,0,5,0,driving,none
55.7812664,260,0,128,0,51,0,0,5,0,driving,none
55.8012664,316,0,128,0,51,0,0,5,0,driving,none
55.8212664,329,0,128,0,51,0,0,5,0,driving,none
55.8412664,545,0,128,0,51,0,0,5,0,driving,none
56.030897063,260,0,128,0,51,0,0,5,0,driving,none
56.050897063,316,0,128,0,51,0,0,5,0,driving,none
56.070897063,329,0,128,0,51,0,0,5,0,driving,none
56.090897063,545,0,128,0,51,0,0,5,0,driving,none
56.286124349,260,0,128,0,51,0,1,5,0,driving,none
56.306124349,316,0,128,0,51,0,1,5,0,driving,none
56.326124349,329,0,128,0,51,0,1,5,0,driving,none
56.346124349,545,0,128,0,51,0,1,5,0,driving,none
56.539483736,260,0,128,1,51,0,1,5,0,driving,none
56.559483736,316,0,128,1,51,0,1,5,0,driving,none
56.579483736,329,0,128,1,51,0,1,5,0,driving,none
56.599483736,545,0,128,1,51,0,1,5,0,driving,none
56.811178559,260,0,128,1,51,0,2,5,0,driving,none
56.831178559,316,0,128,1,51,0,2,5,0,driving,none
56.851178559,329,0,128,1,51,0,2,5,0,driving,none
56.871178559,545,0,128,1,51,0,2,5,0,driving,none
57.079045663,260,0,128,1,51,0,2,5,0,driving,none
57.099045663,316,0,128,1,51,0,2,5,0,driving,none
57.119045663,329,0,128,1,51,0,2,5,0,driving,none
57.139045663,545,0,128,1,51,0,2,5,0,driving,none
57.334519529,260,0,128,1,51,0,3,5,0,driving,none
57.354519529,316,0,128,1,51,0,3,5,0,driving,none
57.374519529,329,0,128,1,51,0,3,5,0,driving,none
57.394519529,545,0,128,1,51,0,3,5,0,driving,none
57.564300643,260,0,128,2,51,0,3,5,0,driving,none
57.584300643,316,0,128,2,51,0,3,5,0,driving,none
57.604300643,329,0,128,2,51,0,3,5,0,driving,none
57.624300643,545,0,128,2,51,0,3,5,0,driving,none
57.832368349,260,0,128,2,51,0,3,5,0,driving,none
57.852368349,316,0,128,2,51,0,3,5,0,driving,none
57.872368349,329,0,128,2,51,0,3,5,0,driving,none
57.892368349,545,0,128,2,51,0,3,5,0,driving,none
58.089989292,260,0,128,2,51,0,4,5,0,driving,none
58.109989292,316,0,128,2,51,0,4,5,0,driving,none
58.129989292,329,0,128,2,51,0,4,5,0,driving,none
58.149989292,545,0,128,2,51,0,4,5,0,driving,none
58.364528123,260,0,128,2,51,0,4,5,0,driving,none
58.384528123,316,0,128,2,51,0,4,5,0,driving,none
58.404528123,329,0,128,2,51,0,4,5,0,driving,none
58.424528123,545,0,128,2,51,0,4,5,0,driving,none
58.613929991,260,0,128,3,51,0,5,5,0,driving,none
58.633929991,316,0,128,3,51,0,5,5,0,driving,none
58.653929991,329,0,128,3,51,0,5,5,0,driving,none
58.673929991,545,0,128,3,51,0,5,5,0,driving,none
58.902992009,260,0,128,3,51,0,5,5,0,driving,none
58.922992009,316,0,128,3,51,0,5,5,0,driving,none
58.942992009,329,0,128,3,51,0,5,5,0,driving,none
58.962992009,545,0,128,3,51,0,5,5,0,driving,none
59.145814483,260,0,128,3,51,0,6,5,0,driving,none
59.165814483,316,0,128,3,51,0,6,5,0,driving,none
59.185814483,329,0,128,3,51,0,6,5,0,driving,none
59.205814483,545,0,128,3,51,0,6,5,0,driving,none
59.427675691,260,0,128,3,51,0,6,5,0,driving,none
59.447675691,316,0,128,3,51,0,6,5,0,driving,none
59.467675691,329,0,128,3,51,0,6,5,0,driving,none
59.487675691,545,0,128,3,51,0,6,5,0,driving,none
59.67997807,260,0,128,4,51,0,6,5,0,driving,none
59.69997807,316,0,128,4,51,0,6,5,0,driving,none
59.71997807,329,0,128,4,51,0,6,5,0,driving,none
59.73997807,545,0,128,4,51,0,6,5,0,driving,none
59.91965269,260,0,128,4,51,0,7,5,0,driving,none
59.93965269,316,0,128,4,51,0,7,5,0,driving,none
59.95965269,329,0,128,4,51,0,7,5,0,driving,none
59.97965269,545,0,128,4,51,0,7,5,0,driving,none
60.147083733,260,0,128,4,51,0,7,5,0,driving,none
60.167083733,316,0,128,4,51,0,7,5,0,driving,none
60.187083733,329,0,128,4,51,0,7,5,0,driving,none
60.207083733,545,0,128,4,51,0,7,5,0,driving,none
60.394063122,260,0,128,4,51,0,8,5,0,driving,none
60.414063122,316,0,128,4,51,0,8,5,0,driving,none
60.434063122,329,0,128,4,51,0,8,5,0,driving,none
60.454063122,545,0,128,4,51,0,8,5,0,driving,none
60.672529542,260,0,128,5,51,0,8,5,0,driving,none
60.692529542,316,0,128,5,51,0,8,5,0,driving,none
60.712529542,329,0,128,5,51,0,8,5,0,driving,none
60.732529542,545,0,128,5,51,0,8,5,0,driving,none
60.938857032,260,0,128,5,51,0,9,5,0,driving,none
60.958857032,316,0,128,5,51,0,9,5,0,driving,none
60.978857032,329,0,128,5,51,0,9,5,0,driving,none
60.998857032,545,0,128,5,51,0,9,5,0,driving,none
61.202634709,260,0,128,5,51,0,9,5,0,driving,none
61.222634709,316,0,128,5,51,0,9,5,0,driving,none
61.242634709,329,0,128,5,51,0,9,5,0,driving,none
61.262634709,545,0,128,5,51,0,9,5,0,driving,none
61.405117258,260,0,128,5,51,0,9,5,0,driving,none
61.425117258,316,0,128,5,51,0,9,5,0,driving,none
61.445117258,329,0,128,5,51,0,9,5,0,driving,none
61.465117258,545,0,128,5,51,0,9,5,0,driving,none
61.669336542,260,0,128,6,51,0,10,5,0,driving,none
61.689336542,316,0,128,6,51,0,10,5,0,driving,none
61.709336542,329,0,128,6,51,0,10,5,0,driving,none
61.729336542,545,0,128,6,51,0,10,5,0,driving,none
61.93045359,260,0,128,6,51,0,10,5,0,driving,none
61.95045359,316,0,128,6,51,0,10,5,0,driving,none
61.97045359,329,0,128,6,51,0,10,5,0,driving,none
61.99045359,545,0,128,6,51,0,10,5,0,driving,none
62.169455064,260,0,128,6,51,0,11,5,0,driving,none
62.189455064,316,0,128,6,51,0,11,5,0,driving,none
62.209455064,329,0,128,6,51,0,11,5,0,driving,none
62.229455064,545,0,128,6,51,0,11,5,0,driving,none
62.406907377,260,0,128,6,51,0,11,5,0,driving,none
62.426907377,316,0,128,6,51,0,11,5,0,driving,none
62.446907377,329,0,128,6,51,0,11,5,0,driving,none
62.466907377,545,0,128,6,51,0,11,5,0,driving,none
62.656861168,260,0,128,7,51,0,11,5,0,driving,none
62.676861168,316,0,128,7,51,0,11,5,0,driving,none
62.696861168,329,0,128,7,51,0,11,5,0,driving,none
62.716861168,545,0,128,7,51,0,11,5,0,driving,none
62.941358693,260,0,128,7,51,0,12,5,0,driving,none
62.961358693,316,0,128,7,51,0,12,5,0,driving,none
62.981358693,329,0,128,7,51,0,12,5,0,driving,none
63.001358693,545,0,128,7,51,0,12,5,0,driving,none
63.170256679,260,0,128,7,51,0,12,5,0,driving,none
63.190256679,316,0,128,7,51,0,12,5,0,driving,none
63.210256679,329,0,128,7,51,0,12,5,0,driving,none
63.230256679,545,0,128,7,51,0,12,5,0,driving,none
63.411700579,260,0,128,7,51,0,13,5,0,driving,none
63.431700579,316,0,128,7,51,0,13,5,0,driving,none
63.451700579,329,0,128,7,51,0,13,5,0,driving,none
63.471700579,545,0,128,7,51,0,13,5,0,driving,none
63.688936274,260,0,128,8,51,0,13,5,0,driving,none
63.708936274,316,0,128,8,51,0,13,5,0,driving,none
63.728936274,329,0,128,8,51,0,13,5,0,driving,none
63.748936274,545,0,128,8,51,0,13,5,0,driving,none
63.930013258,260,0,128,8,51,0,14,5,0,driving,none
63.950013258,316,0,128,8,51,0,14,5,0,driving,none
63.970013258,329,0,128,8,51,0,14,5,0,driving,none
63.990013258,545,0,128,8,51,0,14,5,0,driving,none
64.172728228,260,0,128,8,51,0,14,5,0,driving,none
64.192728228,316,0,128,8,51,0,14,5,0,driving,none
64.212728228,329,0,128,8,51,0,14,5,0,driving,none
64.232728228,545,0,128,8,51,0,14,5,0,driving,none
64.424683755,260,0,128,8,51,0,14,5,0,driving,none
64.444683755,316,0,128,8,51,0,14,5,0,driving,none
64.464683755,329,0,128,8,51,0,14,5,0,driving,none
64.484683755,545,0,128,8,51,0,14,5,0,driving,none
64.649857968,260,0,128,9,51,0,15,5,0,driving,none
64.669857968,316,0,128,9,51,0,15,5,0,driving,none
64.689857968,329,0,128,9,51,0,15,5,0,driving,none
64.709857968,545,0,128,9,51,0,15,5,0,driving,none
64.904256876,260,0,128,9,51,0,15,5,0,driving,none
64.924256876,316,0,128,9,51,0,15,5,0,driving,none
64.944256876,329,0,128,9,51,0,15,5,0,driving,none
64.964256876,545,0,128,9,51,0,15,5,0,driving,none
65.130064524,260,0,128,9,51,0,16,5,0,driving,none
65.150064524,316,0,128,9,51,0,16,5,0,driving,none
65.170064524,329,0,128,9,51,0,16,5,0,driving,none
65.190064524,545,0,128,9,51,0,16,5,0,driving,none
65.39776849,260,0,128,9,51,0,16,5,0,driving,none
65.41776849,316,0,128,9,51,0,16,5,0,driving,none
65.43776849,329,0,128,9,51,0,16,5,0,driving,none
65.45776849,545,0,128,9,51,0,16,5,0,driving,none
65.647832107,260,0,128,10,51,0,16,5,0,driving,none
65.667832107,316,0,128,10,51,0,16,5,0,driving,none
65.687832107,329,0,128,10,51,0,16,5,0,driving,none
65.707832107,545,0,128,10,51,0,16,5,0,driving,none
65.943500736,260,0,128,10,51,0,17,5,0,driving,none
65.963500736,316,0,128,10,51,0,17,5,0,driving,none
65.983500736,329,0,128,10,51,0,17,5,0,driving,none
66.003500736,545,0,128,10,51,0,17,5,0,driving,none
66.199117547,260,0,128,10,51,0,17,5,0,driving,none
66.219117547,316,0,128,10,51,0,17,5,0,driving,none
66.239117547,329,0,128,10,51,0,17,5,0,driving,none
66.259117547,545,0,128,10,51,0,17,5,0,driving,none
66.476431336,260,0,128,10,51,0,18,5,0,driving,none
66.496431336,316,0,128,10,51,0,18,5,0,driving,none
66.516431336,329,0,128,10,51,0,18,5,0,driving,none
66.536431336,545,0,128,10,51,0,18,5,0,driving,none
66.700366057,260,0,128,11,51,0,18,5,0,driving,none
66.720366057,316,0,128,11,51,0,18,5,0,driving,none
66.740366057,329,0,128,11,51,0,18,5,0,driving,none
66.760366057,545,0,128,11,51,0,18,5,0,driving,none
66.94792327,260,0,128,11,51,0,19,5,0,driving,none
66.96792327,316,0,128,11,51,0,19,5,0,driving,none
66.98792327,329,0,128,11,51,0,19,5,0,driving,none
67.00792327,545,0,128,11,51,0,19,5,0,driving,none
67.204386183,260,0,128,11,51,0,19,5,0,driving,none
67.224386183,316,0,128,11,51,0,19,5,0,driving,none
67.244386183,329,0,128,11,51,0,19,5,0,driving,none
67.264386183,545,0,128,11,51,0,19,5,0,driving,none
67.489300601,260,0,128,11,51,0,19,5,0,driving,none
67.509300601,316,0,128,11,51,0,19,5,0,driving,none
67.529300601,329,0,128,11,51,0,19,5,0,driving,none
67.549300601,545,0,128,11,51,0,19,5,0,driving,none
67.705682283,260,0,128,12,51,0,20,5,0,driving,none
67.725682283,316,0,128,12,51,0,20,5,0,driving,none
67.745682283,329,0,128,12,51,0,20,5,0,driving,none
67.765682283,545,0,128,12,51,0,20,5,0,driving,none
67.975494676,260,0,128,12,51,0,20,5,0,driving,none
67.995494676,316,0,128,12,51,0,20,5,0,driving,none
68.015494676,329,0,128,12,51,0,20,5,0,driving,none
68.035494676,545,0,128,12,51,0,20,5,0,driving,none
68.237321757,260,0,128,12,51,0,21,5,0,driving,none
68.257321757,316,0,128,12,51,0,21,5,0,driving,none
68.277321757,329,0,128,12,51,0,21,5,0,driving,none
68.297321757,545,0,128,12,51,0,21,5,0,driving,none
68.517992681,260,0,128,13,51,0,21,5,0,driving,none
68.537992681,316,0,128,13,51,0,21,5,0,driving,none
68.557992681,329,0,128,13,51,0,21,5,0,driving,none
68.577992681,545,0,128,13,51,0,21,5,0,driving,none
68.782240391,260,0,128,13,51,0,22,5,0,driving,none
68.802240391,316,0,128,13,51,0,22,5,0,driving,none
68.822240391,329,0,128,13,51,0,22,5,0,driving,none
68.842240391,545,0,128,13,51,0,22,5,0,driving,none
69.033281815,260,0,128,13,51,0,22,5,0,driving,none
69.053281815,316,0,128,13,51,0,22,5,0,driving,none
69.073281815,329,0,128,13,51,0,22,5,0,driving,none
69.093281815,545,0,128,13,51,0,22,5,0,driving,none
69.272848822,260,0,128,13,51,0,22,5,0,driving,none
69.292848822,316,0,128,13,51,0,22,5,0,driving,none
69.312848822,329,0,128,13,51,0,22,5,0,driving,none
69.332848822,545,0,128,13,51,0,22,5,0,driving,none
69.497885227,260,0,128,13,51,0,23,5,0,driving,none
69.517885227,316,0,128,13,51,0,23,5,0,driving,none
69.537885227,329,0,128,13,51,0,23,5,0,driving,none
69.557885227,545,0,128,13,51,0,23,5,0,driving,none
69.751793683,260,0,128,14,51,0,23,5,0,driving,none
69.771793683,316,0,128,14,51,0,23,5,0,driving,none
69.791793683,329,0,128,14,51,0,23,5,0,driving,none
69.811793683,545,0,128,14,51,0,23,5,0,driving,none
69.997959747,260,0,128,14,51,0,24,5,0,driving,none
70.017959747,316,0,128,14,51,0,24,5,0,driving,none
70.037959747,329,0,128,14,51,0,24,5,0,driving,none
70.057959747,545,0,128,14,51,0,24,5,0,driving,none
70.288365094,260,0,128,14,51,0,24,5,0,driving,none
70.308365094,316,0,128,14,51,0,24,5,0,driving,none
70.328365094,329,0,128,14,51,0,24,5,0,driving,none
70.348365094,545,0,128,14,51,0,24,5,0,driving,none
70.526144597,260,0,128,15,51,0,25,5,0,driving,none
70.546144597,316,0,128,15,51,0,25,5,0,driving,none
70.566144597,329,0,128,15,51,0,25,5,0,driving,none
70.586144597,545,0,128,15,51,0,25,5,0,driving,none
70.782552434,260,0,128,15,51,0,25,5,0,driving,none
70.802552434,316,0,128,15,51,0,25,5,0,driving,none
70.822552434,329,0,128,15,51,0,25,5,0,driving,none
70.842552434,545,0,128,15,51,0,25,5,0,driving,none
71.001172406,260,0,128,15,51,0,25,5,0,driving,none
71.021172406,316,0,128,15,51,0,25,5,0,driving,none
71.041172406,329,0,128,15,51,0,25,5,0,driving,none
71.061172406,545,0,128,15,51,0,25,5,0,driving,none
71.243263154,260,0,128,15,51,0,26,5,0,driving,none
71.263263154,316,0,128,15,51,0,26,5,0,driving,none
71.283263154,329,0,128,15,51,0,26,5,0,driving,none
71.303263154,545,0,128,15,51,0,26,5,0,driving,none
71.498486112,260,0,128,15,51,0,26,5,0,driving,none
71.518486112,316,0,128,15,51,0,26,5,0,driving,none
71.538486112,329,0,128,15,51,0,26,5,0,driving,none
71.558486112,545,0,128,15,51,0,26,5,0,driving,none
71.764965312,260,0,128,16,51,0,27,5,0,driving,none
71.784965312,316,0,128,16,51,0,27,5,0,driving,none
71.804965312,329,0,128,16,51,0,27,5,0,driving,none
71.824965312,545,0,128,16,51,0,27,5,0,driving,none
72.043927346,260,0,128,16,51,0,27,5,0,driving,none
72.063927346,316,0,128,16,51,0,27,5,0,driving,none
72.083927346,329,0,128,16,51,0,27,5,0,driving,none
72.103927346,545,0,128,16,51,0,27,5,0,driving,none
72.293044382,260,0,128,16,51,0,27,5,0,driving,none
72.313044382,316,0,128,16,51,0,27,5,0,driving,none
72.333044382,329,0,128,16,51,0,27,5,0,driving,none
72.353044382,545,0,128,16,51,0,27,5,0,driving,none
72.520699485,260,0,128,17,51,0,28,5,0,driving,none
72.540699485,316,0,128,17,51,0,28,5,0,driving,none
72.560699485,329,0,128,17,51,0,28,5,0,driving,none
72.580699485,545,0,128,17,51,0,28,5,0,driving,none
72.779856493,260,0,128,17,51,0,28,5,0,driving,none
72.799856493,316,0,128,17,51,0,28,5,0,driving,none
72.819856493,329,0,128,17,51,0,28,5,0,driving,none
72.839856493,545,0,128,17,51,0,28,5,0,driving,none
73.040196235,260,0,128,17,51,0,29,5,0,driving,none
73.060196235,316,0,128,17,51,0,29,5,0,driving,none
73.080196235,329,0,128,17,51,0,29,5,0,driving,none
73.100196235,545,0,128,17,51,0,29,5,0,driving,none
73.300029402,260,0,128,17,51,0,29,5,0,driving,none
73.320029402,316,0,128,17,51,0,29,5,0,driving,none
73.340029402,329,0,128,17,51,0,29,5,0,driving,none
73.360029402,545,0,128,17,51,0,29,5,0,driving,none
73.536023648,260,0,128,18,51,0,30,5,0,driving,none
73.556023648,316,0,128,18,51,0,30,5,0,driving,none
73.576023648,329,0,128,18,51,0,30,5,0,driving,none
73.596023648,545,0,128,18,51,0,30,5,0,driving,none
73.808691336,260,0,128,18,51,0,30,5,0,driving,none
73.828691336,316,0,128,18,51,0,30,5,0,driving,none
73.848691336,329,0,128,18,51,0,30,5,0,driving,none
73.868691336,545,0,128,18,51,0,30,5,0,driving,none
74.060449254,260,0,128,18,51,0,30,5,0,driving,none
74.080449254,316,0,128,18,51,0,30,5,0,driving,none
74.100449254,329,0,128,18,51,0,30,5,0,driving,none
74.120449254,545,0,128,18,51,0,30,5,0,driving,none
74.324445746,260,0,128,18,51,0,31,5,0,driving,none
74.344445746,316,0,128,18,51,0,31,5,0,driving,none
74.364445746,329,0,128,18,51,0,31,5,0,driving,none
74.384445746,545,0,128,18,51,0,31,5,0,driving,none
74.599927211,260,0,128,19,51,0,31,5,0,driving,none
74.619927211,316,0,128,19,51,0,31,5,0,driving,none
74.639927211,329,0,128,19,51,0,31,5,0,driving,none
74.659927211,545,0,128,19,51,0,31,5,0,driving,none
74.862112657,260,0,128,19,51,0,32,5,0,driving,none
74.882112657,316,0,128,19,51,0,32,5,0,driving,none
74.902112657,329,0,128,19,51,0,32,5,0,driving,none
74.922112657,545,0,128,19,51,0,32,5,0,driving,none
75.117842978,260,0,128,19,51,0,32,5,0,driving,none
75.137842978,316,0,128,19,51,0,32,5,0,driving,none
75.157842978,329,0,128,19,51,0,32,5,0,driving,none
75.177842978,545,0,128,19,51,0,32,5,0,driving,none
75.410898883,260,0,128,19,51,0,33,5,0,driving,none
75.430898883,316,0,128,19,51,0,33,5,0,driving,none
75.450898883,329,0,128,19,51,0,33,5,0,driving,none
75.470898883,545,0,128,19,51,0,33,5,0,driving,none
75.665772943,260,0,128,20,51,0,33,5,0,driving,none
75.685772943,316,0,128,20,51,0,33,5,0,driving,none
75.705772943,329,0,128,20,51,0,33,5,0,driving,none
75.725772943,545,0,128,20,51,0,33,5,0,driving,none
75.909853659,260,0,128,20,51,0,34,5,0,driving,none
75.929853659,316,0,128,20,51,0,34,5,0,driving,none
75.949853659,329,0,128,20,51,0,34,5,0,driving,none
75.969853659,545,0,128,20,51,0,34,5,0,driving,none
76.162093,260,0,128,20,51,0,34,5,0,driving,none
76.182093,316,0,128,20,51,0,34,5,0,driving,none
76.202093,329,0,128,20,51,0,34,5,0,driving,none
76.222093,545,0,128,20,51,0,34,5,0,driving,none
76.441748373,260,0,128,20,51,0,34,5,0,driving,none
76.461748373,316,0,128,20,51,0,34,5,0,driving,none
76.481748373,329,0,128,20,51,0,34,5,0,driving,none
76.501748373,545,0,128,20,51,0,34,5,0,driving,none
76.694122623,260,0,128,21,51,0,35,5,0,driving,none
76.714122623,316,0,128,21,51,0,35,5,0,driving,none
76.734122623,329,0,128,21,51,0,35,5,0,driving,none
76.754122623,545,0,128,21,51,0,35,5,0,driving,none
76.954510176,260,0,128,21,51,0,35,5,0,driving,none
76.974510176,316,0,128,21,51,0,35,5,0,driving,none
76.994510176,329,0,128,21,51,0,35,5,0,driving,none
77.014510176,545,0,128,21,51,0,35,5,0,driving,none
77.228424805,260,0,128,21,51,0,36,5,0,driving,none
77.248424805,316,0,128,21,51,0,36,5,0,driving,none
77.268424805,329,0,128,21,51,0,36,5,0,driving,none
77.288424805,545,0,128,21,51,0,36,5,0,driving,none
77.468167632,260,0,128,21,51,0,36,5,0,driving,none
77.488167632,316,0,128,21,51,0,36,5,0,driving,none
77.508167632,329,0,128,21,51,0,36,5,0,driving,none
77.528167632,545,0,128,21,51,0,36,5,0,driving,none
77.683636237,260,0,128,22,51,0,36,5,0,driving,none
77.703636237,316,0,128,22,51,0,36,5,0,driving,none
77.723636237,329,0,128,22,51,0,36,5,0,driving,none
77.743636237,545,0,128,22,51,0,36,5,0,driving,none
77.9396247,260,0,128,22,51,0,37,5,0,driving,none
77.9596247,316,0,128,22,51,0,37,5,0,driving,none
77.9796247,329,0,128,22,51,0,37,5,0,driving,none
77.9996247,545,0,128,22,51,0,37,5,0,driving,none
78.194219396,260,0,128,22,51,0,37,5,0,driving,none
78.214219396,316,0,128,22,51,0,37,5,0,driving,none
78.234219396,329,0,128,22,51,0,37,5,0,driving,none
78.254219396,545,0,128,22,51,0,37,5,0,driving,none
78.432059192,260,0,128,22,51,0,38,5,0,driving,none
78.452059192,316,0,128,22,51,0,38,5,0,driving,none
78.472059192,329,0,128,22,51,0,38,5,0,driving,none
78.492059192,545,0,128,22,51,0,38,5,0,driving,none
78.69948092,260,0,128,23,51,0,38,5,0,driving,none
78.71948092,316,0,128,23,51,0,38,5,0,driving,none
78.73948092,329,0,128,23,51,0,38,5,0,driving,none
78.75948092,545,0,128,23,51,0,38,5,0,driving,none
78.961632268,260,0,128,23,51,0,39,5,0,driving,none
78.981632268,316,0,128,23,51,0,39,5,0,driving,none
79.001632268,329,0,128,23,51,0,39,5,0,driving,none
79.021632268,545,0,128,23,51,0,39,5,0,driving,none
79.191732419,260,0,128,23,51,0,39,5,0,driving,none
79.211732419,316,0,128,23,51,0,39,5,0,driving,none
79.231732419,329,0,128,23,51,0,39,5,0,driving,none
79.251732419,545,0,128,23,51,0,39,5,0,driving,none
79.452096788,260,0,128,23,51,0,39,5,0,driving,none
79.472096788,316,0,128,23,51,0,39,5,0,driving,none
79.492096788,329,0,128,23,51,0,39,5,0,driving,none
79.512096788,545,0,128,23,51,0,39,5,0,driving,none
79.698174689,260,0,128,24,51,0,40,5,0,driving,none
79.718174689,316,0,128,24,51,0,40,5,0,driving,none
79.738174689,329,0,128,24,51,0,40,5,0,driving,none
79.758174689,545,0,128,24,51,0,40,5,0,driving,none
79.918514183,260,0,128,24,51,0,40,5,0,driving,none
79.938514183,316,0,128,24,51,0,40,5,0,driving,none
79.958514183,329,0,128,24,51,0,40,5,0,driving,none
79.978514183,545,0,128,24,51,0,40,5,0,driving,none
80.177573188,260,0,128,24,51,0,41,5,0,driving,none
80.197573188,316,0,128,24,51,0,41,5,0,driving,none
80.217573188,329,0,128,24,51,0,41,5,0,driving,none
80.237573188,545,0,128,24,51,0,41,5,0,driving,none
80.426668896,260,0,128,24,51,0,41,5,0,driving,none
80.446668896,316,0,128,24,51,0,41,5,0,driving,none
80.466668896,329,0,128,24,51,0,41,5,0,driving,none
80.486668896,545,0,128,24,51,0,41,5,0,driving,none
80.661763238,260,0,128,25,51,0,41,5,0,driving,none
80.681763238,316,0,128,25,51,0,41,5,0,driving,none
80.701763238,329,0,128,25,51,0,41,5,0,driving,none
80.721763238,545,0,128,25,51,0,41,5,0,driving,none
80.922222149,260,0,128,25,51,0,42,5,0,driving,none
80.942222149,316,0,128,25,51,0,42,5,0,driving,none
80.962222149,329,0,128,25,51,0,42,5,0,driving,none
80.982222149,545,0,128,25,51,0,42,5,0,driving,none
81.181984015,260,0,128,25,51,0,42,5,0,driving,none
81.201984015,316,0,128,25,51,0,42,5,0,driving,none
81.221984015,329,0,128,25,51,0,42,5,0,driving,none
81.241984015,545,0,128,25,51,0,42,5,0,driving,none
81.420433271,260,0,128,25,51,0,43,5,0,driving,none
81.440433271,316,0,128,25,51,0,43,5,0,driving,none
81.460433271,329,0,128,25,51,0,43,5,0,driving,none
81.480433271,545,0,128,25,51,0,43,5,0,driving,none
81.678440315,260,0,128,26,51,0,43,5,0,driving,none
81.698440315,316,0,128,26,51,0,43,5,0,driving,none
81.718440315,329,0,128,26,51,0,43,5,0,driving,none
81.738440315,545,0,128,26,51,0,43,5,0,driving,none
81.948741614,260,0,128,26,51,0,44,5,0,driving,none
81.968741614,316,0,128,26,51,0,44,5,0,driving,none
81.988741614,329,0,128,26,51,0,44,5,0,driving,none
82.008741614,545,0,128,26,51,0,44,5,0,driving,none
82.184488281,260,0,128,26,51,0,44,5,0,driving,none
82.204488281,316,0,128,26,51,0,44,5,0,driving,none
82.224488281,329,0,128,26,51,0,44,5,0,driving,none
82.244488281,545,0,128,26,51,0,44,5,0,driving,none
82.442106081,260,0,128,26,51,0,44,5,0,driving,none
82.462106081,316,0,128,26,51,0,44,5,0,driving,none
82.482106081,329,0,128,26,51,0,44,5,0,driving,none
82.502106081,545,0,128,26,51,0,44,5,0,driving,none
82.692161196,260,0,128,27,51,0,45,5,0,driving,none
82.712161196,316,0,128,27,51,0,45,5,0,driving,none
82.732161196,329,0,128,27,51,0,45,5,0,driving,none
82.752161196,545,0,128,27,51,0,45,5,0,driving,none
82.987481403,260,0,128,27,51,0,45,5,0,driving,none
83.007481403,316,0,128,27,51,0,45,5,0,driving,none
83.027481403,329,0,128,27,51,0,45,5,0,driving,none
83.047481403,545,0,128,27,51,0,45,5,0,driving,none
83.200235343,260,0,128,27,51,0,46,5,0,driving,none
83.220235343,316,0,128,27,51,0,46,5,0,driving,none
83.240235343,329,0,128,27,51,0,46,5,0,driving,none
83.260235343,545,0,128,27,51,0,46,5,0,driving,none
83.464141022,260,0,128,27,51,0,46,5,0,driving,none
83.484141022,316,0,128,27,51,0,46,5,0,driving,none
83.504141022,329,0,128,27,51,0,46,5,0,driving,none
83.524141022,545,0,128,27,51,0,46,5,0,driving,none
83.708016121,260,0,128,28,51,0,47,5,0,driving,none
83.728016121,316,0,128,28,51,0,47,5,0,driving,none
83.748016121,329,0,128,28,51,0,47,5,0,driving,none
83.768016121,545,0,128,28,51,0,47,5,0,driving,none
83.95601217,260,0,128,28,51,0,47,5,0,driving,none
83.97601217,316,0,128,28,51,0,47,5,0,driving,none
83.99601217,329,0,128,28,51,0,47,5,0,driving,none
84.01601217,545,0,128,28,51,0,47,5,0,driving,none
84.24404395,260,0,128,28,51,0,47,5,0,driving,none
84.26404395,316,0,128,28,51,0,47,5,0,driving,none
84.28404395,329,0,128,28,51,0,47,5,0,driving,none
84.30404395,545,0,128,28,51,0,47,5,0,driving,none
84.493872487,260,0,128,28,51,0,48,5,0,driving,none
84.513872487,316,0,128,28,51,0,48,5,0,driving,none
84.533872487,329,0,128,28,51,0,48,5,0,driving,none
84.553872487,545,0,128,28,51,0,48,5,0,driving,none
84.788691361,260,0,128,29,51,0,48,5,0,driving,none
84.808691361,316,0,128,29,51,0,48,5,0,driving,none
84.828691361,329,0,128,29,51,0,48,5,0,driving,none
84.848691361,545,0,128,29,51,0,48,5,0,driving,none
85.029848402,260,0,128,29,51,0,49,5,0,driving,none
85.049848402,316,0,128,29,51,0,49,5,0,driving,none
85.069848402,329,0,128,29,51,0,49,5,0,driving,none
85.089848402,545,0,128,29,51,0,49,5,0,driving,none
85.286858643,260,0,128,29,51,0,49,5,0,driving,none
85.306858643,316,0,128,29,51,0,49,5,0,driving,none
85.326858643,329,0,128,29,51,0,49,5,0,driving,none
85.346858643,545,0,128,29,51,0,49,5,0,driving,none
85.527041693,260,0,128,30,51,0,50,5,0,driving,none
85.527041693,0,232,146,216,249,79,97,151,111,driving,DoS
85.527291693,1,29,31,160,29,25,244,80,29,driving,DoS
85.527541693,0,41,95,35,34,120,206,61,126,driving,DoS
85.527791693,1,20,41,214,161,133,104,160,122,driving,DoS
85.528041693,0,135,202,67,153,234,161,37,4,driving,DoS
85.528291693,1,234,51,37,109,135,67,178,35,driving,DoS
85.528541693,0,125,189,145,80,224,154,4,153,driving,DoS
85.528791693,1,53,68,135,59,54,79,139,144,driving,DoS
85.529041693,0,107,175,104,135,250,128,26,47,driving,DoS
85.529291693,1,216,141,22,1,170,66,134,82,driving,DoS
85.529541693,0,226,218,4,57,38,76,18,189,driving,DoS
85.529791693,1,75,220,65,21,157,186,20,183,driving,DoS
85.530041693,0,107,127,52,181,208,79,121,83,driving,DoS
85.530291693,1,90,211,12,91,170,210,127,136,driving,DoS
85.530541693,0,81,55,195,19,240,113,102,235,driving,DoS
85.530791693,1,179,156,116,114,12,98,204,168,driving,DoS
85.531041693,0,142,35,142,179,204,169,14,59,driving,DoS
85.531291693,1,133,91,135,19,55,222,176,160,driving,DoS
85.531541693,0,223,59,197,97,130,22,223,0,driving,DoS
85.531791693,1,100,186,220,35,169,160,63,153,driving,DoS
85.532041693,0,158,209,167,206,151,65,98,215,driving,DoS
85.532291693,1,194,89,154,207,0,155,146,107,driving,DoS
85.532541693,0,220,164,238,226,226,109,242,86,driving,DoS
85.532791693,1,43,145,171,47,120,158,115,101,driving,DoS
85.533041693,0,75,12,23,125,243,37,233,212,driving,DoS
85.533291693,1,99,196,253,204,124,75,2,54,driving,DoS
85.533541693,0,217,112,90,237,25,127,62,233,driving,DoS
85.533791693,1,68,237,162,226,218,228,81,243,driving,DoS
85.534041693,0,230,132,126,141,248,122,140,225,driving,DoS
85.534291693,1,39,146,120,139,171,163,41,70,driving,DoS
85.534541693,0,77,118,196,78,109,32,212,208,driving,DoS
85.534791693,1,169,238,212,31,105,215,199,10,driving,DoS
85.535041693,0,194,244,3,180,152,199,214,112,driving,DoS
85.535291693,1,249,112,139,223,248,14,199,172,driving,DoS
85.535541693,0,207,84,239,65,13,201,13,42,driving,DoS
85.535791693,1,219,69,236,93,25,133,194,167,driving,DoS
85.536041693,0,108,232,167,172,194,142,215,129,driving,DoS
85.536291693,1,41,240,9,26,179,114,35,20,driving,DoS
85.536541693,0,15,126,102,10,78,122,64,242,driving,DoS
85.536791693,1,58,111,238,131,188,85,58,83,driving,DoS
85.537041693,0,159,55,13,159,192,203,101,38,driving,DoS
85.537291693,1,124,52,154,61,21,177,219,189,driving,DoS
85.537541693,0,35,174,6,215,250,54,221,185,driving,DoS
85.537791693,1,235,78,222,90,138,247,238,223,driving,DoS
85.538041693,0,137,165,125,44,142,230,124,237,driving,DoS
85.538291693,1,194,172,14,253,166,93,249,108,driving,DoS
85.538541693,0,181,132,174,143,141,5,97,43,driving,DoS
85.538791693,1,123,208,250,123,243,251,229,8,driving,DoS
85.539041693,0,47,150,113,207,124,156,188,242,driving,DoS
85.539291693,1,176,217,169,180,232,138,156,128,driving,DoS
85.539541693,0,118,61,98,161,61,94,98,110,driving,DoS
85.539791693,1,247,141,144,51,99,151,116,184,driving,DoS
85.540041693,0,91,154,7,64,140,23,27,149,driving,DoS
85.540291693,1,64,251,52,6,145,240,245,225,driving,DoS
85.540541693,0,174,94,26,129,244,58,33,205,driving,DoS
85.540791693,1,251,37,27,77,76,155,43,127,driving,DoS
85.541041693,0,60,213,115,194,230,226,152,219,driving,DoS
85.541291693,1,156,30,50,106,108,135,41,80,driving,DoS
85.541541693,0,122,88,38,80,1,209,230,240,driving,DoS
85.541791693,1,149,16,118,147,144,232,36,119,driving,DoS
85.542041693,0,135,101,217,58,115,76,136,72,driving,DoS
85.542291693,1,36,30,84,157,147,224,63,239,driving,DoS
85.542541693,0,155,206,139,252,224,41,20,221,driving,DoS
85.542791693,1,165,128,13,46,117,10,137,20,driving,DoS
85.543041693,0,89,240,226,142,92,223,251,46,driving,DoS
85.543291693,1,240,178,209,170,164,53,82,168,driving,DoS
85.543541693,0,210,253,147,205,18,232,45,161,driving,DoS
85.543791693,1,129,165,59,206,0,236,211,27,driving,DoS
85.544041693,0,96,185,255,226,26,104,136,67,driving,DoS
85.544291693,1,147,224,248,62,14,122,81,159,driving,DoS
85.544541693,0,7,208,47,115,58,236,60,78,driving,DoS
85.544791693,1,255,149,139,212,247,241,124,233,driving,DoS
85.545041693,0,74,196,97,69,35,141,212,174,driving,DoS
85.545291693,1,136,1,144,152,250,76,228,247,driving,DoS
85.545541693,0,176,170,193,233,164,96,122,196,driving,DoS
85.545791693,1,119,210,22,162,242,195,197,77,driving,DoS
85.546041693,0,253,18,64,169,51,225,51,233,driving,DoS
85.546291693,1,7,73,209,79,38,240,135,173,driving,DoS
85.546541693,0,203,41,168,194,162,249,18,35,driving,DoS
85.546791693,1,120,147,116,46,222,50,51,227,driving,DoS
85.547041693,316,0,128,30,51,0,50,5,0,driving,none
85.547041693,0,85,153,14,23,166,28,150,183,driving,DoS
85.547291693,1,191,220,74,125,210,92,87,89,driving,DoS
85.547541693,0,40,195,123,254,73,118,236,130,driving,DoS
85.547791693,1,235,130,4,238,147,80,37,226,driving,DoS
85.548041693,0,176,153,217,128,233,154,101,196,driving,DoS
85.548291693,1,247,54,121,195,183,151,151,11,driving,DoS
85.548541693,0,202,140,4,25,254,146,117,180,driving,DoS
85.548791693,1,112,97,128,70,49,20,158,225,driving,DoS
85.549041693,0,17,186,67,46,151,167,212,89,driving,DoS
85.549291693,1,102,67,187,139,84,131,246,151,driving,DoS
85.549541693,0,173,58,239,38,72,115,203,187,driving,DoS
85.549791693,1,46,202,7,135,63,232,188,134,driving,DoS
85.550041693,0,195,190,55,119,241,12,167,113,driving,DoS
85.550291693,1,32,237,154,209,59,71,23,19,driving,DoS
85.550541693,0,155,252,59,49,120,69,198,232,driving,DoS
85.550791693,1,189,214,79,212,50,250,208,143,driving,DoS
85.551041693,0,16,189,111,227,227,120,185,50,driving,DoS
85.551291693,1,188,183,31,203,141,97,62,232,driving,DoS
85.551541693,0,46,108,10,25,170,124,64,105,driving,DoS
85.551791693,1,35,106,110,119,168,75,1,141,driving,DoS
85.552041693,0,74,66,128,89,56,13,67,7,driving,DoS
85.552291693,1,183,121,165,8,89,135,26,64,driving,DoS
85.552541693,0,215,58,32,243,229,185,55,231,driving,DoS
85.552791693,1,113,22,154,234,15,31,245,205,driving,DoS
85.553041693,0,218,55,251,227,37,41,164,75,driving,DoS
85.553291693,1,33,64,140,166,195,150,232,220,driving,DoS
85.553541693,0,50,58,110,220,231,116,211,173,driving,DoS
85.553791693,1,232,204,212,48,160,218,160,130,driving,DoS
85.554041693,0,191,78,242,34,46,43,47,221,driving,DoS
85.554291693,1,49,190,66,30,168,62,210,181,driving,DoS
85.554541693,0,216,26,147,159,180,53,108,79,driving,DoS
85.554791693,1,246,114,55,179,188,58,142,115,driving,DoS
85.555041693,0,219,13,136,14,92,139,158,173,driving,DoS
85.555291693,1,179,3,92,73,205,35,72,15,driving,DoS
85.555541693,0,46,110,192,214,232,174,80,189,driving,DoS
85.555791693,1,159,166,43,26,79,80,25,41,driving,DoS
85.556041693,0,139,226,217,248,226,212,139,110,driving,DoS
85.556291693,1,58,176,220,56,145,249,157,23,driving,DoS
85.556541693,0,112,202,28,3,104,154,108,70,driving,DoS
85.556791693,1,130,148,167,61,3,254,220,89,driving,DoS
85.557041693,0,66,194,117,181,36,203,21,223,driving,DoS
85.557291693,1,9,235,39,160,219,207,213,148,driving,DoS
85.557541693,0,58,207,10,166,87,235,185,45,driving,DoS
85.557791693,1,223,54,124,223,205,40,202,158,driving,DoS
85.558041693,0,173,113,170,86,39,58,99,178,driving,DoS
85.558291693,1,179,75,120,52,74,131,101,88,driving,DoS
85.558541693,0,78,38,90,252,237,229,165,161,driving,DoS
85.558791693,1,77,225,34,240,226,155,140,28,driving,DoS
85.559041693,0,180,37,158,236,231,19,29,188,driving,DoS
85.559291693,1,146,39,46,196,236,21,230,96,driving,DoS
85.559541693,0,164,243,77,31,230,52,175,43,driving,DoS
85.559791693,1,88,20,126,224,224,81,186,190,driving,DoS
85.560041693,0,144,198,209,173,26,171,33,168,driving,DoS
85.560291693,1,48,197,145,129,76,170,41,72,driving,DoS
85.560541693,0,179,158,200,66,43,158,192,168,driving,DoS
85.560791693,1,65,47,216,185,9,185,158,92,driving,DoS
85.561041693,0,109,174,248,98,115,70,79,39,driving,DoS
85.561291693,1,151,51,19,172,67,192,78,83,driving,DoS
85.561541693,0,92,84,224,22,210,186,121,227,driving,DoS
85.561791693,1,145,229,119,122,158,240,99,188,driving,DoS
85.562041693,0,225,236,144,195,214,82,102,70,driving,DoS
85.562291693,1,128,26,246,190,52,63,145,42,driving,DoS
85.562541693,0,82,139,230,75,223,46,113,230,driving,DoS
85.562791693,1,178,13,212,27,202,191,120,197,driving,DoS
85.563041693,0,41,191,114,14,163,50,171,74,driving,DoS
85.563291693,1,70,19,146,241,71,240,229,2,driving,DoS
85.563541693,0,40,9,131,110,76,216,56,147,driving,DoS
85.563791693,1,121,154,62,24,122,214,234,32,driving,DoS
85.564041693,0,56,255,8,123,73,149,219,0,driving,DoS
85.564291693,1,180,123,213,95,43,184,34,10,driving,DoS
85.564541693,0,199,240,22,198,191,129,8,182,driving,DoS
85.564791693,1,34,176,123,53,170,68,22,180,driving,DoS
85.565041693,0,173,89,237,245,93,69,32,234,driving,DoS
85.565291693,1,18,150,103,22,102,21,161,158,driving,DoS
85.565541693,0,203,242,129,18,97,146,182,24,driving,DoS
85.565791693,1,169,139,63,188,223,204,225,197,driving,DoS
85.566041693,0,173,95,254,254,188,136,42,217,driving,DoS
85.566291693,1,40,220,92,150,164,52,40,167,driving,DoS
85.566541693,0,151,156,228,218,85,227,179,228,driving,DoS
85.566791693,1,21,180,222,140,29,38,207,186,driving,DoS
85.567041693,329,0,128,30,51,0,50,5,0,driving,none
85.567041693,0,81,15,73,224,17,64,34,120,driving,DoS
85.567291693,1,187,185,196,16,78,230,189,190,driving,DoS
85.567541693,0,227,39,70,187,203,160,142,127,driving,DoS
85.567791693,1,58,13,95,255,198,60,134,133,driving,DoS
85.568041693,0,228,109,146,251,102,62,69,37,driving,DoS
85.568291693,1,231,88,227,44,163,177,33,148,driving,DoS
85.568541693,0,153,80,89,185,114,62,102,71,driving,DoS
85.568791693,1,121,252,13,184,188,239,66,44,driving,DoS
85.569041693,0,33,158,203,245,210,209,37,64,driving,DoS
85.569291693,1,162,37,230,238,176,65,93,66,driving,DoS
85.569541693,0,221,28,63,78,155,84,82,165,driving,DoS
85.569791693,1,115,177,145,40,128,100,140,64,driving,DoS
85.570041693,0,155,47,86,78,87,172,21,14,driving,DoS
85.570291693,1,41,23,135,107,213,15,254,148,driving,DoS
85.570541693,0,154,247,125,207,152,232,37,30,driving,DoS
85.570791693,1,80,225,212,247,237,104,174,73,driving,DoS
85.571041693,0,160,163,176,204,66,189,54,163,driving,DoS
85.571291693,1,123,238,62,136,230,126,72,49,driving,DoS
85.571541693,0,25,148,196,214,127,81,167,160,driving,DoS
85.571791693,1,97,81,255,239,255,157,254,11,driving,DoS
85.572041693,0,46,201,234,123,110,180,24,25,driving,DoS
85.572291693,1,144,253,240,146,4,55,220,68,driving,DoS
85.572541693,0,135,187,206,187,23,205,26,99,driving,DoS
85.572791693,1,185,147,37,197,230,143,60,65,driving,DoS
85.573041693,0,49,201,191,173,187,73,101,205,driving,DoS
85.573291693,1,20,23,19,70,170,242,233,76,driving,DoS
85.573541693,0,71,167,163,83,201,153,172,250,driving,DoS
85.573791693,1,153,243,8,188,169,56,213,157,driving,DoS
85.574041693,0,13,242,135,116,26,245,87,194,driving,DoS
85.574291693,1,75,124,16,56,97,9,225,160,driving,DoS
85.574541693,0,214,77,211,104,210,241,31,70,driving,DoS
85.574791693,1,106,166,244,192,160,88,235,175,driving,DoS
85.575041693,0,181,135,247,98,126,142,152,115,driving,DoS
85.575291693,1,152,147,106,250,162,245,178,140,driving,DoS
85.575541693,0,147,62,194,202,176,74,148,21,driving,DoS
85.575791693,1,147,40,177,226,131,245,109,103,driving,DoS
85.576041693,0,138,139,70,55,122,124,25,115,driving,DoS
85.576291693,1,119,26,51,211,169,241,51,70,driving,DoS
85.576541693,0,2,80,208,243,244,102,147,164,driving,DoS
85.576791693,1,146,30,45,118,19,89,213,90,driving,DoS
85.577041693,0,18,203,253,95,148,19,4,152,driving,DoS
85.577291693,1,54,171,145,232,252,68,239,139,driving,DoS
85.577541693,0,98,57,169,83,234,131,95,7,driving,DoS
85.577791693,1,172,151,98,89,207,218,167,44,driving,DoS
85.578041693,0,205,48,94,71,244,165,127,3,driving,DoS
85.578291693,1,133,196,120,228,136,168,154,5,driving,DoS
85.578541693,0,133,184,120,31,60,238,157,81,driving,DoS
85.578791693,1,207,159,60,151,188,113,112,68,driving,DoS
85.579041693,0,244,78,232,191,212,241,111,126,driving,DoS
85.579291693,1,41,228,185,39,57,31,103,76,driving,DoS
85.579541693,0,84,167,226,59,105,250,46,228,driving,DoS
85.579791693,1,28,232,67,212,233,29,236,157,driving,DoS
85.580041693,0,11,202,130,1,111,37,23,216,driving,DoS
85.580291693,1,176,32,30,35,241,16,146,209,driving,DoS
85.580541693,0,92,69,215,191,195,229,193,192,driving,DoS
85.580791693,1,41,68,178,60,91,201,65,114,driving,DoS
85.581041693,0,1,11,152,237,217,194,117,126,driving,DoS
85.581291693,1,235,177,79,141,96,57,16,214,driving,DoS
85.581541693,0,8,123,105,34,51,17,228,24,driving,DoS
85.581791693,1,125,22,205,224,119,111,28,71,driving,DoS
85.582041693,0,148,119,163,164,121,154,73,113,driving,DoS
85.582291693,1,211,153,140,31,89,218,253,24,driving,DoS
85.582541693,0,176,195,163,213,209,76,153,192,driving,DoS
85.582791693,1,94,242,123,115,153,73,237,29,driving,DoS
85.583041693,0,211,213,68,198,124,130,104,169,driving,DoS
85.583291693,1,40,230,189,47,97,26,137,193,driving,DoS
85.583541693,0,20,37,96,111,245,106,170,155,driving,DoS
85.583791693,1,7,108,97,60,245,124,104,203,driving,DoS
85.584041693,0,122,164,144,194,238,183,157,133,driving,DoS
85.584291693,1,184,254,238,50,240,163,104,189,driving,DoS
85.584541693,0,160,211,23,113,74,8,133,213,driving,DoS
85.584791693,1,151,78,100,168,117,194,125,255,driving,DoS
85.585041693,0,172,131,250,251,235,86,180,86,driving,DoS
85.585291693,1,71,250,94,30,17,38,24,3,driving,DoS
85.585541693,0,211,70,118,34,77,4,111,233,driving,DoS
85.585791693,1,191,30,247,249,8,3,210,6,driving,DoS
85.586041693,0,8,140,146,8,220,91,54,49,driving,DoS
85.586291693,1,76,123,98,129,181,136,203,40,driving,DoS
85.586541693,0,191,207,235,124,115,153,41,16,driving,DoS
85.586791693,1,47,207,194,193,243,28,4,87,driving,DoS
85.587041693,545,0,128,30,51,0,50,5,0,driving,none
85.587041693,0,42,255,222,169,48,21,117,108,driving,DoS
85.587291693,1,243,138,23,38,143,16,91,161,driving,DoS
85.587541693,0,8,106,73,203,39,153,83,123,driving,DoS
85.587791693,1,199,169,196,71,40,177,27,50,driving,DoS
85.588041693,0,223,118,38,174,203,167,15,139,driving,DoS
85.588291693,1,230,251,116,182,192,221,95,194,driving,DoS
85.588541693,0,43,151,126,37,42,137,78,194,driving,DoS
85.588791693,1,78,199,162,184,54,46,2,157,driving,DoS
85.589041693,0,227,184,138,52,67,44,95,220,driving,DoS
85.589291693,1,229,208,52,13,45,181,47,166,driving,DoS
85.589541693,0,197,6,149,211,198,43,124,86,driving,DoS
85.589791693,1,194,86,71,137,154,137,252,74,driving,DoS
85.590041693,0,32,85,222,141,215,153,247,39,driving,DoS
85.590291693,1,184,128,126,253,100,234,54,69,driving,DoS
85.590541693,0,155,3,202,170,194,168,225,171,driving,DoS
85.590791693,1,220,69,153,164,102,245,160,90,driving,DoS
85.591041693,0,203,163,149,251,124,166,192,143,driving,DoS
85.591291693,1,201,186,58,102,92,13,236,107,driving,DoS
85.591541693,0,224,149,35,209,255,71,155,123,driving,DoS
85.591791693,1,129,78,216,193,37,229,245,205,driving,DoS
85.592041693,0,214,18,184,43,55,127,181,85,driving,DoS
85.592291693,1,22,204,169,220,54,5,50,132,driving,DoS
85.592541693,0,113,113,228,191,200,237,77,176,driving,DoS
85.592791693,1,12,247,53,151,212,43,59,72,driving,DoS
85.593041693,0,178,159,175,233,105,247,178,243,driving,DoS
85.593291693,1,49,224,231,163,34,153,22,58,driving,DoS
85.593541693,0,11,175,55,84,124,89,81,169,driving,DoS
85.593791693,1,218,236,118,207,94,95,221,202,driving,DoS
85.594041693,0,14,101,230,219,199,2,109,105,driving,DoS
85.594291693,1,142,32,52,95,187,166,100,234,driving,DoS
85.594541693,0,58,134,250,160,198,200,58,178,driving,DoS
85.594791693,1,180,234,88,152,43,68,160,60,driving,DoS
85.595041693,0,122,156,59,93,191,72,198,214,driving,DoS
85.595291693,1,70,196,216,95,249,88,85,250,driving,DoS
85.595541693,0,147,71,95,161,230,27,183,4,driving,DoS
85.595791693,1,248,69,99,196,253,209,251,212,driving,DoS
85.596041693,0,227,250,85,42,15,112,149,16,driving,DoS
85.596291693,1,140,115,147,86,234,253,57,58,driving,DoS
85.596541693,0,137,187,21,225,111,217,52,126,driving,DoS
85.596791693,1,152,16,230,134,178,44,224,60,driving,DoS
85.597041693,0,121,107,179,219,84,71,105,105,driving,DoS
85.597291693,1,30,179,143,86,165,149,148,136,driving,DoS
85.597541693,0,48,69,210,30,141,64,67,127,driving,DoS
85.597791693,1,74,164,126,201,250,72,137,212,driving,DoS
85.598041693,0,192,231,38,47,206,142,188,232,driving,DoS
85.598291693,1,249,167,1,47,234,183,32,203,driving,DoS
85.598541693,0,111,219,108,253,137,165,145,172,driving,DoS
85.598791693,1,66,248,175,24,23,50,235,8,driving,DoS
85.599041693,0,63,80,225,233,0,219,103,67,driving,DoS
85.599291693,1,154,81,140,47,184,128,42,190,driving,DoS
85.599541693,0,84,26,202,156,119,219,46,48,driving,DoS
85.599791693,1,0,109,244,39,67,115,227,4,driving,DoS
85.600041693,0,4,175,61,216,67,244,36,117,driving,DoS
85.600291693,1,196,45,52,52,160,188,153,70,driving,DoS
85.600541693,0,195,68,73,35,4,84,225,179,driving,DoS
85.600791693,1,109,77,210,226,111,44,51,71,driving,DoS
85.601041693,0,63,196,179,219,161,71,126,141,driving,DoS
85.601291693,1,43,127,145,13,154,105,96,200,driving,DoS
85.601541693,0,151,27,122,253,197,57,123,255,driving,DoS
85.601791693,1,36,6,184,162,67,198,215,187,driving,DoS
85.602041693,0,88,241,37,8,34,7,134,110,driving,DoS
85.602291693,1,20,30,203,146,212,216,205,42,driving,DoS
85.602541693,0,78,142,42,158,40,104,79,167,driving,DoS
85.602791693,1,200,33,158,223,122,29,125,44,driving,DoS
85.603041693,0,222,59,232,28,158,89,61,6,driving,DoS
85.603291693,1,70,5,83,254,177,132,85,190,driving,DoS
85.603541693,0,64,137,60,15,171,219,139,32,driving,DoS
85.603791693,1,134,39,254,233,184,28,255,85,driving,DoS
85.604041693,0,188,80,130,52,59,116,1,22,driving,DoS
85.604291693,1,6,125,23,241,186,196,76,91,driving,DoS
85.604541693,0,18,214,114,164,127,213,163,138,driving,DoS
85.604791693,1,39,190,61,26,91,114,23,205,driving,DoS
85.605041693,0,35,238,144,159,167,44,233,4,driving,DoS
85.605291693,1,188,102,149,155,124,237,188,252,driving,DoS
85.605541693,0,100,125,77,3,209,12,119,177,driving,DoS
85.605791693,1,4,171,0,192,157,53,105,121,driving,DoS
85.606041693,0,214,251,30,72,143,47,22,118,driving,DoS
85.606291693,1,211,190,234,43,48,68,201,38,driving,DoS
85.606541693,0,31,222,66,121,149,133,161,201,driving,DoS
85.606791693,1,167,162,231,139,119,38,103,69,driving,DoS
85.607041693,0,55,79,54,84,230,238,160,208,driving,DoS
85.607291693,1,61,183,106,231,157,237,135,61,driving,DoS
85.607541693,0,46,80,155,20,110,167,75,46,driving,DoS
85.607791693,1,127,182,202,25,153,133,89,15,driving,DoS
85.608041693,0,207,231,127,48,236,52,71,62,driving,DoS
85.608291693,1,6,31,113,66,101,205,190,43,driving,DoS
85.608541693,0,132,38,11,33,101,227,65,47,driving,DoS
85.608791693,1,169,62,21,236,25,86,221,202,driving,DoS
85.609041693,0,254,15,195,218,88,181,109,95,driving,DoS
85.609291693,1,140,143,228,76,17,125,151,255,driving,DoS
85.609541693,0,210,245,31,44,143,196,70,214,driving,DoS
85.609791693,1,102,127,9,195,183,245,248,176,driving,DoS
85.610041693,0,164,198,138,92,13,163,112,15,driving,DoS
85.610291693,1,143,29,241,183,119,81,51,126,driving,DoS
85.610541693,0,123,136,28,112,198,181,88,90,driving,DoS
85.610791693,1,121,162,183,14,180,72,96,252,driving,DoS
85.611041693,0,158,89,251,19,46,28,119,112,driving,DoS
85.611291693,1,10,244,0,169,103,66,174,90,driving,DoS
85.611541693,0,165,30,11,75,72,56,186,37,driving,DoS
85.611791693,1,191,202,51,172,154,165,69,80,driving,DoS
85.612041693,0,223,249,162,89,182,114,89,193,driving,DoS
85.612291693,1,157,150,65,90,0,200,16,93,driving,DoS
85.612541693,0,162,113,53,254,72,169,39,121,driving,DoS
85.612791693,1,177,163,85,45,171,228,5,135,driving,DoS
85.613041693,0,107,127,34,179,131,55,0,24,driving,DoS
85.613291693,1,197,224,214,85,211,252,193,179,driving,DoS
85.613541693,0,192,51,245,115,83,231,37,17,driving,DoS
85.613791693,1,150,10,163,133,53,37,175,87,driving,DoS
85.614041693,0,192,82,38,47,173,247,15,220,driving,DoS
85.614291693,1,84,222,80,27,51,169,105,97,driving,DoS
85.614541693,0,209,135,144,152,121,49,25,201,driving,DoS
85.614791693,1,251,78,27,184,1,218,44,150,driving,DoS
85.615041693,0,245,102,49,13,105,87,149,41,driving,DoS
85.615291693,1,242,59,157,203,241,250,135,46,driving,DoS
85.615541693,0,198,94,189,195,189,95,228,22,driving,DoS
85.615791693,1,134,225,238,134,115,137,31,77,driving,DoS
85.616041693,0,49,43,176,211,116,31,198,214,driving,DoS
85.616291693,1,243,120,243,153,40,202,17,75,driving,DoS
85.616541693,0,61,229,88,85,108,98,64,21,driving,DoS
85.616791693,1,216,40,222,103,75,132,163,34,driving,DoS
85.617041693,0,44,198,203,166,141,234,6,214,driving,DoS
85.617291693,1,57,212,76,75,51,54,51,146,driving,DoS
85.617541693,0,176,210,135,196,248,242,19,88,driving,DoS
85.617791693,1,141,206,73,205,19,202,169,121,driving,DoS
85.618041693,0,25,243,137,190,10,172,155,159,driving,DoS
85.618291693,1,143,251,50,116,68,153,226,164,driving,DoS
85.618541693,0,137,213,45,96,226,108,208,248,driving,DoS
85.618791693,1,191,28,81,33,159,206,69,14,driving,DoS
85.619041693,0,88,98,102,29,127,16,233,25,driving,DoS
85.619291693,1,184,101,140,188,237,203,63,15,driving,DoS
85.619541693,0,123,190,250,228,90,242,179,176,driving,DoS
85.619791693,1,83,132,46,145,14,197,25,83,driving,DoS
85.620041693,0,109,113,115,105,137,209,10,4,driving,DoS
85.620291693,1,242,67,88,4,114,129,156,140,driving,DoS
85.620541693,0,216,192,178,235,129,111,238,154,driving,DoS
85.620791693,1,203,52,3,191,144,152,55,246,driving,DoS
85.621041693,0,32,172,141,166,141,133,152,96,driving,DoS
85.621291693,1,76,123,29,206,163,71,13,254,driving,DoS
85.621541693,0,151,132,214,207,198,18,97,175,driving,DoS
85.621791693,1,113,243,183,153,87,92,150,49,driving,DoS
85.622041693,0,241,65,132,93,171,45,113,181,driving,DoS
85.622291693,1,114,157,215,169,190,133,150,237,driving,DoS
85.622541693,0,60,240,27,36,241,99,61,195,driving,DoS
85.622791693,1,152,211,27,77,70,102,175,209,driving,DoS
85.623041693,0,234,73,161,92,41,249,170,90,driving,DoS
85.623291693,1,160,29,2,231,140,107,86,81,driving,DoS
85.623541693,0,250,45,66,222,219,206,219,244,driving,DoS
85.623791693,1,196,2,19,102,191,7,164,97,driving,DoS
85.624041693,0,9,2,127,115,176,159,66,52,driving,DoS
85.624291693,1,196,156,85,33,23,152,148,233,driving,DoS
85.624541693,0,172,222,68,175,250,183,96,84,driving,DoS
85.624791693,1,206,9,116,114,67,108,11,86,driving,DoS
85.625041693,0,63,187,19,192,130,24,24,55,driving,DoS
85.625291693,1,10,24,59,213,227,194,63,129,driving,DoS
85.625541693,0,242,78,105,4,154,215,51,138,driving,DoS
85.625791693,1,70,214,53,60,144,58,54,254,driving,DoS
85.626041693,0,101,102,134,103,183,209,151,82,driving,DoS
85.626291693,1,20,254,106,246,169,120,1,6,driving,DoS
85.626541693,0,45,56,252,76,46,38,51,131,driving,DoS
85.626791693,1,118,233,151,135,237,25,51,89,driving,DoS
85.627041693,0,20,148,184,160,218,59,48,23,driving,DoS
85.627291693,1,4,70,87,168,183,224,137,47,driving,DoS
85.627541693,0,190,175,93,58,205,204,233,139,driving,DoS
85.627791693,1,197,244,215,85,57,67,30,81,driving,DoS
85.628041693,0,53,213,247,224,92,194,183,14,driving,DoS
85.628291693,1,66,247,249,57,210,225,23,32,driving,DoS
85.628541693,0,133,160,6,114,173,48,221,127,driving,DoS
85.628791693,1,246,177,197,76,27,5,80,240,driving,DoS
85.629041693,0,253,84,38,251,164,123,169,142,driving,DoS
85.629291693,1,25,114,193,206,120,40,235,227,driving,DoS
85.629541693,0,229,45,255,228,161,60,254,9,driving,DoS
85.629791693,1,52,206,211,18,0,46,155,105,driving,DoS
85.630041693,0,233,174,186,27,114,232,169,242,driving,DoS
85.630291693,1,186,231,58,49,113,1,174,181,driving,DoS
85.630541693,0,149,191,54,23,84,252,71,209,driving,DoS
85.630791693,1,54,130,100,96,61,201,110,234,driving,DoS
85.631041693,0,97,173,55,212,23,63,230,234,driving,DoS
85.631291693,1,68,255,2,24,221,247,90,88,driving,DoS
85.631541693,0,65,53,198,164,196,214,127,140,driving,DoS
85.631791693,1,203,175,150,231,68,70,211,153,driving,DoS
85.632041693,0,160,111,102,107,148,176,67,91,driving,DoS
85.632291693,1,165,59,180,245,213,146,216,6,driving,DoS
85.632541693,0,54,12,195,74,27,28,102,136,driving,DoS
85.632791693,1,82,146,128,74,31,151,104,16,driving,DoS
85.633041693,0,183,231,52,114,199,121,147,24,driving,DoS
85.633291693,1,195,198,213,160,27,6,128,103,driving,DoS
85.633541693,0,226,115,188,100,99,150,229,90,driving,DoS
85.633791693,1,38,95,88,61,193,20,219,142,driving,DoS
85.634041693,0,135,66,82,130,2,169,238,79,driving,DoS
85.634291693,1,20,78,165,26,154,251,183,37,driving,DoS
85.634541693,0,162,112,94,34,81,212,206,47,driving,DoS
85.634791693,1,178,113,109,169,169,184,150,111,driving,DoS
85.635041693,0,243,4,58,177,228,123,124,20,driving,DoS
85.635291693,1,164,195,58,197,131,144,12,191,driving,DoS
85.635541693,0,228,249,22,151,98,164,42,49,driving,DoS
85.635791693,1,85,3,33,107,109,217,53,105,driving,DoS
85.636041693,0,222,36,78,12,235,169,19,44,driving,DoS
85.636291693,1,37,27,91,128,36,116,132,208,driving,DoS
85.636541693,0,198,230,207,221,161,8,199,60,driving,DoS
85.636791693,1,3,32,23,37,183,54,148,154,driving,DoS
85.637041693,0,44,144,224,195,202,15,242,80,driving,DoS
85.637291693,1,112,69,200,151,73,152,191,5,driving,DoS
85.637541693,0,72,63,21,2,201,43,156,107,driving,DoS
85.637791693,1,176,108,211,72,82,94,113,129,driving,DoS
85.638041693,0,99,58,92,27,236,37,148,34,driving,DoS
85.638291693,1,128,50,101,249,169,182,65,120,driving,DoS
85.638541693,0,51,145,35,99,162,248,230,168,driving,DoS
85.638791693,1,156,78,186,161,219,86,2,160,driving,DoS
85.639041693,0,126,113,223,141,184,68,169,245,driving,DoS
85.639291693,1,236,228,183,156,249,55,89,41,driving,DoS
85.639541693,0,143,71,100,134,39,38,9,15,driving,DoS
85.639791693,1,207,108,18,133,241,76,187,200,driving,DoS
85.640041693,0,114,148,68,237,46,203,186,5,driving,DoS
85.640291693,1,122,84,71,228,81,91,74,247,driving,DoS
85.640541693,0,183,20,112,249,118,32,135,189,driving,DoS
85.640791693,1,119,21,105,184,198,240,232,23,driving,DoS
85.641041693,0,20,165,52,140,134,89,192,193,driving,DoS
85.641291693,1,187,39,128,192,114,207,180,176,driving,DoS
85.641541693,0,249,246,3,71,225,84,117,39,driving,DoS
85.641791693,1,143,108,76,95,80,185,60,117,driving,DoS
85.642041693,0,212,169,58,246,245,245,107,82,driving,DoS
85.642291693,1,210,11,124,22,65,82,68,20,driving,DoS
85.642541693,0,75,28,85,132,92,207,9,145,driving,DoS
85.642791693,1,43,110,229,241,246,87,112,210,driving,DoS
85.643041693,0,73,93,135,85,175,232,35,117,driving,DoS
85.643291693,1,193,197,67,55,8,103,214,76,driving,DoS
85.643541693,0,49,90,243,19,60,47,246,66,driving,DoS
85.643791693,1,0,220,215,189,22,219,117,246,driving,DoS
85.644041693,0,195,179,50,217,68,130,244,119,driving,DoS
85.644291693,1,42,145,209,131,96,2,3,60,driving,DoS
85.644541693,0,3,192,105,161,209,185,54,79,driving,DoS
85.644791693,1,218,129,133,216,187,141,203,104,driving,DoS
85.645041693,0,211,247,91,189,247,129,157,176,driving,DoS
85.645291693,1,203,70,60,117,228,82,51,109,driving,DoS
85.645541693,0,205,173,26,82,199,2,46,74,driving,DoS
85.645791693,1,241,222,45,32,134,113,189,40,driving,DoS
85.646041693,0,19,196,205,146,29,89,253,224,driving,DoS
85.646291693,1,5,103,146,99,17,118,86,18,driving,DoS
85.646541693,0,184,122,0,80,44,141,204,180,driving,DoS
85.646791693,1,202,207,102,7,35,46,145,178,driving,DoS
85.647041693,0,177,141,115,99,232,206,2,133,driving,DoS
85.647291693,1,89,208,54,37,150,174,59,131,driving,DoS
85.647541693,0,128,226,193,247,124,173,234,235,driving,DoS
85.647791693,1,14,246,59,132,34,195,112,117,driving,DoS
85.648041693,0,161,211,180,4,134,127,147,47,driving,DoS
85.648291693,1,204,175,38,91,243,160,181,111,driving,DoS
85.648541693,0,137,93,97,255,102,120,123,135,driving,DoS
85.648791693,1,105,117,103,127,182,79,54,61,driving,DoS
85.649041693,0,40,252,3,21,246,190,161,252,driving,DoS
85.649291693,1,140,251,93,143,203,113,65,27,driving,DoS
85.649541693,0,216,244,16,177,201,89,234,61,driving,DoS
85.649791693,1,235,161,4,6,107,194,51,166,driving,DoS
85.650041693,0,185,132,95,134,121,137,241,175,driving,DoS
85.650291693,1,187,94,255,217,107,214,190,186,driving,DoS
85.650541693,0,205,143,230,92,67,117,51,138,driving,DoS
85.650791693,1,120,221,195,100,74,76,242,4,driving,DoS
85.651041693,0,90,215,255,68,161,249,153,128,driving,DoS
85.651291693,1,24,203,50,83,30,110,130,243,driving,DoS
85.651541693,0,49,230,171,133,184,184,131,176,driving,DoS
85.651791693,1,10,210,62,179,101,89,145,181,driving,DoS
85.652041693,0,166,249,228,40,195,146,237,74,driving,DoS
85.652291693,1,85,172,215,207,36,40,82,175,driving,DoS
85.652541693,0,116,160,162,149,136,202,138,227,driving,DoS
85.652791693,1,185,230,211,85,94,11,64,120,driving,DoS
85.653041693,0,128,40,107,85,203,52,48,32,driving,DoS
85.653291693,1,242,27,13,203,42,53,134,79,driving,DoS
85.653541693,0,43,199,158,117,126,145,226,64,driving,DoS
85.653791693,1,67,87,14,17,182,166,243,239,driving,DoS
85.654041693,0,139,227,69,90,233,222,158,177,driving,DoS
85.654291693,1,246,116,45,226,157,187,211,133,driving,DoS
85.654541693,0,79,155,5,0,69,176,146,240,driving,DoS
85.654791693,1,4,251,244,153,4,220,149,118,driving,DoS
85.655041693,0,3,191,96,210,223,202,127,83,driving,DoS
85.655291693,1,199,193,112,134,40,216,122,139,driving,DoS
85.655541693,0,145,137,211,96,35,93,69,148,driving,DoS
85.655791693,1,56,233,231,139,251,96,164,9,driving,DoS
85.656041693,0,77,25,11,95,52,144,137,64,driving,DoS
85.656291693,1,224,4,119,46,77,7,252,111,driving,DoS
85.656541693,0,175,215,159,255,190,237,16,169,driving,DoS
85.656791693,1,41,74,28,136,200,36,240,92,driving,DoS
85.657041693,0,98,128,195,6,62,127,197,226,driving,DoS
85.657291693,1,126,17,101,235,48,106,242,199,driving,DoS
85.657541693,0,159,165,81,21,62,129,246,152,driving,DoS
85.657791693,1,101,184,26,111,57,120,222,166,driving,DoS
85.658041693,0,7,85,141,61,202,124,4,21,driving,DoS
85.658291693,1,243,79,190,45,127,80,255,46,driving,DoS
85.658541693,0,173,30,30,182,78,54,64,249,driving,DoS
85.658791693,1,119,162,177,224,98,10,193,183,driving,DoS
85.659041693,0,68,128,20,248,224,150,250,97,driving,DoS
85.659291693,1,95,178,165,239,140,82,35,79,driving,DoS
85.659541693,0,230,151,134,187,232,0,194,94,driving,DoS
85.659791693,1,9,186,122,164,32,198,97,254,driving,DoS
85.660041693,0,78,144,165,209,164,56,49,34,driving,DoS
85.660291693,1,22,66,91,16,103,54,248,98,driving,DoS
85.660541693,0,50,16,198,250,131,25,187,113,driving,DoS
85.660791693,1,36,6,106,251,40,239,31,184,driving,DoS
85.661041693,0,212,188,29,136,20,36,155,39,driving,DoS
85.661291693,1,110,49,51,118,197,97,98,127,driving,DoS
85.661541693,0,91,212,54,183,234,218,53,85,driving,DoS
85.661791693,1,92,205,172,80,226,180,161,166,driving,DoS
85.662041693,0,190,211,220,165,123,109,192,130,driving,DoS
85.662291693,1,184,231,229,203,0,17,145,8,driving,DoS
85.662541693,0,69,154,3,153,113,109,161,11,driving,DoS
85.662791693,1,141,79,48,19,235,182,79,70,driving,DoS
85.663041693,0,135,187,127,119,131,153,47,204,driving,DoS
85.663291693,1,111,39,166,247,88,249,48,153,driving,DoS
85.663541693,0,19,195,40,28,171,178,222,213,driving,DoS
85.663791693,1,61,116,5,195,27,156,21,163,driving,DoS
85.664041693,0,76,167,113,78,25,201,228,46,driving,DoS
85.664291693,1,113,221,148,201,75,67,172,42,driving,DoS
85.664541693,0,243,25,204,134,43,204,222,66,driving,DoS
85.664791693,1,69,246,101,249,202,100,126,124,driving,DoS
85.665041693,0,36,136,220,165,45,57,211,216,driving,DoS
85.665291693,1,187,178,97,164,176,12,156,86,driving,DoS
85.665541693,0,179,226,74,225,22,119,102,191,driving,DoS
85.665791693,1,79,43,57,27,124,75,147,7,driving,DoS
85.666041693,0,175,56,156,230,241,11,169,107,driving,DoS
85.666291693,1,108,104,132,247,72,9,192,22,driving,DoS
85.666541693,0,130,87,30,145,102,138,27,238,driving,DoS
85.666791693,1,4,34,198,138,184,55,9,149,driving,DoS
85.667041693,0,197,118,194,50,161,248,45,95,driving,DoS
85.667291693,1,101,234,11,20,126,156,170,250,driving,DoS
85.667541693,0,201,80,9,177,180,181,154,120,driving,DoS
85.667791693,1,141,31,131,198,15,143,115,77,driving,DoS
85.668041693,0,174,201,70,44,195,116,213,123,driving,DoS
85.668291693,1,78,218,159,168,229,67,105,70,driving,DoS
85.668541693,0,103,70,158,69,220,74,80,162,driving,DoS
85.668791693,1,34,60,94,162,74,15,163,211,driving,DoS
85.669041693,0,210,155,226,140,77,96,54,67,driving,DoS
85.669291693,1,94,13,136,118,118,118,13,183,driving,DoS
85.669541693,0,40,244,68,240,191,94,198,251,driving,DoS
85.669791693,1,242,70,83,98,115,16,209,7,driving,DoS
85.670041693,0,138,211,113,103,104,33,90,224,driving,DoS
85.670291693,1,250,166,234,126,218,207,21,194,driving,DoS
85.670541693,0,160,201,19,55,231,233,21,125,driving,DoS
85.670791693,1,202,20,198,25,97,149,225,203,driving,DoS
85.671041693,0,155,146,236,85,216,150,27,72,driving,DoS
85.671291693,1,237,231,46,57,92,69,201,211,driving,DoS
85.671541693,0,165,230,12,91,232,103,232,46,driving,DoS
85.671791693,1,128,165,83,63,46,58,230,185,driving,DoS
85.672041693,0,43,196,81,193,194,22,87,171,driving,DoS
85.672291693,1,76,83,74,91,26,214,157,158,driving,DoS
85.672541693,0,228,147,92,60,67,103,1,129,driving,DoS
85.672791693,1,6,234,254,255,2,252,121,111,driving,DoS
85.673041693,0,243,232,209,226,40,3,125,142,driving,DoS
85.673291693,1,106,25,94,75,28,178,18,74,driving,DoS
85.673541693,0,16,152,169,44,25,55,213,91,driving,DoS
85.673791693,1,82,145,90,233,184,18,47,153,driving,DoS
85.674041693,0,165,188,194,34,218,33,149,241,driving,DoS
85.674291693,1,68,62,140,168,211,107,107,29,driving,DoS
85.674541693,0,55,44,247,147,218,162,132,181,driving,DoS
85.674791693,1,66,254,254,252,92,119,148,99,driving,DoS
85.675041693,0,0,60,12,238,60,106,212,211,driving,DoS
85.675291693,1,23,170,179,108,5,103,144,130,driving,DoS
85.675541693,0,34,157,153,165,3,58,170,174,driving,DoS
85.675791693,1,202,14,89,99,169,173,245,242,driving,DoS
85.676041693,0,18,69,246,79,235,171,236,211,driving,DoS
85.676291693,1,28,153,161,9,106,169,181,33,driving,DoS
85.676541693,0,76,143,15,173,192,84,199,95,driving,DoS
85.676791693,1,59,157,161,16,139,211,44,254,driving,DoS
85.677041693,0,121,190,231,154,110,154,89,57,driving,DoS
85.677291693,1,191,19,103,47,227,12,247,78,driving,DoS
85.677541693,0,97,174,247,158,167,73,50,67,driving,DoS
85.677791693,1,105,18,235,198,59,2,159,22,driving,DoS
85.678041693,0,44,170,239,23,52,159,11,159,driving,DoS
85.678291693,1,107,164,102,98,146,141,163,225,driving,DoS
85.678541693,0,60,139,76,80,140,58,7,52,driving,DoS
85.678791693,1,105,179,163,138,72,145,125,87,driving,DoS
85.679041693,0,36,159,173,227,25,66,14,241,driving,DoS
85.679291693,1,25,54,196,27,44,218,200,91,driving,DoS
85.679541693,0,228,182,159,170,101,40,238,67,driving,DoS
85.679791693,1,47,239,49,233,158,238,240,118,driving,DoS
85.680041693,0,114,73,132,186,200,93,169,166,driving,DoS
85.680291693,1,232,249,15,33,243,57,179,245,driving,DoS
85.680541693,0,236,87,144,178,65,52,207,54,driving,DoS
85.680791693,1,166,36,154,236,205,211,122,124,driving,DoS
85.681041693,0,81,246,196,33,174,106,220,222,driving,DoS
85.681291693,1,175,120,88,39,249,58,237,166,driving,DoS
85.681541693,0,49,227,90,157,207,35,55,194,driving,DoS
85.681791693,1,167,253,31,46,111,71,0,75,driving,DoS
85.682041693,0,76,231,149,199,228,100,105,162,driving,DoS
85.682291693,1,153,155,222,176,45,4,206,65,driving,DoS
85.682541693,0,150,31,189,27,0,183,56,144,driving,DoS
85.682791693,1,15,120,221,201,162,195,207,195,driving,DoS
85.683041693,0,222,108,88,243,71,96,196,184,driving,DoS
85.683291693,1,213,78,147,64,68,5,36,8,driving,DoS
85.683541693,0,73,249,223,69,43,70,212,233,driving,DoS
85.683791693,1,217,92,232,217,230,196,181,115,driving,DoS
85.684041693,0,95,217,3,255,121,137,210,187,driving,DoS
85.684291693,1,17,19,247,188,57,246,40,72,driving,DoS
85.684541693,0,143,238,40,45,125,241,39,159,driving,DoS
85.684791693,1,27,175,5,240,232,240,169,215,driving,DoS
85.685041693,0,180,150,148,85,18,155,133,31,driving,DoS
85.685291693,1,242,86,26,149,13,146,248,42,driving,DoS
85.685541693,0,64,39,142,129,67,143,140,131,driving,DoS
85.685791693,1,7,57,89,77,228,189,89,133,driving,DoS
85.686041693,0,120,248,92,16,175,43,74,78,driving,DoS
85.686291693,1,253,211,196,121,225,85,107,176,driving,DoS
85.686541693,0,27,135,59,26,85,237,204,243,driving,DoS
85.686791693,1,154,243,119,194,199,242,134,74,driving,DoS
85.687041693,0,222,6,147,229,195,161,21,49,driving,DoS
85.687291693,1,181,221,139,171,138,136,50,130,driving,DoS
85.687541693,0,200,236,123,99,172,92,160,5,driving,DoS
85.687791693,1,4,34,6,210,50,53,228,179,driving,DoS
85.688041693,0,112,145,128,98,17,12,47,29,driving,DoS
85.688291693,1,111,62,61,44,66,192,94,56,driving,DoS
85.688541693,0,94,129,150,239,38,232,141,218,driving,DoS
85.688791693,1,165,131,82,37,141,31,195,198,driving,DoS
85.689041693,0,170,30,132,135,91,225,35,251,driving,DoS
85.689291693,1,102,201,91,251,55,73,220,111,driving,DoS
85.689541693,0,54,226,132,52,17,37,36,128,driving,DoS
85.689791693,1,228,9,254,76,0,19,199,136,driving,DoS
85.690041693,0,77,168,200,1,251,244,223,206,driving,DoS
85.690291693,1,35,115,1,196,246,62,183,170,driving,DoS
85.690541693,0,155,205,28,46,187,174,41,235,driving,DoS
85.690791693,1,148,103,90,20,196,97,153,199,driving,DoS
85.691041693,0,54,183,249,43,224,97,71,18,driving,DoS
85.691291693,1,98,12,122,250,199,32,157,255,driving,DoS
85.691541693,0,230,8,18,173,28,172,21,207,driving,DoS
85.691791693,1,60,108,234,76,119,36,18,72,driving,DoS
85.692041693,0,250,9,241,23,124,66,7,88,driving,DoS
85.692291693,1,25,157,49,233,87,32,54,58,driving,DoS
85.692541693,0,254,112,32,103,218,172,205,166,driving,DoS
85.692791693,1,61,70,164,109,23,88,171,32,driving,DoS
85.693041693,0,61,140,72,212,86,189,84,224,driving,DoS
85.693291693,1,124,20,68,51,192,80,8,249,driving,DoS
85.693541693,0,41,3,3,91,45,145,213,243,driving,DoS
85.693791693,1,64,105,73,138,230,210,122,89,driving,DoS
85.694041693,0,19,92,255,45,154,178,214,2,driving,DoS
85.694291693,1,120,98,60,48,185,112,237,106,driving,DoS
85.694541693,0,141,27,99,57,76,242,254,90,driving,DoS
85.694791693,1,81,22,27,186,145,107,222,128,driving,DoS
85.695041693,0,171,232,22,53,26,90,80,14,driving,DoS
85.695291693,1,248,59,36,120,227,166,214,101,driving,DoS
85.695541693,0,166,117,56,166,116,50,121,211,driving,DoS
85.695791693,1,102,192,112,37,241,248,27,223,driving,DoS
85.696041693,0,74,110,232,91,198,191,69,234,driving,DoS
85.696291693,1,99,183,138,103,171,65,16,30,driving,DoS
85.696541693,0,143,69,56,238,234,214,87,175,driving,DoS
85.696791693,1,112,151,80,87,117,44,210,250,driving,DoS
85.697041693,0,110,242,236,142,7,219,126,126,driving,DoS
85.697291693,1,167,222,113,76,2,213,22,20,driving,DoS
85.697541693,0,240,17,217,201,245,50,231,253,driving,DoS
85.697791693,1,123,42,6,208,111,67,183,151,driving,DoS
85.698041693,0,122,46,8,245,156,82,235,12,driving,DoS
85.698291693,1,232,237,70,207,94,189,237,0,driving,DoS
85.698541693,0,36,197,170,16,151,218,138,106,driving,DoS
85.698791693,1,41,171,28,186,26,56,196,187,driving,DoS
85.699041693,0,238,20,187,187,89,34,104,70,driving,DoS
85.699291693,1,171,122,58,244,107,115,164,180,driving,DoS
85.699541693,0,136,216,141,27,32,190,176,231,driving,DoS
85.699791693,1,248,62,240,149,231,188,33,96,driving,DoS
85.700041693,0,234,44,41,200,91,147,39,55,driving,DoS
85.700291693,1,84,141,57,75,254,77,104,11,driving,DoS
85.700541693,0,150,213,67,242,177,215,227,10,driving,DoS
85.700791693,1,149,96,32,11,118,171,210,175,driving,DoS
85.701041693,0,167,248,227,234,155,67,156,87,driving,DoS
85.701291693,1,133,116,247,190,147,24,75,180,driving,DoS
85.701541693,0,145,233,85,82,146,93,89,78,driving,DoS
85.701791693,1,82,121,59,21,162,64,225,133,driving,DoS
85.702041693,0,189,94,105,17,162,176,75,190,driving,DoS
85.702291693,1,229,83,154,62,12,207,255,74,driving,DoS
85.702541693,0,234,163,79,2,169,151,242,148,driving,DoS
85.702791693,1,75,226,173,57,245,20,71,59,driving,DoS
85.703041693,0,157,12,205,112,228,182,47,167,driving,DoS
85.703291693,1,28,99,113,142,100,11,42,228,driving,DoS
85.703541693,0,44,201,99,251,162,28,184,203,driving,DoS
85.703791693,1,75,218,189,197,190,6,145,176,driving,DoS
85.704041693,0,179,157,228,44,110,227,212,226,driving,DoS
85.704291693,1,147,83,217,212,71,44,73,106,driving,DoS
85.704541693,0,155,243,171,33,192,45,3,209,driving,DoS
85.704791693,1,139,212,89,236,70,102,95,195,driving,DoS
85.705041693,0,148,251,21,154,155,252,237,114,driving,DoS
85.705291693,1,13,1,78,134,153,241,63,147,driving,DoS
85.705541693,0,213,91,251,125,14,61,141,252,driving,DoS
85.705791693,1,34,185,246,223,132,243,61,191,driving,DoS
85.706041693,0,8,132,83,29,74,163,236,69,driving,DoS
85.706291693,1,182,83,27,139,184,214,182,24,driving,DoS
85.706541693,0,148,149,39,99,93,48,85,165,driving,DoS
85.706791693,1,161,154,138,185,49,180,73,6,driving,DoS
85.707041693,0,70,144,190,248,210,174,83,52,driving,DoS
85.707291693,1,111,79,113,96,58,213,235,39,driving,DoS
85.707541693,0,59,67,8,245,178,159,185,71,driving,DoS
85.707791693,1,226,175,88,155,14,60,113,65,driving,DoS
85.708041693,0,72,116,157,64,107,66,40,217,driving,DoS
85.708291693,1,57,39,9,247,220,21,100,55,driving,DoS
85.708541693,0,16,30,240,60,129,22,33,154,driving,DoS
85.708791693,1,5,49,63,105,102,94,179,14,driving,DoS
85.709041693,0,46,74,142,178,180,82,123,34,driving,DoS
85.709291693,1,50,7,111,98,144,87,2,50,driving,DoS
85.709541693,0,109,243,187,94,225,54,92,181,driving,DoS
85.709791693,1,194,217,109,116,208,57,160,63,driving,DoS
85.710041693,0,238,56,69,253,184,147,20,42,driving,DoS
85.710291693,1,167,252,59,197,145,233,159,227,driving,DoS
85.710541693,0,115,208,148,219,96,35,243,188,driving,DoS
85.710791693,1,91,6,251,53,202,224,43,61,driving,DoS
85.711041693,0,73,202,205,52,86,33,186,101,driving,DoS
85.711291693,1,173,102,206,62,119,217,255,142,driving,DoS
85.711541693,0,139,204,182,243,207,248,142,75,driving,DoS
85.711791693,1,232,55,62,128,250,254,118,68,driving,DoS
85.712041693,0,15,50,27,34,255,13,91,195,driving,DoS
85.712291693,1,167,78,155,49,39,252,238,103,driving,DoS
85.712541693,0,150,254,251,133,175,9,16,220,driving,DoS
85.712791693,1,60,196,230,161,192,226,235,18,driving,DoS
85.713041693,0,16,90,155,84,251,220,68,159,driving,DoS
85.713291693,1,199,249,56,251,240,243,80,28,driving,DoS
85.713541693,0,200,134,253,193,180,145,164,31,driving,DoS
85.713791693,1,14,23,65,187,178,13,174,194,driving,DoS
85.714041693,0,49,219,176,182,210,179,28,125,driving,DoS
85.714291693,1,126,120,159,43,33,156,58,172,driving,DoS
85.714541693,0,86,10,166,19,235,216,215,136,driving,DoS
85.714791693,1,10,240,11,162,193,199,165,50,driving,DoS
85.715041693,0,250,51,105,172,254,173,85,153,driving,DoS
85.715291693,1,186,223,103,254,38,109,147,135,driving,DoS
85.715541693,0,24,152,205,115,47,48,172,139,driving,DoS
85.715791693,1,34,243,218,107,177,39,154,153,driving,DoS
85.716041693,0,221,160,102,212,205,128,232,92,driving,DoS
85.716291693,1,9,95,255,109,239,137,222,30,driving,DoS
85.716541693,0,102,186,236,75,123,77,153,222,driving,DoS
85.716791693,1,210,163,32,104,211,136,146,82,driving,DoS
85.717041693,0,131,120,207,122,58,76,98,14,driving,DoS
85.717291693,1,125,158,237,248,223,216,18,103,driving,DoS
85.717541693,0,81,139,69,14,132,142,90,21,driving,DoS
85.717791693,1,248,10,28,42,160,152,32,208,driving,DoS
85.718041693,0,186,46,203,71,120,57,61,128,driving,DoS
85.718291693,1,254,46,121,62,160,168,199,120,driving,DoS
85.718541693,0,216,111,73,54,89,109,140,225,driving,DoS
85.718791693,1,209,130,28,251,191,57,162,216,driving,DoS
85.719041693,0,243,126,142,74,185,243,188,157,driving,DoS
85.719291693,1,10,17,27,122,129,196,158,185,driving,DoS
85.719541693,0,62,121,226,198,4,201,130,154,driving,DoS
85.719791693,1,46,120,152,107,82,224,162,208,driving,DoS
85.720041693,0,17,140,41,251,241,211,170,216,driving,DoS
85.720291693,1,51,82,133,33,180,215,167,232,driving,DoS
85.720541693,0,14,26,94,227,69,1,205,102,driving,DoS
85.720791693,1,156,160,42,56,80,127,66,210,driving,DoS
85.721041693,0,163,231,244,68,133,88,167,144,driving,DoS
85.721291693,1,101,43,212,188,93,201,193,114,driving,DoS
85.721541693,0,10,11,117,45,236,101,134,86,driving,DoS
85.721791693,1,25,205,219,133,76,45,188,87,driving,DoS
85.722041693,0,60,7,222,232,253,60,114,104,driving,DoS
85.722291693,1,97,136,147,253,195,66,220,105,driving,DoS
85.722541693,0,110,144,96,214,92,209,74,14,driving,DoS
85.722791693,1,148,134,120,230,127,189,234,43,driving,DoS
85.723041693,0,5,240,68,165,203,108,196,216,driving,DoS
85.723291693,1,131,37,48,30,26,170,120,241,driving,DoS
85.723541693,0,181,23,2,129,195,154,202,189,driving,DoS
85.723791693,1,67,21,91,133,86,252,173,239,driving,DoS
85.724041693,0,67,45,162,221,72,133,59,160,driving,DoS
85.724291693,1,22,65,255,143,184,220,144,134,driving,DoS
85.724541693,0,135,160,223,84,161,251,77,225,driving,DoS
85.724791693,1,27,96,76,27,117,93,18,240,driving,DoS
85.725041693,0,133,83,239,223,59,253,20,226,driving,DoS
85.725291693,1,182,248,234,252,57,75,63,178,driving,DoS
85.725541693,0,47,104,145,92,86,139,108,2,driving,DoS
85.725791693,1,92,213,39,126,255,48,168,13,driving,DoS
85.726041693,0,145,62,201,191,54,165,78,14,driving,DoS
85.726291693,1,41,235,245,232,137,2,168,22,driving,DoS
85.726541693,0,231,166,66,108,24,144,165,28,driving,DoS
85.726791693,1,36,195,47,204,130,91,122,204,driving,DoS
85.727041693,0,45,10,106,83,198,206,145,78,driving,DoS
85.727291693,1,61,152,251,221,158,67,183,49,driving,DoS
85.727541693,0,188,102,250,228,198,243,137,216,driving,DoS
85.727791693,1,46,216,188,95,222,218,47,20,driving,DoS
85.728041693,0,174,237,114,79,253,42,148,239,driving,DoS
85.728291693,1,223,40,244,153,76,65,153,127,driving,DoS
85.728541693,0,218,151,24,39,23,55,217,211,driving,DoS
85.728791693,1,48,237,129,181,130,41,8,58,driving,DoS
85.729041693,0,236,91,93,201,23,42,213,152,driving,DoS
85.729291693,1,160,232,230,135,174,95,108,94,driving,DoS
85.729541693,0,40,132,54,222,9,2,202,59,driving,DoS
85.729791693,1,6,87,244,235,207,249,155,184,driving,DoS
85.730041693,0,202,154,44,64,69,7,97,57,driving,DoS
85.730291693,1,8,96,13,107,246,74,123,223,driving,DoS
85.730541693,0,97,44,154,237,75,242,216,11,driving,DoS
85.730791693,1,59,85,78,227,248,241,10,230,driving,DoS
85.731041693,0,124,103,150,200,26,170,4,52,driving,DoS
85.731291693,1,221,212,253,148,18,249,204,248,driving,DoS
85.731541693,0,249,118,31,9,216,161,32,137,driving,DoS
85.731791693,1,213,242,59,253,177,229,223,10,driving,DoS
85.732041693,0,82,147,98,240,176,224,118,112,driving,DoS
85.732291693,1,173,239,67,150,199,213,184,241,driving,DoS
85.732541693,0,82,106,144,44,247,66,88,102,driving,DoS
85.732791693,1,80,251,51,212,252,155,120,107,driving,DoS
85.733041693,0,24,9,183,133,182,81,89,16,driving,DoS
85.733291693,1,32,172,220,58,116,61,114,249,driving,DoS
85.733541693,0,132,174,181,23,136,77,53,25,driving,DoS
85.733791693,1,224,234,56,54,52,21,53,85,driving,DoS
85.734041693,0,60,105,185,80,149,226,255,50,driving,DoS
85.734291693,1,78,186,171,70,62,103,224,212,driving,DoS
85.734541693,0,3,125,242,174,146,87,43,136,driving,DoS
85.734791693,1,190,212,184,125,77,215,116,70,driving,DoS
85.735041693,0,219,211,209,234,185,15,226,74,driving,DoS
85.735291693,1,5,35,43,173,161,205,84,222,driving,DoS
85.735541693,0,31,201,18,77,29,151,214,205,driving,DoS
85.735791693,1,155,160,176,4,143,75,206,228,driving,DoS
85.736041693,0,105,226,176,207,101,154,43,18,driving,DoS
85.736291693,1,171,199,64,145,109,47,159,174,driving,DoS
85.736541693,0,81,11,14,132,123,155,216,56,driving,DoS
85.736791693,1,30,190,132,181,63,24,63,229,driving,DoS
85.737041693,0,152,2,232,173,120,119,179,153,driving,DoS
85.737291693,1,145,71,193,126,53,167,98,184,driving,DoS
85.737541693,0,232,50,75,217,210,41,47,31,driving,DoS
85.737791693,1,217,66,243,109,228,39,189,206,driving,DoS
85.738041693,0,202,135,255,216,225,250,213,83,driving,DoS
85.738291693,1,73,65,248,234,66,60,108,233,driving,DoS
85.738541693,0,242,16,80,189,60,209,56,61,driving,DoS
85.738791693,1,189,148,20,78,60,190,156,191,driving,DoS
85.739041693,0,155,150,248,14,73,72,215,24,driving,DoS
85.739291693,1,156,145,110,93,250,1,62,178,driving,DoS
85.739541693,0,34,22,213,246,158,231,172,193,driving,DoS
85.739791693,1,243,67,70,235,230,229,76,166,driving,DoS
85.740041693,0,45,209,198,119,202,173,23,226,driving,DoS
85.740291693,1,142,45,84,12,158,63,43,98,driving,DoS
85.740541693,0,27,96,243,9,61,92,9,140,driving,DoS
85.740791693,1,105,125,227,43,164,205,23,251,driving,DoS
85.741041693,0,11,174,223,92,212,12,162,195,driving,DoS
85.741291693,1,131,46,58,50,86,146,73,93,driving,DoS
85.741541693,0,130,45,78,157,208,86,30,166,driving,DoS
85.741791693,1,92,13,29,152,199,50,163,72,driving,DoS
85.742041693,0,211,165,132,192,61,26,103,122,driving,DoS
85.742291693,1,121,252,197,58,137,31,162,237,driving,DoS
85.742541693,0,208,33,247,14,208,119,9,137,driving,DoS
85.742791693,1,51,126,64,155,208,228,42,104,driving,DoS
85.743041693,0,72,191,86,125,216,231,21,0,driving,DoS
85.743291693,1,237,148,85,0,30,246,139,128,driving,DoS
85.743541693,0,194,179,108,144,23,82,35,153,driving,DoS
85.743791693,1,45,202,62,71,143,221,107,162,driving,DoS
85.744041693,0,175,133,231,139,125,164,174,107,driving,DoS
85.744291693,1,235,168,8,68,1,243,2,4,driving,DoS
85.744541693,0,88,211,250,201,41,39,15,227,driving,DoS
85.744791693,1,63,180,192,183,198,90,4,63,driving,DoS
85.745041693,0,236,189,98,227,4,113,10,143,driving,DoS
85.745291693,1,183,98,46,155,113,119,252,185,driving,DoS
85.745541693,0,18,143,252,107,3,100,202,56,driving,DoS
85.745791693,1,142,252,87,99,89,33,65,33,driving,DoS
85.746041693,0,65,132,116,140,98,11,129,232,driving,DoS
85.746291693,1,1,218,26,165,221,208,140,62,driving,DoS
85.746541693,0,238,253,185,22,114,24,142,215,driving,DoS
85.746791693,1,229,161,2,200,99,171,41,12,driving,DoS
85.747041693,0,115,216,38,127,100,84,168,159,driving,DoS
85.747291693,1,32,49,14,245,221,12,171,128,driving,DoS
85.747541693,0,126,55,242,122,174,27,170,121,driving,DoS
85.747791693,1,37,224,48,228,63,43,31,17,driving,DoS
85.748041693,0,193,160,33,65,31,226,28,154,driving,DoS
85.748291693,1,221,33,52,28,26,150,195,205,driving,DoS
85.748541693,0,49,210,119,5,232,196,237,219,driving,DoS
85.748791693,1,51,173,13,232,168,98,55,52,driving,DoS
85.749041693,0,6,34,99,64,131,181,215,246,driving,DoS
85.749291693,1,227,95,124,70,22,30,65,159,driving,DoS
85.749541693,0,223,183,159,74,75,240,158,175,driving,DoS
85.749791693,1,149,188,4,74,29,121,27,216,driving,DoS
85.750041693,0,176,100,102,103,35,174,96,243,driving,DoS
85.750291693,1,239,169,171,153,214,168,83,53,driving,DoS
85.750541693,0,232,21,253,112,1,114,117,238,driving,DoS
85.750791693,1,109,122,246,169,192,105,204,94,driving,DoS
85.751041693,0,3,185,5,37,183,15,58,72,driving,DoS
85.751291693,1,148,225,99,184,22,15,101,101,driving,DoS
85.751541693,0,145,89,112,134,89,173,125,91,driving,DoS
85.751791693,1,100,11,90,134,51,10,70,194,driving,DoS
85.752041693,0,56,173,107,156,233,122,189,190,driving,DoS
85.752291693,1,87,222,33,60,73,66,97,98,driving,DoS
85.752541693,0,193,191,162,219,125,23,96,150,driving,DoS
85.752791693,1,76,167,126,27,143,64,250,107,driving,DoS
85.753041693,0,41,240,33,85,198,191,255,237,driving,DoS
85.753291693,1,91,164,191,247,253,242,137,205,driving,DoS
85.753541693,0,18,106,112,103,231,120,202,111,driving,DoS
85.753791693,1,156,217,193,80,191,130,43,68,driving,DoS
85.754041693,0,43,151,227,180,117,21,238,172,driving,DoS
85.754291693,1,218,230,239,221,209,188,254,162,driving,DoS
85.754541693,0,139,195,12,91,226,119,135,38,driving,DoS
85.754791693,1,183,42,150,40,141,116,50,60,driving,DoS
85.755041693,0,36,184,19,102,170,100,168,128,driving,DoS
85.755291693,1,154,140,97,70,133,4,153,144,driving,DoS
85.755541693,0,177,206,207,6,241,76,203,116,driving,DoS
85.755791693,1,116,107,242,119,239,236,174,43,driving,DoS
85.756041693,0,160,96,219,213,107,224,230,15,driving,DoS
85.756291693,1,191,71,65,156,4,255,181,173,driving,DoS
85.756541693,0,115,214,217,206,153,166,11,16,driving,DoS
85.756791693,1,71,78,169,200,195,104,200,32,driving,DoS
85.757041693,0,197,96,243,55,168,231,155,47,driving,DoS
85.757291693,1,87,53,90,16,250,13,95,101,driving,DoS
85.757541693,0,35,197,145,105,119,149,35,232,driving,DoS
85.757791693,1,29,188,5,87,167,210,200,80,driving,DoS
85.758041693,0,56,66,214,244,35,199,105,66,driving,DoS
85.758291693,1,105,158,221,243,81,158,103,234,driving,DoS
85.758541693,0,141,103,3,73,228,32,204,126,driving,DoS
85.758791693,1,168,251,235,236,20,46,147,233,driving,DoS
85.759041693,0,177,152,200,89,212,127,91,221,driving,DoS
85.759291693,1,234,196,93,48,201,22,122,80,driving,DoS
85.759541693,0,140,149,34,111,252,210,62,188,driving,DoS
85.759791693,1,39,53,166,209,230,84,129,106,driving,DoS
85.760041693,0,22,236,13,37,236,195,175,204,driving,DoS
85.760291693,1,99,203,19,5,128,58,69,167,driving,DoS
85.760541693,0,237,248,236,34,42,124,224,71,driving,DoS
85.760791693,1,241,142,82,87,9,51,90,150,driving,DoS
85.761041693,0,63,200,86,39,5,139,78,225,driving,DoS
85.761291693,1,183,91,110,17,110,226,24,52,driving,DoS
85.761541693,0,199,157,227,26,2,24,193,103,driving,DoS
85.761791693,1,127,191,122,102,46,8,215,14,driving,DoS
85.762041693,0,7,172,98,32,112,49,85,85,driving,DoS
85.762291693,1,22,212,55,167,165,97,106,202,driving,DoS
85.762541693,0,219,61,118,109,54,182,165,88,driving,DoS
85.762791693,1,7,205,161,6,199,108,234,112,driving,DoS
85.763041693,0,33,142,188,22,34,111,210,154,driving,DoS
85.763227932,260,0,128,30,51,0,50,5,0,driving,none
85.763291693,1,255,52,87,128,48,166,198,68,driving,DoS
85.763541693,0,170,89,162,246,34,171,9,229,driving,DoS
85.763791693,1,195,119,6,119,10,63,158,121,driving,DoS
85.764041693,0,219,124,40,30,70,191,255,151,driving,DoS
85.764291693,1,103,77,192,104,19,121,227,168,driving,DoS
85.764541693,0,68,142,162,20,212,147,12,117,driving,DoS
85.764791693,1,169,175,124,105,27,127,113,195,driving,DoS
85.765041693,0,164,93,226,3,33,251,35,98,driving,DoS
85.765291693,1,26,72,104,64,46,88,104,120,driving,DoS
85.765541693,0,40,218,239,159,84,101,125,217,driving,DoS
85.765791693,1,90,127,155,146,229,103,139,246,driving,DoS
85.766041693,0,40,184,203,193,85,241,225,216,driving,DoS
85.766291693,1,221,79,246,10,195,218,42,153,driving,DoS
85.766541693,0,78,89,131,194,237,156,232,145,driving,DoS
85.766791693,1,192,246,36,170,69,240,100,79,driving,DoS
85.767041693,0,97,2,6,191,251,207,212,202,driving,DoS
85.767291693,1,191,196,250,157,36,209,19,63,driving,DoS
85.767541693,0,197,83,99,223,130,178,250,188,driving,DoS
85.767791693,1,29,197,217,126,124,244,17,185,driving,DoS
85.768041693,0,14,75,133,233,75,130,126,82,driving,DoS
85.768291693,1,6,59,47,196,203,41,96,216,driving,DoS
85.768541693,0,84,218,129,154,195,157,210,45,driving,DoS
85.768791693,1,55,176,73,137,107,203,157,3,driving,DoS
85.769041693,0,86,251,0,49,35,213,213,147,driving,DoS
85.769291693,1,220,87,90,191,95,68,101,249,driving,DoS
85.769541693,0,93,56,230,108,95,102,30,93,driving,DoS
85.769791693,1,98,132,209,225,55,85,40,150,driving,DoS
85.770041693,0,43,193,63,141,32,175,15,120,driving,DoS
85.770291693,1,244,248,51,4,31,136,3,21,driving,DoS
85.770541693,0,49,108,3,192,136,248,242,172,driving,DoS
85.770791693,1,219,172,189,175,161,122,184,204,driving,DoS
85.771041693,0,193,29,182,169,51,1,233,205,driving,DoS
85.771291693,1,71,13,62,143,127,188,231,243,driving,DoS
85.771541693,0,211,96,1,164,8,184,23,166,driving,DoS
85.771791693,1,227,119,248,204,41,178,219,243,driving,DoS
85.772041693,0,51,197,150,99,73,16,65,254,driving,DoS
85.772291693,1,44,154,239,86,228,59,246,123,driving,DoS
85.772541693,0,124,108,87,45,54,222,14,82,driving,DoS
85.772791693,1,167,196,143,112,131,243,63,69,driving,DoS
85.773041693,0,251,46,170,114,33,175,193,195,driving,DoS
85.773291693,1,223,119,114,132,59,148,44,57,driving,DoS
85.773541693,0,45,174,96,59,188,65,160,194,driving,DoS
85.773791693,1,0,159,31,97,198,216,163,186,driving,DoS
85.774041693,0,64,113,54,202,4,235,161,74,driving,DoS
85.774291693,1,151,112,255,233,75,145,74,17,driving,DoS
85.774541693,0,163,158,63,140,244,110,253,149,driving,DoS
85.774791693,1,192,30,170,78,107,115,26,91,driving,DoS
85.775041693,0,249,200,153,81,11,200,172,216,driving,DoS
85.775291693,1,242,178,200,200,36,144,144,99,driving,DoS
85.775541693,0,201,49,67,165,27,155,234,83,driving,DoS
85.775791693,1,70,226,247,149,74,107,111,100,driving,DoS
85.776041693,0,4,185,52,75,192,218,86,28,driving,DoS
85.776291693,1,49,182,242,91,26,60,173,222,driving,DoS
85.776541693,0,76,206,125,17,60,123,203,250,driving,DoS
85.776791693,1,154,88,192,45,237,195,140,227,driving,DoS
85.777041693,0,188,5,61,59,42,62,250,115,driving,DoS
85.777291693,1,11,245,140,48,92,196,247,222,driving,DoS
85.777541693,0,152,64,50,166,32,94,207,10,driving,DoS
85.777791693,1,201,250,32,63,106,60,92,92,driving,DoS
85.778041693,0,2,228,160,62,20,65,105,82,driving,DoS
85.778291693,1,44,131,17,43,63,152,186,87,driving,DoS
85.778541693,0,216,0,127,153,23,150,227,71,driving,DoS
85.778791693,1,251,160,180,107,50,22,121,18,driving,DoS
85.779041693,0,96,72,153,110,68,110,183,142,driving,DoS
85.779291693,1,65,216,38,130,133,195,83,204,driving,DoS
85.779541693,0,233,42,130,217,73,104,36,137,driving,DoS
85.779791693,1,98,190,83,214,78,161,222,194,driving,DoS
85.780041693,0,13,126,39,138,63,56,208,33,driving,DoS
85.780291693,1,168,45,185,170,139,74,115,140,driving,DoS
85.780541693,0,5,50,193,113,193,53,63,89,driving,DoS
85.780791693,1,156,250,48,178,144,138,50,24,driving,DoS
85.781041693,0,87,162,199,92,176,206,244,65,driving,DoS
85.781291693,1,132,4,79,64,73,193,136,27,driving,DoS
85.781541693,0,189,127,214,234,93,224,181,239,driving,DoS
85.781791693,1,146,141,219,117,156,44,156,208,driving,DoS
85.782041693,0,160,46,40,39,122,47,84,29,driving,DoS
85.782291693,1,43,146,252,5,217,69,245,254,driving,DoS
85.782541693,0,63,207,7,97,3,217,176,125,driving,DoS
85.782791693,1,21,229,86,115,89,38,187,68,driving,DoS
85.783041693,0,180,26,216,253,194,87,191,57,driving,DoS
85.783227932,316,0,128,30,51,0,50,5,0,driving,none
85.783291693,1,173,127,60,148,153,247,150,135,driving,DoS
85.783541693,0,109,1,201,111,156,18,237,249,driving,DoS
85.783791693,1,29,182,3,235,168,152,181,54,driving,DoS
85.784041693,0,2,179,95,205,181,4,51,220,driving,DoS
85.784291693,1,251,101,43,78,210,63,249,3,driving,DoS
85.784541693,0,79,128,115,240,202,191,153,186,driving,DoS
85.784791693,1,219,93,137,55,224,224,82,71,driving,DoS
85.785041693,0,181,222,2,183,101,56,97,145,driving,DoS
85.785291693,1,20,68,202,215,169,16,82,101,driving,DoS
85.785541693,0,245,136,60,215,250,253,65,166,driving,DoS
85.785791693,1,204,199,67,56,55,10,64,79,driving,DoS
85.786041693,0,176,6,121,26,175,219,4,222,driving,DoS
85.786291693,1,245,148,144,248,42,219,126,78,driving,DoS
85.786541693,0,95,127,143,58,134,126,219,101,driving,DoS
85.786791693,1,242,52,92,96,76,117,61,67,driving,DoS
85.787041693,0,205,19,140,98,74,218,9,102,driving,DoS
85.787291693,1,46,26,194,208,156,118,113,172,driving,DoS
85.787541693,0,218,245,31,218,26,155,56,137,driving,DoS
85.787791693,1,186,143,179,214,126,163,24,93,driving,DoS
85.788041693,0,20,0,26,164,108,146,241,143,driving,DoS
85.788291693,1,51,220,94,129,251,186,171,155,driving,DoS
85.788541693,0,57,49,6,66,169,184,185,190,driving,DoS
85.788791693,1,121,141,107,196,44,54,66,61,driving,DoS
85.789041693,0,21,97,98,228,50,38,175,154,driving,DoS
85.789291693,1,242,103,78,22,65,98,214,129,driving,DoS
85.789541693,0,177,187,229,60,223,34,247,214,driving,DoS
85.789791693,1,11,85,140,66,148,23,31,97,driving,DoS
85.790041693,0,203,253,38,84,224,196,199,205,driving,DoS
85.790291693,1,139,105,94,1,81,111,4,233,driving,DoS
85.790541693,0,132,155,112,151,137,60,87,114,driving,DoS
85.790791693,1,23,121,149,20,75,142,68,138,driving,DoS
85.791041693,0,26,127,107,59,0,177,188,166,driving,DoS
85.791291693,1,42,135,68,209,150,166,29,5,driving,DoS
85.791541693,0,182,112,143,90,131,8,54,195,driving,DoS
85.791791693,1,131,105,226,112,166,137,104,202,driving,DoS
85.792041693,0,79,228,118,222,188,75,245,47,driving,DoS
85.792291693,1,253,92,235,94,90,96,251,92,driving,DoS
85.792541693,0,144,10,158,83,90,201,96,35,driving,DoS
85.792791693,1,73,36,218,125,232,206,51,70,driving,DoS
85.793041693,0,6,51,193,196,10,56,6,22,driving,DoS
85.793291693,1,67,127,42,137,73,6,4,54,driving,DoS
85.793541693,0,173,43,103,71,245,227,83,157,driving,DoS
85.793791693,1,169,245,79,124,28,136,63,10,driving,DoS
85.794041693,0,22,52,151,52,212,72,0,114,driving,DoS
85.794291693,1,12,116,218,197,75,180,146,115,driving,DoS
85.794541693,0,196,57,251,86,56,114,52,144,driving,DoS
85.794791693,1,182,39,170,60,184,43,22,77,driving,DoS
85.795041693,0,91,219,171,92,217,76,154,146,driving,DoS
85.795291693,1,178,53,138,255,188,135,39,1,driving,DoS
85.795541693,0,76,75,163,75,199,228,244,34,driving,DoS
85.795791693,1,57,218,142,74,46,165,65,93,driving,DoS
85.796041693,0,197,180,163,253,217,246,211,170,driving,DoS
85.796291693,1,70,125,196,214,254,252,117,196,driving,DoS
85.796541693,0,42,215,112,44,120,185,1,104,driving,DoS
85.796791693,1,8,185,242,68,56,30,178,184,driving,DoS
85.797041693,0,71,150,235,73,215,124,107,114,driving,DoS
85.797291693,1,28,70,60,73,193,13,217,190,driving,DoS
85.797541693,0,27,54,37,244,80,15,75,187,driving,DoS
85.797791693,1,72,40,125,39,6,213,76,93,driving,DoS
85.798041693,0,240,71,153,240,210,172,227,6,driving,DoS
85.798291693,1,146,56,79,30,16,88,82,5,driving,DoS
85.798541693,0,202,216,232,132,156,116,216,80,driving,DoS
85.798791693,1,139,47,193,64,108,205,28,112,driving,DoS
85.799041693,0,200,94,39,239,244,160,207,194,driving,DoS
85.799291693,1,84,27,190,217,99,138,55,53,driving,DoS
85.799541693,0,39,185,171,14,122,144,83,54,driving,DoS
85.799791693,1,33,108,5,158,96,103,16,123,driving,DoS
85.800041693,0,137,43,22,247,23,24,161,47,driving,DoS
85.800291693,1,158,4,182,144,203,99,161,200,driving,DoS
85.800541693,0,182,66,49,169,208,51,76,12,driving,DoS
85.800791693,1,195,244,19,148,82,77,237,40,driving,DoS
85.801041693,0,47,118,110,72,82,174,229,67,driving,DoS
85.801291693,1,173,148,184,220,20,198,122,106,driving,DoS
85.801541693,0,38,78,254,49,7,73,158,44,driving,DoS
85.801791693,1,255,48,232,160,86,151,82,34,driving,DoS
85.802041693,0,143,186,180,45,36,91,235,132,driving,DoS
85.802291693,1,242,131,226,71,63,249,20,186,driving,DoS
85.802541693,0,146,205,209,66,225,187,160,191,driving,DoS
85.802791693,1,42,211,230,134,21,29,125,4,driving,DoS
85.803041693,0,79,53,148,192,81,204,37,114,driving,DoS
85.803227932,329,0,128,30,51,0,50,5,0,driving,none
85.803291693,1,198,236,47,178,238,239,238,55,driving,DoS
85.803541693,0,43,92,55,203,221,102,205,168,driving,DoS
85.803791693,1,33,162,175,248,108,243,58,142,driving,DoS
85.804041693,0,232,19,79,240,74,109,163,16,driving,DoS
85.804291693,1,194,31,185,220,242,109,27,108,driving,DoS
85.804541693,0,11,216,138,129,90,42,72,35,driving,DoS
85.804791693,1,140,207,41,152,231,214,109,132,driving,DoS
85.805041693,0,94,27,47,219,175,152,84,101,driving,DoS
85.805291693,1,178,214,246,243,82,223,181,199,driving,DoS
85.805541693,0,5,101,39,74,165,162,7,77,driving,DoS
85.805791693,1,234,75,255,162,58,208,134,1,driving,DoS
85.806041693,0,230,64,230,49,18,111,96,215,driving,DoS
85.806291693,1,85,193,110,178,107,97,7,189,driving,DoS
85.806541693,0,186,8,154,157,63,255,233,211,driving,DoS
85.806791693,1,210,180,180,218,171,58,90,234,driving,DoS
85.807041693,0,219,191,90,83,223,195,145,223,driving,DoS
85.807291693,1,145,50,44,53,45,8,210,53,driving,DoS
85.807541693,0,254,51,227,16,148,215,108,114,driving,DoS
85.807791693,1,232,195,58,100,240,63,179,237,driving,DoS
85.808041693,0,211,202,3,191,114,145,137,135,driving,DoS
85.808291693,1,157,212,123,2,212,16,7,13,driving,DoS
85.808541693,0,78,191,162,171,87,220,123,200,driving,DoS
85.808791693,1,98,201,26,219,65,199,88,206,driving,DoS
85.809041693,0,162,81,223,118,50,64,60,200,driving,DoS
85.809291693,1,133,81,165,104,47,47,13,223,driving,DoS
85.809541693,0,5,78,14,40,195,12,66,232,driving,DoS
85.809791693,1,183,95,122,113,152,99,125,193,driving,DoS
85.810041693,0,133,26,140,42,73,11,52,56,driving,DoS
85.810291693,1,235,62,54,72,144,134,92,47,driving,DoS
85.810541693,0,39,253,185,106,200,51,251,11,driving,DoS
85.810791693,1,211,37,249,39,107,214,192,160,driving,DoS
85.811041693,0,230,82,92,152,5,91,16,60,driving,DoS
85.811291693,1,175,177,247,2,81,130,62,98,driving,DoS
85.811541693,0,15,11,78,110,186,58,111,15,driving,DoS
85.811791693,1,167,70,112,42,64,137,140,246,driving,DoS
85.812041693,0,102,47,178,150,239,253,223,204,driving,DoS
85.812291693,1,98,128,88,101,143,201,52,159,driving,DoS
85.812541693,0,84,105,249,221,228,216,139,163,driving,DoS
85.812791693,1,55,196,219,102,180,191,32,230,driving,DoS
85.813041693,0,85,17,129,209,150,180,203,15,driving,DoS
85.813291693,1,58,92,165,219,95,183,125,37,driving,DoS
85.813541693,0,110,190,190,74,160,62,4,163,driving,DoS
85.813791693,1,5,168,109,238,164,119,33,197,driving,DoS
85.814041693,0,145,108,111,52,142,38,215,222,driving,DoS
85.814291693,1,162,163,101,100,25,252,255,23,driving,DoS
85.814541693,0,140,215,61,63,231,87,167,196,driving,DoS
85.814791693,1,121,10,145,9,2,236,145,67,driving,DoS
85.815041693,0,206,18,20,172,8,35,240,48,driving,DoS
85.815291693,1,212,154,140,162,177,204,40,160,driving,DoS
85.815541693,0,252,24,201,152,232,252,62,191,driving,DoS
85.815791693,1,52,14,114,24,5,71,53,165,driving,DoS
85.816041693,0,223,115,87,45,97,188,2,26,driving,DoS
85.816291693,1,132,22,56,24,155,38,135,168,driving,DoS
85.816541693,0,194,138,87,70,235,61,64,163,driving,DoS
85.816791693,1,75,211,228,62,123,244,250,143,driving,DoS
85.817041693,0,164,247,115,47,135,151,42,180,driving,DoS
85.817291693,1,124,105,39,38,253,30,108,6,driving,DoS
85.817541693,0,110,239,197,96,249,53,174,106,driving,DoS
85.817791693,1,160,159,232,78,54,66,112,186,driving,DoS
85.818041693,0,197,231,103,204,96,35,142,216,driving,DoS
85.818291693,1,84,157,52,75,236,54,56,123,driving,DoS
85.818541693,0,8,235,95,136,14,243,231,180,driving,DoS
85.818791693,1,135,60,43,181,220,108,77,203,driving,DoS
85.819041693,0,220,170,27,225,139,189,50,25,driving,DoS
85.819291693,1,195,216,99,150,96,206,90,141,driving,DoS
85.819541693,0,252,221,55,25,127,56,112,58,driving,DoS
85.819791693,1,27,18,136,122,33,51,141,115,driving,DoS
85.820041693,0,207,200,201,51,112,137,253,105,driving,DoS
85.820291693,1,87,104,177,147,147,1,48,94,driving,DoS
85.820541693,0,244,156,122,87,161,35,85,95,driving,DoS
85.820791693,1,170,233,72,6,242,219,171,10,driving,DoS
85.821041693,0,90,135,39,87,4,180,242,0,driving,DoS
85.821291693,1,250,126,241,56,23,8,148,116,driving,DoS
85.821541693,0,85,75,48,51,155,171,231,251,driving,DoS
85.821791693,1,179,131,249,129,186,234,6,180,driving,DoS
85.822041693,0,154,170,247,57,138,10,75,210,driving,DoS
85.822291693,1,112,72,182,254,15,125,220,184,driving,DoS
85.822541693,0,105,45,99,193,55,140,230,89,driving,DoS
85.822791693,1,135,178,169,200,213,141,158,97,driving,DoS
85.823041693,0,21,175,62,221,232,177,147,56,driving,DoS
85.823227932,545,0,128,30,51,0,50,5,0,driving,none
85.823291693,1,4,255,75,238,76,148,83,155,driving,DoS
85.823541693,0,249,147,33,150,7,232,20,111,driving,DoS
85.823791693,1,144,63,27,250,156,2,220,180,driving,DoS
85.824041693,0,0,25,128,70,179,145,79,44,driving,DoS
85.824291693,1,138,73,100,221,41,148,112,16,driving,DoS
85.824541693,0,242,181,127,197,216,204,50,133,driving,DoS
85.824791693,1,154,159,88,223,165,71,102,128,driving,DoS
85.825041693,0,69,213,102,154,156,43,152,236,driving,DoS
85.825291693,1,93,192,223,49,70,226,160,183,driving,DoS
85.825541693,0,239,181,218,238,215,210,236,14,driving,DoS
85.825791693,1,13,215,45,71,154,124,191,65,driving,DoS
85.826041693,0,150,27,201,64,206,3,236,235,driving,DoS
85.826291693,1,27,43,28,138,54,170,49,148,driving,DoS
85.826541693,0,246,169,31,62,27,104,73,253,driving,DoS
85.826791693,1,69,114,79,154,159,3,248,102,driving,DoS
85.827041693,0,58,34,0,78,61,49,126,104,driving,DoS
85.827291693,1,53,242,12,227,200,28,62,153,driving,DoS
85.827541693,0,207,247,94,120,133,224,63,221,driving,DoS
85.827791693,1,74,11,94,72,123,87,102,243,driving,DoS
85.828041693,0,245,148,148,51,252,188,140,200,driving,DoS
85.828291693,1,197,54,237,213,217,75,14,145,driving,DoS
85.828541693,0,234,61,199,5,155,17,227,21,driving,DoS
85.828791693,1,181,71,239,234,141,4,81,183,driving,DoS
85.829041693,0,107,178,199,32,89,77,180,173,driving,DoS
85.829291693,1,235,71,142,155,201,34,247,192,driving,DoS
85.829541693,0,241,92,132,66,165,178,206,34,driving,DoS
85.829791693,1,23,15,81,118,49,54,255,243,driving,DoS
85.830041693,0,165,118,121,53,89,196,215,32,driving,DoS
85.830291693,1,31,128,58,19,37,226,191,15,driving,DoS
85.830541693,0,89,164,55,230,193,68,102,100,driving,DoS
85.830791693,1,129,251,224,146,115,103,82,222,driving,DoS
85.831041693,0,98,44,12,49,104,17,71,2,driving,DoS
85.831291693,1,184,208,36,174,94,254,97,106,driving,DoS
85.831541693,0,242,180,182,70,34,224,218,192,driving,DoS
85.831791693,1,36,40,65,152,51,60,255,118,driving,DoS
85.832041693,0,26,169,11,114,148,128,199,183,driving,DoS
85.832291693,1,34,80,147,38,123,159,204,29,driving,DoS
85.832541693,0,56,241,134,15,16,173,215,133,driving,DoS
85.832791693,1,102,171,30,71,104,168,31,120,driving,DoS
85.833041693,0,252,37,18,177,36,213,41,245,driving,DoS
85.833291693,1,66,138,21,53,18,254,115,179,driving,DoS
85.833541693,0,220,244,155,116,10,28,13,100,driving,DoS
85.833791693,1,194,9,246,26,198,193,64,220,driving,DoS
85.834041693,0,218,70,59,224,60,188,180,99,driving,DoS
85.834291693,1,175,223,29,121,118,47,5,116,driving,DoS
85.834541693,0,211,23,7,127,29,39,29,64,driving,DoS
85.834791693,1,224,92,144,22,160,179,125,149,driving,DoS
85.835041693,0,66,203,245,62,39,39,128,105,driving,DoS
85.835291693,1,253,182,112,227,154,187,149,125,driving,DoS
85.835541693,0,136,163,53,27,177,210,248,143,driving,DoS
85.835791693,1,40,104,70,118,156,107,62,190,driving,DoS
85.836041693,0,72,18,120,225,232,58,10,255,driving,DoS
85.836291693,1,17,138,142,196,153,43,30,142,driving,DoS
85.836541693,0,196,253,9,195,196,227,22,114,driving,DoS
85.836791693,1,105,194,94,220,26,156,16,178,driving,DoS
85.837041693,0,13,172,134,110,14,174,222,218,driving,DoS
85.837291693,1,29,55,198,147,237,217,133,83,driving,DoS
85.837541693,0,195,239,121,67,7,143,140,43,driving,DoS
85.837791693,1,127,151,172,202,19,140,185,137,driving,DoS
85.838041693,0,128,6,63,157,164,135,91,227,driving,DoS
85.838291693,1,236,8,225,4,238,18,183,245,driving,DoS
85.838541693,0,111,209,29,40,141,160,32,225,driving,DoS
85.838791693,1,92,132,141,132,253,65,116,89,driving,DoS
85.839041693,0,75,25,119,58,19,94,225,162,driving,DoS
85.839291693,1,21,116,31,132,131,8,180,22,driving,DoS
85.839541693,0,120,179,55,39,227,57,39,121,driving,DoS
85.839791693,1,104,166,190,212,36,218,144,73,driving,DoS
85.840041693,0,12,167,184,171,208,191,240,150,driving,DoS
85.840291693,1,15,82,188,22,148,76,13,54,driving,DoS
85.840541693,0,108,160,176,110,193,16,76,195,driving,DoS
85.840791693,1,40,39,114,214,62,26,241,225,driving,DoS
85.841041693,0,162,137,99,150,124,168,124,185,driving,DoS
85.841291693,1,118,233,161,59,123,227,209,185,driving,DoS
85.841541693,0,40,180,39,185,247,117,229,214,driving,DoS
85.841791693,1,117,64,125,208,70,133,146,174,driving,DoS
85.842041693,0,160,60,41,209,215,75,253,101,driving,DoS
85.842291693,1,92,232,7,85,61,214,134,240,driving,DoS
85.842541693,0,51,64,17,220,12,85,37,67,driving,DoS
85.842791693,1,198,216,181,65,205,123,150,60,driving,DoS
85.843041693,0,172,172,55,23,37,181,229,209,driving,DoS
85.843291693,1,230,223,148,244,68,93,42,77,driving,DoS
85.843541693,0,3,189,232,194,164,224,90,143,driving,DoS
85.843791693,1,49,118,152,252,174,24,218,146,driving,DoS
85.844041693,0,165,196,163,91,73,21,107,220,driving,DoS
85.844291693,1,142,160,50,177,145,84,60,147,driving,DoS
85.844541693,0,140,249,224,114,86,147,132,54,driving,DoS
85.844791693,1,118,142,72,49,105,86,14,20,driving,DoS
85.845041693,0,99,3,250,13,189,104,144,218,driving,DoS
85.845291693,1,227,64,232,151,56,61,227,221,driving,DoS
85.845541693,0,252,134,44,70,142,59,181,40,driving,DoS
85.845791693,1,113,38,167,80,171,141,232,37,driving,DoS
85.846041693,0,161,19,221,51,162,97,18,4,driving,DoS
85.846291693,1,125,70,192,112,100,135,240,77,driving,DoS
85.846541693,0,248,95,254,144,67,101,45,109,driving,DoS
85.846791693,1,1,222,34,251,106,91,19,214,driving,DoS
85.847041693,0,134,194,120,178,247,92,153,118,driving,DoS
85.847291693,1,149,248,250,200,182,246,151,49,driving,DoS
85.847541693,0,112,57,147,214,228,166,126,217,driving,DoS
85.847791693,1,59,90,237,163,58,177,203,65,driving,DoS
85.848041693,0,247,250,210,120,14,148,137,110,driving,DoS
85.848291693,1,209,31,165,133,162,210,200,226,driving,DoS
85.848541693,0,217,204,133,27,137,248,112,173,driving,DoS
85.848791693,1,23,157,229,209,113,85,105,56,driving,DoS
85.849041693,0,168,66,10,10,194,46,170,180,driving,DoS
85.849291693,1,32,25,107,185,101,80,202,117,driving,DoS
85.849541693,0,148,82,191,169,211,110,127,6,driving,DoS
85.849791693,1,18,10,52,203,248,21,80,144,driving,DoS
85.850041693,0,154,12,117,126,17,139,63,193,driving,DoS
85.850291693,1,205,67,138,43,39,37,212,10,driving,DoS
85.850541693,0,7,77,48,200,99,159,165,217,driving,DoS
85.850791693,1,11,154,140,234,103,51,135,241,driving,DoS
85.851041693,0,192,149,219,47,113,208,142,247,driving,DoS
85.851291693,1,145,125,195,8,254,201,190,55,driving,DoS
85.851541693,0,231,114,12,203,118,228,189,244,driving,DoS
85.851791693,1,55,159,170,73,42,48,86,106,driving,DoS
85.852041693,0,250,127,42,72,206,242,119,30,driving,DoS
85.852291693,1,252,129,210,159,172,77,18,164,driving,DoS
85.852541693,0,208,2,137,107,250,255,160,120,driving,DoS
85.852791693,1,164,236,247,41,53,217,39,192,driving,DoS
85.853041693,0,65,6,82,62,85,101,224,58,driving,DoS
85.853291693,1,19,217,253,87,249,71,214,204,driving,DoS
85.853541693,0,4,151,60,222,150,138,165,190,driving,DoS
85.853791693,1,84,72,148,104,190,128,241,236,driving,DoS
85.854041693,0,107,169,69,84,242,5,162,213,driving,DoS
85.854291693,1,91,76,240,34,2,159,96,102,driving,DoS
85.854541693,0,48,234,169,48,31,239,80,34,driving,DoS
85.854791693,1,179,115,176,7,98,140,145,218,driving,DoS
85.855041693,0,156,188,206,130,103,39,78,52,driving,DoS
85.855291693,1,110,143,91,134,52,64,196,169,driving,DoS
85.855541693,0,141,242,107,86,1,118,110,46,driving,DoS
85.855791693,1,75,73,84,243,0,165,39,26,driving,DoS
85.856041693,0,70,225,217,241,167,154,60,123,driving,DoS
85.856291693,1,201,193,197,242,181,159,162,40,driving,DoS
85.856541693,0,109,85,142,73,223,226,250,128,driving,DoS
85.856791693,1,61,222,178,91,12,187,238,177,driving,DoS
85.857041693,0,217,109,97,195,191,91,5,100,driving,DoS
85.857291693,1,226,184,99,2,158,168,48,188,driving,DoS
85.857541693,0,129,6,139,17,140,245,203,22,driving,DoS
85.857791693,1,129,140,29,15,241,232,251,88,driving,DoS
85.858041693,0,242,53,19,189,14,78,90,67,driving,DoS
85.858291693,1,42,214,61,28,227,31,160,49,driving,DoS
85.858541693,0,142,99,8,170,162,86,187,7,driving,DoS
85.858791693,1,206,213,31,33,98,75,136,42,driving,DoS
85.859041693,0,88,227,22,141,101,209,88,1,driving,DoS
85.859291693,1,159,140,179,60,174,238,44,237,driving,DoS
85.859541693,0,45,59,46,93,44,95,162,10,driving,DoS
85.859791693,1,86,5,111,191,235,41,126,157,driving,DoS
85.860041693,0,97,67,158,27,194,146,91,142,driving,DoS
85.860291693,1,71,161,211,115,96,139,102,90,driving,DoS
85.860541693,0,151,132,225,135,47,250,181,186,driving,DoS
85.860791693,1,178,230,87,18,197,79,107,222,driving,DoS
85.861041693,0,177,147,106,175,137,46,107,132,driving,DoS
85.861291693,1,111,239,133,16,59,95,243,71,driving,DoS
85.861541693,0,239,165,190,193,17,165,53,183,driving,DoS
85.861791693,1,4,81,215,243,171,172,51,95,driving,DoS
85.862041693,0,183,156,83,239,95,11,224,233,driving,DoS
85.862291693,1,222,204,242,124,129,191,172,247,driving,DoS
85.862541693,0,205,153,20,119,55,215,218,137,driving,DoS
85.862791693,1,205,14,83,85,153,101,71,66,driving,DoS
85.863041693,0,170,27,46,158,72,177,234,202,driving,DoS
85.863291693,1,84,235,0,75,102,88,154,157,driving,DoS
85.863541693,0,41,94,120,104,223,46,125,78,driving,DoS
85.863791693,1,191,2,244,81,176,51,241,201,driving,DoS
85.864041693,0,108,241,192,237,124,49,198,65,driving,DoS
85.864291693,1,162,68,204,167,144,217,201,36,driving,DoS
85.864541693,0,177,250,13,113,91,120,188,185,driving,DoS
85.864791693,1,174,0,203,39,117,70,255,96,driving,DoS
85.865041693,0,22,108,154,222,47,173,196,92,driving,DoS
85.865291693,1,217,77,145,159,198,246,17,133,driving,DoS
85.865541693,0,215,91,83,203,54,238,42,177,driving,DoS
85.865791693,1,51,207,6,82,163,65,196,232,driving,DoS
85.866041693,0,5,248,205,216,27,155,217,132,driving,DoS
85.866291693,1,59,230,190,242,171,186,57,91,driving,DoS
85.866541693,0,217,196,40,76,3,172,132,101,driving,DoS
85.866791693,1,232,222,24,237,144,20,62,250,driving,DoS
85.867041693,0,235,187,25,189,129,217,172,151,driving,DoS
85.867291693,1,12,136,91,150,182,213,8,228,driving,DoS
85.867541693,0,166,152,18,57,182,18,202,127,driving,DoS
85.867791693,1,89,43,48,64,74,252,220,140,driving,DoS
85.868041693,0,176,234,124,234,20,39,167,190,driving,DoS
85.868291693,1,19,75,51,195,40,172,154,216,driving,DoS
85.868541693,0,205,11,94,131,40,221,59,98,driving,DoS
85.868791693,1,133,155,124,25,191,242,110,223,driving,DoS
85.869041693,0,140,95,141,23,204,92,145,139,driving,DoS
85.869291693,1,2,208,106,9,212,66,140,136,driving,DoS
85.869541693,0,236,162,49,113,115,9,166,113,driving,DoS
85.869791693,1,32,147,235,215,168,199,243,6,driving,DoS
85.870041693,0,175,174,163,177,227,77,236,255,driving,DoS
85.870291693,1,107,87,199,130,206,16,40,249,driving,DoS
85.870541693,0,176,42,106,189,155,149,161,231,driving,DoS
85.870791693,1,239,15,79,85,180,220,212,11,driving,DoS
85.871041693,0,145,251,120,192,67,193,63,49,driving,DoS
85.871291693,1,202,111,108,56,148,91,81,205,driving,DoS
85.871541693,0,209,180,111,214,142,163,185,54,driving,DoS
85.871791693,1,162,200,115,206,253,237,146,230,driving,DoS
85.872041693,0,80,90,204,147,1,171,237,88,driving,DoS
85.872291693,1,50,196,214,214,210,96,14,114,driving,DoS
85.872541693,0,70,41,209,11,166,127,85,241,driving,DoS
85.872791693,1,46,189,11,199,98,82,234,188,driving,DoS
85.873041693,0,122,89,241,102,165,67,150,33,driving,DoS
85.873291693,1,15,105,236,235,125,227,123,90,driving,DoS
85.873541693,0,236,56,169,81,125,236,35,3,driving,DoS
85.873791693,1,16,208,240,197,36,213,133,61,driving,DoS
85.874041693,0,12,224,246,30,149,203,20,186,driving,DoS
85.874291693,1,204,225,219,63,53,74,134,57,driving,DoS
85.874541693,0,86,187,211,173,72,124,247,107,driving,DoS
85.874791693,1,135,49,168,37,234,251,125,133,driving,DoS
85.875041693,0,175,151,227,169,230,132,140,18,driving,DoS
85.875291693,1,71,75,147,13,113,189,185,149,driving,DoS
85.875541693,0,157,81,156,243,225,150,79,65,driving,DoS
85.875791693,1,75,149,196,131,116,14,108,155,driving,DoS
85.876041693,0,75,6,132,186,207,244,87,176,driving,DoS
85.876291693,1,79,160,191,193,248,86,246,89,driving,DoS
85.876541693,0,247,194,7,33,175,115,158,105,driving,DoS
85.876791693,1,114,76,142,61,100,182,255,235,driving,DoS
85.877041693,0,6,116,103,186,16,204,50,168,driving,DoS
85.877291693,1,34,138,40,28,228,126,125,131,driving,DoS
85.877541693,0,93,125,116,233,90,20,136,142,driving,DoS
85.877791693,1,46,97,32,67,155,31,106,116,driving,DoS
85.878041693,0,124,244,237,50,26,163,37,100,driving,DoS
85.878291693,1,244,59,226,42,243,101,51,110,driving,DoS
85.878541693,0,249,153,4,220,57,226,99,233,driving,DoS
85.878791693,1,0,128,208,138,252,90,168,247,driving,DoS
85.879041693,0,145,153,135,127,174,140,158,225,driving,DoS
85.879291693,1,57,93,249,3,163,240,253,83,driving,DoS
85.879541693,0,91,33,221,155,48,226,175,93,driving,DoS
85.879791693,1,99,55,118,109,157,156,163,241,driving,DoS
85.880041693,0,52,153,107,79,165,80,98,202,driving,DoS
85.880291693,1,87,80,80,166,242,213,137,117,driving,DoS
85.880541693,0,134,241,155,189,74,156,170,181,driving,DoS
85.880791693,1,161,230,157,217,201,213,2,206,driving,DoS
85.881041693,0,28,209,181,71,233,140,9,103,driving,DoS
85.881291693,1,106,131,150,191,12,164,218,195,driving,DoS
85.881541693,0,166,102,110,225,140,54,38,124,driving,DoS
85.881791693,1,82,166,245,240,23,199,249,127,driving,DoS
85.882041693,0,143,192,30,51,28,175,141,189,driving,DoS
85.882291693,1,224,145,56,241,68,37,166,211,driving,DoS
85.882541693,0,77,77,153,102,45,224,125,167,driving,DoS
85.882791693,1,133,149,11,71,34,160,184,228,driving,DoS
85.883041693,0,109,94,164,239,116,235,185,170,driving,DoS
85.883291693,1,101,132,130,11,71,61,210,218,driving,DoS
85.883541693,0,202,249,24,30,191,8,223,16,driving,DoS
85.883791693,1,167,251,144,170,34,38,47,57,driving,DoS
85.884041693,0,81,44,239,97,37,220,141,238,driving,DoS
85.884291693,1,231,77,169,37,93,173,232,221,driving,DoS
85.884541693,0,10,205,150,3,199,9,4,115,driving,DoS
85.884791693,1,165,218,77,132,114,167,234,102,driving,DoS
85.885041693,0,181,78,96,75,105,157,92,51,driving,DoS
85.885291693,1,13,20,65,178,35,167,161,117,driving,DoS
85.885541693,0,106,103,155,83,217,138,119,111,driving,DoS
85.885791693,1,181,13,70,225,63,192,13,227,driving,DoS
85.886041693,0,106,194,25,228,224,204,101,105,driving,DoS
85.886291693,1,194,63,47,89,62,83,107,61,driving,DoS
85.886541693,0,250,183,162,212,97,107,46,184,driving,DoS
85.886791693,1,244,130,57,233,8,3,194,215,driving,DoS
85.887041693,0,204,51,181,184,158,33,222,153,driving,DoS
85.887291693,1,117,43,199,241,8,140,165,23,driving,DoS
85.887541693,0,72,127,90,4,65,79,71,240,driving,DoS
85.887791693,1,19,31,107,150,190,212,80,214,driving,DoS
85.888041693,0,88,89,77,92,186,56,83,15,driving,DoS
85.888291693,1,254,104,156,206,191,135,164,14,driving,DoS
85.888541693,0,13,169,14,240,17,73,208,23,driving,DoS
85.888791693,1,193,86,80,51,7,178,114,47,driving,DoS
85.889041693,0,214,33,57,243,237,212,225,68,driving,DoS
85.889291693,1,0,159,243,240,131,65,165,187,driving,DoS
85.889541693,0,49,244,252,100,64,112,66,73,driving,DoS
85.889791693,1,115,42,48,206,144,53,127,115,driving,DoS
85.890041693,0,128,94,154,168,236,136,67,167,driving,DoS
85.890291693,1,216,191,74,17,197,24,101,93,driving,DoS
85.890541693,0,7,73,17,121,82,203,165,5,driving,DoS
85.890791693,1,246,247,176,96,207,231,109,232,driving,DoS
85.891041693,0,134,225,60,143,172,172,95,130,driving,DoS
85.891291693,1,174,249,233,49,175,134,32,187,driving,DoS
85.891541693,0,218,13,64,48,116,234,56,61,driving,DoS
85.891791693,1,151,64,177,157,231,223,42,93,driving,DoS
85.892041693,0,203,99,72,113,8,101,181,77,driving,DoS
85.892291693,1,24,185,117,85,191,81,51,84,driving,DoS
85.892541693,0,115,77,217,103,142,25,205,151,driving,DoS
85.892791693,1,199,215,243,239,164,69,153,0,driving,DoS
85.893041693,0,38,128,159,106,34,30,210,71,driving,DoS
85.893291693,1,73,246,82,124,200,81,214,200,driving,DoS
85.893541693,0,99,127,179,36,115,141,71,205,driving,DoS
85.893791693,1,63,77,105,227,72,141,167,5,driving,DoS
85.894041693,0,60,159,52,241,118,224,152,63,driving,DoS
85.894291693,1,232,78,36,174,139,20,195,130,driving,DoS
85.894541693,0,57,238,218,86,249,149,115,52,driving,DoS
85.894791693,1,45,185,123,253,221,215,29,53,driving,DoS
85.895041693,0,143,141,128,168,214,128,182,42,driving,DoS
85.895291693,1,6,51,248,124,253,113,222,136,driving,DoS
85.895541693,0,53,249,192,195,21,55,50,48,driving,DoS
85.895791693,1,60,122,184,215,201,20,177,225,driving,DoS
85.896041693,0,235,19,204,221,13,110,92,12,driving,DoS
85.896291693,1,168,50,149,211,14,233,129,183,driving,DoS
85.896541693,0,176,180,127,141,228,24,166,234,driving,DoS
85.896791693,1,134,82,107,164,205,178,88,255,driving,DoS
85.897041693,0,45,170,180,116,162,156,51,46,driving,DoS
85.897291693,1,207,160,254,95,195,103,135,248,driving,DoS
85.897541693,0,179,172,224,185,81,86,165,8,driving,DoS
85.897791693,1,57,97,158,151,91,203,38,101,driving,DoS
85.898041693,0,47,46,207,134,74,174,181,203,driving,DoS
85.898291693,1,68,197,53,150,42,165,115,226,driving,DoS
85.898541693,0,20,125,79,140,13,253,114,112,driving,DoS
85.898791693,1,125,115,225,110,74,6,151,124,driving,DoS
85.899041693,0,10,247,224,212,98,211,95,204,driving,DoS
85.899291693,1,198,133,186,134,220,189,186,120,driving,DoS
85.899541693,0,163,182,39,68,164,126,65,49,driving,DoS
85.899791693,1,243,160,53,116,178,114,238,137,driving,DoS
85.900041693,0,27,235,224,254,223,33,87,11,driving,DoS
85.900291693,1,229,29,177,244,75,32,181,33,driving,DoS
85.900541693,0,141,129,14,251,220,68,202,110,driving,DoS
85.900791693,1,231,158,155,169,119,208,73,161,driving,DoS
85.901041693,0,3,27,183,61,36,32,211,82,driving,DoS
85.901291693,1,99,127,91,92,15,253,61,169,driving,DoS
85.901541693,0,45,48,206,198,208,195,242,70,driving,DoS
85.901791693,1,175,93,49,159,181,90,220,129,driving,DoS
85.902041693,0,255,46,94,133,205,102,116,179,driving,DoS
85.902291693,1,41,173,231,48,131,10,31,30,driving,DoS
85.902541693,0,191,48,86,0,6,2,167,196,driving,DoS
85.902791693,1,156,14,191,35,88,96,255,93,driving,DoS
85.903041693,0,111,176,49,79,191,90,225,90,driving,DoS
85.903291693,1,76,227,15,19,61,159,149,55,driving,DoS
85.903541693,0,178,92,85,51,254,98,79,172,driving,DoS
85.903791693,1,232,199,229,59,33,173,126,187,driving,DoS
85.904041693,0,72,122,251,96,206,21,183,30,driving,DoS
85.904291693,1,245,50,46,164,201,102,144,164,driving,DoS
85.904541693,0,69,229,101,149,218,206,222,193,driving,DoS
85.904791693,1,42,251,12,251,53,164,247,199,driving,DoS
85.905041693,0,156,254,147,28,21,96,45,157,driving,DoS
85.905291693,1,88,160,24,14,24,155,197,96,driving,DoS
85.905541693,0,180,26,222,91,189,22,109,50,driving,DoS
85.905791693,1,234,95,113,163,37,104,253,105,driving,DoS
85.906041693,0,7,23,195,105,59,148,2,123,driving,DoS
85.906291693,1,169,90,199,116,190,205,22,79,driving,DoS
85.906541693,0,72,126,132,216,158,104,139,209,driving,DoS
85.906791693,1,5,212,211,193,142,97,249,129,driving,DoS
85.907041693,0,5,202,21,229,65,114,36,58,driving,DoS
85.907291693,1,59,81,250,34,93,167,85,131,driving,DoS
85.907541693,0,203,145,146,145,133,55,61,202,driving,DoS
85.907791693,1,103,44,254,102,65,18,240,245,driving,DoS
85.908041693,0,55,57,117,19,198,94,42,34,driving,DoS
85.908291693,1,123,223,189,224,73,226,21,96,driving,DoS
85.908541693,0,107,162,22,7,78,174,128,89,driving,DoS
85.908791693,1,179,236,102,28,200,194,78,149,driving,DoS
85.909041693,0,32,115,94,99,171,224,12,225,driving,DoS
85.909291693,1,35,125,147,82,73,162,29,57,driving,DoS
85.909541693,0,33,209,8,86,164,189,19,73,driving,DoS
85.909791693,1,53,119,3,195,1,29,198,61,driving,DoS
85.910041693,0,114,18,37,10,243,197,144,198,driving,DoS
85.910291693,1,230,121,251,128,176,232,245,78,driving,DoS
85.910541693,0,232,184,114,73,146,89,198,131,driving,DoS
85.910791693,1,82,188,10,221,153,73,21,235,driving,DoS
85.911041693,0,210,116,205,64,180,106,207,215,driving,DoS
85.911291693,1,213,235,231,227,198,237,186,172,driving,DoS
85.911541693,0,166,204,68,105,125,111,97,99,driving,DoS
85.911791693,1,186,237,209,191,157,109,201,72,driving,DoS
85.912041693,0,240,55,231,153,211,26,102,111,driving,DoS
85.912291693,1,172,80,196,221,92,226,12,105,driving,DoS
85.912541693,0,197,88,139,79,205,101,77,210,driving,DoS
85.912791693,1,162,239,125,66,249,161,18,49,driving,DoS
85.913041693,0,33,43,10,4,27,169,46,160,driving,DoS
85.913291693,1,182,103,77,109,157,33,185,161,driving,DoS
85.913541693,0,228,243,173,89,148,155,51,81,driving,DoS
85.913791693,1,77,83,212,60,209,81,240,143,driving,DoS
85.914041693,0,127,58,75,227,49,20,69,195,driving,DoS
85.914291693,1,242,194,244,87,10,185,225,93,driving,DoS
85.914541693,0,229,10,251,176,173,43,189,35,driving,DoS
85.914791693,1,90,69,153,201,76,56,100,164,driving,DoS
85.915041693,0,149,42,181,253,8,213,86,186,driving,DoS
85.915291693,1,129,98,143,12,250,163,85,26,driving,DoS
85.915541693,0,122,156,134,229,221,172,20,139,driving,DoS
85.915791693,1,234,41,170,16,66,5,9,154,driving,DoS
85.916041693,0,194,102,240,194,198,18,138,192,driving,DoS
85.916291693,1,171,187,217,208,175,67,177,133,driving,DoS
85.916541693,0,98,250,144,136,42,230,43,163,driving,DoS
85.916791693,1,58,11,65,54,124,38,90,191,driving,DoS
85.917041693,0,33,78,121,44,38,4,6,174,driving,DoS
85.917291693,1,36,79,235,169,54,62,28,71,driving,DoS
85.917541693,0,102,41,95,46,46,1,221,119,driving,DoS
85.917791693,1,107,25,40,198,164,98,243,101,driving,DoS
85.918041693,0,253,95,240,147,31,226,94,3,driving,DoS
85.918291693,1,40,90,101,134,73,96,63,38,driving,DoS
85.918541693,0,96,95,164,116,83,202,151,211,driving,DoS
85.918791693,1,146,111,218,128,176,123,3,128,driving,DoS
85.919041693,0,144,82,33,31,32,252,176,30,driving,DoS
85.919291693,1,220,40,228,6,45,163,185,33,driving,DoS
85.919541693,0,134,163,230,183,245,189,255,153,driving,DoS
85.919791693,1,250,160,97,116,87,21,180,209,driving,DoS
85.920041693,0,238,236,166,206,237,237,231,78,driving,DoS
85.920291693,1,72,197,214,12,71,162,195,76,driving,DoS
85.920541693,0,204,187,7,222,88,77,94,111,driving,DoS
85.920791693,1,48,8,200,241,76,138,172,101,driving,DoS
85.921041693,0,11,254,200,81,155,142,116,97,driving,DoS
85.921291693,1,249,255,221,222,81,249,30,180,driving,DoS
85.921541693,0,54,34,165,244,148,72,120,253,driving,DoS
85.921791693,1,110,213,251,6,157,81,173,159,driving,DoS
85.922041693,0,219,62,66,144,174,191,65,189,driving,DoS
85.922291693,1,242,32,9,228,189,213,126,107,driving,DoS
85.922541693,0,167,119,160,243,143,174,169,99,driving,DoS
85.922791693,1,65,164,117,121,127,250,240,9,driving,DoS
85.923041693,0,160,48,196,75,164,41,251,236,driving,DoS
85.923291693,1,136,34,230,199,98,141,73,186,driving,DoS
85.923541693,0,30,242,126,114,1,167,182,247,driving,DoS
85.923791693,1,74,139,163,248,160,102,96,61,driving,DoS
85.924041693,0,151,31,99,144,127,192,216,5,driving,DoS
85.924291693,1,152,133,104,73,151,12,14,215,driving,DoS
85.924541693,0,40,188,238,75,228,195,80,227,driving,DoS
85.924791693,1,160,55,140,233,141,101,232,145,driving,DoS
85.925041693,0,83,65,165,8,63,26,167,244,driving,DoS
85.925291693,1,188,72,161,192,13,222,165,202,driving,DoS
85.925541693,0,91,167,17,144,165,20,28,67,driving,DoS
85.925791693,1,254,32,34,71,77,52,83,120,driving,DoS
85.926041693,0,47,184,182,173,41,211,175,35,driving,DoS
85.926291693,1,252,205,31,213,202,79,45,106,driving,DoS
85.926541693,0,229,81,59,133,116,122,28,12,driving,DoS
85.926791693,1,26,115,245,21,21,112,119,78,driving,DoS
85.927041693,0,70,163,165,198,202,9,148,252,driving,DoS
85.927291693,1,12,212,34,20,102,18,106,117,driving,DoS
85.927541693,0,251,3,178,41,188,84,203,108,driving,DoS
85.927791693,1,77,3,144,136,191,198,81,103,driving,DoS
85.928041693,0,131,171,100,167,133,201,61,146,driving,DoS
85.928291693,1,231,14,228,207,104,94,57,21,driving,DoS
85.928541693,0,198,54,105,102,152,109,155,184,driving,DoS
85.928791693,1,237,27,117,129,111,12,158,6,driving,DoS
85.929041693,0,110,92,170,105,255,198,167,234,driving,DoS
85.929291693,1,200,84,251,245,146,127,39,54,driving,DoS
85.929541693,0,0,15,25,5,140,0,155,227,driving,DoS
85.929791693,1,195,81,49,27,188,110,97,216,driving,DoS
85.930041693,0,190,38,143,213,11,152,17,61,driving,DoS
85.930291693,1,154,72,134,233,104,61,15,243,driving,DoS
85.930541693,0,89,7,57,44,120,233,139,138,driving,DoS
85.930791693,1,11,245,32,78,110,33,203,193,driving,DoS
85.931041693,0,15,19,254,221,238,211,89,6,driving,DoS
85.931291693,1,22,32,143,144,245,103,136,12,driving,DoS
85.931541693,0,139,96,120,229,0,22,222,250,driving,DoS
85.931791693,1,118,24,146,186,45,188,233,241,driving,DoS
85.932041693,0,83,191,190,74,164,177,208,89,driving,DoS
85.932291693,1,205,190,239,177,149,75,253,208,driving,DoS
85.932541693,0,184,221,44,129,70,170,183,238,driving,DoS
85.932791693,1,230,84,21,175,74,174,81,71,driving,DoS
85.933041693,0,105,202,41,214,57,21,53,2,driving,DoS
85.933291693,1,130,84,116,171,250,59,166,191,driving,DoS
85.933541693,0,202,201,112,179,208,54,115,232,driving,DoS
85.933791693,1,79,96,0,55,253,73,36,156,driving,DoS
85.934041693,0,123,207,155,107,49,97,12,8,driving,DoS
85.934291693,1,15,151,61,106,95,36,34,129,driving,DoS
85.934541693,0,231,60,216,183,206,5,153,175,driving,DoS
85.934791693,1,198,191,106,155,219,244,21,251,driving,DoS
85.935041693,0,16,255,163,179,15,130,242,196,driving,DoS
85.935291693,1,50,216,179,251,13,194,19,249,driving,DoS
85.935541693,0,44,243,129,47,42,125,48,232,driving,DoS
85.935791693,1,194,172,123,240,17,165,158,231,driving,DoS
85.936041693,0,110,210,48,5,65,14,227,35,driving,DoS
85.936291693,1,92,237,140,198,24,129,60,251,driving,DoS
85.936541693,0,89,231,150,83,20,148,169,218,driving,DoS
85.936791693,1,56,79,39,101,246,248,127,2,driving,DoS
85.937041693,0,198,90,192,22,154,93,114,174,driving,DoS
85.937291693,1,252,117,227,59,51,84,71,67,driving,DoS
85.937541693,0,12,224,254,187,220,10,188,54,driving,DoS
85.937791693,1,214,242,17,142,223,216,34,33,driving,DoS
85.938041693,0,44,134,183,243,205,124,70,61,driving,DoS
85.938291693,1,12,82,44,95,100,228,191,134,driving,DoS
85.938541693,0,244,34,94,211,59,20,118,103,driving,DoS
85.938791693,1,75,153,68,200,5,190,30,6,driving,DoS
85.939041693,0,57,136,4,155,70,163,124,245,driving,DoS
85.939291693,1,109,96,243,244,245,109,50,88,driving,DoS
85.939541693,0,198,36,74,65,74,34,244,37,driving,DoS
85.939791693,1,84,126,211,185,115,134,208,30,driving,DoS
85.940041693,0,221,21,164,202,14,98,191,200,driving,DoS
85.940291693,1,230,115,65,245,208,80,123,147,driving,DoS
85.940541693,0,254,38,221,15,213,33,43,74,driving,DoS
85.940791693,1,20,189,142,201,143,237,174,155,driving,DoS
85.941041693,0,167,157,240,249,197,70,240,172,driving,DoS
85.941291693,1,46,250,175,32,128,137,138,147,driving,DoS
85.941541693,0,116,160,165,122,97,178,156,98,driving,DoS
85.941791693,1,171,210,142,135,217,96,71,151,driving,DoS
85.942041693,0,97,185,164,104,236,88,60,149,driving,DoS
85.942291693,1,126,105,172,93,254,191,125,200,driving,DoS
85.942541693,0,247,138,235,174,74,130,36,129,driving,DoS
85.942791693,1,63,192,201,1,34,96,130,253,driving,DoS
85.943041693,0,232,141,215,101,136,26,218,250,driving,DoS
85.943291693,1,55,243,223,198,160,61,71,92,driving,DoS
85.943541693,0,62,185,27,21,35,142,55,137,driving,DoS
85.943791693,1,65,49,216,104,20,30,5,57,driving,DoS
85.944041693,0,172,141,145,220,123,118,112,136,driving,DoS
85.944291693,1,181,121,77,11,162,112,87,196,driving,DoS
85.944541693,0,104,8,82,46,138,248,63,48,driving,DoS
85.944791693,1,126,208,113,123,235,84,88,112,driving,DoS
85.945041693,0,143,54,1,122,157,222,197,228,driving,DoS
85.945291693,1,109,118,51,41,209,227,226,76,driving,DoS
85.945541693,0,196,194,11,139,105,251,223,175,driving,DoS
85.945791693,1,164,10,255,198,226,105,190,73,driving,DoS
85.946041693,0,39,193,86,206,106,111,160,180,driving,DoS
85.946291693,1,207,140,127,148,118,194,240,12,driving,DoS
85.946541693,0,124,33,231,11,199,176,184,195,driving,DoS
85.946791693,1,10,251,223,228,217,45,223,130,driving,DoS
85.947041693,0,178,117,137,187,133,245,80,86,driving,DoS
85.947291693,1,112,100,18,195,186,24,117,46,driving,DoS
85.947541693,0,81,47,25,128,40,130,231,76,driving,DoS
85.947791693,1,150,72,223,142,95,117,209,159,driving,DoS
85.948041693,0,85,34,118,47,26,90,147,240,driving,DoS
85.948291693,1,216,85,120,8,100,39,34,51,driving,DoS
85.948541693,0,137,91,63,236,188,91,78,95,driving,DoS
85.948791693,1,125,4,166,87,139,10,29,201,driving,DoS
85.949041693,0,69,85,24,240,79,67,123,188,driving,DoS
85.949291693,1,142,236,125,232,89,56,127,82,driving,DoS
85.949541693,0,21,34,193,69,0,147,235,250,driving,DoS
85.949791693,1,202,206,238,181,207,128,208,85,driving,DoS
85.950041693,0,255,64,18,105,37,188,152,59,driving,DoS
85.950291693,1,211,195,192,153,191,12,161,249,driving,DoS
85.950541693,0,101,8,110,222,75,230,71,154,driving,DoS
85.950791693,1,202,125,72,8,116,224,129,249,driving,DoS
85.951041693,0,204,238,238,190,104,237,66,212,driving,DoS
85.951291693,1,26,125,74,51,151,191,27,179,driving,DoS
85.951541693,0,238,197,221,39,150,181,244,20,driving,DoS
85.951791693,1,245,34,180,169,99,158,84,5,driving,DoS
85.952041693,0,51,74,138,30,12,111,190,12,driving,DoS
85.952291693,1,229,206,171,235,177,167,145,188,driving,DoS
85.952541693,0,26,63,224,249,221,18,34,78,driving,DoS
85.952791693,1,193,169,225,136,73,72,100,47,driving,DoS
85.953041693,0,196,141,201,112,21,22,155,6,driving,DoS
85.953291693,1,68,99,214,99,213,77,218,130,driving,DoS
85.953541693,0,107,0,33,83,19,135,247,33,driving,DoS
85.953791693,1,112,239,84,252,58,40,235,175,driving,DoS
85.954041693,0,190,240,132,169,167,79,142,125,driving,DoS
85.954291693,1,115,11,222,247,139,168,153,255,driving,DoS
85.954541693,0,207,26,153,131,54,75,114,112,driving,DoS
85.954791693,1,127,237,78,50,185,211,204,214,driving,DoS
85.955041693,0,169,153,41,124,83,246,33,160,driving,DoS
85.955291693,1,29,223,207,221,78,212,242,15,driving,DoS
85.955541693,0,170,189,60,157,120,249,251,202,driving,DoS
85.955791693,1,109,207,220,120,146,124,84,172,driving,DoS
85.956041693,0,81,167,192,42,51,42,42,4,driving,DoS
85.956291693,1,76,219,252,47,77,26,1,241,driving,DoS
85.956541693,0,90,16,68,149,187,182,44,20,driving,DoS
85.956791693,1,84,158,169,51,19,42,20,0,driving,DoS
85.957041693,0,98,87,200,251,55,136,149,36,driving,DoS
85.957291693,1,145,70,33,236,133,80,49,254,driving,DoS
85.957541693,0,114,145,16,201,173,83,242,231,driving,DoS
85.957791693,1,183,156,150,205,214,120,158,167,driving,DoS
85.958041693,0,107,123,236,76,79,18,40,30,driving,DoS
85.958291693,1,60,75,55,229,64,76,37,144,driving,DoS
85.958541693,0,170,163,122,246,222,209,62,154,driving,DoS
85.958791693,1,107,242,17,186,80,200,98,176,driving,DoS
85.959041693,0,33,25,16,129,199,95,254,237,driving,DoS
85.959291693,1,203,165,230,68,167,216,161,94,driving,DoS
85.959541693,0,3,84,128,212,47,249,171,75,driving,DoS
85.959791693,1,21,71,122,253,142,103,92,213,driving,DoS
85.960041693,0,19,4,184,175,190,172,1,53,driving,DoS
85.960291693,1,247,103,108,75,170,140,200,100,driving,DoS
85.960541693,0,222,20,232,148,233,22,145,170,driving,DoS
85.960791693,1,9,208,32,242,213,237,118,161,driving,DoS
85.961041693,0,114,230,135,153,19,117,130,202,driving,DoS
85.961291693,1,135,2,117,20,113,230,122,203,driving,DoS
85.961541693,0,1,220,24,38,140,213,8,156,driving,DoS
85.961791693,1,26,254,109,147,59,120,199,168,driving,DoS
85.962041693,0,90,102,7,219,40,168,125,245,driving,DoS
85.962291693,1,10,50,66,132,86,149,131,212,driving,DoS
85.962541693,0,82,218,104,83,185,49,147,158,driving,DoS
85.962791693,1,35,39,79,62,1,122,33,138,driving,DoS
85.963041693,0,91,58,231,172,62,238,62,246,driving,DoS
85.963291693,1,142,42,182,47,180,90,198,96,driving,DoS
85.963541693,0,128,9,44,32,83,74,175,82,driving,DoS
85.963791693,1,99,245,179,15,174,199,221,53,driving,DoS
85.964041693,0,206,108,85,97,247,34,116,253,driving,DoS
85.964291693,1,234,198,164,188,101,21,18,231,driving,DoS
85.964541693,0,96,1,181,8,190,173,212,3,driving,DoS
85.964791693,1,161,237,43,68,49,59,69,242,driving,DoS
85.965041693,0,253,174,61,16,162,125,159,217,driving,DoS
85.965291693,1,150,19,54,28,153,70,132,194,driving,DoS
85.965541693,0,78,143,174,210,38,186,38,255,driving,DoS
85.965791693,1,157,153,208,11,13,145,167,94,driving,DoS
85.966041693,0,47,70,51,185,58,48,135,170,driving,DoS
85.966291693,1,162,63,93,108,40,118,25,141,driving,DoS
85.966541693,0,159,40,152,152,51,206,20,159,driving,DoS
85.966791693,1,215,47,170,137,26,70,35,48,driving,DoS
85.967041693,0,2,54,244,21,240,184,207,54,driving,DoS
85.967291693,1,135,81,126,41,171,86,94,53,driving,DoS
85.967541693,0,8,240,111,64,86,122,208,2,driving,DoS
85.967791693,1,139,96,252,121,30,220,108,198,driving,DoS
85.968041693,0,98,149,176,69,207,210,147,137,driving,DoS
85.968291693,1,127,63,215,130,254,0,58,207,driving,DoS
85.968541693,0,97,129,65,94,61,127,67,20,driving,DoS
85.968791693,1,118,127,23,36,202,68,111,141,driving,DoS
85.969041693,0,57,1,107,56,7,211,54,174,driving,DoS
85.969291693,1,105,228,73,75,63,188,166,210,driving,DoS
85.969541693,0,193,140,227,103,74,105,199,180,driving,DoS
85.969791693,1,96,124,250,250,140,223,25,129,driving,DoS
85.970041693,0,1,221,237,81,31,30,234,148,driving,DoS
85.970291693,1,104,211,56,147,72,145,143,90,driving,DoS
85.970541693,0,218,7,242,33,232,178,155,114,driving,DoS
85.970791693,1,230,102,141,244,199,138,82,245,driving,DoS
85.971041693,0,112,224,68,8,120,248,196,112,driving,DoS
85.971291693,1,74,56,137,189,130,50,139,158,driving,DoS
85.971541693,0,206,10,32,54,123,144,129,125,driving,DoS
85.971791693,1,93,254,1,76,10,167,214,174,driving,DoS
85.972041693,0,0,246,99,95,55,156,217,128,driving,DoS
85.972291693,1,139,102,205,182,49,194,241,100,driving,DoS
85.972541693,0,125,166,23,172,182,241,123,170,driving,DoS
85.972791693,1,252,116,220,8,39,52,70,118,driving,DoS
85.973041693,0,210,22,104,239,211,37,52,225,driving,DoS
85.973291693,1,69,113,109,111,189,49,18,131,driving,DoS
85.973541693,0,5,209,61,143,230,107,47,174,driving,DoS
85.973791693,1,121,60,47,128,123,22,243,141,driving,DoS
85.974041693,0,85,3,250,110,210,169,51,45,driving,DoS
85.974291693,1,117,142,0,218,178,182,231,84,driving,DoS
85.974541693,0,13,49,10,140,98,88,80,119,driving,DoS
85.974791693,1,23,91,100,107,101,67,151,235,driving,DoS
85.975041693,0,31,230,115,68,16,60,104,187,driving,DoS
85.975291693,1,153,221,78,32,81,242,193,3,driving,DoS
85.975541693,0,87,191,17,89,215,55,43,80,driving,DoS
85.975791693,1,108,37,78,212,55,222,117,85,driving,DoS
85.976041693,0,136,168,231,80,110,229,217,88,driving,DoS
85.976291693,1,227,142,161,133,109,10,100,207,driving,DoS
85.976541693,0,151,192,238,46,59,64,27,117,driving,DoS
85.976791693,1,57,245,202,69,27,92,118,64,driving,DoS
85.977041693,0,123,25,37,123,42,173,47,132,driving,DoS
85.977291693,1,133,170,69,91,22,218,251,105,driving,DoS
85.977541693,0,71,112,45,75,226,36,216,41,driving,DoS
85.977791693,1,164,235,84,141,172,15,16,5,driving,DoS
85.978041693,0,13,12,15,42,165,84,41,42,driving,DoS
85.978291693,1,97,246,50,224,190,29,13,76,driving,DoS
85.978541693,0,180,160,194,58,148,149,133,81,driving,DoS
85.978791693,1,43,75,244,147,251,39,77,89,driving,DoS
85.979041693,0,147,21,160,194,240,20,222,239,driving,DoS
85.979291693,1,13,22,25,1,133,125,193,176,driving,DoS
85.979541693,0,174,45,185,140,76,207,193,62,driving,DoS
85.979791693,1,120,211,76,137,116,164,189,25,driving,DoS
85.980041693,0,187,158,87,192,21,20,240,27,driving,DoS
85.980291693,1,208,106,123,210,235,181,8,94,driving,DoS
85.980541693,0,64,33,31,137,24,62,200,129,driving,DoS
85.980791693,1,63,2,133,132,90,242,255,127,driving,DoS
85.981041693,0,99,193,96,32,204,137,124,79,driving,DoS
85.981291693,1,33,72,204,151,87,157,208,152,driving,DoS
85.981541693,0,81,10,124,214,66,188,220,109,driving,DoS
85.981791693,1,53,158,128,42,236,20,199,149,driving,DoS
85.982041693,0,199,80,181,191,148,21,95,206,driving,DoS
85.982291693,1,117,188,174,95,150,98,11,43,driving,DoS
85.982541693,0,240,193,157,210,143,148,11,115,driving,DoS
85.982791693,1,55,188,123,91,141,169,68,238,driving,DoS
85.983041693,0,31,174,19,148,29,149,122,104,driving,DoS
85.983291693,1,110,106,181,99,131,161,62,202,driving,DoS
85.983541693,0,113,72,52,46,48,232,238,63,driving,DoS
85.983791693,1,24,101,123,46,101,252,110,68,driving,DoS
85.984041693,0,207,165,115,20,208,17,39,42,driving,DoS
85.984291693,1,254,167,199,48,236,208,4,5,driving,DoS
85.984541693,0,94,106,13,15,54,171,212,57,driving,DoS
85.984791693,1,65,6,125,193,170,241,254,135,driving,DoS
85.985041693,0,145,61,212,1,109,200,188,177,driving,DoS
85.985291693,1,68,29,39,159,36,63,146,55,driving,DoS
85.985541693,0,149,115,118,203,244,175,13,71,driving,DoS
85.985791693,1,208,99,87,80,110,75,37,122,driving,DoS
85.986041693,0,231,140,171,172,214,39,47,130,driving,DoS
85.986291693,1,18,150,66,208,21,187,10,172,driving,DoS
85.986541693,0,121,252,202,219,222,23,49,59,driving,DoS
85.986791693,1,65,218,9,21,98,28,104,184,driving,DoS
85.987041693,0,199,203,45,13,197,78,233,37,driving,DoS
85.987291693,1,164,108,51,89,111,130,174,182,driving,DoS
85.987541693,0,26,220,93,223,55,248,248,217,driving,DoS
85.987791693,1,73,107,135,148,20,59,123,155,driving,DoS
85.988041693,0,2,229,99,175,152,121,244,69,driving,DoS
85.988291693,1,208,23,108,119,191,63,27,52,driving,DoS
85.988541693,0,189,231,9,24,188,33,148,146,driving,DoS
85.988791693,1,93,8,231,130,84,206,215,192,driving,DoS
85.989041693,0,151,233,45,151,74,187,196,127,driving,DoS
85.989291693,1,75,169,52,150,10,158,99,89,driving,DoS
85.989541693,0,97,55,94,114,150,72,220,206,driving,DoS
85.989791693,1,28,208,11,242,79,203,60,234,driving,DoS
85.990041693,0,213,15,226,89,110,158,116,112,driving,DoS
85.990291693,1,166,185,124,70,8,145,1,176,driving,DoS
85.990541693,0,208,60,72,222,174,15,75,207,driving,DoS
85.990791693,1,183,75,222,136,47,195,193,176,driving,DoS
85.991041693,0,208,37,110,7,246,218,50,74,driving,DoS
85.991291693,1,97,160,172,61,128,98,136,204,driving,DoS
85.991541693,0,76,123,159,139,20,15,84,244,driving,DoS
85.991791693,1,114,0,3,222,200,199,32,28,driving,DoS
85.992041693,0,59,198,103,38,41,98,171,13,driving,DoS
85.992291693,1,24,33,192,28,142,41,150,37,driving,DoS
85.992541693,0,164,27,232,208,90,100,226,210,driving,DoS
85.992791693,1,73,25,188,112,143,138,8,253,driving,DoS
85.993041693,0,225,226,144,200,83,29,229,71,driving,DoS
85.993291693,1,206,210,66,70,176,9,47,251,driving,DoS
85.993541693,0,242,196,24,82,34,134,11,203,driving,DoS
85.993791693,1,134,34,99,101,103,232,118,45,driving,DoS
85.994041693,0,67,160,183,87,103,176,205,55,driving,DoS
85.994291693,1,239,40,237,5,104,84,52,40,driving,DoS
85.994541693,0,83,0,194,57,112,216,121,162,driving,DoS
85.994791693,1,67,239,253,176,192,62,97,111,driving,DoS
85.995041693,0,229,38,151,157,135,25,86,165,driving,DoS
85.995291693,1,24,72,202,150,22,48,220,141,driving,DoS
85.995541693,0,145,27,121,231,104,128,52,203,driving,DoS
85.995791693,1,240,55,72,237,255,87,95,38,driving,DoS
85.996041693,0,7,82,47,251,93,52,99,133,driving,DoS
85.996291693,1,214,87,174,251,224,119,218,118,driving,DoS
85.996541693,0,124,58,90,163,209,14,173,117,driving,DoS
85.996791693,1,230,11,252,219,206,60,232,244,driving,DoS
85.997041693,0,31,206,254,120,207,75,7,186,driving,DoS
85.997291693,1,1,192,73,43,87,92,114,178,driving,DoS
85.997541693,0,167,81,44,201,187,7,171,229,driving,DoS
85.997791693,1,53,135,207,76,37,89,37,71,driving,DoS
85.998041693,0,167,203,233,20,137,120,220,147,driving,DoS
85.998291693,1,8,81,64,19,169,17,117,221,driving,DoS
85.998541693,0,128,149,66,152,172,33,43,145,driving,DoS
85.998791693,1,177,231,234,18,225,46,182,91,driving,DoS
85.999041693,0,120,205,229,199,244,100,95,13,driving,DoS
85.999291693,1,231,140,194,39,32,236,253,252,driving,DoS
85.999541693,0,196,76,223,254,78,66,163,100,driving,DoS
85.999791693,1,252,19,162,0,204,95,121,188,driving,DoS
86.000041693,0,26,137,15,184,199,195,169,233,driving,DoS
86.000291693,1,19,15,63,85,143,90,175,191,driving,DoS
86.000541693,0,137,128,93,201,235,201,100,71,driving,DoS
86.000791693,1,180,150,95,126,68,137,200,113,driving,DoS
86.001041693,0,99,52,174,207,84,133,40,167,driving,DoS
86.001291693,1,95,172,247,91,175,199,85,87,driving,DoS
86.001541693,0,206,113,113,175,189,52,114,54,driving,DoS
86.001791693,1,200,189,187,13,250,134,197,166,driving,DoS
86.002041693,0,8,164,249,147,133,114,3,99,driving,DoS
86.002291693,1,156,61,38,57,246,247,84,24,driving,DoS
86.002541693,0,101,170,120,137,19,44,186,107,driving,DoS
86.002791693,1,201,157,45,166,150,232,55,167,driving,DoS
86.003041693,0,167,103,54,110,88,187,109,214,driving,DoS
86.003291693,1,243,49,121,218,229,162,23,8,driving,DoS
86.003541693,0,136,76,55,145,44,18,181,90,driving,DoS
86.003791693,1,233,196,62,242,30,67,244,3,driving,DoS
86.004041693,0,139,184,66,120,178,205,83,70,driving,DoS
86.004291693,1,169,219,213,29,166,212,230,226,driving,DoS
86.004541693,0,143,152,85,70,252,172,172,143,driving,DoS
86.004791693,1,173,216,186,162,147,91,65,155,driving,DoS
86.005041693,0,60,42,219,170,13,69,3,20,driving,DoS
86.005291693,1,21,79,157,190,117,118,37,121,driving,DoS
86.005541693,0,67,59,166,162,35,106,2,165,driving,DoS
86.005791693,1,174,246,17,104,217,93,51,145,driving,DoS
86.006041693,0,155,145,196,197,251,73,255,113,driving,DoS
86.006291693,1,216,229,225,149,211,76,3,66,driving,DoS
86.006541693,0,187,85,188,147,107,35,111,88,driving,DoS
86.006791693,1,54,68,97,32,64,102,73,3,driving,DoS
86.007041693,0,156,47,30,193,4,46,125,212,driving,DoS
86.007291693,1,134,250,81,104,237,176,12,84,driving,DoS
86.007541693,0,241,206,44,233,90,92,179,245,driving,DoS
86.007791693,1,237,164,133,185,136,247,69,194,driving,DoS
86.008041693,0,79,16,166,72,46,232,195,123,driving,DoS
86.008291693,1,52,200,27,93,225,61,240,89,driving,DoS
86.008541693,0,32,234,110,101,226,111,95,14,driving,DoS
86.008791693,1,166,93,88,79,109,210,87,51,driving,DoS
86.009041693,0,218,167,38,155,120,73,121,85,driving,DoS
86.009291693,1,166,186,125,104,163,157,136,213,driving,DoS
86.009541693,0,62,250,237,252,112,82,201,148,driving,DoS
86.009791693,1,126,10,170,133,129,255,59,92,driving,DoS
86.010041693,0,228,224,1,95,89,225,35,82,driving,DoS
86.010291693,1,28,169,126,239,254,57,109,251,driving,DoS
86.010541693,0,167,70,124,66,76,14,50,68,driving,DoS
86.010791693,1,186,203,27,96,88,19,22,135,driving,DoS
86.011041693,0,250,238,224,178,107,190,182,94,driving,DoS
86.011291693,1,121,201,31,20,103,8,142,154,driving,DoS
86.011541693,0,120,198,41,164,56,235,34,177,driving,DoS
86.011791693,1,83,107,47,11,76,85,178,12,driving,DoS
86.012041693,0,47,155,101,244,141,98,29,100,driving,DoS
86.012291693,1,2,212,240,42,107,255,47,58,driving,DoS
86.012541693,0,74,203,24,77,77,59,106,80,driving,DoS
86.012791693,1,60,235,209,238,71,27,58,45,driving,DoS
86.013041693,0,59,57,195,206,53,66,92,21,driving,DoS
86.013291693,1,61,16,228,69,175,224,127,101,driving,DoS
86.013541693,0,109,18,150,98,220,194,172,106,driving,DoS
86.013791693,1,6,91,233,154,53,76,144,90,driving,DoS
86.014041693,0,51,46,145,11,202,71,172,4,driving,DoS
86.014291693,1,167,68,76,146,192,65,8,99,driving,DoS
86.014477595,260,0,128,30,51,0,50,5,0,driving,none
86.014541693,0,187,179,194,33,0,109,176,65,driving,DoS
86.014791693,1,254,8,49,117,232,60,72,141,driving,DoS
86.015041693,0,97,217,183,167,187,198,157,66,driving,DoS
86.015291693,1,108,13,132,38,79,13,72,246,driving,DoS
86.015541693,0,27,216,63,185,82,245,118,253,driving,DoS
86.015791693,1,142,30,85,31,226,43,220,218,driving,DoS
86.016041693,0,11,211,116,66,64,144,54,175,driving,DoS
86.016291693,1,163,133,81,3,113,146,16,127,driving,DoS
86.016541693,0,30,63,8,185,207,254,231,188,driving,DoS
86.016791693,1,216,157,33,189,226,178,190,145,driving,DoS
86.017041693,0,217,88,126,128,245,54,70,128,driving,DoS
86.017291693,1,236,222,1,56,22,30,60,62,driving,DoS
86.017541693,0,19,106,13,211,117,51,230,204,driving,DoS
86.017791693,1,141,46,250,82,216,21,6,49,driving,DoS
86.018041693,0,187,229,54,75,15,55,175,31,driving,DoS
86.018291693,1,237,43,100,21,209,231,52,126,driving,DoS
86.018541693,0,27,236,117,170,40,24,147,184,driving,DoS
86.018791693,1,141,251,153,102,205,89,58,100,driving,DoS
86.019041693,0,12,8,222,93,178,181,228,218,driving,DoS
86.019291693,1,219,129,254,15,104,61,2,170,driving,DoS
86.019541693,0,101,102,206,80,225,130,223,201,driving,DoS
86.019791693,1,223,76,40,180,32,123,70,243,driving,DoS
86.020041693,0,9,16,29,136,206,212,217,51,driving,DoS
86.020291693,1,159,169,12,34,59,25,228,248,driving,DoS
86.020541693,0,239,63,129,19,10,134,120,34,driving,DoS
86.020791693,1,138,1,161,127,33,162,88,21,driving,DoS
86.021041693,0,130,19,152,254,202,252,114,33,driving,DoS
86.021291693,1,101,237,224,61,212,195,149,52,driving,DoS
86.021541693,0,210,195,50,76,110,248,146,25,driving,DoS
86.021791693,1,248,245,136,127,119,89,165,223,driving,DoS
86.022041693,0,93,107,148,58,228,7,34,135,driving,DoS
86.022291693,1,84,220,71,13,109,239,26,235,driving,DoS
86.022541693,0,87,54,45,210,28,81,14,132,driving,DoS
86.022791693,1,48,42,120,189,229,75,57,42,driving,DoS
86.023041693,0,227,11,148,15,36,204,133,155,driving,DoS
86.023291693,1,70,82,61,231,182,119,225,191,driving,DoS
86.023541693,0,224,5,88,31,13,132,23,214,driving,DoS
86.023791693,1,242,163,242,47,92,96,194,43,driving,DoS
86.024041693,0,153,206,46,43,80,255,138,84,driving,DoS
86.024291693,1,216,77,237,200,244,25,136,22,driving,DoS
86.024541693,0,181,117,60,132,45,216,57,181,driving,DoS
86.024791693,1,218,22,253,127,90,249,145,114,driving,DoS
86.025041693,0,170,193,181,54,235,203,93,149,driving,DoS
86.025291693,1,23,215,144,192,196,127,135,219,driving,DoS
86.025541693,0,13,136,231,159,77,33,227,5,driving,DoS
86.025791693,1,78,173,52,197,72,81,182,124,driving,DoS
86.026041693,0,208,140,64,0,113,136,204,116,driving,DoS
86.026291693,1,21,223,70,132,202,245,77,227,driving,DoS
86.026541693,0,34,217,11,32,45,153,37,109,driving,DoS
86.026791693,1,57,127,183,83,104,208,55,119,driving,DoS
86.027041693,0,109,243,208,0,174,95,127,22,driving,DoS
86.027291693,1,130,164,48,205,170,11,84,184,driving,DoS
86.027541693,0,142,154,253,74,134,63,49,219,driving,DoS
86.027791693,1,162,16,98,148,140,14,213,205,driving,DoS
86.028041693,0,32,240,247,33,64,132,21,1,driving,DoS
86.028291693,1,205,236,74,49,139,40,226,138,driving,DoS
86.028541693,0,211,53,115,167,94,201,192,135,driving,DoS
86.028791693,1,216,127,202,225,159,195,159,46,driving,DoS
86.029041693,0,167,174,133,160,25,56,63,69,driving,DoS
86.029291693,1,92,29,244,184,126,195,22,179,driving,DoS
86.029541693,0,58,36,242,40,216,31,116,202,driving,DoS
86.029791693,1,106,215,160,127,210,64,51,133,driving,DoS
86.030041693,0,167,190,28,194,248,3,25,12,driving,DoS
86.030291693,1,154,69,152,128,91,24,150,192,driving,DoS
86.030541693,0,192,140,222,220,254,210,25,167,driving,DoS
86.030791693,1,223,134,82,7,159,161,216,186,driving,DoS
86.031041693,0,250,226,174,14,230,157,163,113,driving,DoS
86.031291693,1,98,14,217,66,124,189,132,207,driving,DoS
86.031541693,0,195,66,94,214,172,148,27,55,driving,DoS
86.031791693,1,203,171,177,117,27,4,217,82,driving,DoS
86.032041693,0,95,60,89,77,150,92,231,219,driving,DoS
86.032291693,1,244,242,159,205,68,161,34,199,driving,DoS
86.032541693,0,14,53,40,90,143,51,47,190,driving,DoS
86.032791693,1,128,198,30,3,7,55,242,202,driving,DoS
86.033041693,0,246,253,65,100,40,88,183,227,driving,DoS
86.033291693,1,6,139,228,69,209,134,84,217,driving,DoS
86.033541693,0,38,75,56,84,27,104,128,117,driving,DoS
86.033791693,1,245,175,116,220,177,197,24,236,driving,DoS
86.034041693,0,179,86,188,135,89,158,65,63,driving,DoS
86.034291693,1,119,166,129,185,137,24,16,219,driving,DoS
86.034477595,316,0,128,30,51,0,50,5,0,driving,none
86.034541693,0,130,156,188,146,239,173,74,100,driving,DoS
86.034791693,1,39,57,71,99,78,229,146,251,driving,DoS
86.035041693,0,43,230,224,203,105,124,150,85,driving,DoS
86.035291693,1,250,86,15,98,194,86,37,243,driving,DoS
86.035541693,0,181,6,31,34,198,126,21,130,driving,DoS
86.035791693,1,168,99,16,197,117,166,74,136,driving,DoS
86.036041693,0,117,169,117,156,6,18,53,35,driving,DoS
86.036291693,1,202,225,242,146,34,217,176,88,driving,DoS
86.036541693,0,142,130,130,184,133,134,218,27,driving,DoS
86.036791693,1,107,185,33,243,111,230,54,7,driving,DoS
86.037041693,0,164,123,63,75,233,130,197,217,driving,DoS
86.037291693,1,79,31,156,161,246,68,245,53,driving,DoS
86.037541693,0,140,230,70,129,192,119,18,45,driving,DoS
86.037791693,1,195,129,89,137,67,104,115,230,driving,DoS
86.038041693,0,83,120,121,52,77,57,255,15,driving,DoS
86.038291693,1,200,80,107,88,25,108,85,74,driving,DoS
86.038541693,0,62,22,59,7,94,117,89,1,driving,DoS
86.038791693,1,8,32,197,236,222,194,58,23,driving,DoS
86.039041693,0,15,246,197,62,5,42,151,96,driving,DoS
86.039291693,1,190,196,47,147,31,120,148,163,driving,DoS
86.039541693,0,124,43,24,247,141,215,70,99,driving,DoS
86.039791693,1,161,158,209,161,50,17,1,101,driving,DoS
86.040041693,0,8,234,206,93,1,189,142,168,driving,DoS
86.040291693,1,194,224,38,169,10,23,223,221,driving,DoS
86.040541693,0,199,216,137,47,37,6,201,189,driving,DoS
86.040791693,1,153,44,46,115,144,0,228,165,driving,DoS
86.041041693,0,51,204,137,240,21,7,188,99,driving,DoS
86.041291693,1,220,214,103,150,72,193,207,81,driving,DoS
86.041541693,0,198,235,7,119,221,60,241,248,driving,DoS
86.041791693,1,37,186,15,189,219,92,185,232,driving,DoS
86.042041693,0,39,232,193,11,121,64,11,44,driving,DoS
86.042291693,1,67,220,183,232,95,194,7,154,driving,DoS
86.042541693,0,40,2,188,71,37,236,184,171,driving,DoS
86.042791693,1,160,60,235,249,233,148,46,70,driving,DoS
86.043041693,0,249,151,197,94,38,49,74,143,driving,DoS
86.043291693,1,47,206,70,223,136,90,83,72,driving,DoS
86.043541693,0,244,171,38,230,27,135,187,136,driving,DoS
86.043791693,1,67,53,177,150,190,248,23,163,driving,DoS
86.044041693,0,222,64,1,72,64,187,254,0,driving,DoS
86.044291693,1,9,25,32,204,112,175,209,140,driving,DoS
86.044541693,0,27,235,87,108,69,142,240,90,driving,DoS
86.044791693,1,83,167,143,2,29,45,248,93,driving,DoS
86.045041693,0,82,134,231,123,46,69,214,37,driving,DoS
86.045291693,1,199,191,3,246,33,30,179,30,driving,DoS
86.045541693,0,46,59,190,0,91,237,55,44,driving,DoS
86.045791693,1,161,95,218,41,22,185,116,225,driving,DoS
86.046041693,0,27,69,102,22,16,236,36,220,driving,DoS
86.046291693,1,160,7,2,247,131,44,159,167,driving,DoS
86.046541693,0,150,116,72,239,211,109,211,176,driving,DoS
86.046791693,1,67,131,142,241,59,211,45,72,driving,DoS
86.047041693,0,242,103,159,42,109,36,18,132,driving,DoS
86.047291693,1,170,23,78,180,206,113,93,35,driving,DoS
86.047541693,0,239,151,109,184,224,131,123,172,driving,DoS
86.047791693,1,77,215,30,207,139,222,19,219,driving,DoS
86.048041693,0,229,99,112,128,153,99,155,90,driving,DoS
86.048291693,1,162,116,195,152,207,70,24,169,driving,DoS
86.048541693,0,171,27,228,227,141,25,201,184,driving,DoS
86.048791693,1,229,171,180,40,186,203,81,105,driving,DoS
86.049041693,0,93,4,17,170,166,54,21,252,driving,DoS
86.049291693,1,158,14,52,119,51,42,51,236,driving,DoS
86.049541693,0,198,48,9,72,168,151,227,199,driving,DoS
86.049791693,1,27,90,86,12,207,189,119,161,driving,DoS
86.050041693,0,137,42,90,0,42,69,93,224,driving,DoS
86.050291693,1,160,182,30,5,80,213,25,40,driving,DoS
86.050541693,0,163,56,172,109,93,177,132,225,driving,DoS
86.050791693,1,173,16,224,144,22,252,51,226,driving,DoS
86.051041693,0,97,66,237,25,181,187,14,118,driving,DoS
86.051291693,1,33,24,4,201,147,110,155,6,driving,DoS
86.051541693,0,104,60,1,142,178,64,16,109,driving,DoS
86.051791693,1,219,23,145,32,36,153,48,113,driving,DoS
86.052041693,0,172,89,183,177,124,191,174,75,driving,DoS
86.052291693,1,23,185,198,36,17,30,208,249,driving,DoS
86.052541693,0,6,9,203,219,30,37,198,224,driving,DoS
86.052791693,1,244,134,22,123,245,136,64,111,driving,DoS
86.053041693,0,99,147,157,191,115,10,1,201,driving,DoS
86.053291693,1,251,234,193,80,171,167,4,111,driving,DoS
86.053541693,0,82,178,5,37,252,108,194,160,driving,DoS
86.053791693,1,130,66,200,94,146,54,235,130,driving,DoS
86.054041693,0,94,31,95,76,112,113,157,169,driving,DoS
86.054291693,1,48,35,7,16,20,215,23,182,driving,DoS
86.054477595,329,0,128,30,51,0,50,5,0,driving,none
86.054541693,0,125,2,211,129,124,7,77,59,driving,DoS
86.054791693,1,45,196,201,227,112,69,3,144,driving,DoS
86.055041693,0,171,233,171,230,165,95,44,87,driving,DoS
86.055291693,1,216,159,85,202,23,118,123,214,driving,DoS
86.055541693,0,91,4,72,234,189,181,95,39,driving,DoS
86.055791693,1,130,236,237,12,64,0,227,58,driving,DoS
86.056041693,0,46,176,82,115,3,92,96,220,driving,DoS
86.056291693,1,86,50,87,34,180,63,250,2,driving,DoS
86.056541693,0,187,48,222,54,57,223,108,190,driving,DoS
86.056791693,1,170,41,160,237,240,85,48,195,driving,DoS
86.057041693,0,22,25,173,121,245,110,34,192,driving,DoS
86.057291693,1,79,245,88,141,169,159,27,49,driving,DoS
86.057541693,0,70,86,244,83,0,27,90,109,driving,DoS
86.057791693,1,150,65,117,69,79,30,129,45,driving,DoS
86.058041693,0,142,142,249,142,108,67,56,33,driving,DoS
86.058291693,1,215,184,100,5,64,6,65,18,driving,DoS
86.058541693,0,106,25,141,76,112,67,66,224,driving,DoS
86.058791693,1,254,183,65,52,124,190,99,21,driving,DoS
86.059041693,0,66,47,213,171,24,208,129,202,driving,DoS
86.059291693,1,100,1,29,176,118,225,233,235,driving,DoS
86.059541693,0,182,203,49,114,67,36,11,82,driving,DoS
86.059791693,1,45,212,37,240,152,193,20,81,driving,DoS
86.060041693,0,111,61,14,134,126,141,34,198,driving,DoS
86.060291693,1,200,83,77,41,103,60,214,249,driving,DoS
86.060541693,0,7,28,187,207,188,213,201,235,driving,DoS
86.060791693,1,20,196,119,201,78,43,201,185,driving,DoS
86.061041693,0,185,30,155,146,130,153,18,225,driving,DoS
86.061291693,1,220,200,100,156,96,115,213,176,driving,DoS
86.061541693,0,4,154,192,85,232,97,66,86,driving,DoS
86.061791693,1,197,68,222,60,45,151,75,130,driving,DoS
86.062041693,0,110,210,70,175,164,136,77,51,driving,DoS
86.062291693,1,20,252,50,208,75,122,159,43,driving,DoS
86.062541693,0,194,134,112,102,173,122,68,144,driving,DoS
86.062791693,1,235,95,187,29,186,120,115,125,driving,DoS
86.063041693,0,133,103,17,123,39,40,187,255,driving,DoS
86.063291693,1,207,14,191,136,189,239,199,137,driving,DoS
86.063541693,0,255,169,232,205,137,171,102,184,driving,DoS
86.063791693,1,122,223,189,241,138,201,197,195,driving,DoS
86.064041693,0,32,220,106,143,64,40,90,175,driving,DoS
86.064291693,1,146,189,11,4,170,156,44,174,driving,DoS
86.064541693,0,94,204,73,165,190,195,203,154,driving,DoS
86.064791693,1,228,93,57,122,6,232,141,69,driving,DoS
86.065041693,0,122,188,60,136,92,197,62,146,driving,DoS
86.065291693,1,26,135,100,126,80,212,59,154,driving,DoS
86.065541693,0,162,158,109,28,231,211,112,234,driving,DoS
86.065791693,1,115,53,9,15,62,253,182,85,driving,DoS
86.066041693,0,72,61,40,188,228,47,143,162,driving,DoS
86.066291693,1,80,107,185,143,90,221,235,132,driving,DoS
86.066541693,0,136,255,24,57,254,99,83,12,driving,DoS
86.066791693,1,210,174,75,113,227,236,231,67,driving,DoS
86.067041693,0,220,204,165,208,96,99,239,1,driving,DoS
86.067291693,1,57,142,31,23,182,78,224,32,driving,DoS
86.067541693,0,12,188,166,23,18,12,77,247,driving,DoS
86.067791693,1,91,65,33,158,95,163,237,99,driving,DoS
86.068041693,0,61,217,13,154,116,63,111,203,driving,DoS
86.068291693,1,44,253,84,17,101,62,101,193,driving,DoS
86.068541693,0,177,179,78,200,90,13,95,248,driving,DoS
86.068791693,1,126,176,65,191,180,109,120,75,driving,DoS
86.069041693,0,86,77,226,116,97,89,0,147,driving,DoS
86.069291693,1,186,242,113,181,115,66,116,216,driving,DoS
86.069541693,0,218,44,179,17,240,203,46,25,driving,DoS
86.069791693,1,235,23,95,199,254,61,81,102,driving,DoS
86.070041693,0,195,19,50,7,251,63,79,202,driving,DoS
86.070291693,1,51,181,113,93,45,252,222,134,driving,DoS
86.070541693,0,132,206,244,102,166,226,134,67,driving,DoS
86.070791693,1,74,107,110,78,72,82,8,54,driving,DoS
86.071041693,0,149,129,78,177,78,94,91,181,driving,DoS
86.071291693,1,207,29,193,93,172,108,190,25,driving,DoS
86.071541693,0,199,124,245,125,34,58,28,139,driving,DoS
86.071791693,1,203,251,141,53,120,3,248,161,driving,DoS
86.072041693,0,117,156,62,165,76,6,36,112,driving,DoS
86.072291693,1,197,89,205,29,146,204,117,242,driving,DoS
86.072541693,0,187,197,32,160,141,243,23,185,driving,DoS
86.072791693,1,163,128,37,89,34,188,44,219,driving,DoS
86.073041693,0,137,36,39,175,168,219,139,8,driving,DoS
86.073291693,1,46,192,108,164,230,254,183,94,driving,DoS
86.073541693,0,30,244,0,70,9,129,86,222,driving,DoS
86.073791693,1,81,7,36,254,49,69,45,76,driving,DoS
86.074041693,0,157,37,103,124,220,206,236,232,driving,DoS
86.074291693,1,207,18,242,110,37,84,218,251,driving,DoS
86.074477595,545,0,128,30,51,0,50,5,0,driving,none
86.074541693,0,247,118,40,94,67,224,199,14,driving,DoS
86.074791693,1,235,173,243,215,180,121,106,158,driving,DoS
86.075041693,0,103,59,46,195,168,158,96,15,driving,DoS
86.075291693,1,171,93,119,63,74,23,81,61,driving,DoS
86.075541693,0,35,180,12,178,248,193,139,144,driving,DoS
86.075791693,1,233,145,245,3,25,0,71,215,driving,DoS
86.076041693,0,237,202,156,158,222,254,205,152,driving,DoS
86.076291693,1,229,230,158,45,214,103,197,177,driving,DoS
86.076541693,0,218,17,131,169,16,11,208,125,driving,DoS
86.076791693,1,180,161,112,240,101,19,197,139,driving,DoS
86.077041693,0,218,95,237,225,40,56,183,70,driving,DoS
86.077291693,1,194,114,164,105,25,189,238,4,driving,DoS
86.077541693,0,91,188,179,56,82,82,236,211,driving,DoS
86.077791693,1,105,218,153,120,40,160,148,171,driving,DoS
86.078041693,0,201,178,144,211,222,126,152,169,driving,DoS
86.078291693,1,134,149,113,157,131,37,156,62,driving,DoS
86.078541693,0,202,125,124,132,141,230,145,115,driving,DoS
86.078791693,1,138,209,135,8,87,74,114,24,driving,DoS
86.079041693,0,168,215,65,244,111,138,51,127,driving,DoS
86.079291693,1,80,53,4,228,66,31,88,58,driving,DoS
86.079541693,0,245,22,245,167,154,178,98,146,driving,DoS
86.079791693,1,211,189,172,241,67,64,19,125,driving,DoS
86.080041693,0,5,21,154,142,221,155,195,32,driving,DoS
86.080291693,1,75,114,27,14,72,182,54,69,driving,DoS
86.080541693,0,58,104,236,170,201,182,200,97,driving,DoS
86.080791693,1,169,172,241,1,220,40,111,35,driving,DoS
86.081041693,0,133,184,152,96,132,167,203,198,driving,DoS
86.081291693,1,113,43,37,114,189,24,104,151,driving,DoS
86.081541693,0,93,97,208,80,69,17,127,99,driving,DoS
86.081791693,1,158,234,149,93,135,208,106,55,driving,DoS
86.082041693,0,9,154,118,230,212,202,14,16,driving,DoS
86.082291693,1,160,72,143,195,25,78,45,249,driving,DoS
86.082541693,0,224,146,32,238,134,96,19,154,driving,DoS
86.082791693,1,106,163,29,79,116,187,24,83,driving,DoS
86.083041693,0,82,143,216,200,173,92,229,172,driving,DoS
86.083291693,1,81,101,102,68,78,119,4,69,driving,DoS
86.083541693,0,8,68,169,205,55,110,104,5,driving,DoS
86.083791693,1,117,11,112,101,129,209,239,225,driving,DoS
86.084041693,0,34,62,219,233,186,5,224,218,driving,DoS
86.084291693,1,72,244,177,161,127,29,88,142,driving,DoS
86.084541693,0,189,107,28,40,88,118,132,249,driving,DoS
86.084791693,1,87,120,14,110,138,67,23,65,driving,DoS
86.085041693,0,151,234,34,8,46,232,83,83,driving,DoS
86.085291693,1,67,149,26,191,29,224,211,132,driving,DoS
86.085541693,0,236,52,243,253,164,133,211,54,driving,DoS
86.085791693,1,93,135,25,197,184,116,225,78,driving,DoS
86.086041693,0,240,75,173,32,92,79,162,20,driving,DoS
86.086291693,1,175,197,201,144,130,75,126,248,driving,DoS
86.086541693,0,127,96,231,39,95,51,66,43,driving,DoS
86.086791693,1,44,24,61,234,21,120,177,212,driving,DoS
86.087041693,0,25,37,232,25,248,149,18,115,driving,DoS
86.087291693,1,77,180,53,128,181,91,162,56,driving,DoS
86.087541693,0,252,52,88,89,72,252,198,130,driving,DoS
86.087791693,1,127,112,232,93,83,10,184,148,driving,DoS
86.088041693,0,76,73,57,192,90,192,164,133,driving,DoS
86.088291693,1,195,98,99,0,100,103,148,150,driving,DoS
86.088541693,0,154,226,9,156,255,169,6,138,driving,DoS
86.088791693,1,237,10,85,5,191,193,178,36,driving,DoS
86.089041693,0,160,97,229,254,131,93,203,218,driving,DoS
86.089291693,1,107,81,162,212,119,137,94,231,driving,DoS
86.089541693,0,254,242,163,87,81,183,78,8,driving,DoS
86.089791693,1,214,41,204,178,42,72,68,14,driving,DoS
86.090041693,0,188,80,77,146,59,36,165,210,driving,DoS
86.090291693,1,111,21,77,162,161,205,119,223,driving,DoS
86.090541693,0,125,237,78,209,88,151,92,21,driving,DoS
86.090791693,1,220,193,38,171,132,13,173,49,driving,DoS
86.091041693,0,99,104,54,114,20,22,139,114,driving,DoS
86.091291693,1,80,32,42,90,77,48,88,39,driving,DoS
86.091541693,0,190,151,57,190,78,222,213,255,driving,DoS
86.091791693,1,205,152,4,53,56,167,134,29,driving,DoS
86.092041693,0,199,158,156,68,0,21,198,90,driving,DoS
86.092291693,1,254,226,245,125,160,167,198,205,driving,DoS
86.092541693,0,144,204,159,60,222,66,111,151,driving,DoS
86.092791693,1,92,57,72,223,74,91,38,98,driving,DoS
86.093041693,0,93,8,156,32,23,145,83,129,driving,DoS
86.093291693,1,111,57,144,248,57,46,241,228,driving,DoS
86.093541693,0,78,208,142,49,82,101,56,10,driving,DoS
86.093791693,1,29,112,221,216,209,10,86,1,driving,DoS
86.094041693,0,31,2,178,100,82,172,99,202,driving,DoS
86.094291693,1,96,49,1,164,23,167,91,138,driving,DoS
86.094541693,0,125,120,0,181,82,213,87,31,driving,DoS
86.094791693,1,30,230,203,221,83,234,223,124,driving,DoS
86.095041693,0,116,90,105,197,104,109,247,208,driving,DoS
86.095291693,1,42,172,58,206,90,203,232,53,driving,DoS
86.095541693,0,126,222,156,55,0,38,97,79,driving,DoS
86.095791693,1,80,102,115,78,50,114,178,95,driving,DoS
86.096041693,0,236,32,244,166,10,207,246,252,driving,DoS
86.096291693,1,197,48,22,216,189,85,3,51,driving,DoS
86.096541693,0,136,126,38,65,239,227,209,59,driving,DoS
86.096791693,1,235,56,180,214,126,153,179,254,driving,DoS
86.097041693,0,91,8,77,200,192,188,204,196,driving,DoS
86.097291693,1,87,181,48,70,165,229,104,157,driving,DoS
86.097541693,0,83,175,166,114,139,222,4,227,driving,DoS
86.097791693,1,152,69,11,227,137,243,73,210,driving,DoS
86.098041693,0,216,155,32,224,202,248,11,1,driving,DoS
86.098291693,1,234,157,254,130,180,145,207,141,driving,DoS
86.098541693,0,38,99,154,57,210,236,124,147,driving,DoS
86.098791693,1,234,175,105,204,54,194,149,14,driving,DoS
86.099041693,0,135,148,161,5,85,201,5,167,driving,DoS
86.099291693,1,87,60,16,83,204,71,234,20,driving,DoS
86.099541693,0,203,204,148,31,9,91,138,129,driving,DoS
86.099791693,1,183,53,113,0,97,21,168,247,driving,DoS
86.100041693,0,156,121,242,134,54,177,212,121,driving,DoS
86.100291693,1,7,76,228,189,6,24,0,108,driving,DoS
86.100541693,0,23,176,199,206,52,182,104,8,driving,DoS
86.100791693,1,183,198,149,49,133,98,224,150,driving,DoS
86.101041693,0,221,229,26,245,9,60,241,82,driving,DoS
86.101291693,1,212,17,15,57,104,218,190,62,driving,DoS
86.101541693,0,24,118,138,151,155,129,67,22,driving,DoS
86.101791693,1,201,247,140,175,216,205,191,84,driving,DoS
86.102041693,0,154,19,193,72,64,59,165,176,driving,DoS
86.102291693,1,223,244,70,161,217,91,94,92,driving,DoS
86.102541693,0,63,4,169,120,110,150,225,15,driving,DoS
86.102791693,1,132,255,157,245,199,155,147,166,driving,DoS
86.103041693,0,190,114,223,167,87,49,118,115,driving,DoS
86.103291693,1,160,3,250,41,70,147,170,178,driving,DoS
86.103541693,0,111,52,85,28,1,127,201,65,driving,DoS
86.103791693,1,94,46,34,241,121,73,237,253,driving,DoS
86.104041693,0,80,217,138,126,177,164,164,166,driving,DoS
86.104291693,1,87,92,156,87,177,71,160,51,driving,DoS
86.104541693,0,207,59,167,250,188,43,229,34,driving,DoS
86.104791693,1,28,172,26,24,185,157,47,132,driving,DoS
86.105041693,0,229,232,157,137,241,117,187,109,driving,DoS
86.105291693,1,182,72,152,224,151,57,236,60,driving,DoS
86.105541693,0,182,153,235,102,133,148,104,18,driving,DoS
86.105791693,1,170,118,250,15,113,99,63,111,driving,DoS
86.106041693,0,215,42,35,102,122,93,218,19,driving,DoS
86.106291693,1,242,89,34,180,89,245,243,100,driving,DoS
86.106541693,0,4,146,222,94,161,32,160,92,driving,DoS
86.106791693,1,62,227,156,209,167,108,167,115,driving,DoS
86.107041693,0,247,25,51,54,182,217,244,96,driving,DoS
86.107291693,1,149,142,195,254,44,245,226,193,driving,DoS
86.107541693,0,83,203,33,158,114,107,202,69,driving,DoS
86.107791693,1,131,192,220,134,174,26,14,18,driving,DoS
86.108041693,0,57,24,174,245,116,8,119,174,driving,DoS
86.108291693,1,83,48,43,209,148,147,87,150,driving,DoS
86.108541693,0,199,141,152,234,189,224,87,189,driving,DoS
86.108791693,1,251,168,178,64,56,26,91,73,driving,DoS
86.109041693,0,36,225,236,37,70,153,96,231,driving,DoS
86.109291693,1,41,236,7,168,153,134,168,50,driving,DoS
86.109541693,0,136,105,217,254,81,200,53,42,driving,DoS
86.109791693,1,93,111,15,107,174,222,58,41,driving,DoS
86.110041693,0,125,251,40,140,172,5,11,85,driving,DoS
86.110291693,1,53,227,239,24,189,161,75,217,driving,DoS
86.110541693,0,216,106,113,191,45,160,10,237,driving,DoS
86.110791693,1,6,163,99,64,202,10,62,62,driving,DoS
86.111041693,0,123,40,5,127,64,242,157,68,driving,DoS
86.111291693,1,161,178,62,124,218,21,30,167,driving,DoS
86.111541693,0,51,62,21,145,167,31,69,153,driving,DoS
86.111791693,1,108,236,105,205,35,175,254,105,driving,DoS
86.112041693,0,194,205,71,225,40,111,178,205,driving,DoS
86.112291693,1,125,107,180,123,30,3,170,164,driving,DoS
86.112541693,0,220,46,187,149,230,126,44,171,driving,DoS
86.112791693,1,197,192,122,249,95,182,177,59,driving,DoS
86.113041693,0,51,194,148,126,201,21,68,122,driving,DoS
86.113291693,1,241,248,93,233,14,81,215,193,driving,DoS
86.113541693,0,209,2,175,127,151,90,42,193,driving,DoS
86.113791693,1,130,131,35,211,39,17,53,236,driving,DoS
86.114041693,0,165,104,171,153,209,135,21,191,driving,DoS
86.114291693,1,63,19,96,0,69,251,109,4,driving,DoS
86.114541693,0,135,73,249,214,106,216,68,52,driving,DoS
86.114791693,1,134,132,138,232,59,117,162,108,driving,DoS
86.115041693,0,11,210,22,214,253,205,133,1,driving,DoS
86.115291693,1,88,88,142,232,138,163,179,57,driving,DoS
86.115541693,0,121,168,232,69,251,63,232,136,driving,DoS
86.115791693,1,100,10,217,61,54,196,138,17,driving,DoS
86.116041693,0,103,156,106,33,252,105,240,226,driving,DoS
86.116291693,1,183,113,119,109,207,145,243,230,driving,DoS
86.116541693,0,7,128,48,119,4,6,57,178,driving,DoS
86.116791693,1,98,214,11,95,65,202,68,178,driving,DoS
86.117041693,0,135,85,20,134,34,87,119,43,driving,DoS
86.117291693,1,17,182,230,236,68,3,137,143,driving,DoS
86.117541693,0,33,10,28,253,139,51,110,81,driving,DoS
86.117791693,1,138,190,122,38,30,247,158,50,driving,DoS
86.118041693,0,73,73,141,238,14,243,77,199,driving,DoS
86.118291693,1,130,208,104,93,90,191,40,253,driving,DoS
86.118541693,0,152,73,94,148,7,135,109,88,driving,DoS
86.118791693,1,214,51,55,26,18,98,156,195,driving,DoS
86.119041693,0,220,50,195,110,25,243,6,76,driving,DoS
86.119291693,1,204,229,86,28,77,17,16,171,driving,DoS
86.119541693,0,121,200,212,69,35,184,100,209,driving,DoS
86.119791693,1,15,5,173,238,243,160,15,30,driving,DoS
86.120041693,0,49,253,124,69,170,6,13,236,driving,DoS
86.120291693,1,110,236,45,97,17,231,87,82,driving,DoS
86.120541693,0,47,55,104,194,21,241,38,199,driving,DoS
86.120791693,1,253,72,95,61,12,129,161,143,driving,DoS
86.121041693,0,208,57,253,56,85,35,242,3,driving,DoS
86.121291693,1,232,131,156,125,208,27,74,115,driving,DoS
86.121541693,0,154,150,67,94,184,73,47,203,driving,DoS
86.121791693,1,7,73,175,92,109,138,42,72,driving,DoS
86.122041693,0,8,139,156,228,242,92,192,11,driving,DoS
86.122291693,1,106,93,215,180,161,48,115,66,driving,DoS
86.122541693,0,240,209,40,238,153,12,68,138,driving,DoS
86.122791693,1,176,183,179,57,195,18,67,54,driving,DoS
86.123041693,0,54,56,163,46,87,220,207,146,driving,DoS
86.123291693,1,211,130,245,219,215,64,109,237,driving,DoS
86.123541693,0,194,30,4,137,159,233,132,12,driving,DoS
86.123791693,1,118,224,45,56,16,251,149,66,driving,DoS
86.124041693,0,43,223,153,22,25,206,103,201,driving,DoS
86.124291693,1,65,101,166,117,142,137,223,138,driving,DoS
86.124541693,0,229,20,80,60,114,210,163,140,driving,DoS
86.124791693,1,221,95,75,4,86,33,85,102,driving,DoS
86.125041693,0,251,75,7,183,168,0,106,111,driving,DoS
86.125291693,1,1,31,10,9,192,127,149,206,driving,DoS
86.125541693,0,232,122,56,2,1,46,62,129,driving,DoS
86.125791693,1,60,207,1,11,47,196,77,120,driving,DoS
86.126041693,0,71,253,103,233,235,22,198,4,driving,DoS
86.126291693,1,172,153,42,217,245,132,198,125,driving,DoS
86.126541693,0,20,25,11,141,112,127,222,60,driving,DoS
86.126791693,1,49,125,228,42,49,43,162,47,driving,DoS
86.127041693,0,189,132,168,72,158,76,9,96,driving,DoS
86.127291693,1,133,6,35,185,104,165,122,142,driving,DoS
86.127541693,0,211,210,15,228,164,192,128,145,driving,DoS
86.127791693,1,139,207,221,226,75,27,48,29,driving,DoS
86.128041693,0,70,136,8,71,46,77,70,113,driving,DoS
86.128291693,1,228,147,0,76,200,72,17,177,driving,DoS
86.128541693,0,35,254,134,166,69,239,116,183,driving,DoS
86.128791693,1,98,210,159,81,113,176,232,8,driving,DoS
86.129041693,0,4,150,44,81,48,71,169,54,driving,DoS
86.129291693,1,59,214,35,90,167,177,9,146,driving,DoS
86.129541693,0,203,58,16,31,237,88,112,28,driving,DoS
86.129791693,1,135,218,209,12,27,43,65,124,driving,DoS
86.130041693,0,73,234,44,15,45,89,102,65,driving,DoS
86.130291693,1,218,35,179,45,64,15,135,191,driving,DoS
86.130541693,0,5,254,219,222,166,114,132,159,driving,DoS
86.130791693,1,195,23,156,90,73,225,214,112,driving,DoS
86.131041693,0,153,196,12,54,45,170,121,3,driving,DoS
86.131291693,1,187,255,104,158,251,76,132,120,driving,DoS
86.131541693,0,179,215,42,251,209,86,83,162,driving,DoS
86.131791693,1,51,64,234,93,201,231,1,200,driving,DoS
86.132041693,0,214,198,179,204,78,66,141,39,driving,DoS
86.132291693,1,226,209,226,138,150,242,239,41,driving,DoS
86.132541693,0,81,30,106,185,7,18,211,55,driving,DoS
86.132791693,1,155,247,154,74,64,120,160,139,driving,DoS
86.133041693,0,107,157,27,157,214,193,78,56,driving,DoS
86.133291693,1,77,44,172,221,129,182,83,182,driving,DoS
86.133541693,0,131,88,8,204,141,144,45,63,driving,DoS
86.133791693,1,51,252,100,41,75,237,127,1,driving,DoS
86.134041693,0,219,119,157,115,172,147,91,33,driving,DoS
86.134291693,1,141,214,11,207,207,132,9,177,driving,DoS
86.134541693,0,50,51,22,93,46,82,189,159,driving,DoS
86.134791693,1,100,142,42,95,126,15,60,205,driving,DoS
86.135041693,0,26,159,217,2,122,254,72,51,driving,DoS
86.135291693,1,197,27,29,103,83,31,103,53,driving,DoS
86.135541693,0,228,25,41,45,141,16,6,107,driving,DoS
86.135791693,1,152,243,59,123,54,254,50,238,driving,DoS
86.136041693,0,212,23,53,198,79,181,26,132,driving,DoS
86.136291693,1,50,145,238,168,186,4,61,39,driving,DoS
86.136541693,0,105,224,174,114,172,84,61,11,driving,DoS
86.136791693,1,241,85,227,1,241,70,239,28,driving,DoS
86.137041693,0,116,239,57,212,54,218,14,56,driving,DoS
86.137291693,1,240,79,66,103,196,128,246,251,driving,DoS
86.137541693,0,61,101,248,173,116,20,229,214,driving,DoS
86.137791693,1,54,3,93,146,7,187,180,238,driving,DoS
86.138041693,0,16,7,86,131,150,99,69,109,driving,DoS
86.138291693,1,202,95,83,62,200,19,196,195,driving,DoS
86.138541693,0,180,233,132,203,241,10,199,226,driving,DoS
86.138791693,1,182,33,223,60,125,186,72,45,driving,DoS
86.139041693,0,164,28,59,208,152,74,198,37,driving,DoS
86.139291693,1,2,245,4,111,101,186,23,132,driving,DoS
86.139541693,0,80,144,108,57,113,70,147,149,driving,DoS
86.139791693,1,33,112,12,5,154,54,217,38,driving,DoS
86.140041693,0,7,161,117,23,75,51,188,36,driving,DoS
86.140291693,1,193,243,186,198,148,206,125,118,driving,DoS
86.140541693,0,168,119,158,46,47,1,166,8,driving,DoS
86.140791693,1,60,141,255,215,132,79,251,217,driving,DoS
86.141041693,0,62,163,241,126,172,164,56,70,driving,DoS
86.141291693,1,39,229,252,168,50,68,119,190,driving,DoS
86.141541693,0,254,50,174,185,132,79,192,23,driving,DoS
86.141791693,1,236,82,116,196,9,78,151,149,driving,DoS
86.142041693,0,222,189,143,216,236,239,72,18,driving,DoS
86.142291693,1,183,33,226,52,13,235,104,31,driving,DoS
86.142541693,0,237,62,185,196,134,246,117,246,driving,DoS
86.142791693,1,31,110,50,249,162,157,116,8,driving,DoS
86.143041693,0,95,226,151,37,154,166,235,92,driving,DoS
86.143291693,1,196,25,82,88,170,132,201,206,driving,DoS
86.143541693,0,75,230,95,153,23,229,213,219,driving,DoS
86.143791693,1,128,69,5,228,193,105,73,244,driving,DoS
86.144041693,0,34,105,173,106,205,243,213,70,driving,DoS
86.144291693,1,183,64,111,220,243,26,208,15,driving,DoS
86.144541693,0,134,201,119,90,29,171,189,120,driving,DoS
86.144791693,1,132,3,177,13,74,242,102,214,driving,DoS
86.145041693,0,42,167,230,219,131,4,160,98,driving,DoS
86.145291693,1,164,210,230,29,242,237,255,173,driving,DoS
86.145541693,0,176,130,81,223,39,14,123,132,driving,DoS
86.145791693,1,75,92,244,107,206,66,233,105,driving,DoS
86.146041693,0,92,30,90,89,75,246,52,54,driving,DoS
86.146291693,1,38,237,189,250,218,61,251,54,driving,DoS
86.146541693,0,216,84,29,150,80,190,58,147,driving,DoS
86.146791693,1,137,206,119,16,191,89,53,217,driving,DoS
86.147041693,0,4,106,91,95,15,92,211,7,driving,DoS
86.147291693,1,48,136,94,203,137,253,39,31,driving,DoS
86.147541693,0,216,12,36,230,237,9,110,41,driving,DoS
86.147791693,1,204,99,228,20,175,5,16,149,driving,DoS
86.148041693,0,101,106,94,211,234,93,129,143,driving,DoS
86.148291693,1,192,114,57,225,81,142,227,221,driving,DoS
86.148541693,0,123,2,113,16,203,166,133,31,driving,DoS
86.148791693,1,80,179,166,55,112,115,65,236,driving,DoS
86.149041693,0,80,252,92,44,81,60,198,113,driving,DoS
86.149291693,1,178,24,152,219,30,64,220,214,driving,DoS
86.149541693,0,231,202,169,87,232,85,155,182,driving,DoS
86.149791693,1,105,250,135,191,11,231,0,222,driving,DoS
86.150041693,0,154,1,214,253,186,211,11,86,driving,DoS
86.150291693,1,22,5,52,87,23,84,95,39,driving,DoS
86.150541693,0,190,153,121,16,143,132,17,115,driving,DoS
86.150791693,1,88,80,178,98,126,105,88,3,driving,DoS
86.151041693,0,85,125,183,34,20,78,191,169,driving,DoS
86.151291693,1,176,30,58,115,172,145,168,17,driving,DoS
86.151541693,0,115,207,145,106,99,125,98,83,driving,DoS
86.151791693,1,150,126,201,83,218,67,3,13,driving,DoS
86.152041693,0,177,118,62,64,137,138,46,82,driving,DoS
86.152291693,1,29,227,170,201,160,68,28,60,driving,DoS
86.152541693,0,73,124,254,205,101,38,246,235,driving,DoS
86.152791693,1,158,190,142,81,33,7,196,93,driving,DoS
86.153041693,0,137,47,104,229,175,50,67,92,driving,DoS
86.153291693,1,202,228,38,117,51,246,190,118,driving,DoS
86.153541693,0,205,65,216,140,242,163,77,204,driving,DoS
86.153791693,1,128,196,52,72,13,217,61,229,driving,DoS
86.154041693,0,117,13,2,81,137,161,70,138,driving,DoS
86.154291693,1,31,97,85,54,32,181,117,169,driving,DoS
86.154541693,0,181,5,162,48,138,107,71,51,driving,DoS
86.154791693,1,53,153,121,25,226,248,236,71,driving,DoS
86.155041693,0,133,238,64,191,128,67,78,47,driving,DoS
86.155291693,1,120,130,164,56,92,3,154,247,driving,DoS
86.155541693,0,252,21,220,252,195,101,106,120,driving,DoS
86.155791693,1,87,220,181,48,183,29,84,174,driving,DoS
86.156041693,0,239,148,221,140,29,170,183,98,driving,DoS
86.156291693,1,87,164,223,244,69,207,88,9,driving,DoS
86.156541693,0,136,203,246,64,86,185,156,110,driving,DoS
86.156791693,1,163,191,41,200,86,81,88,93,driving,DoS
86.157041693,0,179,4,54,93,180,207,86,153,driving,DoS
86.157291693,1,228,88,210,96,128,92,6,46,driving,DoS
86.157541693,0,86,83,125,140,44,147,89,5,driving,DoS
86.157791693,1,6,213,201,87,227,20,68,209,driving,DoS
86.158041693,0,204,0,134,175,26,184,220,99,driving,DoS
86.158291693,1,94,34,244,145,20,9,118,38,driving,DoS
86.158541693,0,25,43,112,125,189,102,90,68,driving,DoS
86.158791693,1,82,152,237,47,44,113,195,2,driving,DoS
86.159041693,0,23,214,10,73,236,248,19,164,driving,DoS
86.159291693,1,204,143,204,56,214,28,242,223,driving,DoS
86.159541693,0,66,200,144,111,181,5,7,166,driving,DoS
86.159791693,1,116,237,88,102,138,216,46,227,driving,DoS
86.160041693,0,217,75,114,56,105,101,210,58,driving,DoS
86.160291693,1,6,132,144,47,222,153,70,102,driving,DoS
86.160541693,0,50,199,178,141,147,59,100,235,driving,DoS
86.160791693,1,91,237,240,198,185,244,215,16,driving,DoS
86.161041693,0,216,106,128,149,92,23,142,219,driving,DoS
86.161291693,1,35,242,167,174,51,225,10,44,driving,DoS
86.161541693,0,253,96,88,153,93,21,86,146,driving,DoS
86.161791693,1,112,227,157,136,136,39,254,86,driving,DoS
86.162041693,0,112,137,176,219,171,100,199,130,driving,DoS
86.162291693,1,229,5,84,183,150,189,115,193,driving,DoS
86.162541693,0,70,214,21,143,239,88,101,222,driving,DoS
86.162791693,1,136,32,6,1,173,116,172,160,driving,DoS
86.163041693,0,246,137,89,46,200,142,120,164,driving,DoS
86.163291693,1,8,16,112,244,39,134,218,25,driving,DoS
86.163541693,0,156,250,210,48,150,113,233,134,driving,DoS
86.163791693,1,141,108,234,26,202,192,42,231,driving,DoS
86.164041693,0,179,212,131,212,239,67,198,119,driving,DoS
86.164291693,1,206,34,188,152,44,190,17,30,driving,DoS
86.164541693,0,76,231,243,85,56,5,157,171,driving,DoS
86.164791693,1,20,232,197,10,148,120,186,210,driving,DoS
86.165041693,0,219,17,172,18,116,126,227,136,driving,DoS
86.165291693,1,217,125,108,13,202,247,225,108,driving,DoS
86.165541693,0,11,207,241,61,69,93,93,215,driving,DoS
86.165791693,1,210,243,143,41,8,231,220,168,driving,DoS
86.166041693,0,111,168,23,198,241,105,212,104,driving,DoS
86.166291693,1,155,86,246,204,12,161,165,11,driving,DoS
86.166541693,0,154,70,71,60,233,30,134,216,driving,DoS
86.166791693,1,39,205,226,15,208,200,105,95,driving,DoS
86.167041693,0,31,35,205,83,7,242,98,90,driving,DoS
86.167291693,1,41,81,251,61,78,214,165,104,driving,DoS
86.167541693,0,119,237,46,234,3,216,157,134,driving,DoS
86.167791693,1,87,207,149,80,15,105,120,44,driving,DoS
86.168041693,0,121,167,154,9,57,144,183,214,driving,DoS
86.168291693,1,230,13,194,91,32,174,224,97,driving,DoS
86.168541693,0,1,188,132,83,139,118,142,125,driving,DoS
86.168791693,1,27,75,38,238,57,212,241,2,driving,DoS
86.169041693,0,197,192,138,113,58,175,26,52,driving,DoS
86.169291693,1,194,129,72,47,168,0,102,229,driving,DoS
86.169541693,0,23,58,243,27,79,211,152,21,driving,DoS
86.169791693,1,228,24,104,15,16,33,232,81,driving,DoS
86.170041693,0,205,76,84,212,89,151,153,167,driving,DoS
86.170291693,1,15,9,234,75,173,94,239,141,driving,DoS
86.170541693,0,45,38,214,1,216,57,197,56,driving,DoS
86.170791693,1,87,241,207,200,67,7,16,68,driving,DoS
86.171041693,0,8,122,61,233,29,89,215,99,driving,DoS
86.171291693,1,135,143,137,111,166,195,94,129,driving,DoS
86.171541693,0,171,248,3,41,91,5,151,73,driving,DoS
86.171791693,1,152,83,191,110,208,9,46,79,driving,DoS
86.172041693,0,114,234,186,127,4,93,136,231,driving,DoS
86.172291693,1,207,30,127,192,229,0,67,150,driving,DoS
86.172541693,0,124,192,162,68,157,21,180,181,driving,DoS
86.172791693,1,113,217,130,40,225,188,142,8,driving,DoS
86.173041693,0,124,204,139,75,60,180,231,255,driving,DoS
86.173291693,1,127,189,141,204,210,77,101,65,driving,DoS
86.173541693,0,118,219,19,195,206,237,208,145,driving,DoS
86.173791693,1,37,66,190,158,248,89,69,25,driving,DoS
86.174041693,0,131,95,198,94,84,210,65,5,driving,DoS
86.174291693,1,196,213,203,37,232,208,90,96,driving,DoS
86.174541693,0,176,193,79,126,110,164,244,204,driving,DoS
86.174791693,1,237,253,230,95,190,222,6,154,driving,DoS
86.175041693,0,62,126,130,88,25,128,126,48,driving,DoS
86.175291693,1,167,102,97,43,79,64,206,5,driving,DoS
86.175541693,0,15,2,34,148,152,25,238,204,driving,DoS
86.175791693,1,75,34,156,116,17,145,36,111,driving,DoS
86.176041693,0,153,60,8,104,253,164,77,240,driving,DoS
86.176291693,1,67,16,222,167,196,152,81,69,driving,DoS
86.176541693,0,151,5,168,77,28,93,119,172,driving,DoS
86.176791693,1,118,15,248,218,219,52,133,205,driving,DoS
86.177041693,0,64,17,189,205,67,2,43,242,driving,DoS
86.177291693,1,186,125,1,229,209,209,51,220,driving,DoS
86.177541693,0,170,245,78,148,3,158,126,157,driving,DoS
86.177791693,1,251,131,61,83,162,115,37,99,driving,DoS
86.178041693,0,246,161,207,49,6,26,254,250,driving,DoS
86.178291693,1,253,100,86,37,254,179,31,115,driving,DoS
86.178541693,0,214,44,91,23,75,170,36,101,driving,DoS
86.178791693,1,247,99,107,235,20,97,152,94,driving,DoS
86.179041693,0,150,158,140,229,146,0,138,252,driving,DoS
86.179291693,1,220,13,227,212,65,115,161,33,driving,DoS
86.179541693,0,2,240,211,164,39,36,241,17,driving,DoS
86.179791693,1,182,45,247,122,85,177,40,137,driving,DoS
86.180041693,0,180,196,98,130,18,37,181,0,driving,DoS
86.180291693,1,176,177,40,48,164,231,133,138,driving,DoS
86.180541693,0,200,187,127,59,203,24,251,242,driving,DoS
86.180791693,1,1,25,145,5,125,6,159,163,driving,DoS
86.181041693,0,159,60,141,9,127,76,91,41,driving,DoS
86.181291693,1,12,107,195,201,82,20,122,190,driving,DoS
86.181541693,0,204,142,10,227,6,77,200,164,driving,DoS
86.181791693,1,80,173,46,195,144,223,105,104,driving,DoS
86.182041693,0,121,175,213,67,102,28,97,239,driving,DoS
86.182291693,1,153,134,10,27,221,249,21,247,driving,DoS
86.182541693,0,21,86,21,60,47,144,113,40,driving,DoS
86.182791693,1,47,102,74,199,193,51,49,171,driving,DoS
86.183041693,0,141,173,24,175,83,204,123,95,driving,DoS
86.183291693,1,61,57,206,16,151,232,81,75,driving,DoS
86.183541693,0,9,160,115,240,3,243,244,139,driving,DoS
86.183791693,1,186,142,151,245,29,70,100,40,driving,DoS
86.184041693,0,227,32,148,199,37,173,124,139,driving,DoS
86.184291693,1,215,248,198,208,67,208,92,127,driving,DoS
86.184541693,0,167,192,1,186,118,6,70,196,driving,DoS
86.184791693,1,37,154,8,66,191,248,229,3,driving,DoS
86.185041693,0,110,198,205,24,169,26,201,121,driving,DoS
86.185291693,1,21,202,202,122,222,4,189,22,driving,DoS
86.185541693,0,66,44,219,136,4,61,5,110,driving,DoS
86.185791693,1,22,60,84,30,121,14,73,186,driving,DoS
86.186041693,0,69,11,134,173,80,102,235,189,driving,DoS
86.186291693,1,239,187,118,57,95,200,21,25,driving,DoS
86.186541693,0,220,22,68,237,178,252,151,164,driving,DoS
86.186791693,1,131,139,70,22,163,146,144,146,driving,DoS
86.187041693,0,168,115,46,63,8,61,199,178,driving,DoS
86.187291693,1,179,108,145,144,169,203,207,80,driving,DoS
86.187541693,0,85,189,76,63,252,253,26,161,driving,DoS
86.187791693,1,208,194,6,120,209,52,215,71,driving,DoS
86.188041693,0,158,216,15,229,5,151,229,78,driving,DoS
86.188291693,1,215,207,8,67,100,180,32,187,driving,DoS
86.188541693,0,186,13,36,191,101,2,34,225,driving,DoS
86.188791693,1,117,46,216,254,48,161,216,27,driving,DoS
86.189041693,0,177,225,31,191,66,91,130,154,driving,DoS
86.189291693,1,38,107,125,167,157,226,135,28,driving,DoS
86.189541693,0,192,135,187,109,49,163,239,27,driving,DoS
86.189791693,1,163,235,63,40,203,222,153,207,driving,DoS
86.190041693,0,109,219,169,198,63,120,99,165,driving,DoS
86.190291693,1,253,135,235,202,3,191,239,25,driving,DoS
86.190541693,0,95,124,244,242,45,135,125,3,driving,DoS
86.190791693,1,51,95,83,13,184,221,250,123,driving,DoS
86.191041693,0,111,97,73,245,108,68,107,207,driving,DoS
86.191291693,1,148,132,20,95,68,164,122,83,driving,DoS
86.191541693,0,202,235,192,95,132,84,224,242,driving,DoS
86.191791693,1,121,81,114,173,72,23,69,122,driving,DoS
86.192041693,0,93,11,48,128,0,33,216,96,driving,DoS
86.192291693,1,116,89,142,150,70,108,152,253,driving,DoS
86.192541693,0,36,76,4,247,169,164,43,168,driving,DoS
86.192791693,1,137,175,64,199,29,226,165,223,driving,DoS
86.193041693,0,35,103,113,63,15,1,201,145,driving,DoS
86.193291693,1,125,109,79,94,221,77,65,252,driving,DoS
86.193541693,0,230,239,239,111,104,38,212,17,driving,DoS
86.193791693,1,203,205,152,244,14,226,1,106,driving,DoS
86.194041693,0,185,26,121,193,17,171,160,86,driving,DoS
86.194291693,1,155,69,147,43,19,242,152,27,driving,DoS
86.194541693,0,67,253,138,9,222,242,187,85,driving,DoS
86.194791693,1,219,232,215,70,190,1,220,81,driving,DoS
86.195041693,0,7,20,125,207,97,182,206,134,driving,DoS
86.195291693,1,210,36,144,229,136,161,248,106,driving,DoS
86.195541693,0,53,111,248,142,39,131,218,17,driving,DoS
86.195791693,1,161,160,7,144,106,73,213,223,driving,DoS
86.196041693,0,151,110,65,67,113,131,195,51,driving,DoS
86.196291693,1,66,51,80,38,53,168,147,173,driving,DoS
86.196541693,0,116,128,8,2,37,93,230,223,driving,DoS
86.196791693,1,83,70,98,155,254,153,88,82,driving,DoS
86.197041693,0,174,203,236,251,32,72,65,104,driving,DoS
86.197291693,1,230,247,29,168,148,34,198,25,driving,DoS
86.197541693,0,196,39,102,130,189,205,156,239,driving,DoS
86.197791693,1,138,200,12,166,219,227,137,198,driving,DoS
86.198041693,0,98,123,1,227,78,103,202,61,driving,DoS
86.198291693,1,25,30,72,213,42,196,205,67,driving,DoS
86.198541693,0,3,50,214,165,182,163,230,208,driving,DoS
86.198791693,1,142,169,255,204,165,167,183,252,driving,DoS
86.199041693,0,180,51,88,130,240,220,140,2,driving,DoS
86.199291693,1,3,26,197,228,172,212,67,149,driving,DoS
86.199541693,0,29,182,36,212,195,180,130,166,driving,DoS
86.199791693,1,54,78,89,131,154,133,35,241,driving,DoS
86.200041693,0,151,2,73,103,103,208,218,8,driving,DoS
86.200291693,1,119,162,240,21,32,231,10,125,driving,DoS
86.200541693,0,209,99,23,152,137,78,108,210,driving,DoS
86.200791693,1,31,88,23,170,24,114,15,142,driving,DoS
86.201041693,0,35,108,137,6,221,33,243,248,driving,DoS
86.201291693,1,249,69,139,172,78,137,56,107,driving,DoS
86.201541693,0,185,199,138,6,152,162,21,237,driving,DoS
86.201791693,1,104,181,193,251,153,7,164,255,driving,DoS
86.202041693,0,114,128,9,172,23,71,221,0,driving,DoS
86.202291693,1,86,128,138,75,22,119,46,181,driving,DoS
86.202541693,0,71,170,143,8,239,97,159,78,driving,DoS
86.202791693,1,20,116,49,225,235,241,146,223,driving,DoS
86.203041693,0,235,185,187,58,158,34,217,136,driving,DoS
86.203291693,1,81,103,1,66,163,202,141,54,driving,DoS
86.203541693,0,215,81,125,112,86,219,15,184,driving,DoS
86.203791693,1,192,143,84,235,215,246,149,107,driving,DoS
86.204041693,0,50,227,98,1,196,206,93,109,driving,DoS
86.204291693,1,44,190,47,46,239,76,150,75,driving,DoS
86.204541693,0,195,185,174,159,212,11,215,78,driving,DoS
86.204791693,1,120,68,235,73,112,242,60,230,driving,DoS
86.205041693,0,13,77,87,116,241,28,18,219,driving,DoS
86.205291693,1,161,139,229,28,143,238,228,165,driving,DoS
86.205541693,0,132,36,227,215,254,160,160,103,driving,DoS
86.205791693,1,39,20,231,107,236,33,180,33,driving,DoS
86.206041693,0,164,252,29,154,189,199,85,207,driving,DoS
86.206291693,1,107,134,226,210,105,11,79,8,driving,DoS
86.206541693,0,245,204,40,77,121,204,55,92,driving,DoS
86.206791693,1,58,14,170,45,51,79,198,50,driving,DoS
86.207041693,0,68,13,250,3,205,198,18,60,driving,DoS
86.207291693,1,24,232,67,112,246,75,73,198,driving,DoS
86.207541693,0,118,114,140,223,155,232,23,124,driving,DoS
86.207791693,1,161,22,215,251,167,235,211,115,driving,DoS
86.208041693,0,97,173,181,228,6,249,226,120,driving,DoS
86.208291693,1,51,87,111,51,165,168,174,21,driving,DoS
86.208541693,0,162,225,16,183,65,47,244,113,driving,DoS
86.208791693,1,140,143,134,22,159,188,107,53,driving,DoS
86.209041693,0,39,159,32,157,247,26,52,78,driving,DoS
86.209291693,1,116,165,25,101,205,227,58,166,driving,DoS
86.209541693,0,201,38,19,224,230,228,27,72,driving,DoS
86.209791693,1,118,154,136,182,218,149,134,210,driving,DoS
86.210041693,0,242,150,12,118,216,218,152,11,driving,DoS
86.210291693,1,33,221,111,68,163,245,111,255,driving,DoS
86.210541693,0,106,60,181,255,187,231,82,75,driving,DoS
86.210791693,1,224,119,53,201,106,19,69,45,driving,DoS
86.211041693,0,169,188,155,83,116,116,89,153,driving,DoS
86.211291693,1,46,192,190,35,177,130,126,221,driving,DoS
86.211541693,0,199,12,238,106,153,149,196,241,driving,DoS
86.211791693,1,130,199,90,62,176,182,145,42,driving,DoS
86.212041693,0,249,137,58,217,32,226,1,172,driving,DoS
86.212291693,1,6,82,84,39,48,207,36,146,driving,DoS
86.212541693,0,50,116,153,140,245,197,29,130,driving,DoS
86.212791693,1,104,249,230,147,13,65,64,207,driving,DoS
86.213041693,0,147,123,103,14,77,217,178,15,driving,DoS
86.213291693,1,196,95,59,96,212,193,231,235,driving,DoS
86.213541693,0,63,193,212,211,222,39,0,71,driving,DoS
86.213791693,1,160,201,123,142,89,16,68,65,driving,DoS
86.214041693,0,68,112,137,20,37,106,224,216,driving,DoS
86.214291693,1,113,215,249,183,8,48,242,231,driving,DoS
86.214541693,0,36,167,76,155,141,206,61,140,driving,DoS
86.214791693,1,150,13,84,108,125,179,32,234,driving,DoS
86.215041693,0,155,202,184,222,157,71,192,26,driving,DoS
86.215291693,1,56,196,126,250,65,194,111,34,driving,DoS
86.215541693,0,182,195,171,182,80,93,248,224,driving,DoS
86.215791693,1,192,134,47,152,23,13,110,165,driving,DoS
86.216041693,0,1,91,171,175,32,106,138,147,driving,DoS
86.216291693,1,130,204,246,72,92,117,0,153,driving,DoS
86.216541693,0,240,123,119,33,129,184,141,193,driving,DoS
86.216791693,1,42,191,246,149,101,76,183,47,driving,DoS
86.217041693,0,58,133,234,238,162,109,32,68,driving,DoS
86.217291693,1,4,148,7,164,146,124,225,253,driving,DoS
86.217541693,0,222,217,48,99,26,191,26,30,driving,DoS
86.217791693,1,51,245,124,43,159,105,43,166,driving,DoS
86.218041693,0,47,33,128,117,221,246,211,87,driving,DoS
86.218291693,1,53,7,248,39,233,49,23,207,driving,DoS
86.218541693,0,163,216,154,65,169,232,27,208,driving,DoS
86.218791693,1,1,73,219,101,125,36,190,134,driving,DoS
86.219041693,0,91,100,6,206,17,27,94,99,driving,DoS
86.219291693,1,27,94,221,171,171,9,167,70,driving,DoS
86.219541693,0,86,147,48,49,148,78,13,206,driving,DoS
86.219791693,1,209,245,18,52,161,38,131,163,driving,DoS
86.220041693,0,72,9,48,205,217,127,105,72,driving,DoS
86.220291693,1,65,69,69,142,19,16,163,118,driving,DoS
86.220541693,0,66,94,90,24,190,193,71,14,driving,DoS
86.220791693,1,48,23,38,58,106,131,157,107,driving,DoS
86.221041693,0,114,51,98,116,89,186,92,193,driving,DoS
86.221291693,1,59,109,81,124,130,171,210,145,driving,DoS
86.221541693,0,170,64,110,155,95,204,152,152,driving,DoS
86.221791693,1,226,219,2,88,135,220,219,98,driving,DoS
86.222041693,0,137,89,27,182,126,223,232,242,driving,DoS
86.222291693,1,124,141,184,90,241,118,182,207,driving,DoS
86.222541693,0,47,171,90,196,206,189,170,33,driving,DoS
86.222791693,1,136,249,199,80,189,126,31,213,driving,DoS
86.223041693,0,213,153,53,136,242,189,112,127,driving,DoS
86.223291693,1,207,189,81,147,226,138,201,222,driving,DoS
86.223541693,0,162,119,173,106,208,65,173,127,driving,DoS
86.223791693,1,78,148,103,198,252,77,152,52,driving,DoS
86.224041693,0,173,243,41,80,234,214,100,114,driving,DoS
86.224291693,1,165,138,108,146,210,168,219,126,driving,DoS
86.224541693,0,13,211,51,201,75,151,240,121,driving,DoS
86.224791693,1,39,212,49,181,114,42,51,201,driving,DoS
86.225041693,0,100,236,45,14,125,11,254,106,driving,DoS
86.225291693,1,242,66,194,30,241,85,2,48,driving,DoS
86.225541693,0,140,216,246,9,71,197,140,106,driving,DoS
86.225791693,1,60,67,62,146,203,100,152,226,driving,DoS
86.226041693,0,203,94,165,142,73,84,198,151,driving,DoS
86.226291693,1,176,207,105,97,55,235,71,153,driving,DoS
86.226541693,0,5,110,202,134,40,56,92,211,driving,DoS
86.226791693,1,196,149,235,45,209,231,13,210,driving,DoS
86.227041693,0,114,111,168,112,56,16,53,199,driving,DoS
86.227291693,1,55,86,179,14,58,205,126,139,driving,DoS
86.227541693,0,17,41,99,115,118,139,139,110,driving,DoS
86.227791693,1,243,214,246,105,140,51,144,23,driving,DoS
86.228041693,0,135,45,31,36,222,252,110,19,driving,DoS
86.228291693,1,37,128,46,53,205,5,144,42,driving,DoS
86.228541693,0,12,24,159,82,19,77,213,213,driving,DoS
86.228791693,1,60,206,16,37,20,126,149,73,driving,DoS
86.229041693,0,62,102,132,168,154,133,79,30,driving,DoS
86.229291693,1,107,163,101,38,217,31,244,49,driving,DoS
86.229541693,0,248,51,105,195,30,40,165,246,driving,DoS
86.229791693,1,50,44,253,59,104,69,50,158,driving,DoS
86.230041693,0,8,69,155,237,2,82,45,148,driving,DoS
86.230291693,1,47,61,67,235,153,162,69,248,driving,DoS
86.230541693,0,38,109,223,243,188,251,194,150,driving,DoS
86.230791693,1,219,96,36,122,40,19,255,154,driving,DoS
86.231041693,0,56,194,62,146,86,127,77,60,driving,DoS
86.231291693,1,178,145,24,38,121,42,171,111,driving,DoS
86.231541693,0,169,26,210,221,94,198,34,208,driving,DoS
86.231791693,1,129,176,172,85,165,89,254,159,driving,DoS
86.232041693,0,38,1,71,186,144,249,33,238,driving,DoS
86.232291693,1,141,183,218,199,144,113,29,15,driving,DoS
86.232541693,0,189,54,174,221,231,178,205,106,driving,DoS
86.232791693,1,187,186,151,74,94,229,44,233,driving,DoS
86.233041693,0,79,199,206,68,185,207,187,13,driving,DoS
86.233291693,1,132,195,4,243,11,21,42,150,driving,DoS
86.233541693,0,140,56,113,2,193,215,92,133,driving,DoS
86.233791693,1,20,227,52,2,1,210,209,30,driving,DoS
86.234041693,0,139,51,248,69,72,3,241,208,driving,DoS
86.234291693,1,86,98,56,62,179,82,71,117,driving,DoS
86.234541693,0,73,75,92,89,79,145,6,142,driving,DoS
86.234791693,1,241,167,79,98,183,152,16,0,driving,DoS
86.235041693,0,139,47,19,137,231,59,116,190,driving,DoS
86.235291693,1,52,59,126,177,15,160,99,163,driving,DoS
86.235541693,0,226,74,84,67,3,223,148,60,driving,DoS
86.235791693,1,184,250,20,237,123,14,65,8,driving,DoS
86.236041693,0,37,12,153,52,147,168,124,154,driving,DoS
86.236291693,1,39,170,64,48,134,147,240,209,driving,DoS
86.236541693,0,232,147,65,18,89,43,114,11,driving,DoS
86.236791693,1,197,113,176,254,12,116,237,59,driving,DoS
86.237041693,0,74,49,113,227,128,122,206,7,driving,DoS
86.237291693,1,163,169,165,176,252,190,156,10,driving,DoS
86.237541693,0,142,95,0,214,220,25,152,183,driving,DoS
86.237791693,1,78,219,7,193,34,24,198,169,driving,DoS
86.238041693,0,215,235,123,119,231,139,190,227,driving,DoS
86.238291693,1,22,42,204,162,73,227,212,47,driving,DoS
86.238541693,0,114,214,35,153,29,71,183,112,driving,DoS
86.238791693,1,10,143,99,245,204,82,203,151,driving,DoS
86.239041693,0,137,154,235,255,92,165,4,144,driving,DoS
86.239291693,1,94,123,72,128,89,108,154,2,driving,DoS
86.239541693,0,16,140,40,232,64,157,56,169,driving,DoS
86.239791693,1,175,126,203,55,167,173,161,234,driving,DoS
86.240041693,0,144,14,196,89,255,193,7,83,driving,DoS
86.240291693,1,142,84,188,231,31,122,109,113,driving,DoS
86.240541693,0,73,173,149,183,92,113,42,164,driving,DoS
86.240791693,1,71,198,115,23,143,10,71,222,driving,DoS
86.241041693,0,200,94,46,226,80,50,248,151,driving,DoS
86.241291693,1,80,71,67,13,154,44,208,237,driving,DoS
86.241541693,0,90,61,183,123,90,207,195,107,driving,DoS
86.241791693,1,243,2,202,113,64,181,16,110,driving,DoS
86.242041693,0,62,118,80,23,154,183,3,94,driving,DoS
86.242291693,1,77,23,214,48,24,54,122,124,driving,DoS
86.242541693,0,108,191,115,250,249,43,31,1,driving,DoS
86.242791693,1,29,11,94,174,220,50,192,74,driving,DoS
86.243041693,0,94,174,192,143,252,32,188,181,driving,DoS
86.243291693,1,158,1,230,73,116,0,146,176,driving,DoS
86.243541693,0,111,69,119,42,197,239,238,38,driving,DoS
86.243791693,1,145,169,192,148,225,147,125,227,driving,DoS
86.244041693,0,6,60,151,180,100,53,41,231,driving,DoS
86.244291693,1,255,219,215,219,174,29,176,90,driving,DoS
86.244541693,0,241,214,34,64,13,81,44,164,driving,DoS
86.244791693,1,244,28,208,37,30,79,67,125,driving,DoS
86.245041693,0,35,58,200,244,226,12,197,244,driving,DoS
86.245291693,1,218,104,171,125,69,77,101,248,driving,DoS
86.245541693,0,63,182,79,36,70,193,145,188,driving,DoS
86.245791693,1,212,112,254,42,42,146,77,159,driving,DoS
86.246041693,0,98,11,20,14,125,232,172,125,driving,DoS
86.246291693,1,76,124,37,106,73,132,223,176,driving,DoS
86.246541693,0,194,194,106,64,245,132,52,251,driving,DoS
86.246791693,1,103,254,211,175,36,174,107,71,driving,DoS
86.247041693,0,21,48,50,140,15,198,180,83,driving,DoS
86.247291693,1,219,201,149,94,220,227,112,188,driving,DoS
86.247541693,0,32,73,249,93,143,161,176,112,driving,DoS
86.247791693,1,127,250,187,200,160,197,240,210,driving,DoS
86.248041693,0,133,225,150,218,81,84,142,147,driving,DoS
86.248291693,1,188,61,11,157,208,70,161,2,driving,DoS
86.248541693,0,211,66,214,167,196,170,56,73,driving,DoS
86.248791693,1,27,215,64,229,213,252,91,118,driving,DoS
86.249041693,0,163,11,225,110,131,137,70,37,driving,DoS
86.249291693,1,67,56,154,223,190,2,95,75,driving,DoS
86.249541693,0,100,149,252,236,3,146,176,252,driving,DoS
86.249791693,1,237,70,191,59,149,26,234,12,driving,DoS
86.250041693,0,104,117,68,47,149,231,73,124,driving,DoS
86.250291693,1,98,227,79,28,138,162,32,202,driving,DoS
86.250541693,0,249,204,227,6,202,100,208,112,driving,DoS
86.250791693,1,71,218,102,2,57,34,70,77,driving,DoS
86.251041693,0,13,25,149,137,64,198,129,104,driving,DoS
86.251291693,1,104,108,216,231,195,11,85,207,driving,DoS
86.251541693,0,255,43,105,195,4,171,129,146,driving,DoS
86.251791693,1,222,68,12,189,214,143,26,58,driving,DoS
86.252041693,0,96,74,133,189,47,110,191,25,driving,DoS
86.252291693,1,0,39,55,169,149,200,56,243,driving,DoS
86.252541693,0,176,30,24,110,18,146,130,34,driving,DoS
86.252791693,1,31,144,31,139,123,32,178,207,driving,DoS
86.253041693,0,197,174,38,109,169,97,52,140,driving,DoS
86.253291693,1,111,244,158,234,163,180,25,100,driving,DoS
86.253541693,0,21,6,52,206,162,195,144,229,driving,DoS
86.253791693,1,56,249,230,134,18,46,19,79,driving,DoS
86.254041693,0,236,52,207,104,247,52,223,47,driving,DoS
86.254291693,1,54,187,199,217,216,57,43,240,driving,DoS
86.254541693,0,197,224,182,103,101,81,211,33,driving,DoS
86.254791693,1,243,21,164,14,170,106,191,97,driving,DoS
86.255041693,0,130,182,34,178,216,167,225,76,driving,DoS
86.255291693,1,189,126,186,122,126,83,144,81,driving,DoS
86.255541693,0,198,204,72,48,239,246,171,22,driving,DoS
86.255791693,1,34,169,137,217,219,248,106,2,driving,DoS
86.256041693,0,103,3,77,174,104,80,236,91,driving,DoS
86.256291693,1,245,196,220,113,130,162,35,189,driving,DoS
86.256541693,0,31,84,163,64,189,153,218,54,driving,DoS
86.256791693,1,122,2,239,97,3,241,64,4,driving,DoS
86.257041693,0,233,114,85,247,243,240,233,59,driving,DoS
86.257291693,1,61,149,71,163,65,246,199,101,driving,DoS
86.257541693,0,0,31,4,226,42,74,37,24,driving,DoS
86.257791693,1,72,142,72,99,151,148,250,110,driving,DoS
86.258041693,0,26,178,247,228,240,48,218,61,driving,DoS
86.258291693,1,243,55,192,186,222,179,204,206,driving,DoS
86.258541693,0,233,208,151,20,193,120,99,147,driving,DoS
86.258791693,1,136,8,8,187,77,82,144,70,driving,DoS
86.258826164,260,0,128,30,51,0,50,5,0,driving,none
86.259041693,0,194,186,100,234,102,93,65,45,driving,DoS
86.259291693,1,38,132,124,6,234,10,185,145,driving,DoS
86.259541693,0,244,124,215,25,58,171,252,58,driving,DoS
86.259791693,1,42,168,19,49,22,35,203,77,driving,DoS
86.260041693,0,214,4,15,16,68,205,178,106,driving,DoS
86.260291693,1,133,239,172,233,104,112,163,147,driving,DoS
86.260541693,0,105,183,251,45,95,55,145,206,driving,DoS
86.260791693,1,241,46,129,196,124,211,198,145,driving,DoS
86.261041693,0,122,79,11,106,46,253,71,208,driving,DoS
86.261291693,1,216,186,74,72,158,201,170,135,driving,DoS
86.261541693,0,85,255,65,148,1,20,17,72,driving,DoS
86.261791693,1,10,200,25,44,155,193,8,163,driving,DoS
86.262041693,0,44,12,173,143,106,73,253,58,driving,DoS
86.262291693,1,205,103,29,101,120,163,215,111,driving,DoS
86.262541693,0,195,102,6,45,29,29,19,26,driving,DoS
86.262791693,1,120,33,227,58,1,158,22,88,driving,DoS
86.263041693,0,118,171,142,33,171,92,25,117,driving,DoS
86.263291693,1,25,134,112,227,213,217,45,124,driving,DoS
86.263541693,0,213,201,87,12,42,71,70,219,driving,DoS
86.263791693,1,34,178,155,234,131,234,1,177,driving,DoS
86.264041693,0,112,37,45,18,178,108,125,4,driving,DoS
86.264291693,1,221,254,103,229,148,71,48,63,driving,DoS
86.264541693,0,157,71,216,119,242,208,182,14,driving,DoS
86.264791693,1,53,207,248,218,245,50,253,245,driving,DoS
86.265041693,0,203,64,110,209,120,221,183,12,driving,DoS
86.265291693,1,44,203,82,235,205,88,81,94,driving,DoS
86.265541693,0,217,221,222,227,5,99,229,203,driving,DoS
86.265791693,1,43,202,166,86,95,0,237,149,driving,DoS
86.266041693,0,123,162,54,69,165,174,244,245,driving,DoS
86.266291693,1,238,77,222,165,253,194,151,12,driving,DoS
86.266541693,0,96,189,12,162,15,37,148,63,driving,DoS
86.266791693,1,225,55,198,168,247,96,35,71,driving,DoS
86.267041693,0,180,202,179,47,225,41,58,157,driving,DoS
86.267291693,1,219,20,28,184,22,2,94,134,driving,DoS
86.267541693,0,138,92,228,251,178,237,25,119,driving,DoS
86.267791693,1,8,72,100,9,63,52,76,174,driving,DoS
86.268041693,0,6,32,200,18,252,140,87,11,driving,DoS
86.268291693,1,205,176,76,92,82,116,96,208,driving,DoS
86.268541693,0,107,60,8,196,86,21,6,255,driving,DoS
86.268791693,1,100,10,69,133,88,197,216,71,driving,DoS
86.269041693,0,132,231,186,122,240,147,12,167,driving,DoS
86.269291693,1,253,47,141,156,200,188,208,253,driving,DoS
86.269541693,0,130,25,194,252,106,185,155,129,driving,DoS
86.269791693,1,190,112,130,169,33,143,194,219,driving,DoS
86.270041693,0,214,181,101,137,101,151,117,180,driving,DoS
86.270291693,1,219,81,213,253,110,222,200,153,driving,DoS
86.270541693,0,160,123,78,15,235,242,186,241,driving,DoS
86.270791693,1,2,148,124,81,209,111,128,153,driving,DoS
86.271041693,0,124,220,172,16,182,12,156,163,driving,DoS
86.271291693,1,30,184,16,89,137,205,237,84,driving,DoS
86.271541693,0,4,26,234,100,143,88,100,23,driving,DoS
86.271791693,1,239,228,116,250,72,161,138,176,driving,DoS
86.272041693,0,2,123,14,32,215,70,171,179,driving,DoS
86.272291693,1,56,181,19,67,2,153,175,11,driving,DoS
86.272541693,0,94,48,159,107,175,116,33,71,driving,DoS
86.272791693,1,237,135,119,114,251,169,96,40,driving,DoS
86.273041693,0,51,57,72,122,180,14,140,85,driving,DoS
86.273291693,1,205,183,94,235,135,76,222,194,driving,DoS
86.273541693,0,93,176,56,26,186,253,114,98,driving,DoS
86.273791693,1,179,178,149,175,41,132,220,20,driving,DoS
86.274041693,0,41,118,165,48,40,244,155,176,driving,DoS
86.274291693,1,183,160,112,232,16,213,69,242,driving,DoS
86.274541693,0,95,55,212,233,102,126,226,128,driving,DoS
86.274791693,1,197,48,71,44,162,243,191,216,driving,DoS
86.275041693,0,85,217,131,51,88,217,14,131,driving,DoS
86.275291693,1,60,226,200,81,7,30,217,119,driving,DoS
86.275541693,0,42,220,123,10,120,172,37,223,driving,DoS
86.275791693,1,252,30,159,171,16,168,73,64,driving,DoS
86.276041693,0,214,225,116,51,88,110,143,117,driving,DoS
86.276291693,1,19,157,176,46,149,77,29,74,driving,DoS
86.276541693,0,189,124,205,152,187,23,74,89,driving,DoS
86.276791693,1,121,54,126,130,67,241,185,189,driving,DoS
86.277041693,0,226,193,238,94,32,56,169,149,driving,DoS
86.277291693,1,12,146,132,99,43,103,153,127,driving,DoS
86.277541693,0,223,190,115,43,19,80,247,247,driving,DoS
86.277791693,1,60,54,164,8,208,75,58,239,driving,DoS
86.278041693,0,64,199,173,32,231,109,82,57,driving,DoS
86.278291693,1,218,72,42,27,250,117,79,80,driving,DoS
86.278541693,0,50,126,203,38,164,226,111,235,driving,DoS
86.278791693,1,222,247,58,13,183,70,231,249,driving,DoS
86.278826164,316,0,128,30,51,0,50,5,0,driving,none
86.279041693,0,0,226,149,177,41,191,100,28,driving,DoS
86.279291693,1,130,140,162,26,5,90,3,67,driving,DoS
86.279541693,0,193,124,253,17,109,158,177,28,driving,DoS
86.279791693,1,87,161,204,231,203,24,121,24,driving,DoS
86.280041693,0,139,4,105,139,208,235,178,152,driving,DoS
86.280291693,1,35,74,122,217,49,22,38,124,driving,DoS
86.280541693,0,67,228,88,36,24,160,51,124,driving,DoS
86.280791693,1,125,143,192,30,51,158,81,76,driving,DoS
86.281041693,0,1,50,120,86,185,120,88,16,driving,DoS
86.281291693,1,100,39,198,62,210,113,212,4,driving,DoS
86.281541693,0,121,44,245,125,194,6,238,156,driving,DoS
86.281791693,1,248,219,246,94,23,21,11,181,driving,DoS
86.282041693,0,66,41,131,51,25,242,4,233,driving,DoS
86.282291693,1,58,222,123,137,186,14,164,53,driving,DoS
86.282541693,0,92,110,234,3,190,41,56,41,driving,DoS
86.282791693,1,135,155,185,132,186,215,241,72,driving,DoS
86.283041693,0,202,176,173,199,58,95,232,219,driving,DoS
86.283291693,1,255,40,120,224,228,59,212,72,driving,DoS
86.283541693,0,217,123,181,205,54,68,205,195,driving,DoS
86.283791693,1,225,112,12,190,186,253,106,234,driving,DoS
86.284041693,0,50,100,244,146,23,84,71,111,driving,DoS
86.284291693,1,147,194,35,154,152,200,195,90,driving,DoS
86.284541693,0,253,217,104,111,0,151,56,36,driving,DoS
86.284791693,1,234,213,49,152,89,52,191,95,driving,DoS
86.285041693,0,151,116,57,203,215,106,212,134,driving,DoS
86.285291693,1,245,13,128,198,160,193,198,247,driving,DoS
86.285541693,0,11,110,193,118,1,14,142,112,driving,DoS
86.285791693,1,249,116,205,116,40,176,92,74,driving,DoS
86.286041693,0,58,85,247,29,196,168,114,143,driving,DoS
86.286291693,1,32,22,135,25,193,74,48,41,driving,DoS
86.286541693,0,231,87,65,80,143,245,63,98,driving,DoS
86.286791693,1,10,44,58,228,205,27,245,171,driving,DoS
86.287041693,0,229,129,244,145,229,29,161,82,driving,DoS
86.287291693,1,69,54,251,63,56,142,209,171,driving,DoS
86.287541693,0,213,182,48,52,4,221,39,252,driving,DoS
86.287791693,1,108,160,208,124,48,208,102,48,driving,DoS
86.288041693,0,86,236,187,180,229,91,212,52,driving,DoS
86.288291693,1,214,156,210,111,249,36,45,108,driving,DoS
86.288541693,0,27,200,85,24,58,106,6,255,driving,DoS
86.288791693,1,39,218,252,178,96,87,58,199,driving,DoS
86.289041693,0,113,99,215,61,123,39,240,168,driving,DoS
86.289291693,1,137,18,23,158,28,124,243,83,driving,DoS
86.289541693,0,182,151,190,170,115,174,215,120,driving,DoS
86.289791693,1,63,78,246,142,111,78,74,164,driving,DoS
86.290041693,0,175,54,224,139,35,94,165,34,driving,DoS
86.290291693,1,130,252,215,91,54,93,96,207,driving,DoS
86.290541693,0,19,62,202,119,133,183,132,50,driving,DoS
86.290791693,1,106,128,162,119,48,160,199,111,driving,DoS
86.291041693,0,26,124,4,240,204,172,23,219,driving,DoS
86.291291693,1,156,185,237,69,142,16,90,55,driving,DoS
86.291541693,0,235,247,96,168,47,214,205,32,driving,DoS
86.291791693,1,34,105,110,240,98,219,231,14,driving,DoS
86.292041693,0,244,69,61,245,115,150,5,92,driving,DoS
86.292291693,1,156,67,87,87,138,48,117,31,driving,DoS
86.292541693,0,210,125,94,120,222,160,157,7,driving,DoS
86.292791693,1,48,51,158,148,137,86,151,138,driving,DoS
86.293041693,0,79,15,80,143,125,188,3,157,driving,DoS
86.293291693,1,224,210,179,46,60,218,33,172,driving,DoS
86.293541693,0,213,140,4,145,52,158,253,179,driving,DoS
86.293791693,1,98,33,98,239,19,163,159,68,driving,DoS
86.294041693,0,153,166,47,28,91,197,38,36,driving,DoS
86.294291693,1,13,102,162,196,163,136,92,89,driving,DoS
86.294541693,0,18,89,123,245,195,195,221,216,driving,DoS
86.294791693,1,88,85,177,119,118,196,47,128,driving,DoS
86.295041693,0,47,33,98,8,118,156,64,143,driving,DoS
86.295291693,1,76,150,1,193,217,90,96,138,driving,DoS
86.295541693,0,209,97,103,153,117,121,131,106,driving,DoS
86.295791693,1,241,189,52,195,223,130,19,222,driving,DoS
86.296041693,0,185,147,89,145,127,90,196,68,driving,DoS
86.296291693,1,168,175,10,230,137,104,174,11,driving,DoS
86.296541693,0,177,83,191,139,245,4,127,218,driving,DoS
86.296791693,1,216,145,167,107,165,49,240,207,driving,DoS
86.297041693,0,168,22,132,234,63,103,2,19,driving,DoS
86.297291693,1,174,140,69,233,108,140,145,205,driving,DoS
86.297541693,0,193,222,220,230,132,233,8,209,driving,DoS
86.297791693,1,54,234,11,221,26,43,133,225,driving,DoS
86.298041693,0,42,41,13,110,133,229,52,172,driving,DoS
86.298291693,1,200,245,183,214,221,166,0,173,driving,DoS
86.298541693,0,39,216,10,49,196,251,149,133,driving,DoS
86.298791693,1,92,104,145,106,188,222,167,9,driving,DoS
86.298826164,329,0,128,30,51,0,50,5,0,driving,none
86.299041693,0,142,165,8,171,209,209,117,248,driving,DoS
86.299291693,1,175,159,23,69,135,91,222,36,driving,DoS
86.299541693,0,241,85,169,228,63,153,17,66,driving,DoS
86.299791693,1,169,28,123,165,251,219,88,192,driving,DoS
86.300041693,0,154,36,210,127,147,125,208,26,driving,DoS
86.300291693,1,197,100,165,179,113,9,43,11,driving,DoS
86.300541693,0,40,72,224,193,170,43,106,0,driving,DoS
86.300791693,1,150,188,75,250,235,179,192,243,driving,DoS
86.301041693,0,24,110,198,167,212,75,26,99,driving,DoS
86.301291693,1,216,110,129,155,144,108,132,206,driving,DoS
86.301541693,0,193,125,119,53,36,77,100,113,driving,DoS
86.301791693,1,189,225,215,45,244,24,229,112,driving,DoS
86.302041693,0,63,228,154,143,182,236,236,219,driving,DoS
86.302291693,1,88,211,69,198,125,200,227,160,driving,DoS
86.302541693,0,21,250,253,135,253,191,139,146,driving,DoS
86.302791693,1,122,146,171,70,181,97,228,235,driving,DoS
86.303041693,0,129,14,122,243,199,238,214,243,driving,DoS
86.303291693,1,144,12,135,76,11,245,215,239,driving,DoS
86.303541693,0,181,41,157,227,179,102,152,45,driving,DoS
86.303791693,1,38,162,241,106,106,30,29,16,driving,DoS
86.304041693,0,23,142,17,209,190,203,182,76,driving,DoS
86.304291693,1,123,148,134,175,125,170,216,187,driving,DoS
86.304541693,0,125,175,92,102,66,210,220,16,driving,DoS
86.304791693,1,6,18,133,238,14,40,35,30,driving,DoS
86.305041693,0,125,157,185,215,39,40,204,160,driving,DoS
86.305291693,1,41,44,52,162,110,229,141,205,driving,DoS
86.305541693,0,218,39,159,156,240,229,217,47,driving,DoS
86.305791693,1,209,249,0,143,236,210,204,196,driving,DoS
86.306041693,0,75,8,190,68,188,206,175,191,driving,DoS
86.306291693,1,8,34,141,84,119,118,1,92,driving,DoS
86.306541693,0,95,254,216,146,8,161,142,246,driving,DoS
86.306791693,1,123,216,89,79,34,129,28,181,driving,DoS
86.307041693,0,34,110,45,198,192,16,157,248,driving,DoS
86.307291693,1,157,230,124,109,46,129,232,173,driving,DoS
86.307541693,0,85,133,233,153,154,65,1,96,driving,DoS
86.307791693,1,167,134,144,52,8,85,115,246,driving,DoS
86.308041693,0,115,182,42,208,211,158,254,245,driving,DoS
86.308291693,1,154,48,104,46,104,187,39,96,driving,DoS
86.308541693,0,4,72,181,191,100,136,214,162,driving,DoS
86.308791693,1,40,178,107,186,85,60,250,167,driving,DoS
86.309041693,0,175,29,155,38,87,192,169,184,driving,DoS
86.309291693,1,56,192,235,176,91,110,105,49,driving,DoS
86.309541693,0,112,159,46,21,28,100,33,132,driving,DoS
86.309791693,1,197,96,132,65,88,159,80,52,driving,DoS
86.310041693,0,189,237,123,26,52,88,32,160,driving,DoS
86.310291693,1,79,241,98,151,46,44,151,205,driving,DoS
86.310541693,0,45,100,127,42,170,182,185,100,driving,DoS
86.310791693,1,27,32,164,114,19,97,30,157,driving,DoS
86.311041693,0,151,5,230,225,45,51,24,208,driving,DoS
86.311291693,1,184,155,160,163,233,208,221,121,driving,DoS
86.311541693,0,156,166,155,61,94,50,72,208,driving,DoS
86.311791693,1,136,174,78,28,213,157,42,52,driving,DoS
86.312041693,0,11,214,53,195,194,47,8,30,driving,DoS
86.312291693,1,67,81,128,68,63,207,72,213,driving,DoS
86.312541693,0,64,77,42,255,182,205,87,195,driving,DoS
86.312791693,1,195,74,15,99,138,254,44,1,driving,DoS
86.313041693,0,5,176,117,71,180,252,66,67,driving,DoS
86.313291693,1,233,25,103,80,74,15,23,237,driving,DoS
86.313541693,0,136,173,252,65,130,97,237,62,driving,DoS
86.313791693,1,74,179,45,151,171,95,22,169,driving,DoS
86.314041693,0,11,75,204,8,194,22,147,14,driving,DoS
86.314291693,1,88,93,134,6,214,183,153,244,driving,DoS
86.314541693,0,134,230,204,174,21,11,131,42,driving,DoS
86.314791693,1,169,223,200,132,104,18,48,199,driving,DoS
86.315041693,0,168,181,220,68,112,251,226,195,driving,DoS
86.315291693,1,177,217,121,37,105,199,26,213,driving,DoS
86.315541693,0,65,70,11,45,50,99,195,4,driving,DoS
86.315791693,1,143,246,141,228,40,7,109,8,driving,DoS
86.316041693,0,106,168,62,131,165,125,86,148,driving,DoS
86.316291693,1,157,37,62,132,235,24,185,119,driving,DoS
86.316541693,0,157,225,65,122,183,47,209,242,driving,DoS
86.316791693,1,110,28,169,113,64,201,252,4,driving,DoS
86.317041693,0,130,206,211,169,194,76,85,188,driving,DoS
86.317291693,1,95,81,84,0,56,111,78,125,driving,DoS
86.317541693,0,191,107,21,223,175,218,152,216,driving,DoS
86.317791693,1,248,209,253,9,204,142,165,112,driving,DoS
86.318041693,0,245,137,143,166,243,171,75,40,driving,DoS
86.318291693,1,118,182,102,41,244,165,176,168,driving,DoS
86.318541693,0,81,250,140,234,141,44,32,149,driving,DoS
86.318791693,1,197,80,219,227,165,61,60,252,driving,DoS
86.318826164,545,0,128,30,51,0,50,5,0,driving,none
86.319041693,0,217,131,171,114,137,208,182,162,driving,DoS
86.319291693,1,36,183,223,159,57,206,225,218,driving,DoS
86.319541693,0,121,4,25,105,179,94,31,56,driving,DoS
86.319791693,1,202,98,19,43,167,243,79,88,driving,DoS
86.320041693,0,143,74,64,143,110,156,85,245,driving,DoS
86.320291693,1,195,210,24,130,223,25,42,17,driving,DoS
86.320541693,0,140,4,104,100,153,2,36,170,driving,DoS
86.320791693,1,112,224,123,191,204,204,248,53,driving,DoS
86.321041693,0,177,167,133,139,213,8,176,125,driving,DoS
86.321291693,1,78,201,20,223,248,136,206,70,driving,DoS
86.321541693,0,253,69,24,170,105,202,153,32,driving,DoS
86.321791693,1,54,78,178,209,227,78,186,21,driving,DoS
86.322041693,0,87,43,182,164,111,125,10,254,driving,DoS
86.322291693,1,232,174,163,71,45,81,197,93,driving,DoS
86.322541693,0,213,133,111,189,203,244,136,147,driving,DoS
86.322791693,1,202,1,228,11,246,175,42,51,driving,DoS
86.323041693,0,33,233,247,191,189,35,78,141,driving,DoS
86.323291693,1,153,49,157,84,173,105,51,219,driving,DoS
86.323541693,0,141,91,125,172,243,139,225,227,driving,DoS
86.323791693,1,222,179,194,163,18,246,9,185,driving,DoS
86.324041693,0,166,155,134,107,156,113,221,241,driving,DoS
86.324291693,1,252,52,172,210,89,72,1,136,driving,DoS
86.324541693,0,27,249,207,123,152,57,177,107,driving,DoS
86.324791693,1,184,237,238,63,26,24,56,63,driving,DoS
86.325041693,0,170,129,236,232,117,147,134,123,driving,DoS
86.325291693,1,36,134,247,68,88,180,187,239,driving,DoS
86.325541693,0,172,205,130,53,114,175,138,249,driving,DoS
86.325791693,1,158,48,201,168,191,239,109,160,driving,DoS
86.326041693,0,77,121,74,187,190,178,9,176,driving,DoS
86.326291693,1,248,154,249,185,50,209,206,22,driving,DoS
86.326541693,0,79,134,60,99,210,85,122,109,driving,DoS
86.326791693,1,154,227,0,153,9,238,52,128,driving,DoS
86.327041693,0,205,227,49,130,252,250,125,148,driving,DoS
86.327291693,1,63,178,163,174,21,110,255,145,driving,DoS
86.327541693,0,190,206,18,62,236,13,97,198,driving,DoS
86.327791693,1,51,9,39,235,178,15,20,53,driving,DoS
86.328041693,0,224,18,196,235,138,17,250,221,driving,DoS
86.328291693,1,91,160,160,50,203,79,56,186,driving,DoS
86.328541693,0,121,217,227,205,127,180,101,219,driving,DoS
86.328791693,1,249,122,188,182,208,23,250,29,driving,DoS
86.329041693,0,232,65,68,109,138,43,109,118,driving,DoS
86.329291693,1,176,54,99,3,38,139,97,24,driving,DoS
86.329541693,0,239,158,84,252,158,116,221,207,driving,DoS
86.329791693,1,115,160,245,211,226,32,137,11,driving,DoS
86.330041693,0,100,5,26,233,116,186,223,186,driving,DoS
86.330291693,1,78,199,12,89,175,92,212,121,driving,DoS
86.330541693,0,241,135,34,72,199,219,53,45,driving,DoS
86.330791693,1,64,65,100,85,38,135,85,165,driving,DoS
86.331041693,0,81,193,42,55,250,75,170,156,driving,DoS
86.331291693,1,201,163,231,135,139,193,190,109,driving,DoS
86.331541693,0,92,191,162,143,146,39,56,49,driving,DoS
86.331791693,1,175,43,109,195,230,96,9,173,driving,DoS
86.332041693,0,73,29,105,51,110,227,219,154,driving,DoS
86.332291693,1,51,143,254,41,133,195,68,84,driving,DoS
86.332541693,0,14,38,133,124,101,124,165,136,driving,DoS
86.332791693,1,30,49,56,94,226,86,106,199,driving,DoS
86.333041693,0,5,100,0,246,202,149,239,247,driving,DoS
86.333291693,1,23,5,215,247,222,55,121,238,driving,DoS
86.333541693,0,193,73,191,1,247,215,247,33,driving,DoS
86.333791693,1,213,94,48,255,75,21,144,202,driving,DoS
86.334041693,0,25,153,52,199,113,22,115,82,driving,DoS
86.334291693,1,198,152,168,205,131,219,239,152,driving,DoS
86.334541693,0,55,42,205,18,165,118,10,198,driving,DoS
86.334791693,1,128,16,249,7,117,152,66,172,driving,DoS
86.335041693,0,58,230,27,63,35,191,51,96,driving,DoS
86.335291693,1,203,72,200,237,5,236,141,89,driving,DoS
86.335541693,0,60,170,126,34,127,203,70,174,driving,DoS
86.335791693,1,87,205,1,71,89,57,216,12,driving,DoS
86.336041693,0,233,187,141,5,72,118,101,188,driving,DoS
86.336291693,1,118,152,98,42,2,209,185,229,driving,DoS
86.336541693,0,122,167,43,245,159,173,129,193,driving,DoS
86.336791693,1,111,176,62,13,83,41,155,24,driving,DoS
86.337041693,0,45,77,125,96,44,169,188,246,driving,DoS
86.337291693,1,6,112,173,232,51,252,252,41,driving,DoS
86.337541693,0,248,13,98,16,176,210,231,29,driving,DoS
86.337791693,1,155,37,66,129,195,2,168,47,driving,DoS
86.338041693,0,200,129,118,164,106,122,229,197,driving,DoS
86.338291693,1,132,59,232,206,234,237,223,31,driving,DoS
86.338541693,0,4,198,143,114,158,166,232,119,driving,DoS
86.338791693,1,40,241,121,22,116,115,90,135,driving,DoS
86.339041693,0,215,231,170,255,135,174,59,0,driving,DoS
86.339291693,1,154,143,22,155,224,111,59,47,driving,DoS
86.339541693,0,176,198,10,174,148,83,247,26,driving,DoS
86.339791693,1,232,184,153,244,211,60,53,55,driving,DoS
86.340041693,0,26,247,242,200,157,230,185,148,driving,DoS
86.340291693,1,179,214,174,236,76,233,77,85,driving,DoS
86.340541693,0,198,107,151,172,137,12,104,5,driving,DoS
86.340791693,1,132,194,178,213,5,222,194,93,driving,DoS
86.341041693,0,208,34,111,67,209,243,17,226,driving,DoS
86.341291693,1,225,233,224,191,239,20,105,208,driving,DoS
86.341541693,0,73,192,114,254,239,94,227,35,driving,DoS
86.341791693,1,43,28,224,122,183,63,66,214,driving,DoS
86.342041693,0,88,95,16,208,85,147,103,83,driving,DoS
86.342291693,1,118,98,123,26,73,110,117,129,driving,DoS
86.342541693,0,143,194,11,205,14,193,132,116,driving,DoS
86.342791693,1,1,204,176,66,97,174,224,200,driving,DoS
86.343041693,0,165,71,156,46,69,175,124,246,driving,DoS
86.343291693,1,24,16,195,135,129,172,147,245,driving,DoS
86.343541693,0,174,125,54,59,5,131,85,185,driving,DoS
86.343791693,1,179,159,73,3,165,126,227,210,driving,DoS
86.344041693,0,154,67,186,170,15,245,217,228,driving,DoS
86.344291693,1,203,14,92,21,117,66,86,62,driving,DoS
86.344541693,0,127,38,246,17,47,166,205,212,driving,DoS
86.344791693,1,106,67,241,247,81,254,103,39,driving,DoS
86.345041693,0,128,80,158,185,209,88,57,242,driving,DoS
86.345291693,1,200,158,153,58,218,4,120,99,driving,DoS
86.345541693,0,93,3,241,2,9,165,40,21,driving,DoS
86.345791693,1,91,249,159,173,40,76,10,75,driving,DoS
86.346041693,0,81,1,42,250,184,152,187,139,driving,DoS
86.346291693,1,34,203,141,255,70,34,28,137,driving,DoS
86.346541693,0,207,212,67,238,163,9,50,182,driving,DoS
86.346791693,1,87,207,229,129,141,87,26,117,driving,DoS
86.347041693,0,203,28,246,174,149,96,103,6,driving,DoS
86.347291693,1,190,252,72,121,110,203,5,218,driving,DoS
86.347541693,0,25,45,132,171,228,78,117,68,driving,DoS
86.347791693,1,205,248,38,137,175,51,235,3,driving,DoS
86.348041693,0,48,186,22,54,221,254,247,67,driving,DoS
86.348291693,1,14,66,179,37,66,23,61,79,driving,DoS
86.348541693,0,180,64,121,116,76,230,1,137,driving,DoS
86.348791693,1,101,244,174,82,52,175,190,165,driving,DoS
86.349041693,0,63,39,219,108,227,42,144,84,driving,DoS
86.349291693,1,9,238,171,235,154,56,158,93,driving,DoS
86.349541693,0,153,239,121,210,81,197,66,177,driving,DoS
86.349791693,1,40,121,35,91,153,240,230,120,driving,DoS
86.350041693,0,222,236,245,87,132,152,97,156,driving,DoS
86.350291693,1,101,175,155,236,253,84,192,185,driving,DoS
86.350541693,0,243,56,172,207,157,114,22,80,driving,DoS
86.350791693,1,24,115,138,9,151,64,150,241,driving,DoS
86.351041693,0,214,25,15,25,146,4,33,214,driving,DoS
86.351291693,1,181,247,116,244,212,65,147,85,driving,DoS
86.351541693,0,207,195,70,64,187,133,78,16,driving,DoS
86.351791693,1,113,211,118,27,43,137,30,51,driving,DoS
86.352041693,0,170,75,238,123,55,58,235,94,driving,DoS
86.352291693,1,93,202,159,33,132,251,168,215,driving,DoS
86.352541693,0,6,5,33,136,64,114,111,168,driving,DoS
86.352791693,1,139,229,156,83,80,124,165,213,driving,DoS
86.353041693,0,212,246,244,42,180,127,10,86,driving,DoS
86.353291693,1,85,220,83,154,238,120,206,166,driving,DoS
86.353541693,0,5,21,103,73,8,19,28,221,driving,DoS
86.353791693,1,153,232,208,34,159,154,74,231,driving,DoS
86.354041693,0,250,127,166,162,133,26,145,90,driving,DoS
86.354291693,1,127,63,205,252,73,31,221,226,driving,DoS
86.354541693,0,186,137,115,100,156,118,204,9,driving,DoS
86.354791693,1,141,163,108,93,177,89,240,113,driving,DoS
86.355041693,0,171,233,101,127,50,113,126,10,driving,DoS
86.355291693,1,246,119,141,174,127,106,25,92,driving,DoS
86.355541693,0,117,216,158,51,91,78,150,243,driving,DoS
86.355791693,1,129,11,191,97,234,80,28,123,driving,DoS
86.356041693,0,117,177,22,165,37,204,24,64,driving,DoS
86.356291693,1,127,67,167,49,14,249,45,187,driving,DoS
86.356541693,0,182,166,255,27,136,26,139,77,driving,DoS
86.356791693,1,77,153,174,201,156,36,40,80,driving,DoS
86.357041693,0,190,190,44,67,164,119,18,248,driving,DoS
86.357291693,1,38,46,127,176,10,178,114,158,driving,DoS
86.357541693,0,130,35,240,56,170,254,160,183,driving,DoS
86.357791693,1,254,62,200,221,118,88,67,142,driving,DoS
86.358041693,0,209,125,8,220,61,210,68,38,driving,DoS
86.358291693,1,186,221,121,161,67,4,0,234,driving,DoS
86.358541693,0,223,37,160,21,148,78,28,160,driving,DoS
86.358791693,1,197,183,215,228,235,39,156,97,driving,DoS
86.359041693,0,110,216,12,21,19,55,22,40,driving,DoS
86.359291693,1,145,213,49,25,110,76,248,50,driving,DoS
86.359541693,0,106,19,143,200,58,197,124,58,driving,DoS
86.359791693,1,208,242,180,45,180,215,23,179,driving,DoS
86.360041693,0,18,195,171,204,82,194,245,90,driving,DoS
86.360291693,1,17,6,245,79,249,80,0,57,driving,DoS
86.360541693,0,148,229,79,98,234,107,180,215,driving,DoS
86.360791693,1,144,9,238,114,14,113,25,204,driving,DoS
86.361041693,0,227,190,52,130,177,145,104,210,driving,DoS
86.361291693,1,236,40,133,198,246,134,18,222,driving,DoS
86.361541693,0,194,213,230,190,35,172,251,51,driving,DoS
86.361791693,1,43,217,155,181,220,23,179,187,driving,DoS
86.362041693,0,205,106,155,127,45,24,224,107,driving,DoS
86.362291693,1,75,8,16,68,178,177,219,169,driving,DoS
86.362541693,0,109,122,240,244,246,123,9,102,driving,DoS
86.362791693,1,50,193,253,246,55,82,212,55,driving,DoS
86.363041693,0,190,144,246,78,6,52,73,134,driving,DoS
86.363291693,1,29,70,191,148,172,164,12,29,driving,DoS
86.363541693,0,175,151,16,18,106,253,205,234,driving,DoS
86.363791693,1,121,244,69,158,193,49,200,109,driving,DoS
86.364041693,0,6,103,144,127,112,30,14,15,driving,DoS
86.364291693,1,40,149,114,160,80,157,115,9,driving,DoS
86.364541693,0,251,142,54,224,211,160,138,211,driving,DoS
86.364791693,1,198,78,254,99,183,51,193,80,driving,DoS
86.365041693,0,74,172,79,231,167,206,28,2,driving,DoS
86.365291693,1,84,65,127,19,66,114,146,19,driving,DoS
86.365541693,0,190,195,239,231,52,94,184,40,driving,DoS
86.365791693,1,188,22,134,52,84,6,172,35,driving,DoS
86.366041693,0,211,206,220,22,58,92,111,65,driving,DoS
86.366291693,1,249,150,141,248,17,195,99,213,driving,DoS
86.366541693,0,42,167,71,242,200,165,144,155,driving,DoS
86.366791693,1,155,79,7,74,81,132,76,128,driving,DoS
86.367041693,0,201,97,36,125,236,120,236,39,driving,DoS
86.367291693,1,153,187,21,115,37,56,16,78,driving,DoS
86.367541693,0,194,194,62,134,62,127,209,3,driving,DoS
86.367791693,1,196,43,12,135,232,47,63,52,driving,DoS
86.368041693,0,64,161,193,73,155,248,209,108,driving,DoS
86.368291693,1,148,32,23,112,134,40,143,47,driving,DoS
86.368541693,0,101,35,53,56,53,159,4,175,driving,DoS
86.368791693,1,43,118,80,161,59,227,1,158,driving,DoS
86.369041693,0,159,230,19,184,212,0,140,24,driving,DoS
86.369291693,1,197,232,51,151,234,108,35,11,driving,DoS
86.369541693,0,101,53,134,181,199,139,161,242,driving,DoS
86.369791693,1,64,78,234,167,241,137,27,232,driving,DoS
86.370041693,0,137,13,113,109,230,135,132,230,driving,DoS
86.370291693,1,1,117,126,54,117,201,147,45,driving,DoS
86.370541693,0,95,207,153,36,2,197,8,114,driving,DoS
86.370791693,1,85,218,230,179,119,33,23,178,driving,DoS
86.371041693,0,250,203,123,44,18,41,13,207,driving,DoS
86.371291693,1,170,151,208,48,84,164,115,202,driving,DoS
86.371541693,0,19,198,147,10,31,143,225,148,driving,DoS
86.371791693,1,204,237,153,193,139,129,35,239,driving,DoS
86.372041693,0,6,126,207,54,12,27,233,239,driving,DoS
86.372291693,1,2,36,227,248,113,246,160,158,driving,DoS
86.372541693,0,101,103,18,227,52,56,37,226,driving,DoS
86.372791693,1,54,216,26,18,142,12,87,47,driving,DoS
86.373041693,0,137,146,150,44,182,171,216,229,driving,DoS
86.373291693,1,143,116,118,119,155,208,175,191,driving,DoS
86.373541693,0,82,117,55,245,13,108,119,184,driving,DoS
86.373791693,1,124,0,28,159,92,196,206,178,driving,DoS
86.374041693,0,109,197,57,244,233,120,53,232,driving,DoS
86.374291693,1,110,155,218,79,139,253,77,100,driving,DoS
86.374541693,0,178,192,168,124,78,245,198,232,driving,DoS
86.374791693,1,47,133,40,123,140,102,63,246,driving,DoS
86.375041693,0,199,225,17,220,3,187,186,51,driving,DoS
86.375291693,1,244,117,163,236,64,60,62,198,driving,DoS
86.375541693,0,69,173,12,201,96,189,134,201,driving,DoS
86.375791693,1,154,205,106,229,7,52,151,167,driving,DoS
86.376041693,0,184,248,2,118,121,128,67,243,driving,DoS
86.376291693,1,50,202,203,77,185,164,64,28,driving,DoS
86.376541693,0,168,12,88,199,27,3,24,41,driving,DoS
86.376791693,1,56,28,42,167,217,37,212,36,driving,DoS
86.377041693,0,235,98,132,129,41,71,44,118,driving,DoS
86.377291693,1,0,24,71,98,155,192,26,207,driving,DoS
86.377541693,0,244,65,100,111,37,31,135,134,driving,DoS
86.377791693,1,63,252,238,125,211,185,162,214,driving,DoS
86.378041693,0,35,70,64,36,69,71,10,210,driving,DoS
86.378291693,1,109,41,203,147,62,246,196,32,driving,DoS
86.378541693,0,114,14,79,97,211,134,59,223,driving,DoS
86.378791693,1,122,216,96,162,33,211,236,222,driving,DoS
86.379041693,0,140,7,124,75,115,34,116,91,driving,DoS
86.379291693,1,175,71,76,205,232,52,89,194,driving,DoS
86.379541693,0,123,236,133,164,84,95,160,94,driving,DoS
86.379791693,1,212,131,132,154,142,127,219,222,driving,DoS
86.380041693,0,57,59,38,158,113,113,23,218,driving,DoS
86.380291693,1,131,12,12,164,255,245,43,170,driving,DoS
86.380541693,0,162,178,28,198,85,246,245,26,driving,DoS
86.380791693,1,87,182,50,77,8,136,199,120,driving,DoS
86.381041693,0,239,86,59,211,91,203,202,11,driving,DoS
86.381291693,1,110,74,97,165,152,37,3,89,driving,DoS
86.381541693,0,163,176,250,239,116,233,100,183,driving,DoS
86.381791693,1,250,161,177,34,74,130,231,137,driving,DoS
86.382041693,0,43,37,32,245,110,200,233,6,driving,DoS
86.382291693,1,111,217,75,181,201,237,220,53,driving,DoS
86.382541693,0,52,82,186,149,82,105,106,15,driving,DoS
86.382791693,1,7,21,185,203,127,16,74,85,driving,DoS
86.383041693,0,129,71,238,114,87,56,20,241,driving,DoS
86.383291693,1,103,42,87,225,117,218,180,148,driving,DoS
86.383541693,0,178,76,94,1,241,68,3,32,driving,DoS
86.383791693,1,229,11,151,70,240,129,35,223,driving,DoS
86.384041693,0,82,250,220,107,202,167,33,80,driving,DoS
86.384291693,1,167,180,169,46,9,9,186,41,driving,DoS
86.384541693,0,16,58,155,131,65,65,219,88,driving,DoS
86.384791693,1,106,24,6,107,214,5,231,68,driving,DoS
86.385041693,0,66,123,164,19,78,118,1,97,driving,DoS
86.385291693,1,139,72,140,101,233,169,104,58,driving,DoS
86.385541693,0,222,72,15,57,212,202,113,63,driving,DoS
86.385791693,1,216,218,197,241,156,4,127,105,driving,DoS
86.386041693,0,0,130,191,142,129,32,9,199,driving,DoS
86.386291693,1,50,223,200,135,237,2,15,147,driving,DoS
86.386541693,0,148,169,14,51,168,48,250,208,driving,DoS
86.386791693,1,153,73,211,87,1,66,151,49,driving,DoS
86.387041693,0,60,183,3,162,9,208,212,50,driving,DoS
86.387291693,1,99,62,168,83,169,190,81,125,driving,DoS
86.387541693,0,83,68,24,166,98,233,227,155,driving,DoS
86.387791693,1,120,179,138,29,156,254,207,89,driving,DoS
86.388041693,0,174,101,186,23,54,44,59,168,driving,DoS
86.388291693,1,81,166,163,222,92,237,228,90,driving,DoS
86.388541693,0,205,20,113,42,227,141,9,121,driving,DoS
86.388791693,1,10,130,183,3,241,60,221,34,driving,DoS
86.389041693,0,158,67,91,112,188,168,151,186,driving,DoS
86.389291693,1,92,23,166,180,208,226,164,227,driving,DoS
86.389541693,0,253,45,54,96,229,114,9,156,driving,DoS
86.389791693,1,169,239,210,73,226,128,166,53,driving,DoS
86.390041693,0,44,199,0,182,237,19,55,178,driving,DoS
86.390291693,1,85,92,59,105,103,194,192,31,driving,DoS
86.390541693,0,3,100,139,234,221,36,66,116,driving,DoS
86.390791693,1,3,253,143,199,54,59,126,245,driving,DoS
86.391041693,0,64,238,53,168,201,24,112,108,driving,DoS
86.391291693,1,248,180,74,187,203,53,132,120,driving,DoS
86.391541693,0,239,202,124,26,4,2,240,121,driving,DoS
86.391791693,1,254,145,152,141,160,236,129,158,driving,DoS
86.392041693,0,141,56,22,231,206,87,218,69,driving,DoS
86.392291693,1,197,175,145,118,152,231,181,55,driving,DoS
86.392541693,0,200,15,132,127,174,107,168,27,driving,DoS
86.392791693,1,236,219,186,160,230,114,254,168,driving,DoS
86.393041693,0,213,36,193,244,158,111,156,19,driving,DoS
86.393291693,1,250,107,29,226,50,238,238,198,driving,DoS
86.393541693,0,48,98,161,13,1,251,111,198,driving,DoS
86.393791693,1,80,76,97,101,164,144,6,120,driving,DoS
86.394041693,0,96,209,174,66,170,22,95,114,driving,DoS
86.394291693,1,44,70,201,161,100,81,234,121,driving,DoS
86.394541693,0,160,169,60,145,230,79,134,27,driving,DoS
86.394791693,1,96,71,65,125,137,246,249,38,driving,DoS
86.395041693,0,149,217,168,17,124,182,160,188,driving,DoS
86.395291693,1,176,231,21,76,18,20,210,58,driving,DoS
86.395541693,0,240,128,37,99,214,158,135,184,driving,DoS
86.395791693,1,140,240,200,56,81,55,127,47,driving,DoS
86.396041693,0,75,244,7,214,166,15,224,207,driving,DoS
86.396291693,1,52,78,86,76,121,13,186,197,driving,DoS
86.396541693,0,151,145,214,180,127,2,131,189,driving,DoS
86.396791693,1,189,165,174,170,26,64,208,108,driving,DoS
86.397041693,0,170,219,3,255,255,249,159,110,driving,DoS
86.397291693,1,118,70,249,209,98,31,134,210,driving,DoS
86.397541693,0,18,14,91,125,204,193,72,217,driving,DoS
86.397791693,1,8,94,94,76,31,227,191,172,driving,DoS
86.398041693,0,11,205,53,234,19,221,236,12,driving,DoS
86.398291693,1,34,174,55,88,19,28,106,106,driving,DoS
86.398541693,0,129,158,16,234,223,243,83,58,driving,DoS
86.398791693,1,195,93,37,99,121,118,37,80,driving,DoS
86.399041693,0,193,75,57,1,172,114,12,245,driving,DoS
86.399291693,1,43,81,88,213,21,28,64,74,driving,DoS
86.399541693,0,119,237,227,143,93,232,27,161,driving,DoS
86.399791693,1,146,165,251,227,85,74,31,204,driving,DoS
86.400041693,0,99,77,81,13,40,85,215,27,driving,DoS
86.400291693,1,149,132,212,214,187,165,70,138,driving,DoS
86.400541693,0,251,209,6,213,9,218,135,225,driving,DoS
86.400791693,1,79,131,175,90,185,236,111,231,driving,DoS
86.401041693,0,238,128,240,253,133,7,226,1,driving,DoS
86.401291693,1,139,213,162,245,239,234,27,222,driving,DoS
86.401541693,0,44,72,232,78,156,79,204,31,driving,DoS
86.401791693,1,69,75,205,36,193,131,61,224,driving,DoS
86.402041693,0,13,0,174,100,252,38,217,17,driving,DoS
86.402291693,1,171,198,203,5,103,38,205,193,driving,DoS
86.402541693,0,156,241,188,32,73,238,97,63,driving,DoS
86.402791693,1,89,134,68,184,121,191,138,42,driving,DoS
86.403041693,0,204,9,43,43,133,10,225,1,driving,DoS
86.403291693,1,60,241,0,204,248,52,187,87,driving,DoS
86.403541693,0,20,245,239,52,28,241,146,29,driving,DoS
86.403791693,1,145,115,115,217,190,226,194,231,driving,DoS
86.404041693,0,77,150,211,42,27,167,34,46,driving,DoS
86.404291693,1,17,0,26,240,26,54,254,185,driving,DoS
86.404541693,0,14,90,6,190,24,76,178,147,driving,DoS
86.404791693,1,242,83,117,89,16,41,6,88,driving,DoS
86.405041693,0,240,186,242,137,235,170,117,216,driving,DoS
86.405291693,1,164,231,158,130,85,177,77,196,driving,DoS
86.405541693,0,132,84,28,144,42,207,145,57,driving,DoS
86.405791693,1,178,108,225,149,20,187,47,96,driving,DoS
86.406041693,0,122,234,117,227,216,202,229,194,driving,DoS
86.406291693,1,58,192,2,163,175,254,45,234,driving,DoS
86.406541693,0,154,23,185,152,200,40,140,139,driving,DoS
86.406791693,1,17,29,108,172,205,87,145,23,driving,DoS
86.407041693,0,182,227,130,135,169,13,223,107,driving,DoS
86.407291693,1,93,132,191,124,162,74,225,55,driving,DoS
86.407541693,0,49,59,46,29,190,36,128,210,driving,DoS
86.407791693,1,217,164,113,84,39,124,182,210,driving,DoS
86.408041693,0,60,107,26,232,101,140,4,20,driving,DoS
86.408291693,1,79,75,214,135,79,177,253,68,driving,DoS
86.408541693,0,4,171,169,151,83,247,52,72,driving,DoS
86.408791693,1,32,144,240,130,143,228,156,197,driving,DoS
86.409041693,0,2,150,89,126,233,53,246,129,driving,DoS
86.409291693,1,242,92,41,134,220,40,234,93,driving,DoS
86.409541693,0,255,172,24,138,176,73,92,216,driving,DoS
86.409791693,1,228,219,232,236,240,169,150,142,driving,DoS
86.410041693,0,168,132,231,150,35,120,142,2,driving,DoS
86.410291693,1,59,69,109,212,1,168,222,93,driving,DoS
86.410541693,0,232,170,32,106,128,192,127,13,driving,DoS
86.410791693,1,56,78,142,146,150,245,124,216,driving,DoS
86.411041693,0,178,208,60,35,184,209,205,69,driving,DoS
86.411291693,1,67,122,31,238,14,214,171,129,driving,DoS
86.411541693,0,15,161,118,52,193,17,67,66,driving,DoS
86.411791693,1,230,153,123,127,27,109,225,90,driving,DoS
86.412041693,0,251,34,211,82,145,152,233,180,driving,DoS
86.412291693,1,214,96,32,53,66,39,107,7,driving,DoS
86.412541693,0,251,95,249,24,202,213,39,163,driving,DoS
86.412791693,1,152,177,169,205,192,118,181,221,driving,DoS
86.413041693,0,166,151,40,14,84,90,173,71,driving,DoS
86.413291693,1,38,87,195,221,21,161,139,199,driving,DoS
86.413541693,0,158,89,80,146,229,18,168,78,driving,DoS
86.413791693,1,22,124,40,112,85,235,46,85,driving,DoS
86.414041693,0,107,81,8,106,221,195,223,150,driving,DoS
86.414291693,1,64,226,246,199,69,218,173,95,driving,DoS
86.414541693,0,241,73,236,193,14,124,76,3,driving,DoS
86.414791693,1,247,229,115,137,224,40,3,208,driving,DoS
86.415041693,0,93,116,113,136,177,188,245,124,driving,DoS
86.415291693,1,175,217,88,98,66,231,255,18,driving,DoS
86.415541693,0,28,130,169,109,173,182,240,111,driving,DoS
86.415791693,1,31,64,236,112,64,87,176,229,driving,DoS
86.416041693,0,11,159,83,130,21,78,169,175,driving,DoS
86.416291693,1,172,148,210,114,230,234,19,150,driving,DoS
86.416541693,0,53,53,212,244,35,184,215,146,driving,DoS
86.416791693,1,204,235,119,200,175,194,5,152,driving,DoS
86.417041693,0,142,135,220,255,116,106,95,91,driving,DoS
86.417291693,1,36,83,145,169,180,238,224,14,driving,DoS
86.417541693,0,5,216,82,122,134,160,142,81,driving,DoS
86.417791693,1,215,140,16,249,211,12,165,105,driving,DoS
86.418041693,0,30,43,65,24,115,125,14,60,driving,DoS
86.418291693,1,123,255,46,192,73,114,126,182,driving,DoS
86.418541693,0,217,27,164,38,19,8,59,187,driving,DoS
86.418791693,1,111,105,234,143,101,166,206,234,driving,DoS
86.419041693,0,10,66,230,251,84,235,36,163,driving,DoS
86.419291693,1,195,187,220,188,236,151,180,253,driving,DoS
86.419541693,0,174,175,189,188,13,175,165,122,driving,DoS
86.419791693,1,198,68,42,226,58,153,186,146,driving,DoS
86.420041693,0,38,114,176,82,160,67,187,73,driving,DoS
86.420291693,1,31,232,83,38,201,160,49,34,driving,DoS
86.420541693,0,94,47,153,191,251,151,151,163,driving,DoS
86.420791693,1,76,30,104,20,69,242,197,134,driving,DoS
86.421041693,0,237,103,13,72,153,29,96,185,driving,DoS
86.421291693,1,123,88,46,86,145,146,4,88,driving,DoS
86.421541693,0,102,223,119,148,11,128,46,90,driving,DoS
86.421791693,1,45,19,185,84,181,244,162,31,driving,DoS
86.422041693,0,13,144,244,129,45,69,121,78,driving,DoS
86.422291693,1,166,154,208,4,44,44,58,104,driving,DoS
86.422541693,0,154,119,134,187,242,35,103,109,driving,DoS
86.422791693,1,221,90,236,218,212,44,95,252,driving,DoS
86.423041693,0,122,148,65,59,59,77,13,84,driving,DoS
86.423291693,1,44,104,42,114,20,47,148,156,driving,DoS
86.423541693,0,17,83,25,35,194,211,154,184,driving,DoS
86.423791693,1,80,96,59,55,18,78,35,111,driving,DoS
86.424041693,0,98,164,200,105,48,226,77,119,driving,DoS
86.424291693,1,220,204,250,27,153,35,247,43,driving,DoS
86.424541693,0,5,111,47,58,245,148,18,164,driving,DoS
86.424791693,1,15,57,122,105,81,11,127,139,driving,DoS
86.425041693,0,134,188,220,14,252,39,131,243,driving,DoS
86.425291693,1,200,176,29,253,232,177,78,183,driving,DoS
86.425541693,0,235,77,115,38,193,106,60,201,driving,DoS
86.425791693,1,13,100,254,39,47,28,161,225,driving,DoS
86.426041693,0,15,96,194,105,30,217,204,236,driving,DoS
86.426291693,1,11,6,176,143,206,203,203,125,driving,DoS
86.426541693,0,70,126,111,236,30,14,252,55,driving,DoS
86.426791693,1,162,4,13,253,33,140,24,215,driving,DoS
86.427041693,0,101,127,93,110,152,110,15,207,driving,DoS
86.427291693,1,172,251,150,146,98,87,124,239,driving,DoS
86.427541693,0,171,2,252,95,72,166,72,191,driving,DoS
86.427791693,1,172,140,182,161,57,108,58,215,driving,DoS
86.428041693,0,12,109,159,84,120,219,253,105,driving,DoS
86.428291693,1,250,100,202,98,74,123,8,16,driving,DoS
86.428541693,0,132,120,210,130,224,186,159,211,driving,DoS
86.428791693,1,215,140,220,245,136,50,201,118,driving,DoS
86.429041693,0,251,45,66,19,204,116,54,234,driving,DoS
86.429291693,1,170,176,86,226,246,204,19,62,driving,DoS
86.429541693,0,133,183,154,2,52,56,137,129,driving,DoS
86.429791693,1,40,189,224,91,57,159,109,194,driving,DoS
86.430041693,0,35,37,212,195,60,52,157,197,driving,DoS
86.430291693,1,15,101,192,38,45,85,204,11,driving,DoS
86.430541693,0,170,174,173,138,194,179,132,89,driving,DoS
86.430791693,1,203,126,194,130,118,255,231,45,driving,DoS
86.431041693,0,136,13,101,148,139,161,143,173,driving,DoS
86.431291693,1,181,210,217,14,4,118,3,44,driving,DoS
86.431541693,0,47,211,70,77,254,76,112,192,driving,DoS
86.431791693,1,241,136,64,50,227,106,199,118,driving,DoS
86.432041693,0,188,28,166,230,10,99,132,15,driving,DoS
86.432291693,1,43,208,184,16,58,35,96,210,driving,DoS
86.432541693,0,132,9,123,140,128,139,96,242,driving,DoS
86.432791693,1,237,17,7,215,88,249,169,171,driving,DoS
86.433041693,0,63,156,92,181,130,145,198,219,driving,DoS
86.433291693,1,168,150,70,43,243,181,222,66,driving,DoS
86.433541693,0,243,175,86,3,6,57,212,34,driving,DoS
86.433791693,1,228,104,138,156,236,145,163,94,driving,DoS
86.434041693,0,119,160,60,209,108,116,83,216,driving,DoS
86.434291693,1,142,249,46,23,27,46,227,6,driving,DoS
86.434541693,0,238,52,64,145,172,229,207,38,driving,DoS
86.434791693,1,122,20,138,154,144,46,147,88,driving,DoS
86.435041693,0,125,160,179,76,103,109,247,86,driving,DoS
86.435291693,1,241,183,207,251,63,106,24,70,driving,DoS
86.435541693,0,212,166,193,140,233,241,49,42,driving,DoS
86.435791693,1,174,66,33,239,19,142,37,1,driving,DoS
86.436041693,0,249,61,59,213,61,38,153,205,driving,DoS
86.436291693,1,131,130,195,41,52,123,30,234,driving,DoS
86.436541693,0,185,155,88,154,250,108,172,94,driving,DoS
86.436791693,1,123,254,247,149,253,234,2,28,driving,DoS
86.437041693,0,240,61,75,174,124,88,171,48,driving,DoS
86.437291693,1,80,44,15,83,84,207,247,30,driving,DoS
86.437541693,0,209,207,210,9,75,220,184,104,driving,DoS
86.437791693,1,110,184,235,32,209,157,206,68,driving,DoS
86.438041693,0,55,0,7,96,241,4,10,228,driving,DoS
86.438291693,1,23,125,249,31,213,222,115,84,driving,DoS
86.438541693,0,18,255,17,120,139,138,79,222,driving,DoS
86.438791693,1,251,155,225,209,90,209,177,30,driving,DoS
86.439041693,0,243,146,137,174,202,162,226,68,driving,DoS
86.439291693,1,218,241,202,184,141,45,82,52,driving,DoS
86.439541693,0,228,138,255,244,179,1,20,99,driving,DoS
86.439791693,1,157,170,67,76,31,95,223,91,driving,DoS
86.440041693,0,203,115,29,110,64,199,130,176,driving,DoS
86.440291693,1,87,190,226,114,123,5,16,236,driving,DoS
86.440541693,0,132,20,195,116,171,44,221,175,driving,DoS
86.440791693,1,75,76,139,238,204,245,188,62,driving,DoS
86.441041693,0,64,175,102,246,12,31,183,107,driving,DoS
86.441291693,1,204,208,106,99,69,252,222,118,driving,DoS
86.441541693,0,111,132,66,76,181,204,81,118,driving,DoS
86.441791693,1,238,71,112,254,90,95,172,106,driving,DoS
86.442041693,0,52,18,119,117,241,27,3,159,driving,DoS
86.442291693,1,72,106,128,17,104,228,5,136,driving,DoS
86.442541693,0,101,97,119,100,63,107,143,187,driving,DoS
86.442791693,1,204,42,65,184,249,6,137,237,driving,DoS
86.443041693,0,112,225,51,190,58,244,215,197,driving,DoS
86.443291693,1,8,197,151,189,182,157,154,73,driving,DoS
86.443541693,0,49,188,250,113,237,80,222,148,driving,DoS
86.443791693,1,15,165,105,74,230,101,219,185,driving,DoS
86.444041693,0,104,134,67,109,19,113,233,239,driving,DoS
86.444291693,1,111,108,41,190,11,121,84,48,driving,DoS
86.444541693,0,191,215,176,185,41,15,65,169,driving,DoS
86.444791693,1,5,202,223,222,207,18,206,234,driving,DoS
86.445041693,0,114,152,253,213,241,47,152,219,driving,DoS
86.445291693,1,126,72,183,45,0,118,171,94,driving,DoS
86.445541693,0,158,75,240,195,86,78,52,166,driving,DoS
86.445791693,1,180,205,123,226,151,105,212,116,driving,DoS
86.446041693,0,131,172,147,3,102,178,164,146,driving,DoS
86.446291693,1,212,185,222,188,101,38,240,29,driving,DoS
86.446541693,0,251,111,16,27,76,46,8,74,driving,DoS
86.446791693,1,239,104,194,192,113,85,179,199,driving,DoS
86.447041693,0,236,104,95,87,104,145,231,137,driving,DoS
86.447291693,1,109,33,218,200,2,49,63,17,driving,DoS
86.447541693,0,5,154,220,202,11,226,106,78,driving,DoS
86.447791693,1,211,158,155,229,101,240,182,185,driving,DoS
86.448041693,0,143,46,247,220,29,11,101,253,driving,DoS
86.448291693,1,49,212,149,187,55,7,146,179,driving,DoS
86.448541693,0,251,126,139,214,222,153,130,252,driving,DoS
86.448791693,1,109,119,225,29,166,66,15,169,driving,DoS
86.449041693,0,199,223,176,44,97,226,155,230,driving,DoS
86.449291693,1,226,46,121,227,140,125,135,181,driving,DoS
86.449541693,0,22,206,163,109,20,202,80,165,driving,DoS
86.449791693,1,29,76,122,23,199,143,201,84,driving,DoS
86.450041693,0,135,113,152,118,183,128,207,168,driving,DoS
86.450291693,1,90,57,95,52,182,199,16,120,driving,DoS
86.450541693,0,231,32,2,23,107,169,158,214,driving,DoS
86.450791693,1,148,195,218,0,153,30,108,244,driving,DoS
86.451041693,0,206,132,225,141,235,220,62,41,driving,DoS
86.451291693,1,218,41,95,90,59,173,22,121,driving,DoS
86.451541693,0,207,160,179,209,35,22,21,154,driving,DoS
86.451791693,1,62,160,113,110,110,190,67,212,driving,DoS
86.452041693,0,205,0,51,114,160,161,0,13,driving,DoS
86.452291693,1,85,173,246,98,5,54,15,35,driving,DoS
86.452541693,0,94,150,181,238,48,47,191,28,driving,DoS
86.452791693,1,197,46,151,59,97,205,191,18,driving,DoS
86.453041693,0,182,172,61,48,113,210,224,41,driving,DoS
86.453291693,1,221,252,39,247,3,5,159,75,driving,DoS
86.453541693,0,104,83,187,8,251,51,216,42,driving,DoS
86.453791693,1,78,112,106,71,38,99,143,180,driving,DoS
86.454041693,0,83,69,21,135,21,26,109,244,driving,DoS
86.454291693,1,37,241,253,185,178,197,79,229,driving,DoS
86.454541693,0,130,3,198,204,54,34,92,212,driving,DoS
86.454791693,1,67,16,117,30,198,189,37,219,driving,DoS
86.455041693,0,162,251,47,86,56,60,220,24,driving,DoS
86.455291693,1,32,41,62,67,117,113,100,30,driving,DoS
86.455541693,0,93,166,182,253,69,30,219,77,driving,DoS
86.455791693,1,113,58,145,174,220,53,10,198,driving,DoS
86.456041693,0,55,207,24,147,183,15,176,83,driving,DoS
86.456291693,1,45,33,72,25,111,216,3,62,driving,DoS
86.456541693,0,207,140,52,6,129,130,208,21,driving,DoS
86.456791693,1,38,255,52,131,19,120,139,217,driving,DoS
86.457041693,0,166,134,143,180,15,206,5,170,driving,DoS
86.457291693,1,17,211,67,233,134,174,203,221,driving,DoS
86.457541693,0,112,178,20,249,132,72,140,40,driving,DoS
86.457791693,1,156,73,8,148,183,232,226,220,driving,DoS
86.458041693,0,91,161,97,147,232,207,199,43,driving,DoS
86.458291693,1,176,99,22,49,200,146,253,71,driving,DoS
86.458541693,0,205,63,240,150,192,163,7,68,driving,DoS
86.458791693,1,198,66,228,198,43,61,199,198,driving,DoS
86.459041693,0,70,204,222,4,97,157,65,138,driving,DoS
86.459291693,1,204,211,247,23,63,202,189,193,driving,DoS
86.459541693,0,80,254,251,151,22,80,32,186,driving,DoS
86.459791693,1,254,67,105,44,75,165,75,140,driving,DoS
86.460041693,0,91,103,174,77,174,199,17,0,driving,DoS
86.460291693,1,164,158,199,32,231,92,55,185,driving,DoS
86.460541693,0,28,173,76,4,184,116,169,101,driving,DoS
86.460791693,1,44,96,60,139,190,211,8,168,driving,DoS
86.461041693,0,117,147,76,124,76,64,63,3,driving,DoS
86.461291693,1,43,75,138,132,115,55,141,38,driving,DoS
86.461541693,0,143,15,248,113,135,100,238,246,driving,DoS
86.461791693,1,77,155,23,76,49,58,218,75,driving,DoS
86.462041693,0,116,47,111,251,41,55,7,21,driving,DoS
86.462291693,1,196,77,159,83,209,176,237,222,driving,DoS
86.462541693,0,111,170,185,242,231,144,177,65,driving,DoS
86.462791693,1,213,109,153,73,100,252,76,161,driving,DoS
86.463041693,0,159,151,95,65,164,103,167,59,driving,DoS
86.463291693,1,34,238,95,12,169,23,127,128,driving,DoS
86.463541693,0,172,187,117,95,241,81,3,134,driving,DoS
86.463791693,1,225,203,242,222,194,193,22,65,driving,DoS
86.464041693,0,253,153,164,228,40,66,28,241,driving,DoS
86.464291693,1,160,106,36,110,199,184,97,52,driving,DoS
86.464541693,0,190,69,202,65,48,17,246,151,driving,DoS
86.464791693,1,42,131,134,112,1,62,7,198,driving,DoS
86.465041693,0,41,142,146,182,72,195,156,180,driving,DoS
86.465291693,1,236,159,138,104,109,35,245,49,driving,DoS
86.465541693,0,62,185,116,116,124,141,230,84,driving,DoS
86.465791693,1,221,239,14,47,12,23,105,154,driving,DoS
86.466041693,0,115,150,154,254,186,182,211,35,driving,DoS
86.466291693,1,47,243,206,27,66,59,187,78,driving,DoS
86.466541693,0,255,130,111,233,223,112,65,251,driving,DoS
86.466791693,1,147,23,107,109,60,82,85,95,driving,DoS
86.467041693,0,117,164,135,20,224,7,148,230,driving,DoS
86.467291693,1,105,60,159,111,202,237,158,235,driving,DoS
86.467541693,0,241,254,130,3,235,9,113,206,driving,DoS
86.467791693,1,197,210,180,205,6,1,230,193,driving,DoS
86.468041693,0,71,82,79,61,92,65,61,108,driving,DoS
86.468291693,1,212,84,246,133,225,68,218,133,driving,DoS
86.468541693,0,110,105,101,5,153,184,220,85,driving,DoS
86.468791693,1,18,205,205,203,16,139,180,118,driving,DoS
86.469041693,0,48,93,103,129,135,105,174,141,driving,DoS
86.469291693,1,46,57,158,221,179,50,78,133,driving,DoS
86.469541693,0,92,60,14,199,120,239,45,242,driving,DoS
86.469791693,1,9,157,115,192,129,48,42,210,driving,DoS
86.470041693,0,173,179,185,190,132,85,37,126,driving,DoS
86.470291693,1,255,101,53,106,209,99,201,172,driving,DoS
86.470541693,0,254,90,250,204,236,218,252,243,driving,DoS
86.470791693,1,249,187,107,184,217,36,106,158,driving,DoS
86.471041693,0,45,248,131,37,177,112,12,152,driving,DoS
86.471291693,1,91,221,251,66,98,102,6,250,driving,DoS
86.471541693,0,207,58,186,14,16,48,38,41,driving,DoS
86.471791693,1,114,54,171,157,0,157,144,93,driving,DoS
86.472041693,0,101,211,128,255,80,38,133,6,driving,DoS
86.472291693,1,44,1,201,49,196,128,235,9,driving,DoS
86.472541693,0,159,45,175,246,114,13,195,232,driving,DoS
86.472791693,1,195,236,118,198,231,92,18,201,driving,DoS
86.473041693,0,60,23,92,99,234,92,221,156,driving,DoS
86.473291693,1,114,88,29,186,198,224,81,136,driving,DoS
86.473541693,0,185,240,53,186,185,227,100,80,driving,DoS
86.473791693,1,250,239,3,60,59,171,157,49,driving,DoS
86.474041693,0,238,255,105,93,211,2,217,174,driving,DoS
86.474291693,1,208,215,32,17,175,242,102,177,driving,DoS
86.474541693,0,193,245,150,108,99,210,140,139,driving,DoS
86.474791693,1,254,26,86,195,102,76,250,202,driving,DoS
86.475041693,0,252,217,179,201,135,171,227,198,driving,DoS
86.475291693,1,197,132,135,226,40,178,181,122,driving,DoS
86.475541693,0,140,226,129,163,18,66,129,12,driving,DoS
86.475791693,1,186,123,226,253,86,2,139,203,driving,DoS
86.476041693,0,161,116,132,170,13,121,225,178,driving,DoS
86.476291693,1,143,16,246,3,191,117,110,101,driving,DoS
86.476541693,0,190,206,96,95,61,126,208,194,driving,DoS
86.476791693,1,155,21,141,14,243,113,234,107,driving,DoS
86.477041693,0,28,140,44,180,0,197,111,90,driving,DoS
86.477291693,1,131,15,160,52,23,72,208,184,driving,DoS
86.477541693,0,117,231,221,105,103,149,202,239,driving,DoS
86.477791693,1,143,218,136,201,221,19,126,111,driving,DoS
86.478041693,0,69,248,100,242,135,57,171,75,driving,DoS
86.478291693,1,27,145,35,27,45,10,91,250,driving,DoS
86.478541693,0,223,22,247,56,167,58,200,153,driving,DoS
86.478791693,1,134,236,243,240,103,100,120,11,driving,DoS
86.479041693,0,218,44,134,128,110,164,228,190,driving,DoS
86.479291693,1,138,242,107,174,11,176,93,209,driving,DoS
86.479541693,0,16,95,239,14,206,240,171,221,driving,DoS
86.479791693,1,240,30,246,43,61,81,93,122,driving,DoS
86.480041693,0,204,48,111,56,65,96,251,236,driving,DoS
86.480291693,1,129,186,152,52,106,127,255,210,driving,DoS
86.480541693,0,228,4,171,5,250,33,22,207,driving,DoS
86.480791693,1,186,60,15,218,136,20,253,18,driving,DoS
86.481041693,0,232,104,154,225,137,100,5,116,driving,DoS
86.481291693,1,130,179,236,109,221,168,145,3,driving,DoS
86.481541693,0,149,134,66,245,94,29,5,96,driving,DoS
86.481791693,1,60,231,125,199,131,125,42,219,driving,DoS
86.482041693,0,252,166,136,133,136,21,161,110,driving,DoS
86.482291693,1,12,102,95,17,236,190,223,2,driving,DoS
86.482541693,0,175,79,216,27,63,185,81,105,driving,DoS
86.482791693,1,19,66,205,195,100,112,10,84,driving,DoS
86.483041693,0,125,183,204,180,135,1,125,15,driving,DoS
86.483291693,1,225,60,180,140,30,92,237,106,driving,DoS
86.483541693,0,83,13,60,74,182,110,47,167,driving,DoS
86.483791693,1,2,11,149,65,102,40,71,19,driving,DoS
86.484041693,0,196,64,28,154,63,16,121,28,driving,DoS
86.484291693,1,177,152,147,229,111,183,227,248,driving,DoS
86.484541693,0,228,104,76,138,168,167,121,53,driving,DoS
86.484791693,1,191,43,80,248,74,96,70,223,driving,DoS
86.485041693,0,140,67,181,50,175,94,185,186,driving,DoS
86.485291693,1,239,214,40,172,173,21,124,27,driving,DoS
86.485541693,0,63,216,168,155,134,232,198,52,driving,DoS
86.485791693,1,173,7,150,144,58,166,15,69,driving,DoS
86.486041693,0,130,147,208,148,21,121,170,13,driving,DoS
86.486291693,1,227,211,184,177,180,107,188,170,driving,DoS
86.486541693,0,39,31,68,78,228,224,168,153,driving,DoS
86.486791693,1,228,231,254,252,139,190,92,189,driving,DoS
86.487041693,0,145,60,64,111,229,75,147,127,driving,DoS
86.487291693,1,247,240,19,8,252,31,145,169,driving,DoS
86.487541693,0,186,145,158,213,236,135,54,223,driving,DoS
86.487791693,1,218,67,101,174,215,250,60,78,driving,DoS
86.488041693,0,168,186,113,175,15,86,230,220,driving,DoS
86.488291693,1,228,134,10,192,154,63,79,78,driving,DoS
86.488541693,0,251,75,247,203,184,101,32,144,driving,DoS
86.488791693,1,188,57,103,141,52,254,25,28,driving,DoS
86.489041693,0,173,144,186,172,123,148,180,182,driving,DoS
86.489291693,1,172,186,222,95,62,217,109,104,driving,DoS
86.489541693,0,190,247,212,212,27,182,3,154,driving,DoS
86.489791693,1,46,15,213,26,150,102,40,242,driving,DoS
86.490041693,0,45,189,168,241,164,81,47,233,driving,DoS
86.490291693,1,118,114,200,196,23,124,35,215,driving,DoS
86.490541693,0,18,179,12,45,17,188,190,100,driving,DoS
86.490791693,1,40,47,55,189,104,88,22,82,driving,DoS
86.491041693,0,207,145,24,16,97,121,111,221,driving,DoS
86.491291693,1,124,255,21,94,1,120,229,86,driving,DoS
86.491541693,0,32,108,152,145,230,50,211,231,driving,DoS
86.491791693,1,221,206,127,139,69,4,119,153,driving,DoS
86.492041693,0,47,95,150,95,207,222,149,246,driving,DoS
86.492291693,1,142,76,211,157,140,15,131,237,driving,DoS
86.492541693,0,99,85,253,222,208,122,226,167,driving,DoS
86.492791693,1,47,242,227,154,139,86,159,198,driving,DoS
86.493041693,0,228,45,156,131,196,111,171,127,driving,DoS
86.493291693,1,47,167,169,223,206,159,73,100,driving,DoS
86.493541693,0,142,5,78,193,5,192,137,198,driving,DoS
86.493791693,1,199,214,32,62,93,71,74,124,driving,DoS
86.494041693,0,69,136,196,251,70,95,26,115,driving,DoS
86.494291693,1,239,106,117,248,138,27,198,32,driving,DoS
86.494541693,0,104,211,251,154,167,253,125,26,driving,DoS
86.494791693,1,135,168,167,197,166,230,204,190,driving,DoS
86.495041693,0,235,197,1,27,180,172,34,67,driving,DoS
86.495291693,1,202,245,217,133,130,135,109,212,driving,DoS
86.495541693,0,114,84,239,18,188,210,54,130,driving,DoS
86.495791693,1,222,181,98,128,129,90,21,31,driving,DoS
86.496041693,0,149,77,44,220,226,128,233,51,driving,DoS
86.496291693,1,188,70,25,127,166,42,47,177,driving,DoS
86.496541693,0,11,174,209,191,51,120,114,162,driving,DoS
86.496791693,1,163,25,44,134,96,95,95,243,driving,DoS
86.497041693,0,216,210,104,95,250,24,142,65,driving,DoS
86.497291693,1,106,104,49,0,205,20,39,251,driving,DoS
86.497541693,0,22,19,186,77,64,41,136,178,driving,DoS
86.497791693,1,235,151,208,185,10,170,67,242,driving,DoS
86.498041693,0,9,92,179,219,48,57,148,110,driving,DoS
86.498291693,1,162,99,22,159,3,247,245,187,driving,DoS
86.498541693,0,63,113,20,219,39,5,78,71,driving,DoS
86.498791693,1,55,205,233,147,173,102,235,56,driving,DoS
86.499041693,0,144,228,122,79,22,145,125,42,driving,DoS
86.499291693,1,64,227,144,127,44,91,211,217,driving,DoS
86.499541693,0,210,179,203,22,89,113,103,205,driving,DoS
86.499791693,1,44,211,182,173,11,214,74,128,driving,DoS
86.500041693,0,232,166,169,173,76,215,233,71,driving,DoS
86.500291693,1,27,123,207,242,29,73,232,160,driving,DoS
86.500541693,0,57,3,3,182,223,249,21,218,driving,DoS
86.500791693,1,1,163,236,38,36,91,42,46,driving,DoS
86.501041693,0,196,232,103,92,123,186,96,117,driving,DoS
86.501291693,1,118,8,189,139,144,163,41,214,driving,DoS
86.501541693,0,169,242,28,226,151,96,74,55,driving,DoS
86.501791693,1,116,16,75,138,90,202,135,211,driving,DoS
86.502041693,0,171,169,56,12,73,17,155,35,driving,DoS
86.502291693,1,33,165,156,16,161,50,25,113,driving,DoS
86.502541693,0,97,145,200,186,126,114,213,103,driving,DoS
86.502791693,1,121,3,161,246,188,154,99,238,driving,DoS
86.503041693,0,27,1,144,61,207,134,119,230,driving,DoS
86.503291693,1,229,16,75,49,236,5,138,225,driving,DoS
86.503541693,0,31,56,94,174,86,114,108,240,driving,DoS
86.503791693,1,47,229,191,194,55,232,193,227,driving,DoS
86.504041693,0,191,18,181,48,252,121,122,15,driving,DoS
86.504291693,1,35,29,177,185,42,193,96,126,driving,DoS
86.504541693,0,37,249,108,192,147,255,14,131,driving,DoS
86.504791693,1,153,22,197,179,151,181,76,171,driving,DoS
86.505041693,0,103,188,239,10,254,195,188,3,driving,DoS
86.505291693,1,133,200,92,6,240,164,217,75,driving,DoS
86.505541693,0,93,230,56,81,210,13,65,196,driving,DoS
86.505791693,1,33,62,223,10,60,13,112,223,driving,DoS
86.506041693,0,1,34,142,1,34,239,25,25,driving,DoS
86.506291693,1,100,69,255,207,86,12,176,236,driving,DoS
86.506541693,0,238,251,253,25,43,142,237,68,driving,DoS
86.506791693,1,197,66,51,53,171,218,205,156,driving,DoS
86.507041693,0,222,14,251,230,103,162,185,199,driving,DoS
86.507291693,1,57,85,76,18,181,61,104,188,driving,DoS
86.507541693,0,205,122,235,144,89,180,22,24,driving,DoS
86.507791693,1,253,182,54,217,239,136,213,242,driving,DoS
86.508041693,0,96,185,61,66,57,250,254,134,driving,DoS
86.508291693,1,230,144,255,230,122,191,170,157,driving,DoS
86.508541693,0,110,120,190,197,240,63,90,179,driving,DoS
86.508791693,1,74,18,41,102,31,194,130,218,driving,DoS
86.509041693,0,63,76,195,251,57,45,215,96,driving,DoS
86.509291693,1,107,189,122,19,108,39,125,244,driving,DoS
86.509541693,0,110,20,164,201,67,244,191,118,driving,DoS
86.509791693,1,120,168,169,91,216,87,27,69,driving,DoS
86.510041693,0,141,251,129,245,63,58,95,80,driving,DoS
86.510291693,1,206,100,148,188,62,231,118,84,driving,DoS
86.510541693,0,65,70,113,42,225,235,220,171,driving,DoS
86.510791693,1,4,125,141,224,191,28,161,166,driving,DoS
86.511041693,0,246,253,247,40,234,153,104,37,driving,DoS
86.511291693,1,64,154,108,154,163,105,179,126,driving,DoS
86.511541693,0,39,35,169,253,180,16,72,235,driving,DoS
86.511791693,1,80,25,139,17,96,194,191,230,driving,DoS
86.512041693,0,180,213,95,131,100,102,51,208,driving,DoS
86.512291693,1,193,235,2,161,166,8,204,139,driving,DoS
86.512541693,0,116,139,136,54,30,34,8,153,driving,DoS
86.512791693,1,74,249,242,133,98,178,142,76,driving,DoS
86.512875996,260,0,128,30,51,0,50,5,0,driving,none
86.513041693,0,58,0,54,36,212,58,109,79,driving,DoS
86.513291693,1,125,189,229,164,107,157,39,51,driving,DoS
86.513541693,0,45,166,255,19,96,153,234,189,driving,DoS
86.513791693,1,202,27,47,210,146,82,196,95,driving,DoS
86.514041693,0,154,171,165,145,213,83,1,91,driving,DoS
86.514291693,1,63,118,174,128,199,86,73,127,driving,DoS
86.514541693,0,145,2,250,42,227,126,151,117,driving,DoS
86.514791693,1,141,197,196,31,174,132,241,25,driving,DoS
86.515041693,0,25,213,25,127,39,26,226,183,driving,DoS
86.515291693,1,55,200,97,172,68,38,132,43,driving,DoS
86.515541693,0,90,0,87,84,149,54,249,173,driving,DoS
86.515791693,1,204,34,196,21,172,223,129,43,driving,DoS
86.516041693,0,171,138,62,98,111,100,222,200,driving,DoS
86.516291693,1,184,6,71,174,34,168,220,163,driving,DoS
86.516541693,0,59,224,50,191,242,87,30,168,driving,DoS
86.516791693,1,90,155,91,87,43,59,52,144,driving,DoS
86.517041693,0,81,138,57,148,56,145,3,43,driving,DoS
86.517291693,1,110,185,203,97,61,145,86,211,driving,DoS
86.517541693,0,164,78,2,61,83,15,55,230,driving,DoS
86.517791693,1,154,21,77,26,154,157,223,200,driving,DoS
86.518041693,0,206,186,152,37,75,237,95,63,driving,DoS
86.518291693,1,126,197,234,167,52,213,159,139,driving,DoS
86.518541693,0,63,160,97,76,58,13,48,50,driving,DoS
86.518791693,1,97,31,161,70,111,52,183,206,driving,DoS
86.519041693,0,87,120,148,93,128,6,64,75,driving,DoS
86.519291693,1,128,202,89,201,244,41,124,80,driving,DoS
86.519541693,0,5,71,160,126,129,81,123,217,driving,DoS
86.519791693,1,225,20,229,242,197,15,159,68,driving,DoS
86.520041693,0,101,252,218,202,240,154,26,255,driving,DoS
86.520291693,1,249,68,38,20,229,173,91,149,driving,DoS
86.520541693,0,26,10,123,111,18,189,37,9,driving,DoS
86.520791693,1,252,74,145,236,70,176,141,93,driving,DoS
86.521041693,0,221,177,148,33,223,106,91,248,driving,DoS
86.521291693,1,222,119,163,94,112,52,86,97,driving,DoS
86.521541693,0,195,98,85,235,218,10,244,20,driving,DoS
86.521791693,1,140,92,118,180,233,118,40,188,driving,DoS
86.522041693,0,120,36,41,218,95,41,97,163,driving,DoS
86.522291693,1,127,159,239,29,177,3,240,1,driving,DoS
86.522541693,0,253,245,191,3,152,144,204,101,driving,DoS
86.522791693,1,177,233,193,213,212,64,36,121,driving,DoS
86.523041693,0,5,166,183,37,131,143,183,142,driving,DoS
86.523291693,1,87,83,189,170,172,51,100,96,driving,DoS
86.523541693,0,17,167,34,179,150,49,211,106,driving,DoS
86.523791693,1,181,56,50,13,210,254,158,175,driving,DoS
86.524041693,0,54,117,219,117,205,182,5,171,driving,DoS
86.524291693,1,15,128,33,251,121,254,72,72,driving,DoS
86.524541693,0,121,133,68,214,249,238,20,101,driving,DoS
86.524791693,1,88,110,57,71,41,225,32,117,driving,DoS
86.525041693,0,180,157,226,163,71,61,36,82,driving,DoS
86.525291693,1,225,162,216,125,254,111,36,44,driving,DoS
86.525541693,0,156,105,122,53,8,206,82,123,driving,DoS
86.525791693,1,27,221,171,132,13,13,120,48,driving,DoS
86.526041693,0,9,124,213,152,190,47,19,22,driving,DoS
86.526291693,1,66,34,78,155,38,129,12,44,driving,DoS
86.526541693,0,229,23,68,134,216,32,217,240,driving,DoS
86.526791693,1,228,98,94,32,144,244,5,107,driving,DoS
86.527041693,0,65,10,143,96,159,253,130,109,driving,DoS
86.527291693,1,104,157,156,66,53,22,210,184,driving,DoS
86.527541693,0,33,23,10,150,202,0,33,6,driving,DoS
86.527791693,1,149,56,102,62,120,172,187,170,driving,DoS
86.528041693,0,233,155,68,24,241,75,65,118,driving,DoS
86.528291693,1,182,216,237,66,43,250,193,39,driving,DoS
86.528541693,0,254,232,251,216,243,224,189,32,driving,DoS
86.528791693,1,111,245,237,39,65,109,43,114,driving,DoS
86.529041693,0,233,82,21,142,243,115,19,140,driving,DoS
86.529291693,1,184,59,129,163,174,209,43,233,driving,DoS
86.529541693,0,114,143,58,15,255,206,159,20,driving,DoS
86.529791693,1,126,54,178,248,163,169,98,54,driving,DoS
86.530041693,0,166,122,200,71,16,185,142,156,driving,DoS
86.530291693,1,97,120,93,229,41,161,128,15,driving,DoS
86.530541693,0,210,116,160,215,233,4,71,27,driving,DoS
86.530791693,1,239,38,181,100,234,142,95,28,driving,DoS
86.531041693,0,177,183,178,172,112,163,136,144,driving,DoS
86.531291693,1,18,230,211,233,239,84,69,54,driving,DoS
86.531541693,0,16,19,233,71,4,141,11,158,driving,DoS
86.531791693,1,253,34,63,88,151,206,54,227,driving,DoS
86.532041693,0,187,251,7,143,48,11,159,218,driving,DoS
86.532291693,1,209,247,41,214,131,139,76,221,driving,DoS
86.532541693,0,64,149,153,254,30,132,212,240,driving,DoS
86.532791693,1,42,58,8,60,237,238,7,118,driving,DoS
86.532875996,316,0,128,30,51,0,50,5,0,driving,none
86.533041693,0,124,80,167,237,24,146,150,114,driving,DoS
86.533291693,1,14,237,125,68,157,192,216,247,driving,DoS
86.533541693,0,131,30,109,29,133,116,51,237,driving,DoS
86.533791693,1,226,73,133,206,82,145,239,11,driving,DoS
86.534041693,0,144,62,53,98,30,47,218,147,driving,DoS
86.534291693,1,125,69,126,42,135,182,194,190,driving,DoS
86.534541693,0,49,63,85,237,188,41,243,29,driving,DoS
86.534791693,1,11,125,138,123,235,138,101,79,driving,DoS
86.535041693,0,181,195,240,151,14,169,107,194,driving,DoS
86.535291693,1,70,161,46,79,105,63,37,172,driving,DoS
86.535541693,0,132,55,34,58,13,70,14,194,driving,DoS
86.535791693,1,5,250,52,126,205,104,27,16,driving,DoS
86.536041693,0,184,65,90,38,158,135,83,217,driving,DoS
86.536291693,1,224,125,187,102,135,69,161,217,driving,DoS
86.536541693,0,61,63,209,55,160,159,138,72,driving,DoS
86.536791693,1,211,43,140,168,161,107,224,162,driving,DoS
86.537041693,0,78,205,65,188,30,54,138,159,driving,DoS
86.537291693,1,16,93,98,68,99,177,189,117,driving,DoS
86.537541693,0,178,28,105,170,87,15,172,14,driving,DoS
86.537791693,1,253,161,23,254,45,230,108,184,driving,DoS
86.538041693,0,132,150,67,183,92,143,242,252,driving,DoS
86.538291693,1,250,247,129,146,140,199,135,125,driving,DoS
86.538541693,0,17,156,218,144,27,24,222,4,driving,DoS
86.538791693,1,197,69,199,152,222,64,234,186,driving,DoS
86.539041693,0,186,106,254,236,116,180,148,194,driving,DoS
86.539291693,1,10,51,71,62,11,130,12,239,driving,DoS
86.539541693,0,80,184,129,181,101,222,22,47,driving,DoS
86.539791693,1,222,30,113,72,129,239,15,225,driving,DoS
86.540041693,0,73,203,69,184,53,244,151,103,driving,DoS
86.540291693,1,63,201,29,111,67,190,30,118,driving,DoS
86.540541693,0,152,126,132,136,79,235,183,79,driving,DoS
86.540791693,1,124,218,46,255,135,212,134,172,driving,DoS
86.541041693,0,156,181,181,233,59,88,229,98,driving,DoS
86.541291693,1,55,252,147,73,224,54,117,67,driving,DoS
86.541541693,0,74,143,12,82,109,106,201,66,driving,DoS
86.541791693,1,243,198,52,236,209,138,15,141,driving,DoS
86.542041693,0,20,142,199,172,187,50,41,83,driving,DoS
86.542291693,1,193,118,40,62,8,179,3,69,driving,DoS
86.542541693,0,67,82,19,244,149,173,182,86,driving,DoS
86.542791693,1,69,226,215,251,246,139,93,105,driving,DoS
86.543041693,0,107,162,135,111,117,233,99,68,driving,DoS
86.543291693,1,225,110,214,95,40,176,61,21,driving,DoS
86.543541693,0,6,70,194,0,250,225,84,34,driving,DoS
86.543791693,1,131,99,128,197,195,175,110,254,driving,DoS
86.544041693,0,34,184,182,243,127,57,13,182,driving,DoS
86.544291693,1,92,2,99,33,232,113,15,185,driving,DoS
86.544541693,0,26,243,107,119,239,230,116,53,driving,DoS
86.544791693,1,66,243,98,140,43,159,174,26,driving,DoS
86.545041693,0,81,232,191,13,76,210,9,0,driving,DoS
86.545291693,1,30,241,77,88,14,244,43,80,driving,DoS
86.545541693,0,62,142,177,92,125,165,211,19,driving,DoS
86.545791693,1,67,120,107,38,167,237,179,58,driving,DoS
86.546041693,0,235,184,228,15,101,85,100,7,driving,DoS
86.546291693,1,29,222,1,144,34,238,172,6,driving,DoS
86.546541693,0,86,143,62,113,12,24,227,216,driving,DoS
86.546791693,1,252,178,248,166,174,173,2,173,driving,DoS
86.547041693,0,49,155,171,22,151,224,90,127,driving,DoS
86.547291693,1,200,211,149,201,65,228,91,219,driving,DoS
86.547541693,0,173,53,63,147,68,20,157,115,driving,DoS
86.547791693,1,138,165,23,132,205,74,54,249,driving,DoS
86.548041693,0,197,133,99,151,103,146,54,217,driving,DoS
86.548291693,1,193,229,131,17,226,214,184,161,driving,DoS
86.548541693,0,228,138,38,44,27,202,223,234,driving,DoS
86.548791693,1,77,219,148,46,229,120,230,162,driving,DoS
86.549041693,0,110,232,242,26,37,81,142,108,driving,DoS
86.549291693,1,56,220,136,182,75,132,126,224,driving,DoS
86.549541693,0,7,138,225,1,149,20,247,102,driving,DoS
86.549791693,1,199,176,34,228,191,201,91,221,driving,DoS
86.550041693,0,71,25,112,81,240,106,175,254,driving,DoS
86.550291693,1,60,72,186,199,247,94,37,79,driving,DoS
86.550541693,0,127,2,13,174,234,178,58,188,driving,DoS
86.550791693,1,119,72,156,92,174,198,194,10,driving,DoS
86.551041693,0,3,0,170,251,108,208,23,105,driving,DoS
86.551291693,1,15,103,137,37,125,207,173,96,driving,DoS
86.551541693,0,64,165,222,136,227,225,14,255,driving,DoS
86.551791693,1,22,218,22,12,255,139,193,50,driving,DoS
86.552041693,0,142,122,126,227,16,26,142,40,driving,DoS
86.552291693,1,249,158,145,100,198,224,42,195,driving,DoS
86.552541693,0,122,234,223,95,40,183,244,250,driving,DoS
86.552791693,1,154,3,166,130,191,223,219,62,driving,DoS
86.552875996,329,0,128,30,51,0,50,5,0,driving,none
86.553041693,0,76,148,255,157,34,140,87,250,driving,DoS
86.553291693,1,185,119,32,128,55,240,88,214,driving,DoS
86.553541693,0,106,132,88,42,82,69,104,112,driving,DoS
86.553791693,1,81,62,160,12,7,236,62,108,driving,DoS
86.554041693,0,70,3,148,139,132,179,214,232,driving,DoS
86.554291693,1,247,36,186,136,56,237,194,199,driving,DoS
86.554541693,0,3,151,161,213,118,43,50,205,driving,DoS
86.554791693,1,158,189,225,205,251,230,204,190,driving,DoS
86.555041693,0,242,221,197,205,128,246,201,23,driving,DoS
86.555291693,1,180,64,4,175,71,223,159,168,driving,DoS
86.555541693,0,164,94,36,251,186,31,147,253,driving,DoS
86.555791693,1,68,249,73,239,184,153,141,72,driving,DoS
86.556041693,0,85,2,220,39,185,20,212,87,driving,DoS
86.556291693,1,239,118,221,141,17,31,194,245,driving,DoS
86.556541693,0,71,156,212,221,103,19,125,83,driving,DoS
86.556791693,1,44,131,126,28,99,45,97,122,driving,DoS
86.557041693,0,123,10,40,55,57,134,10,205,driving,DoS
86.557291693,1,181,128,165,175,255,163,190,68,driving,DoS
86.557541693,0,148,182,78,201,53,175,38,141,driving,DoS
86.557791693,1,98,210,234,129,177,232,108,162,driving,DoS
86.558041693,0,37,231,102,233,45,123,168,178,driving,DoS
86.558291693,1,203,217,221,126,104,181,223,128,driving,DoS
86.558541693,0,34,237,72,167,198,23,62,56,driving,DoS
86.558791693,1,221,66,135,217,156,240,215,86,driving,DoS
86.559041693,0,100,201,145,70,220,185,59,248,driving,DoS
86.559291693,1,234,97,222,246,24,46,2,67,driving,DoS
86.559541693,0,253,39,29,160,65,4,96,232,driving,DoS
86.559791693,1,81,51,65,63,187,38,21,140,driving,DoS
86.560041693,0,180,195,87,156,138,213,93,77,driving,DoS
86.560291693,1,18,48,200,172,217,208,111,120,driving,DoS
86.560541693,0,108,180,18,79,147,96,67,196,driving,DoS
86.560791693,1,65,165,123,46,141,7,120,27,driving,DoS
86.561041693,0,253,160,160,145,33,140,81,31,driving,DoS
86.561291693,1,72,144,152,97,177,25,249,143,driving,DoS
86.561541693,0,188,7,108,126,94,27,238,12,driving,DoS
86.561791693,1,71,135,138,2,154,103,44,12,driving,DoS
86.562041693,0,6,239,247,49,89,120,168,123,driving,DoS
86.562291693,1,66,250,243,112,250,223,181,175,driving,DoS
86.562541693,0,131,225,203,33,224,65,227,182,driving,DoS
86.562791693,1,243,115,172,164,158,54,147,239,driving,DoS
86.563041693,0,49,92,199,208,219,54,173,126,driving,DoS
86.563291693,1,111,65,136,91,236,26,71,35,driving,DoS
86.563541693,0,177,30,50,106,130,113,127,25,driving,DoS
86.563791693,1,223,80,241,169,92,147,228,242,driving,DoS
86.564041693,0,96,110,35,67,22,113,230,57,driving,DoS
86.564291693,1,56,75,226,177,124,185,161,236,driving,DoS
86.564541693,0,44,147,92,43,45,215,95,90,driving,DoS
86.564791693,1,17,200,166,45,23,1,141,128,driving,DoS
86.565041693,0,97,201,128,110,200,136,148,128,driving,DoS
86.565291693,1,107,82,214,47,129,75,80,3,driving,DoS
86.565541693,0,28,237,76,84,226,203,122,163,driving,DoS
86.565791693,1,80,236,24,228,163,246,54,28,driving,DoS
86.566041693,0,111,96,190,111,20,7,22,22,driving,DoS
86.566291693,1,30,216,108,71,175,217,243,228,driving,DoS
86.566541693,0,169,145,206,189,211,61,245,84,driving,DoS
86.566791693,1,158,236,14,123,148,140,215,110,driving,DoS
86.567041693,0,112,94,146,193,181,211,145,33,driving,DoS
86.567291693,1,171,151,210,102,170,61,238,160,driving,DoS
86.567541693,0,253,104,160,34,187,55,255,202,driving,DoS
86.567791693,1,197,183,184,209,167,210,6,21,driving,DoS
86.568041693,0,117,112,229,161,78,93,202,139,driving,DoS
86.568291693,1,131,71,45,4,81,94,65,166,driving,DoS
86.568541693,0,47,135,173,180,245,188,101,232,driving,DoS
86.568791693,1,66,117,248,203,211,23,139,35,driving,DoS
86.569041693,0,145,73,219,157,109,29,94,241,driving,DoS
86.569291693,1,23,39,112,249,79,91,73,62,driving,DoS
86.569541693,0,8,102,185,76,159,97,78,85,driving,DoS
86.569791693,1,189,16,44,156,201,68,133,13,driving,DoS
86.570041693,0,235,221,168,101,27,239,108,150,driving,DoS
86.570291693,1,255,206,234,12,25,224,79,159,driving,DoS
86.570541693,0,155,204,220,200,193,158,113,220,driving,DoS
86.570791693,1,2,158,107,209,81,182,8,167,driving,DoS
86.571041693,0,171,92,171,218,84,244,94,193,driving,DoS
86.571291693,1,194,74,107,73,167,229,81,249,driving,DoS
86.571541693,0,125,155,211,84,242,28,138,239,driving,DoS
86.571791693,1,90,98,123,129,128,220,213,203,driving,DoS
86.572041693,0,53,23,180,51,152,197,44,24,driving,DoS
86.572291693,1,193,202,86,197,241,86,139,128,driving,DoS
86.572541693,0,130,9,125,184,42,218,165,213,driving,DoS
86.572791693,1,44,117,153,139,24,116,120,51,driving,DoS
86.572875996,545,0,128,30,51,0,50,5,0,driving,none
86.573041693,0,126,14,62,202,97,137,240,215,driving,DoS
86.573291693,1,34,69,104,252,252,126,1,46,driving,DoS
86.573541693,0,80,81,14,39,197,110,49,187,driving,DoS
86.573791693,1,92,15,3,78,123,50,186,77,driving,DoS
86.574041693,0,110,37,99,124,202,111,34,149,driving,DoS
86.574291693,1,2,90,40,85,248,23,93,125,driving,DoS
86.574541693,0,62,218,247,95,17,57,93,178,driving,DoS
86.574791693,1,9,125,50,233,248,163,204,7,driving,DoS
86.575041693,0,3,2,53,40,237,192,175,108,driving,DoS
86.575291693,1,89,150,158,122,131,111,246,58,driving,DoS
86.575541693,0,190,37,160,145,252,155,222,59,driving,DoS
86.575791693,1,58,238,29,231,5,68,247,72,driving,DoS
86.576041693,0,95,16,130,27,23,121,4,103,driving,DoS
86.576291693,1,144,58,91,104,85,57,194,6,driving,DoS
86.576541693,0,12,191,109,91,135,38,119,71,driving,DoS
86.576791693,1,179,95,230,196,82,184,75,21,driving,DoS
86.577041693,0,83,45,112,57,50,223,239,177,driving,DoS
86.577291693,1,148,84,110,85,197,252,13,51,driving,DoS
86.577541693,0,42,205,228,56,57,221,239,210,driving,DoS
86.577791693,1,69,3,91,163,49,170,96,203,driving,DoS
86.578041693,0,131,86,221,226,119,8,87,87,driving,DoS
86.578291693,1,20,153,42,247,173,106,11,144,driving,DoS
86.578541693,0,6,184,101,39,143,38,31,175,driving,DoS
86.578791693,1,14,229,165,163,1,132,163,83,driving,DoS
86.579041693,0,149,211,250,228,31,119,254,128,driving,DoS
86.579291693,1,223,231,251,25,3,116,12,230,driving,DoS
86.579541693,0,201,139,150,20,173,118,164,167,driving,DoS
86.579791693,1,3,43,254,83,226,85,232,226,driving,DoS
86.580041693,0,124,70,95,13,60,120,66,5,driving,DoS
86.580291693,1,184,55,46,80,32,98,130,14,driving,DoS
86.580541693,0,218,100,196,15,37,20,186,15,driving,DoS
86.580791693,1,91,155,21,205,161,32,33,240,driving,DoS
86.581041693,0,139,243,39,45,235,25,201,139,driving,DoS
86.581291693,1,180,225,223,207,99,45,83,130,driving,DoS
86.581541693,0,28,229,12,157,152,41,126,61,driving,DoS
86.581791693,1,31,63,51,140,171,208,255,205,driving,DoS
86.582041693,0,237,224,213,36,173,66,137,204,driving,DoS
86.582291693,1,14,49,247,19,78,48,230,216,driving,DoS
86.582541693,0,156,169,38,247,238,20,66,78,driving,DoS
86.582791693,1,105,2,128,179,117,156,231,83,driving,DoS
86.583041693,0,225,235,69,165,97,76,30,180,driving,DoS
86.583291693,1,93,137,242,120,184,255,89,234,driving,DoS
86.583541693,0,87,97,110,173,241,8,83,130,driving,DoS
86.583791693,1,15,124,205,216,100,157,196,146,driving,DoS
86.584041693,0,146,136,69,232,127,119,163,201,driving,DoS
86.584291693,1,177,67,122,39,213,232,207,85,driving,DoS
86.584541693,0,79,242,127,170,115,120,159,1,driving,DoS
86.584791693,1,199,80,28,53,210,217,99,125,driving,DoS
86.585041693,0,138,30,59,134,68,47,191,203,driving,DoS
86.585291693,1,100,130,175,90,212,108,205,87,driving,DoS
86.585541693,0,214,93,111,99,186,235,16,145,driving,DoS
86.585791693,1,141,136,186,185,60,156,104,138,driving,DoS
86.586041693,0,148,75,43,39,53,239,173,135,driving,DoS
86.586291693,1,135,150,170,244,147,85,41,153,driving,DoS
86.586541693,0,91,153,193,121,56,187,38,82,driving,DoS
86.586791693,1,56,62,208,139,251,88,128,198,driving,DoS
86.587041693,0,147,91,226,88,129,225,104,165,driving,DoS
86.587291693,1,109,253,191,60,184,122,1,31,driving,DoS
86.587541693,0,237,161,61,133,188,38,112,142,driving,DoS
86.587791693,1,245,90,120,24,173,238,87,133,driving,DoS
86.588041693,0,166,100,39,13,46,71,128,207,driving,DoS
86.588291693,1,153,122,244,196,86,157,105,24,driving,DoS
86.588541693,0,36,137,212,6,217,215,199,58,driving,DoS
86.588791693,1,13,193,211,124,228,158,52,75,driving,DoS
86.589041693,0,32,251,18,197,173,4,217,39,driving,DoS
86.589291693,1,136,224,42,179,4,52,55,84,driving,DoS
86.589541693,0,163,1,71,97,41,212,22,0,driving,DoS
86.589791693,1,130,26,95,246,84,212,116,68,driving,DoS
86.590041693,0,57,88,30,200,40,135,151,72,driving,DoS
86.590291693,1,190,18,236,202,194,231,133,83,driving,DoS
86.590541693,0,16,31,34,146,43,142,138,69,driving,DoS
86.590791693,1,131,200,7,243,114,250,86,126,driving,DoS
86.591041693,0,216,34,181,188,86,164,139,233,driving,DoS
86.591291693,1,165,240,223,109,250,87,117,14,driving,DoS
86.591541693,0,174,160,255,244,240,106,199,227,driving,DoS
86.591791693,1,222,8,240,159,51,20,188,111,driving,DoS
86.592041693,0,139,52,162,2,143,117,28,121,driving,DoS
86.592291693,1,174,222,13,68,182,209,196,217,driving,DoS
86.592541693,0,7,214,108,182,157,239,201,8,driving,DoS
86.592791693,1,248,167,41,87,44,29,45,148,driving,DoS
86.593041693,0,66,199,84,70,194,159,146,53,driving,DoS
86.593291693,1,11,66,142,176,150,31,178,119,driving,DoS
86.593541693,0,164,207,191,123,172,80,141,125,driving,DoS
86.593791693,1,240,232,169,19,228,213,185,165,driving,DoS
86.594041693,0,234,114,248,129,180,79,169,38,driving,DoS
86.594291693,1,87,87,169,148,214,234,26,42,driving,DoS
86.594541693,0,251,166,86,80,245,89,140,219,driving,DoS
86.594791693,1,167,82,107,203,254,130,27,72,driving,DoS
86.595041693,0,30,114,173,137,19,224,0,30,driving,DoS
86.595291693,1,134,45,175,42,65,144,73,212,driving,DoS
86.595541693,0,163,240,163,113,174,35,103,246,driving,DoS
86.595791693,1,192,126,170,82,145,213,36,159,driving,DoS
86.596041693,0,66,222,85,11,138,30,181,72,driving,DoS
86.596291693,1,11,203,125,104,134,208,39,35,driving,DoS
86.596541693,0,255,253,96,229,73,91,195,178,driving,DoS
86.596791693,1,96,111,21,146,52,33,246,43,driving,DoS
86.597041693,0,196,24,125,103,118,31,191,149,driving,DoS
86.597291693,1,144,44,154,127,214,220,27,92,driving,DoS
86.597541693,0,8,101,44,113,241,24,81,34,driving,DoS
86.597791693,1,16,123,212,248,211,255,234,237,driving,DoS
86.598041693,0,232,122,213,175,233,193,159,182,driving,DoS
86.598291693,1,178,152,169,29,106,128,56,169,driving,DoS
86.598541693,0,128,103,183,56,55,25,71,195,driving,DoS
86.598791693,1,104,161,190,105,120,25,69,98,driving,DoS
86.599041693,0,127,96,42,105,186,35,159,161,driving,DoS
86.599291693,1,172,14,237,11,73,192,128,8,driving,DoS
86.599541693,0,221,70,216,7,197,225,144,54,driving,DoS
86.599791693,1,163,63,152,156,244,223,80,54,driving,DoS
86.600041693,0,215,146,125,130,69,232,232,127,driving,DoS
86.600291693,1,27,89,144,27,223,167,244,86,driving,DoS
86.600541693,0,176,85,17,80,117,184,105,232,driving,DoS
86.600791693,1,236,57,82,191,92,135,43,153,driving,DoS
86.601041693,0,183,42,196,170,34,141,160,201,driving,DoS
86.601291693,1,150,152,221,128,164,73,121,3,driving,DoS
86.601541693,0,15,132,37,189,86,155,79,192,driving,DoS
86.601791693,1,253,187,169,130,252,4,35,240,driving,DoS
86.602041693,0,249,177,23,63,154,192,231,22,driving,DoS
86.602291693,1,116,216,250,73,175,22,65,14,driving,DoS
86.602541693,0,29,158,39,236,247,16,253,123,driving,DoS
86.602791693,1,138,216,21,127,54,211,50,113,driving,DoS
86.603041693,0,152,6,249,65,44,197,137,179,driving,DoS
86.603291693,1,246,165,90,249,176,147,91,103,driving,DoS
86.603541693,0,64,204,250,173,46,181,26,216,driving,DoS
86.603791693,1,200,35,177,183,239,56,166,186,driving,DoS
86.604041693,0,212,213,41,215,212,154,22,122,driving,DoS
86.604291693,1,215,122,198,128,208,7,174,189,driving,DoS
86.604541693,0,160,61,211,59,36,112,106,171,driving,DoS
86.604791693,1,212,96,95,67,133,190,38,76,driving,DoS
86.605041693,0,191,202,206,34,65,41,74,219,driving,DoS
86.605291693,1,230,159,198,248,155,246,209,101,driving,DoS
86.605541693,0,43,217,114,29,177,82,253,26,driving,DoS
86.605791693,1,133,104,199,93,92,177,40,216,driving,DoS
86.606041693,0,128,68,120,2,61,68,247,144,driving,DoS
86.606291693,1,207,5,56,249,199,104,55,46,driving,DoS
86.606541693,0,217,124,238,8,185,177,115,198,driving,DoS
86.606791693,1,2,215,76,88,98,6,211,96,driving,DoS
86.607041693,0,178,213,240,105,180,251,232,191,driving,DoS
86.607291693,1,200,148,85,158,33,0,152,4,driving,DoS
86.607541693,0,18,111,81,240,104,9,111,65,driving,DoS
86.607791693,1,157,89,227,155,195,105,166,65,driving,DoS
86.608041693,0,117,174,211,41,59,77,6,124,driving,DoS
86.608291693,1,1,219,168,211,71,34,171,102,driving,DoS
86.608541693,0,32,52,48,83,40,238,248,15,driving,DoS
86.608791693,1,107,200,217,197,201,117,200,155,driving,DoS
86.609041693,0,245,89,37,126,81,212,167,143,driving,DoS
86.609291693,1,172,5,98,102,251,25,88,142,driving,DoS
86.609541693,0,15,115,251,184,111,176,101,55,driving,DoS
86.609791693,1,102,79,128,175,64,229,168,212,driving,DoS
86.610041693,0,231,50,175,24,127,27,189,206,driving,DoS
86.610291693,1,232,31,233,34,64,203,168,77,driving,DoS
86.610541693,0,145,149,36,182,81,121,86,2,driving,DoS
86.610791693,1,37,167,61,141,239,226,254,211,driving,DoS
86.611041693,0,137,45,125,204,43,209,180,225,driving,DoS
86.611291693,1,211,177,70,85,68,198,55,167,driving,DoS
86.611541693,0,137,12,67,156,134,151,97,131,driving,DoS
86.611791693,1,163,234,245,209,202,39,121,223,driving,DoS
86.612041693,0,175,174,8,17,46,188,177,204,driving,DoS
86.612291693,1,227,96,72,106,186,96,196,7,driving,DoS
86.612541693,0,59,145,44,78,235,15,212,196,driving,DoS
86.612791693,1,54,167,117,209,17,252,21,224,driving,DoS
86.613041693,0,69,0,71,14,114,109,51,34,driving,DoS
86.613291693,1,80,5,218,202,244,219,112,226,driving,DoS
86.613541693,0,83,8,102,227,114,151,128,114,driving,DoS
86.613791693,1,192,185,215,247,0,235,51,1,driving,DoS
86.614041693,0,177,207,166,251,146,99,208,250,driving,DoS
86.614291693,1,244,17,162,133,200,230,103,124,driving,DoS
86.614541693,0,38,200,128,2,174,138,217,253,driving,DoS
86.614791693,1,123,25,181,219,63,29,82,169,driving,DoS
86.615041693,0,108,48,69,90,216,214,65,161,driving,DoS
86.615291693,1,139,253,24,16,167,26,156,7,driving,DoS
86.615541693,0,46,150,197,62,161,239,6,20,driving,DoS
86.615791693,1,13,36,28,17,230,107,163,131,driving,DoS
86.616041693,0,200,225,118,158,254,144,124,205,driving,DoS
86.616291693,1,118,16,141,53,107,54,162,193,driving,DoS
86.616541693,0,254,34,112,73,55,102,6,179,driving,DoS
86.616791693,1,150,64,129,89,183,34,53,44,driving,DoS
86.617041693,0,21,100,180,153,7,150,85,144,driving,DoS
86.617291693,1,32,92,160,229,18,116,71,126,driving,DoS
86.617541693,0,229,214,239,199,220,18,198,84,driving,DoS
86.617791693,1,163,36,103,158,8,108,240,111,driving,DoS
86.618041693,0,236,146,148,99,10,51,100,208,driving,DoS
86.618291693,1,122,82,104,229,4,92,197,195,driving,DoS
86.618541693,0,124,85,2,241,62,178,158,40,driving,DoS
86.618791693,1,166,60,113,114,53,39,240,212,driving,DoS
86.619041693,0,28,174,224,229,207,231,252,36,driving,DoS
86.619291693,1,69,69,17,116,30,79,227,163,driving,DoS
86.619541693,0,224,138,17,183,95,121,6,107,driving,DoS
86.619791693,1,213,6,193,224,250,246,56,86,driving,DoS
86.620041693,0,136,241,89,193,165,174,238,32,driving,DoS
86.620291693,1,96,207,144,212,244,132,186,48,driving,DoS
86.620541693,0,158,161,117,231,182,90,181,227,driving,DoS
86.620791693,1,153,152,74,165,71,214,24,57,driving,DoS
86.621041693,0,187,53,52,57,161,221,243,127,driving,DoS
86.621291693,1,118,176,38,163,235,219,146,215,driving,DoS
86.621541693,0,253,18,188,30,211,4,103,107,driving,DoS
86.621791693,1,34,114,132,222,165,30,90,248,driving,DoS
86.622041693,0,163,219,26,127,153,176,192,103,driving,DoS
86.622291693,1,123,105,77,125,153,184,70,142,driving,DoS
86.622541693,0,164,231,27,173,39,162,172,240,driving,DoS
86.622791693,1,68,206,98,3,103,85,137,74,driving,DoS
86.623041693,0,237,45,193,56,199,82,193,236,driving,DoS
86.623291693,1,128,246,213,92,110,240,12,107,driving,DoS
86.623541693,0,176,142,240,227,94,211,49,96,driving,DoS
86.623791693,1,62,79,91,143,46,89,114,71,driving,DoS
86.624041693,0,0,200,94,178,123,128,48,184,driving,DoS
86.624291693,1,140,174,188,142,32,84,162,122,driving,DoS
86.624541693,0,43,133,1,26,118,177,205,115,driving,DoS
86.624791693,1,14,103,81,77,220,243,97,167,driving,DoS
86.625041693,0,155,4,157,228,194,184,226,51,driving,DoS
86.625291693,1,218,223,71,47,99,75,187,30,driving,DoS
86.625541693,0,213,88,208,160,197,149,107,152,driving,DoS
86.625791693,1,224,197,25,89,107,10,87,185,driving,DoS
86.626041693,0,224,90,148,202,239,109,201,107,driving,DoS
86.626291693,1,39,203,103,124,8,150,198,21,driving,DoS
86.626541693,0,52,240,80,201,77,7,120,106,driving,DoS
86.626791693,1,207,159,25,145,255,144,41,46,driving,DoS
86.627041693,0,221,122,130,113,17,117,48,31,driving,DoS
86.627291693,1,50,198,210,120,192,220,91,73,driving,DoS
86.627541693,0,140,185,162,156,37,148,1,169,driving,DoS
86.627791693,1,232,193,77,83,180,38,53,0,driving,DoS
86.628041693,0,159,218,40,18,195,212,22,30,driving,DoS
86.628291693,1,93,199,3,151,214,9,53,226,driving,DoS
86.628541693,0,134,171,102,54,194,68,159,142,driving,DoS
86.628791693,1,37,12,213,199,251,147,163,240,driving,DoS
86.629041693,0,113,75,38,220,178,28,90,140,driving,DoS
86.629291693,1,78,108,99,177,136,130,7,235,driving,DoS
86.629541693,0,39,34,7,237,87,191,12,86,driving,DoS
86.629791693,1,124,13,177,15,217,222,227,48,driving,DoS
86.630041693,0,129,173,119,113,101,62,255,41,driving,DoS
86.630291693,1,130,233,162,182,130,33,87,84,driving,DoS
86.630541693,0,149,91,80,2,92,36,182,92,driving,DoS
86.630791693,1,24,181,71,56,225,200,1,61,driving,DoS
86.631041693,0,80,213,220,85,171,23,167,29,driving,DoS
86.631291693,1,244,116,69,142,32,118,151,122,driving,DoS
86.631541693,0,27,126,86,187,23,86,249,128,driving,DoS
86.631791693,1,203,77,122,117,144,151,24,118,driving,DoS
86.632041693,0,246,201,181,131,107,136,79,182,driving,DoS
86.632291693,1,9,97,115,13,210,130,49,147,driving,DoS
86.632541693,0,210,125,65,23,163,10,170,29,driving,DoS
86.632791693,1,139,253,54,171,14,161,60,64,driving,DoS
86.633041693,0,108,238,249,87,53,30,26,247,driving,DoS
86.633291693,1,129,147,131,240,118,54,36,241,driving,DoS
86.633541693,0,63,248,128,5,15,102,131,182,driving,DoS
86.633791693,1,201,141,202,168,249,106,245,150,driving,DoS
86.634041693,0,142,193,207,193,2,226,69,112,driving,DoS
86.634291693,1,201,193,29,149,240,134,53,75,driving,DoS
86.634541693,0,3,54,0,98,223,107,78,182,driving,DoS
86.634791693,1,67,144,2,156,110,126,186,59,driving,DoS
86.635041693,0,205,9,70,202,168,247,225,191,driving,DoS
86.635291693,1,67,220,214,148,26,111,50,218,driving,DoS
86.635541693,0,100,204,240,35,235,161,76,133,driving,DoS
86.635791693,1,34,127,173,124,249,197,137,80,driving,DoS
86.636041693,0,117,112,5,107,183,123,187,69,driving,DoS
86.636291693,1,203,21,177,96,92,239,121,148,driving,DoS
86.636541693,0,15,47,43,130,250,155,233,168,driving,DoS
86.636791693,1,139,250,103,230,237,18,141,20,driving,DoS
86.637041693,0,213,234,34,158,186,199,172,245,driving,DoS
86.637291693,1,230,119,197,48,16,102,128,10,driving,DoS
86.637541693,0,175,240,105,205,49,26,10,150,driving,DoS
86.637791693,1,56,254,160,219,142,109,16,242,driving,DoS
86.638041693,0,82,53,233,232,34,217,51,198,driving,DoS
86.638291693,1,163,236,92,118,210,126,157,35,driving,DoS
86.638541693,0,60,16,135,169,225,214,230,56,driving,DoS
86.638791693,1,74,197,167,244,81,34,73,60,driving,DoS
86.639041693,0,85,251,187,84,132,32,207,13,driving,DoS
86.639291693,1,149,51,178,171,188,98,238,116,driving,DoS
86.639541693,0,31,142,109,233,213,104,63,164,driving,DoS
86.639791693,1,188,206,252,11,252,63,222,130,driving,DoS
86.640041693,0,130,48,138,156,1,2,30,139,driving,DoS
86.640291693,1,18,227,189,210,23,76,122,62,driving,DoS
86.640541693,0,26,216,159,20,227,248,81,210,driving,DoS
86.640791693,1,82,90,169,156,78,232,105,136,driving,DoS
86.641041693,0,132,248,76,191,58,245,99,210,driving,DoS
86.641291693,1,208,164,141,228,187,236,124,247,driving,DoS
86.641541693,0,34,30,165,96,73,181,28,220,driving,DoS
86.641791693,1,253,235,61,165,99,205,1,54,driving,DoS
86.642041693,0,243,148,114,10,131,31,80,179,driving,DoS
86.642291693,1,193,30,23,150,61,102,50,209,driving,DoS
86.642541693,0,203,253,238,180,75,245,0,224,driving,DoS
86.642791693,1,56,79,229,239,52,224,220,109,driving,DoS
86.643041693,0,166,4,210,151,91,234,80,12,driving,DoS
86.643291693,1,150,107,51,249,208,236,203,69,driving,DoS
86.643541693,0,85,224,17,73,178,159,126,36,driving,DoS
86.643791693,1,202,118,34,163,158,215,139,247,driving,DoS
86.644041693,0,64,171,214,27,144,196,239,80,driving,DoS
86.644291693,1,22,104,223,10,200,55,163,179,driving,DoS
86.644541693,0,16,94,201,33,121,131,15,241,driving,DoS
86.644791693,1,115,47,69,79,28,221,196,224,driving,DoS
86.645041693,0,222,207,165,146,2,166,119,91,driving,DoS
86.645291693,1,142,80,58,210,142,113,171,114,driving,DoS
86.645541693,0,85,222,37,238,6,187,34,122,driving,DoS
86.645791693,1,16,170,231,114,95,59,114,193,driving,DoS
86.646041693,0,227,197,151,182,170,190,68,209,driving,DoS
86.646291693,1,56,161,61,15,225,5,178,187,driving,DoS
86.646541693,0,254,4,186,80,191,18,204,252,driving,DoS
86.646791693,1,136,148,47,64,97,175,222,88,driving,DoS
86.647041693,0,162,203,77,204,126,160,220,12,driving,DoS
86.647291693,1,17,196,95,171,177,32,187,44,driving,DoS
86.647541693,0,247,228,185,38,102,243,128,171,driving,DoS
86.647791693,1,111,34,88,232,101,136,128,171,driving,DoS
86.648041693,0,10,33,252,216,81,57,101,137,driving,DoS
86.648291693,1,213,45,203,141,192,39,163,76,driving,DoS
86.648541693,0,220,171,127,77,72,65,133,230,driving,DoS
86.648791693,1,20,48,1,54,138,55,85,226,driving,DoS
86.649041693,0,37,139,22,128,126,229,154,61,driving,DoS
86.649291693,1,69,205,56,249,127,4,7,9,driving,DoS
86.649541693,0,165,6,168,21,61,137,8,98,driving,DoS
86.649791693,1,110,144,12,174,17,57,24,173,driving,DoS
86.650041693,0,192,113,174,221,19,94,54,120,driving,DoS
86.650291693,1,35,49,210,212,155,214,11,70,driving,DoS
86.650541693,0,38,82,148,220,229,216,132,73,driving,DoS
86.650791693,1,58,76,177,97,203,81,26,234,driving,DoS
86.651041693,0,136,134,164,38,88,199,2,76,driving,DoS
86.651291693,1,0,125,114,40,132,221,189,213,driving,DoS
86.651541693,0,181,253,61,214,200,181,251,49,driving,DoS
86.651791693,1,108,11,146,176,29,155,120,202,driving,DoS
86.652041693,0,148,51,203,138,180,20,197,73,driving,DoS
86.652291693,1,165,97,66,65,115,11,241,75,driving,DoS
86.652541693,0,138,250,197,130,48,95,211,50,driving,DoS
86.652791693,1,111,186,185,250,128,164,203,60,driving,DoS
86.653041693,0,6,165,102,125,159,18,112,188,driving,DoS
86.653291693,1,138,142,72,242,180,63,88,7,driving,DoS
86.653541693,0,221,196,190,195,100,91,189,212,driving,DoS
86.653791693,1,72,234,223,83,71,122,212,120,driving,DoS
86.654041693,0,42,89,240,174,118,130,62,105,driving,DoS
86.654291693,1,176,173,240,16,82,68,9,45,driving,DoS
86.654541693,0,232,254,41,13,215,66,151,185,driving,DoS
86.654791693,1,9,68,197,146,136,232,114,186,driving,DoS
86.655041693,0,109,142,48,144,126,37,15,111,driving,DoS
86.655291693,1,95,122,63,220,218,239,25,217,driving,DoS
86.655541693,0,216,249,131,240,246,69,26,49,driving,DoS
86.655791693,1,40,31,151,0,117,128,126,239,driving,DoS
86.656041693,0,88,201,9,43,228,240,243,177,driving,DoS
86.656291693,1,113,96,144,72,68,166,108,115,driving,DoS
86.656541693,0,66,68,135,65,184,252,244,230,driving,DoS
86.656791693,1,92,233,233,129,185,228,173,24,driving,DoS
86.657041693,0,84,54,176,95,47,51,144,158,driving,DoS
86.657291693,1,221,17,116,193,97,117,202,250,driving,DoS
86.657541693,0,152,90,8,146,236,169,126,188,driving,DoS
86.657791693,1,159,228,243,28,196,125,90,174,driving,DoS
86.658041693,0,123,66,27,76,162,158,208,41,driving,DoS
86.658291693,1,214,242,148,210,227,231,34,222,driving,DoS
86.658541693,0,110,212,40,115,166,148,167,69,driving,DoS
86.658791693,1,33,58,171,224,88,117,170,26,driving,DoS
86.659041693,0,44,143,235,109,253,249,216,70,driving,DoS
86.659291693,1,205,100,194,180,149,252,237,43,driving,DoS
86.659541693,0,245,78,69,10,22,63,11,15,driving,DoS
86.659791693,1,49,130,91,208,213,29,202,93,driving,DoS
86.660041693,0,163,43,164,250,165,174,55,129,driving,DoS
86.660291693,1,21,203,227,50,7,4,0,135,driving,DoS
86.660541693,0,180,247,93,139,80,89,247,150,driving,DoS
86.660791693,1,201,216,178,65,152,101,22,176,driving,DoS
86.661041693,0,58,233,63,237,79,169,32,92,driving,DoS
86.661291693,1,111,131,105,120,167,118,221,237,driving,DoS
86.661541693,0,191,229,247,254,227,108,128,66,driving,DoS
86.661791693,1,198,171,246,165,24,105,35,4,driving,DoS
86.662041693,0,153,224,47,131,0,240,244,38,driving,DoS
86.662291693,1,93,15,211,43,18,246,135,201,driving,DoS
86.662541693,0,201,211,254,139,242,77,46,235,driving,DoS
86.662791693,1,61,87,148,117,188,199,216,125,driving,DoS
86.663041693,0,25,111,78,178,100,198,190,73,driving,DoS
86.663291693,1,185,166,228,194,250,105,163,5,driving,DoS
86.663541693,0,242,47,28,255,90,114,152,236,driving,DoS
86.663791693,1,197,137,212,36,93,193,45,133,driving,DoS
86.664041693,0,104,207,121,54,202,90,225,170,driving,DoS
86.664291693,1,201,152,130,114,19,163,32,172,driving,DoS
86.664541693,0,201,205,111,8,31,201,102,199,driving,DoS
86.664791693,1,74,60,27,183,39,199,132,28,driving,DoS
86.665041693,0,228,236,28,153,55,46,104,186,driving,DoS
86.665291693,1,100,243,126,212,186,81,247,83,driving,DoS
86.665541693,0,162,200,225,235,240,31,171,184,driving,DoS
86.665791693,1,152,18,242,45,93,196,49,166,driving,DoS
86.666041693,0,149,93,244,4,25,65,126,111,driving,DoS
86.666291693,1,53,108,65,200,99,241,134,215,driving,DoS
86.666541693,0,10,80,32,127,222,147,38,184,driving,DoS
86.666791693,1,255,246,42,69,34,136,88,191,driving,DoS
86.667041693,0,32,180,211,43,242,223,186,172,driving,DoS
86.667291693,1,80,79,112,188,185,66,165,251,driving,DoS
86.667541693,0,13,223,99,2,77,75,90,114,driving,DoS
86.667791693,1,120,182,73,224,254,53,191,99,driving,DoS
86.668041693,0,179,209,153,248,80,210,158,255,driving,DoS
86.668291693,1,136,211,141,184,164,17,232,77,driving,DoS
86.668541693,0,125,52,5,62,180,25,25,245,driving,DoS
86.668791693,1,161,206,158,179,13,173,56,6,driving,DoS
86.669041693,0,163,5,55,0,215,249,251,133,driving,DoS
86.669291693,1,129,255,222,40,108,228,218,192,driving,DoS
86.669541693,0,99,196,151,198,169,124,112,119,driving,DoS
86.669791693,1,153,227,226,141,209,117,101,245,driving,DoS
86.670041693,0,75,79,220,87,58,38,176,0,driving,DoS
86.670291693,1,92,111,248,148,105,255,125,147,driving,DoS
86.670541693,0,160,25,165,84,59,148,4,163,driving,DoS
86.670791693,1,1,129,242,66,213,13,244,218,driving,DoS
86.671041693,0,83,38,138,181,249,230,120,209,driving,DoS
86.671291693,1,193,8,162,58,47,224,152,248,driving,DoS
86.671541693,0,118,199,223,186,104,225,179,230,driving,DoS
86.671791693,1,153,177,185,231,59,125,57,129,driving,DoS
86.672041693,0,134,135,199,33,222,124,163,92,driving,DoS
86.672291693,1,173,245,128,244,244,247,142,121,driving,DoS
86.672541693,0,224,80,40,72,113,140,233,227,driving,DoS
86.672791693,1,189,196,37,41,240,170,191,252,driving,DoS
86.673041693,0,113,64,95,20,14,30,165,6,driving,DoS
86.673291693,1,163,146,179,58,224,117,194,164,driving,DoS
86.673541693,0,186,145,16,165,34,114,141,155,driving,DoS
86.673791693,1,94,148,209,64,240,52,68,96,driving,DoS
86.674041693,0,119,126,28,208,172,121,103,190,driving,DoS
86.674291693,1,99,188,241,160,10,202,80,95,driving,DoS
86.674541693,0,61,206,0,250,250,166,240,74,driving,DoS
86.674791693,1,243,97,238,217,126,24,240,233,driving,DoS
86.675041693,0,112,126,223,197,210,13,255,255,driving,DoS
86.675291693,1,166,171,5,28,149,142,186,23,driving,DoS
86.675541693,0,227,71,204,80,13,41,8,226,driving,DoS
86.675791693,1,118,93,75,207,182,75,229,81,driving,DoS
86.676041693,0,176,148,197,121,8,170,155,40,driving,DoS
86.676291693,1,179,217,255,61,34,234,226,163,driving,DoS
86.676541693,0,104,226,84,142,161,46,235,17,driving,DoS
86.676791693,1,155,3,253,168,161,102,1,186,driving,DoS
86.677041693,0,100,200,173,244,72,223,111,189,driving,DoS
86.677291693,1,17,232,12,178,42,97,23,209,driving,DoS
86.677541693,0,212,229,93,33,65,54,162,198,driving,DoS
86.677791693,1,124,230,14,93,247,170,114,230,driving,DoS
86.678041693,0,79,57,147,87,158,43,114,242,driving,DoS
86.678291693,1,52,245,123,1,218,98,18,190,driving,DoS
86.678541693,0,110,17,208,133,104,217,63,216,driving,DoS
86.678791693,1,226,82,101,202,217,172,211,23,driving,DoS
86.679041693,0,204,243,246,190,179,182,229,124,driving,DoS
86.679291693,1,167,148,51,1,163,226,246,66,driving,DoS
86.679541693,0,181,6,150,20,91,168,33,13,driving,DoS
86.679791693,1,163,166,229,77,108,175,248,149,driving,DoS
86.680041693,0,184,241,76,23,10,78,147,58,driving,DoS
86.680291693,1,8,146,43,189,30,239,155,125,driving,DoS
86.680541693,0,59,207,194,7,60,219,58,44,driving,DoS
86.680791693,1,175,187,195,223,45,118,145,8,driving,DoS
86.681041693,0,141,225,182,23,21,21,159,171,driving,DoS
86.681291693,1,154,17,70,66,244,11,207,19,driving,DoS
86.681541693,0,196,158,157,123,170,223,178,20,driving,DoS
86.681791693,1,115,201,108,111,206,149,249,71,driving,DoS
86.682041693,0,84,155,185,166,49,248,19,113,driving,DoS
86.682291693,1,120,178,33,151,94,133,139,208,driving,DoS
86.682541693,0,205,126,18,20,17,133,182,108,driving,DoS
86.682791693,1,9,139,213,253,84,161,53,154,driving,DoS
86.683041693,0,5,192,56,224,26,229,107,37,driving,DoS
86.683291693,1,254,7,59,203,208,52,114,9,driving,DoS
86.683541693,0,117,150,194,55,92,49,186,27,driving,DoS
86.683791693,1,51,195,129,166,133,209,197,78,driving,DoS
86.684041693,0,189,224,118,57,79,178,112,215,driving,DoS
86.684291693,1,55,65,225,206,231,202,88,82,driving,DoS
86.684541693,0,181,255,158,250,143,186,19,30,driving,DoS
86.684791693,1,231,61,238,118,112,45,172,253,driving,DoS
86.685041693,0,48,217,18,142,88,195,42,135,driving,DoS
86.685291693,1,129,229,44,213,170,18,135,134,driving,DoS
86.685541693,0,53,189,94,220,133,145,176,73,driving,DoS
86.685791693,1,212,146,188,131,44,58,112,237,driving,DoS
86.686041693,0,22,130,248,219,69,10,96,98,driving,DoS
86.686291693,1,227,126,200,166,84,159,88,243,driving,DoS
86.686541693,0,213,1,248,144,61,159,223,133,driving,DoS
86.686791693,1,138,1,87,222,63,97,180,97,driving,DoS
86.687041693,0,144,79,166,180,174,197,44,101,driving,DoS
86.687291693,1,73,220,78,45,106,130,62,184,driving,DoS
86.687541693,0,176,37,4,180,139,67,185,72,driving,DoS
86.687791693,1,246,173,3,188,205,31,140,88,driving,DoS
86.688041693,0,6,224,80,241,36,77,200,96,driving,DoS
86.688291693,1,105,157,16,94,108,250,53,127,driving,DoS
86.688541693,0,77,208,240,81,231,126,124,79,driving,DoS
86.688791693,1,209,64,229,228,219,224,149,222,driving,DoS
86.689041693,0,171,63,149,197,228,234,150,77,driving,DoS
86.689291693,1,148,137,99,37,103,213,250,177,driving,DoS
86.689541693,0,253,80,206,209,133,2,169,117,driving,DoS
86.689791693,1,207,216,224,107,95,16,97,38,driving,DoS
86.690041693,0,203,63,105,54,247,230,7,174,driving,DoS
86.690291693,1,124,154,21,106,113,96,102,52,driving,DoS
86.690541693,0,163,49,8,53,203,206,143,5,driving,DoS
86.690791693,1,80,127,216,69,29,61,113,187,driving,DoS
86.691041693,0,99,36,56,181,141,123,247,48,driving,DoS
86.691291693,1,184,248,125,133,44,162,43,11,driving,DoS
86.691541693,0,193,218,6,215,93,120,194,180,driving,DoS
86.691791693,1,30,148,203,19,72,210,89,73,driving,DoS
86.692041693,0,159,253,67,74,172,53,74,218,driving,DoS
86.692291693,1,50,125,172,22,212,64,33,30,driving,DoS
86.692541693,0,148,16,39,165,245,254,9,202,driving,DoS
86.692791693,1,69,32,19,244,181,94,216,202,driving,DoS
86.693041693,0,214,191,25,109,214,47,200,83,driving,DoS
86.693291693,1,58,148,21,226,115,241,100,27,driving,DoS
86.693541693,0,232,42,143,101,9,99,5,79,driving,DoS
86.693791693,1,13,26,174,200,90,203,20,246,driving,DoS
86.694041693,0,3,90,145,252,146,167,229,87,driving,DoS
86.694291693,1,32,118,86,236,116,60,169,89,driving,DoS
86.694541693,0,78,106,88,69,232,89,167,131,driving,DoS
86.694791693,1,19,57,151,127,151,250,188,149,driving,DoS
86.695041693,0,120,43,205,159,184,137,232,26,driving,DoS
86.695291693,1,29,243,88,138,219,110,204,210,driving,DoS
86.695541693,0,123,244,179,184,187,8,143,172,driving,DoS
86.695791693,1,124,252,184,19,6,255,237,16,driving,DoS
86.696041693,0,27,96,59,227,74,48,39,116,driving,DoS
86.696291693,1,185,1,144,98,107,121,56,191,driving,DoS
86.696541693,0,215,215,135,9,59,24,42,159,driving,DoS
86.696791693,1,207,15,46,102,106,167,95,3,driving,DoS
86.697041693,0,222,85,89,196,27,106,39,198,driving,DoS
86.697291693,1,141,66,197,204,116,118,59,194,driving,DoS
86.697541693,0,48,149,26,79,97,53,3,32,driving,DoS
86.697791693,1,243,43,229,61,151,162,238,128,driving,DoS
86.698041693,0,23,171,56,185,14,37,5,2,driving,DoS
86.698291693,1,170,211,225,119,183,80,213,115,driving,DoS
86.698541693,0,186,188,44,241,221,122,185,93,driving,DoS
86.698791693,1,135,56,122,14,76,95,192,245,driving,DoS
86.699041693,0,50,27,203,212,167,216,11,86,driving,DoS
86.699291693,1,150,85,98,187,228,225,227,147,driving,DoS
86.699541693,0,41,154,22,188,241,43,255,172,driving,DoS
86.699791693,1,98,77,65,253,252,178,83,201,driving,DoS
86.700041693,0,62,161,237,59,205,127,50,244,driving,DoS
86.700291693,1,54,162,58,47,34,132,83,134,driving,DoS
86.700541693,0,59,80,149,159,186,156,213,225,driving,DoS
86.700791693,1,111,38,104,227,38,240,135,47,driving,DoS
86.701041693,0,0,209,205,164,158,162,27,180,driving,DoS
86.701291693,1,243,2,98,130,3,62,46,252,driving,DoS
86.701541693,0,206,45,236,14,198,53,105,18,driving,DoS
86.701791693,1,58,53,64,231,109,113,46,44,driving,DoS
86.702041693,0,232,83,15,125,162,240,194,183,driving,DoS
86.702291693,1,216,132,6,15,32,32,162,148,driving,DoS
86.702541693,0,66,204,29,224,76,148,38,62,driving,DoS
86.702791693,1,215,143,105,138,88,155,35,62,driving,DoS
86.703041693,0,129,242,162,149,202,223,73,140,driving,DoS
86.703291693,1,74,64,117,31,217,150,64,37,driving,DoS
86.703541693,0,40,216,133,204,28,114,178,50,driving,DoS
86.703791693,1,173,76,121,142,216,200,163,75,driving,DoS
86.704041693,0,33,253,146,217,131,166,96,119,driving,DoS
86.704291693,1,50,221,138,161,4,220,17,165,driving,DoS
86.704541693,0,147,52,49,109,243,53,114,148,driving,DoS
86.704791693,1,217,123,53,6,254,23,247,219,driving,DoS
86.705041693,0,164,231,192,27,57,116,7,140,driving,DoS
86.705291693,1,54,165,142,145,250,156,255,123,driving,DoS
86.705541693,0,121,136,114,190,240,127,221,244,driving,DoS
86.705791693,1,17,48,218,184,79,185,123,39,driving,DoS
86.706041693,0,247,163,24,130,2,109,242,9,driving,DoS
86.706291693,1,42,59,167,203,229,137,9,183,driving,DoS
86.706541693,0,86,10,167,181,16,179,247,78,driving,DoS
86.706791693,1,34,136,228,78,199,203,25,203,driving,DoS
86.707041693,0,105,88,147,39,218,48,46,177,driving,DoS
86.707291693,1,137,18,195,90,249,13,27,201,driving,DoS
86.707541693,0,103,45,62,76,60,235,170,71,driving,DoS
86.707791693,1,76,82,107,123,41,94,168,199,driving,DoS
86.708041693,0,248,255,70,177,1,109,176,219,driving,DoS
86.708291693,1,63,217,89,235,59,133,47,97,driving,DoS
86.708541693,0,142,89,254,253,96,73,103,161,driving,DoS
86.708791693,1,251,119,250,130,92,51,158,77,driving,DoS
86.709041693,0,6,129,94,17,224,122,246,133,driving,DoS
86.709291693,1,57,189,233,33,147,73,175,25,driving,DoS
86.709541693,0,168,69,168,115,1,186,183,251,driving,DoS
86.709791693,1,253,114,202,151,93,250,107,235,driving,DoS
86.710041693,0,178,232,76,113,50,216,36,65,driving,DoS
86.710291693,1,76,43,122,164,53,52,37,122,driving,DoS
86.710541693,0,106,25,54,15,243,168,96,190,driving,DoS
86.710791693,1,22,91,133,207,142,147,53,87,driving,DoS
86.711041693,0,108,71,64,92,116,87,17,247,driving,DoS
86.711291693,1,127,164,242,30,155,106,53,127,driving,DoS
86.711541693,0,245,6,180,225,105,245,86,63,driving,DoS
86.711791693,1,115,57,217,95,71,192,27,3,driving,DoS
86.712041693,0,107,228,34,190,54,118,38,229,driving,DoS
86.712291693,1,154,138,126,1,101,227,142,224,driving,DoS
86.712541693,0,118,63,49,114,106,228,31,128,driving,DoS
86.712791693,1,136,202,86,156,187,160,157,15,driving,DoS
86.713041693,0,225,249,7,7,164,119,182,164,driving,DoS
86.713291693,1,66,104,135,51,63,14,91,118,driving,DoS
86.713541693,0,164,29,69,143,251,246,84,174,driving,DoS
86.713791693,1,248,181,112,237,35,190,218,150,driving,DoS
86.714041693,0,51,164,120,110,17,228,8,195,driving,DoS
86.714291693,1,210,213,252,31,205,109,119,46,driving,DoS
86.714541693,0,51,35,220,47,53,170,172,112,driving,DoS
86.714791693,1,13,125,250,105,58,97,130,29,driving,DoS
86.715041693,0,117,249,252,39,238,4,110,248,driving,DoS
86.715291693,1,108,14,212,49,70,26,7,146,driving,DoS
86.715541693,0,189,66,23,244,73,49,200,93,driving,DoS
86.715791693,1,138,229,152,65,152,220,138,244,driving,DoS
86.716041693,0,124,75,184,164,31,217,168,68,driving,DoS
86.716291693,1,12,171,112,196,225,61,66,12,driving,DoS
86.716541693,0,230,81,17,176,244,11,119,160,driving,DoS
86.716791693,1,164,5,50,212,134,142,164,222,driving,DoS
86.717041693,0,167,228,40,228,134,150,94,17,driving,DoS
86.717291693,1,161,133,28,185,43,189,166,214,driving,DoS
86.717541693,0,247,143,4,89,24,59,201,255,driving,DoS
86.717791693,1,161,124,18,12,36,114,131,40,driving,DoS
86.718041693,0,155,17,178,26,198,245,9,36,driving,DoS
86.718291693,1,130,139,221,183,158,131,2,25,driving,DoS
86.718541693,0,6,20,150,19,11,149,211,130,driving,DoS
86.718791693,1,183,128,236,197,108,151,225,179,driving,DoS
86.719041693,0,87,184,208,9,144,72,144,202,driving,DoS
86.719291693,1,217,68,161,227,216,30,42,98,driving,DoS
86.719541693,0,20,240,169,40,45,57,87,54,driving,DoS
86.719791693,1,196,180,90,190,30,60,188,168,driving,DoS
86.720041693,0,11,157,123,55,173,11,224,36,driving,DoS
86.720291693,1,254,131,36,221,140,246,247,198,driving,DoS
86.720541693,0,96,51,20,117,80,126,62,234,driving,DoS
86.720775439,260,0,128,30,51,0,50,5,0,driving,none
86.720791693,1,205,241,29,83,185,157,192,51,driving,DoS
86.721041693,0,211,130,149,142,194,214,144,187,driving,DoS
86.721291693,1,92,128,157,43,116,94,34,45,driving,DoS
86.721541693,0,123,227,65,139,142,252,80,234,driving,DoS
86.721791693,1,166,47,136,153,156,10,2,158,driving,DoS
86.722041693,0,196,173,130,207,120,79,148,253,driving,DoS
86.722291693,1,9,244,124,244,203,244,214,130,driving,DoS
86.722541693,0,240,105,231,23,164,127,140,75,driving,DoS
86.722791693,1,179,57,51,232,62,216,64,228,driving,DoS
86.723041693,0,156,226,222,234,221,217,204,29,driving,DoS
86.723291693,1,41,61,97,186,83,194,129,64,driving,DoS
86.723541693,0,175,107,57,229,222,254,7,181,driving,DoS
86.723791693,1,215,229,163,59,13,191,223,108,driving,DoS
86.724041693,0,212,248,23,155,142,228,244,246,driving,DoS
86.724291693,1,56,139,17,181,230,239,28,69,driving,DoS
86.724541693,0,186,9,43,184,188,144,131,144,driving,DoS
86.724791693,1,18,164,234,165,67,189,199,110,driving,DoS
86.725041693,0,251,132,136,137,182,172,172,242,driving,DoS
86.725291693,1,199,209,107,123,173,139,94,1,driving,DoS
86.725541693,0,170,13,174,110,5,230,82,240,driving,DoS
86.725791693,1,240,66,73,243,199,167,254,30,driving,DoS
86.726041693,0,139,80,218,206,11,120,209,216,driving,DoS
86.726291693,1,15,95,237,222,156,135,88,146,driving,DoS
86.726541693,0,100,184,23,28,246,203,52,221,driving,DoS
86.726791693,1,181,114,244,253,239,131,71,142,driving,DoS
86.727041693,0,251,54,215,147,33,57,199,98,driving,DoS
86.727291693,1,219,170,11,241,88,175,90,176,driving,DoS
86.727541693,0,18,50,198,37,178,218,243,31,driving,DoS
86.727791693,1,245,72,106,27,244,23,10,32,driving,DoS
86.728041693,0,100,110,157,9,72,106,245,153,driving,DoS
86.728291693,1,118,91,221,89,142,144,50,1,driving,DoS
86.728541693,0,46,194,180,60,60,89,153,215,driving,DoS
86.728791693,1,134,20,126,34,54,79,236,48,driving,DoS
86.729041693,0,134,222,182,178,49,42,74,14,driving,DoS
86.729291693,1,96,118,30,188,197,221,221,129,driving,DoS
86.729541693,0,78,111,148,96,106,246,182,146,driving,DoS
86.729791693,1,81,153,197,124,242,245,123,156,driving,DoS
86.730041693,0,166,27,124,4,91,229,243,69,driving,DoS
86.730291693,1,40,232,104,38,205,81,183,23,driving,DoS
86.730541693,0,168,180,101,80,217,227,74,142,driving,DoS
86.730791693,1,156,125,238,73,202,236,249,123,driving,DoS
86.731041693,0,137,40,87,223,226,84,249,245,driving,DoS
86.731291693,1,131,254,196,42,26,150,9,226,driving,DoS
86.731541693,0,194,84,193,195,160,93,144,51,driving,DoS
86.731791693,1,162,248,112,38,25,72,9,146,driving,DoS
86.732041693,0,10,135,39,4,235,52,35,68,driving,DoS
86.732291693,1,143,127,127,233,28,92,216,186,driving,DoS
86.732541693,0,224,51,149,202,113,183,162,15,driving,DoS
86.732791693,1,40,107,189,107,32,40,15,58,driving,DoS
86.733041693,0,165,154,189,202,226,115,46,112,driving,DoS
86.733291693,1,244,29,23,33,236,140,97,47,driving,DoS
86.733541693,0,230,184,212,14,255,119,3,94,driving,DoS
86.733791693,1,53,227,109,232,109,120,246,22,driving,DoS
86.734041693,0,42,2,50,148,87,211,80,39,driving,DoS
86.734291693,1,80,81,133,7,0,212,39,106,driving,DoS
86.734541693,0,195,171,138,218,206,27,87,160,driving,DoS
86.734791693,1,43,138,127,174,21,141,241,42,driving,DoS
86.735041693,0,32,15,16,155,173,26,42,161,driving,DoS
86.735291693,1,124,35,57,167,208,29,77,246,driving,DoS
86.735541693,0,207,97,140,253,248,223,213,25,driving,DoS
86.735791693,1,167,131,170,192,76,162,241,179,driving,DoS
86.736041693,0,4,139,86,91,158,205,133,29,driving,DoS
86.736291693,1,198,134,212,56,251,172,132,54,driving,DoS
86.736541693,0,81,255,255,55,59,153,49,195,driving,DoS
86.736791693,1,28,188,10,38,255,169,181,250,driving,DoS
86.737041693,0,21,87,205,251,195,166,23,134,driving,DoS
86.737291693,1,138,148,46,153,142,70,133,74,driving,DoS
86.737541693,0,207,252,9,31,177,22,33,168,driving,DoS
86.737791693,1,63,116,224,212,90,210,129,227,driving,DoS
86.738041693,0,22,150,73,130,32,210,59,150,driving,DoS
86.738291693,1,76,2,227,195,40,224,5,22,driving,DoS
86.738541693,0,219,39,135,112,218,184,241,78,driving,DoS
86.738791693,1,115,239,200,210,53,24,160,128,driving,DoS
86.739041693,0,62,235,42,165,19,14,253,221,driving,DoS
86.739291693,1,7,41,234,178,56,3,2,229,driving,DoS
86.739541693,0,242,128,91,145,188,185,233,223,driving,DoS
86.739791693,1,52,219,247,246,23,221,219,249,driving,DoS
86.740041693,0,67,47,81,90,119,153,60,132,driving,DoS
86.740291693,1,105,5,77,56,185,81,231,90,driving,DoS
86.740541693,0,186,248,113,100,216,237,143,27,driving,DoS
86.740775439,316,0,128,30,51,0,50,5,0,driving,none
86.740791693,1,52,87,23,176,137,146,238,200,driving,DoS
86.741041693,0,14,46,90,84,175,207,66,31,driving,DoS
86.741291693,1,110,212,49,7,19,76,183,251,driving,DoS
86.741541693,0,19,35,206,86,24,203,123,234,driving,DoS
86.741791693,1,31,115,190,172,180,54,162,63,driving,DoS
86.742041693,0,200,224,193,39,223,211,77,207,driving,DoS
86.742291693,1,177,203,98,197,27,67,184,124,driving,DoS
86.742541693,0,192,249,96,73,31,75,91,167,driving,DoS
86.742791693,1,141,184,23,10,198,137,9,224,driving,DoS
86.743041693,0,237,104,254,49,102,147,60,28,driving,DoS
86.743291693,1,26,2,223,199,165,149,147,123,driving,DoS
86.743541693,0,118,13,2,141,220,31,115,160,driving,DoS
86.743791693,1,212,0,254,19,196,141,125,240,driving,DoS
86.744041693,0,190,2,145,144,239,26,161,124,driving,DoS
86.744291693,1,29,134,240,7,64,250,12,81,driving,DoS
86.744541693,0,233,217,134,188,58,96,2,24,driving,DoS
86.744791693,1,164,25,60,167,251,168,152,246,driving,DoS
86.745041693,0,107,0,144,92,248,157,12,195,driving,DoS
86.745291693,1,81,84,166,1,227,83,176,161,driving,DoS
86.745541693,0,114,94,6,189,71,184,37,163,driving,DoS
86.745791693,1,189,28,59,96,168,80,129,239,driving,DoS
86.746041693,0,41,47,224,242,176,6,185,62,driving,DoS
86.746291693,1,106,61,136,44,12,183,47,148,driving,DoS
86.746541693,0,52,65,11,1,252,132,21,140,driving,DoS
86.746791693,1,191,34,169,219,108,110,78,242,driving,DoS
86.747041693,0,208,74,195,135,229,115,238,103,driving,DoS
86.747291693,1,21,77,189,91,104,24,192,26,driving,DoS
86.747541693,0,187,211,101,210,23,224,41,76,driving,DoS
86.747791693,1,154,63,104,244,105,152,44,70,driving,DoS
86.748041693,0,160,35,113,220,199,147,97,220,driving,DoS
86.748291693,1,152,106,218,179,99,43,156,161,driving,DoS
86.748541693,0,143,190,215,60,188,16,163,55,driving,DoS
86.748791693,1,150,195,119,55,229,245,210,116,driving,DoS
86.749041693,0,122,23,65,101,4,143,79,107,driving,DoS
86.749291693,1,123,113,122,53,197,2,74,166,driving,DoS
86.749541693,0,13,78,253,8,132,2,12,158,driving,DoS
86.749791693,1,125,222,194,219,155,239,20,255,driving,DoS
86.750041693,0,78,199,21,82,237,161,244,214,driving,DoS
86.750291693,1,218,103,211,14,182,105,248,99,driving,DoS
86.750541693,0,29,75,103,97,22,235,15,47,driving,DoS
86.750791693,1,86,150,237,255,25,238,185,50,driving,DoS
86.751041693,0,202,70,53,1,211,96,206,235,driving,DoS
86.751291693,1,89,34,216,198,5,7,193,204,driving,DoS
86.751541693,0,32,81,249,24,159,83,189,87,driving,DoS
86.751791693,1,136,193,165,11,216,38,230,68,driving,DoS
86.752041693,0,80,146,51,233,226,4,111,63,driving,DoS
86.752291693,1,21,31,108,135,2,177,132,131,driving,DoS
86.752541693,0,233,22,139,126,98,130,213,162,driving,DoS
86.752791693,1,193,234,69,198,30,93,51,110,driving,DoS
86.753041693,0,35,15,216,216,212,152,28,163,driving,DoS
86.753291693,1,243,155,113,12,255,4,108,227,driving,DoS
86.753541693,0,88,171,123,224,54,64,214,254,driving,DoS
86.753791693,1,11,147,41,170,163,249,50,120,driving,DoS
86.754041693,0,225,102,39,145,85,61,244,173,driving,DoS
86.754291693,1,198,70,138,246,141,129,126,100,driving,DoS
86.754541693,0,56,254,81,230,115,19,180,244,driving,DoS
86.754791693,1,209,222,69,16,158,7,225,140,driving,DoS
86.755041693,0,205,129,6,58,170,226,229,150,driving,DoS
86.755291693,1,208,197,71,59,248,162,218,175,driving,DoS
86.755541693,0,64,161,175,153,76,134,171,216,driving,DoS
86.755791693,1,205,232,89,91,28,237,82,69,driving,DoS
86.756041693,0,215,241,138,22,221,12,50,160,driving,DoS
86.756291693,1,133,53,116,83,224,119,208,111,driving,DoS
86.756541693,0,121,69,103,199,70,79,183,129,driving,DoS
86.756791693,1,216,215,95,211,220,44,30,116,driving,DoS
86.757041693,0,184,205,190,254,137,26,159,102,driving,DoS
86.757291693,1,251,40,156,82,210,74,246,118,driving,DoS
86.757541693,0,187,2,204,16,26,39,76,219,driving,DoS
86.757791693,1,211,146,199,18,222,38,145,18,driving,DoS
86.758041693,0,42,3,24,54,220,200,182,165,driving,DoS
86.758291693,1,158,173,159,127,19,27,49,242,driving,DoS
86.758541693,0,137,204,66,251,152,80,2,161,driving,DoS
86.758791693,1,92,66,174,234,101,28,255,101,driving,DoS
86.759041693,0,80,55,210,203,191,204,54,23,driving,DoS
86.759291693,1,229,30,206,33,60,253,47,109,driving,DoS
86.759541693,0,129,0,75,183,17,11,208,138,driving,DoS
86.759791693,1,90,75,234,215,131,125,158,156,driving,DoS
86.760041693,0,211,173,71,220,182,31,163,98,driving,DoS
86.760291693,1,145,255,251,134,40,41,210,7,driving,DoS
86.760541693,0,80,191,180,98,255,175,183,252,driving,DoS
86.760775439,329,0,128,30,51,0,50,5,0,driving,none
86.760791693,1,162,95,30,133,35,176,165,83,driving,DoS
86.761041693,0,84,116,25,50,204,140,118,10,driving,DoS
86.761291693,1,126,68,253,234,142,150,147,116,driving,DoS
86.761541693,0,116,74,158,176,233,219,255,144,driving,DoS
86.761791693,1,27,151,241,232,66,134,201,140,driving,DoS
86.762041693,0,246,76,108,151,52,5,209,230,driving,DoS
86.762291693,1,38,11,16,226,149,149,88,84,driving,DoS
86.762541693,0,126,33,194,132,67,62,65,64,driving,DoS
86.762791693,1,216,182,178,240,25,92,145,36,driving,DoS
86.763041693,0,0,175,186,240,45,185,133,117,driving,DoS
86.763291693,1,135,179,193,179,59,75,114,146,driving,DoS
86.763541693,0,104,135,140,28,239,13,10,212,driving,DoS
86.763791693,1,110,36,122,168,149,122,165,230,driving,DoS
86.764041693,0,137,166,10,241,107,63,79,83,driving,DoS
86.764291693,1,37,51,36,93,201,157,77,48,driving,DoS
86.764541693,0,40,163,131,134,253,111,237,233,driving,DoS
86.764791693,1,26,249,29,189,14,227,12,189,driving,DoS
86.765041693,0,10,205,66,197,111,94,227,207,driving,DoS
86.765291693,1,91,130,103,66,218,171,231,78,driving,DoS
86.765541693,0,1,253,26,130,251,20,246,123,driving,DoS
86.765791693,1,225,255,253,168,83,97,222,99,driving,DoS
86.766041693,0,199,55,153,185,141,137,55,114,driving,DoS
86.766291693,1,185,231,78,84,204,75,9,51,driving,DoS
86.766541693,0,214,180,53,161,160,84,246,145,driving,DoS
86.766791693,1,228,252,50,184,169,114,98,104,driving,DoS
86.767041693,0,36,228,116,36,109,152,253,168,driving,DoS
86.767291693,1,196,32,216,48,237,194,184,25,driving,DoS
86.767541693,0,72,57,10,10,22,87,255,217,driving,DoS
86.767791693,1,157,182,237,28,2,179,61,64,driving,DoS
86.768041693,0,166,116,27,215,98,48,1,169,driving,DoS
86.768291693,1,110,253,196,106,87,239,85,254,driving,DoS
86.768541693,0,146,197,95,91,202,243,162,99,driving,DoS
86.768791693,1,45,39,178,83,133,105,251,68,driving,DoS
86.769041693,0,13,227,166,228,98,49,158,153,driving,DoS
86.769291693,1,128,137,58,192,138,161,196,90,driving,DoS
86.769541693,0,134,103,142,3,72,252,228,38,driving,DoS
86.769791693,1,181,230,117,211,169,2,227,30,driving,DoS
86.770041693,0,164,56,79,178,45,60,15,98,driving,DoS
86.770291693,1,45,222,231,66,9,244,181,53,driving,DoS
86.770541693,0,140,142,191,212,219,39,208,206,driving,DoS
86.770791693,1,235,192,4,47,170,27,138,120,driving,DoS
86.771041693,0,139,0,41,0,94,200,190,175,driving,DoS
86.771291693,1,232,193,155,236,189,214,202,185,driving,DoS
86.771541693,0,234,98,71,244,245,154,42,30,driving,DoS
86.771791693,1,172,1,221,166,10,77,123,124,driving,DoS
86.772041693,0,27,152,218,95,60,159,248,11,driving,DoS
86.772291693,1,214,50,192,171,112,236,112,6,driving,DoS
86.772541693,0,164,104,151,84,0,251,35,213,driving,DoS
86.772791693,1,76,103,31,193,57,180,28,245,driving,DoS
86.773041693,0,57,25,221,203,62,203,27,112,driving,DoS
86.773291693,1,221,235,29,169,30,137,60,61,driving,DoS
86.773541693,0,235,240,226,220,103,53,145,211,driving,DoS
86.773791693,1,226,16,198,24,236,138,215,35,driving,DoS
86.774041693,0,76,76,112,9,250,159,240,231,driving,DoS
86.774291693,1,78,131,110,233,178,206,200,220,driving,DoS
86.774541693,0,90,228,129,95,119,6,18,225,driving,DoS
86.774791693,1,33,166,131,249,170,181,8,59,driving,DoS
86.775041693,0,99,110,196,231,77,44,33,167,driving,DoS
86.775291693,1,195,228,33,141,9,81,93,150,driving,DoS
86.775541693,0,207,157,60,122,230,40,215,166,driving,DoS
86.775791693,1,28,142,85,110,54,191,209,120,driving,DoS
86.776041693,0,240,43,114,60,32,186,54,38,driving,DoS
86.776291693,1,123,195,11,13,141,225,24,155,driving,DoS
86.776541693,0,221,156,144,134,30,177,33,168,driving,DoS
86.776791693,1,50,114,130,79,253,47,37,82,driving,DoS
86.777041693,0,222,27,10,218,25,216,37,149,driving,DoS
86.777291693,1,157,41,219,218,199,49,52,244,driving,DoS
86.777541693,0,238,77,142,83,1,209,240,25,driving,DoS
86.777791693,1,15,175,176,78,143,5,130,245,driving,DoS
86.778041693,0,248,165,247,90,145,3,17,118,driving,DoS
86.778291693,1,30,101,42,187,33,211,47,229,driving,DoS
86.778541693,0,177,222,91,77,158,155,239,214,driving,DoS
86.778791693,1,135,51,138,177,108,92,185,38,driving,DoS
86.779041693,0,19,42,5,69,206,118,108,134,driving,DoS
86.779291693,1,68,74,226,248,242,28,167,156,driving,DoS
86.779541693,0,84,216,88,120,184,189,135,101,driving,DoS
86.779791693,1,142,131,93,46,123,2,60,61,driving,DoS
86.780041693,0,160,173,244,207,141,51,189,52,driving,DoS
86.780291693,1,107,185,188,127,80,104,240,185,driving,DoS
86.780541693,0,7,110,253,124,60,236,163,85,driving,DoS
86.780775439,545,0,128,30,51,0,50,5,0,driving,none
86.780791693,1,163,76,112,75,142,120,128,74,driving,DoS
86.781041693,0,49,104,178,247,221,166,223,84,driving,DoS
86.781291693,1,3,251,101,114,191,9,6,215,driving,DoS
86.781541693,0,132,166,166,22,156,87,149,21,driving,DoS
86.781791693,1,243,81,194,95,187,177,225,92,driving,DoS
86.782041693,0,96,231,11,219,80,184,237,111,driving,DoS
86.782291693,1,194,9,30,188,180,68,69,214,driving,DoS
86.782541693,0,73,103,42,209,235,191,10,32,driving,DoS
86.782791693,1,43,189,101,69,230,12,110,153,driving,DoS
86.783041693,0,48,146,227,244,172,194,215,108,driving,DoS
86.783291693,1,249,45,121,225,241,4,15,170,driving,DoS
86.783541693,0,127,94,38,90,76,114,199,169,driving,DoS
86.783791693,1,231,186,99,249,199,138,147,170,driving,DoS
86.784041693,0,58,81,167,196,79,86,78,6,driving,DoS
86.784291693,1,105,143,208,131,137,67,197,62,driving,DoS
86.784541693,0,107,29,229,38,192,22,221,103,driving,DoS
86.784791693,1,134,174,38,18,196,102,77,72,driving,DoS
86.785041693,0,36,195,74,193,7,156,94,248,driving,DoS
86.785291693,1,191,253,54,29,125,215,97,6,driving,DoS
86.785541693,0,184,192,170,212,90,161,17,196,driving,DoS
86.785791693,1,153,37,71,109,163,86,0,196,driving,DoS
86.786041693,0,15,35,46,1,235,50,144,89,driving,DoS
86.786291693,1,104,204,13,125,211,15,170,146,driving,DoS
86.786541693,0,133,139,107,249,68,57,101,88,driving,DoS
86.786791693,1,220,253,253,213,108,114,37,38,driving,DoS
86.787041693,0,28,155,119,152,123,23,240,249,driving,DoS
86.787291693,1,168,192,133,90,60,62,16,33,driving,DoS
86.787541693,0,241,142,236,85,46,116,53,62,driving,DoS
86.787791693,1,81,197,182,225,158,198,3,111,driving,DoS
86.788041693,0,29,67,108,54,68,36,250,58,driving,DoS
86.788291693,1,229,8,157,90,125,71,252,161,driving,DoS
86.788541693,0,47,40,162,85,12,212,111,12,driving,DoS
86.788791693,1,133,59,195,176,66,232,85,202,driving,DoS
86.789041693,0,45,52,4,176,115,49,21,9,driving,DoS
86.789291693,1,35,235,92,165,32,115,203,86,driving,DoS
86.789541693,0,79,99,9,38,110,229,16,90,driving,DoS
86.789791693,1,15,46,159,2,38,141,198,198,driving,DoS
86.790041693,0,42,120,206,18,238,253,73,251,driving,DoS
86.790291693,1,80,18,144,186,24,3,222,104,driving,DoS
86.790541693,0,179,117,123,105,185,13,57,205,driving,DoS
86.790791693,1,95,215,67,166,34,18,159,139,driving,DoS
86.791041693,0,193,61,248,125,18,185,38,173,driving,DoS
86.791291693,1,51,105,113,64,15,202,226,103,driving,DoS
86.791541693,0,28,76,150,0,244,158,47,103,driving,DoS
86.791791693,1,173,214,212,172,122,121,25,113,driving,DoS
86.792041693,0,196,115,185,246,142,102,113,51,driving,DoS
86.792291693,1,163,9,5,14,152,52,200,72,driving,DoS
86.792541693,0,193,249,184,22,47,158,220,123,driving,DoS
86.792791693,1,62,137,200,185,2,9,115,130,driving,DoS
86.793041693,0,189,184,148,198,147,82,30,50,driving,DoS
86.793291693,1,54,10,71,109,86,1,48,192,driving,DoS
86.793541693,0,178,53,3,207,8,57,249,178,driving,DoS
86.793791693,1,16,233,175,61,82,199,236,242,driving,DoS
86.794041693,0,181,10,143,205,48,200,81,74,driving,DoS
86.794291693,1,145,100,220,177,217,255,84,5,driving,DoS
86.794541693,0,72,1,131,248,41,15,116,196,driving,DoS
86.794791693,1,173,116,145,249,192,151,45,129,driving,DoS
86.795041693,0,149,73,240,58,224,151,172,111,driving,DoS
86.795291693,1,32,151,186,188,181,7,26,25,driving,DoS
86.795541693,0,74,9,218,179,156,240,100,161,driving,DoS
86.795791693,1,217,130,69,229,71,130,104,211,driving,DoS
86.796041693,0,47,19,12,81,133,165,29,59,driving,DoS
86.796291693,1,135,220,152,226,21,77,101,214,driving,DoS
86.796541693,0,3,225,151,57,251,30,219,6,driving,DoS
86.796791693,1,85,88,185,86,171,165,103,41,driving,DoS
86.797041693,0,96,130,47,230,215,95,95,14,driving,DoS
86.797291693,1,177,153,35,251,189,136,16,49,driving,DoS
86.797541693,0,198,126,229,18,179,137,84,58,driving,DoS
86.797791693,1,228,96,104,108,207,52,13,83,driving,DoS
86.798041693,0,216,181,222,55,69,31,195,145,driving,DoS
86.798291693,1,197,142,209,245,192,132,237,182,driving,DoS
86.798541693,0,195,86,169,24,133,180,29,39,driving,DoS
86.798791693,1,156,126,79,182,239,7,87,221,driving,DoS
86.799041693,0,61,4,73,176,171,54,128,122,driving,DoS
86.799291693,1,78,165,170,72,5,126,95,209,driving,DoS
86.799541693,0,172,60,62,18,178,95,105,21,driving,DoS
86.799791693,1,173,99,7,221,250,112,7,115,driving,DoS
86.800041693,0,27,116,148,9,53,220,243,237,driving,DoS
86.800291693,1,205,72,33,62,8,168,6,250,driving,DoS
86.800541693,0,51,234,17,181,248,150,156,178,driving,DoS
86.800791693,1,142,12,223,59,158,126,232,222,driving,DoS
86.801041693,0,241,106,156,125,59,162,190,211,driving,DoS
86.801291693,1,253,217,161,236,83,193,92,209,driving,DoS
86.801541693,0,116,84,243,111,85,135,116,250,driving,DoS
86.801791693,1,21,97,40,20,167,209,207,164,driving,DoS
86.802041693,0,55,135,32,119,157,97,10,229,driving,DoS
86.802291693,1,203,118,76,227,196,43,220,17,driving,DoS
86.802541693,0,181,44,52,241,3,81,137,95,driving,DoS
86.802791693,1,121,219,123,226,128,110,236,127,driving,DoS
86.803041693,0,23,34,111,38,134,98,147,38,driving,DoS
86.803291693,1,96,176,246,61,223,73,211,63,driving,DoS
86.803541693,0,33,55,146,236,195,87,12,227,driving,DoS
86.803791693,1,104,130,236,246,117,176,159,61,driving,DoS
86.804041693,0,143,165,178,213,156,231,99,32,driving,DoS
86.804291693,1,50,202,167,90,207,206,118,242,driving,DoS
86.804541693,0,9,7,137,114,99,23,63,152,driving,DoS
86.804791693,1,187,242,53,207,191,221,5,24,driving,DoS
86.805041693,0,135,35,19,66,144,145,205,94,driving,DoS
86.805291693,1,87,221,33,239,105,134,193,17,driving,DoS
86.805541693,0,234,111,222,103,40,134,99,47,driving,DoS
86.805791693,1,43,97,231,68,77,103,3,156,driving,DoS
86.806041693,0,173,3,117,1,117,141,57,41,driving,DoS
86.806291693,1,205,146,250,211,130,94,244,101,driving,DoS
86.806541693,0,208,49,104,119,243,67,82,249,driving,DoS
86.806791693,1,52,38,186,176,106,94,186,127,driving,DoS
86.807041693,0,17,89,45,102,203,249,32,208,driving,DoS
86.807291693,1,26,122,125,159,37,242,232,206,driving,DoS
86.807541693,0,6,79,252,158,7,241,81,211,driving,DoS
86.807791693,1,128,36,1,173,15,127,45,213,driving,DoS
86.808041693,0,246,38,88,124,227,113,168,114,driving,DoS
86.808291693,1,29,79,94,229,49,140,217,178,driving,DoS
86.808541693,0,127,162,125,215,76,124,89,21,driving,DoS
86.808791693,1,224,85,153,212,50,43,174,221,driving,DoS
86.809041693,0,81,118,26,199,255,15,33,143,driving,DoS
86.809291693,1,197,251,19,43,141,39,77,0,driving,DoS
86.809541693,0,130,150,224,53,81,19,103,214,driving,DoS
86.809791693,1,65,145,228,157,168,206,95,109,driving,DoS
86.810041693,0,229,217,35,245,113,66,231,235,driving,DoS
86.810291693,1,208,12,212,96,169,33,122,208,driving,DoS
86.810541693,0,25,218,184,242,149,38,211,128,driving,DoS
86.810791693,1,112,212,207,124,126,243,190,213,driving,DoS
86.811041693,0,43,139,181,113,175,246,231,246,driving,DoS
86.811291693,1,253,185,70,141,173,119,211,37,driving,DoS
86.811541693,0,98,225,149,159,85,97,193,19,driving,DoS
86.811791693,1,144,66,137,136,166,2,93,179,driving,DoS
86.812041693,0,199,254,31,79,61,245,88,170,driving,DoS
86.812291693,1,36,203,55,1,119,224,210,106,driving,DoS
86.812541693,0,82,149,1,114,15,155,109,251,driving,DoS
86.812791693,1,130,46,80,223,4,192,163,163,driving,DoS
86.813041693,0,61,7,211,52,236,1,253,105,driving,DoS
86.813291693,1,105,40,120,65,155,16,85,241,driving,DoS
86.813541693,0,187,148,92,183,21,33,206,191,driving,DoS
86.813791693,1,229,186,186,163,243,154,193,108,driving,DoS
86.814041693,0,76,36,5,253,1,174,201,30,driving,DoS
86.814291693,1,172,161,245,107,145,59,26,207,driving,DoS
86.814541693,0,3,14,220,194,59,208,34,175,driving,DoS
86.814791693,1,99,40,225,193,207,10,84,150,driving,DoS
86.815041693,0,149,191,192,237,46,43,150,109,driving,DoS
86.815291693,1,117,198,231,168,234,170,185,134,driving,DoS
86.815541693,0,201,8,196,97,137,92,213,10,driving,DoS
86.815791693,1,190,99,120,80,158,222,204,193,driving,DoS
86.816041693,0,25,59,238,163,18,147,55,148,driving,DoS
86.816291693,1,10,98,214,114,156,227,133,170,driving,DoS
86.816541693,0,53,70,199,61,123,230,28,84,driving,DoS
86.816791693,1,80,106,11,149,150,110,35,83,driving,DoS
86.817041693,0,43,101,140,165,169,225,15,20,driving,DoS
86.817291693,1,243,94,175,205,198,248,67,127,driving,DoS
86.817541693,0,29,195,107,214,178,228,101,226,driving,DoS
86.817791693,1,37,189,55,26,145,50,120,204,driving,DoS
86.818041693,0,248,233,247,194,249,184,103,65,driving,DoS
86.818291693,1,67,138,196,245,111,239,40,215,driving,DoS
86.818541693,0,241,160,168,231,60,67,15,156,driving,DoS
86.818791693,1,171,135,12,83,142,152,104,70,driving,DoS
86.819041693,0,193,228,206,142,61,120,198,198,driving,DoS
86.819291693,1,249,138,218,200,4,245,217,118,driving,DoS
86.819541693,0,40,152,62,122,165,19,146,27,driving,DoS
86.819791693,1,144,149,133,238,142,95,234,27,driving,DoS
86.820041693,0,231,70,185,153,139,175,77,245,driving,DoS
86.820291693,1,210,32,31,171,129,235,83,243,driving,DoS
86.820541693,0,141,28,233,162,46,125,63,129,driving,DoS
86.820791693,1,195,3,122,229,86,15,116,160,driving,DoS
86.821041693,0,211,58,9,190,253,245,235,0,driving,DoS
86.821291693,1,240,183,15,54,97,110,88,165,driving,DoS
86.821541693,0,201,231,244,155,201,125,47,245,driving,DoS
86.821791693,1,246,34,206,92,208,208,225,210,driving,DoS
86.822041693,0,35,206,119,115,200,106,61,123,driving,DoS
86.822291693,1,5,101,72,209,66,155,215,155,driving,DoS
86.822541693,0,13,129,206,203,187,141,249,231,driving,DoS
86.822791693,1,15,160,115,201,152,137,127,131,driving,DoS
86.823041693,0,172,147,52,67,55,238,194,87,driving,DoS
86.823291693,1,24,16,39,90,127,130,83,4,driving,DoS
86.823541693,0,12,83,9,181,126,197,164,13,driving,DoS
86.823791693,1,147,181,204,218,214,20,19,40,driving,DoS
86.824041693,0,86,111,96,45,161,68,153,7,driving,DoS
86.824291693,1,139,62,160,233,167,136,74,236,driving,DoS
86.824541693,0,216,213,47,89,245,229,101,123,driving,DoS
86.824791693,1,115,122,168,223,159,79,10,47,driving,DoS
86.825041693,0,137,131,164,229,201,193,42,212,driving,DoS
86.825291693,1,89,186,27,212,144,33,7,109,driving,DoS
86.825541693,0,39,157,32,249,125,92,208,188,driving,DoS
86.825791693,1,71,108,130,219,189,185,144,219,driving,DoS
86.826041693,0,32,65,31,112,143,210,232,88,driving,DoS
86.826291693,1,223,133,154,26,38,88,58,153,driving,DoS
86.826541693,0,107,170,108,173,134,92,175,220,driving,DoS
86.826791693,1,64,216,1,254,43,127,145,232,driving,DoS
86.827041693,0,170,37,125,131,22,237,139,45,driving,DoS
86.827291693,1,162,9,191,70,133,26,177,161,driving,DoS
86.827541693,0,137,213,179,39,67,30,205,11,driving,DoS
86.827791693,1,220,55,49,178,232,111,225,79,driving,DoS
86.828041693,0,168,122,0,118,60,161,139,193,driving,DoS
86.828291693,1,158,116,128,138,65,8,164,130,driving,DoS
86.828541693,0,8,31,84,107,55,181,24,241,driving,DoS
86.828791693,1,254,124,7,175,96,13,19,122,driving,DoS
86.829041693,0,139,107,95,81,198,72,12,169,driving,DoS
86.829291693,1,186,188,177,195,75,154,254,190,driving,DoS
86.829541693,0,196,176,226,112,117,124,148,106,driving,DoS
86.829791693,1,36,15,179,40,180,227,225,95,driving,DoS
86.830041693,0,7,174,246,92,124,228,101,6,driving,DoS
86.830291693,1,36,221,185,149,206,9,230,149,driving,DoS
86.830541693,0,174,214,80,163,193,239,1,107,driving,DoS
86.830791693,1,80,229,50,228,182,231,168,27,driving,DoS
86.831041693,0,16,67,17,248,174,64,23,129,driving,DoS
86.831291693,1,204,24,236,147,106,10,204,132,driving,DoS
86.831541693,0,128,245,253,97,85,21,76,152,driving,DoS
86.831791693,1,130,137,6,244,120,51,247,41,driving,DoS
86.832041693,0,0,61,34,92,29,100,203,250,driving,DoS
86.832291693,1,92,36,202,129,64,221,42,200,driving,DoS
86.832541693,0,212,215,140,247,33,14,250,112,driving,DoS
86.832791693,1,177,93,226,174,215,187,69,12,driving,DoS
86.833041693,0,126,54,98,5,2,38,197,40,driving,DoS
86.833291693,1,113,91,46,169,81,23,30,252,driving,DoS
86.833541693,0,151,35,196,193,137,107,19,193,driving,DoS
86.833791693,1,12,151,75,120,49,203,251,71,driving,DoS
86.834041693,0,108,66,153,195,129,143,242,59,driving,DoS
86.834291693,1,19,194,24,201,31,220,232,121,driving,DoS
86.834541693,0,251,232,84,37,130,62,60,20,driving,DoS
86.834791693,1,30,235,82,13,131,241,23,53,driving,DoS
86.835041693,0,48,233,31,176,200,138,238,219,driving,DoS
86.835291693,1,169,189,232,186,230,10,115,115,driving,DoS
86.835541693,0,204,236,163,143,250,42,10,111,driving,DoS
86.835791693,1,247,144,205,161,83,111,22,2,driving,DoS
86.836041693,0,147,161,109,99,135,108,12,135,driving,DoS
86.836291693,1,89,13,237,16,1,12,78,201,driving,DoS
86.836541693,0,239,178,172,134,228,177,103,222,driving,DoS
86.836791693,1,148,45,217,107,71,174,41,53,driving,DoS
86.837041693,0,241,72,103,26,98,178,83,45,driving,DoS
86.837291693,1,243,89,198,115,127,14,27,132,driving,DoS
86.837541693,0,6,219,40,54,85,188,10,154,driving,DoS
86.837791693,1,155,118,30,203,163,237,247,64,driving,DoS
86.838041693,0,47,51,68,227,54,207,54,0,driving,DoS
86.838291693,1,48,232,212,219,119,188,65,43,driving,DoS
86.838541693,0,170,77,214,247,103,231,58,37,driving,DoS
86.838791693,1,6,231,3,202,210,221,140,214,driving,DoS
86.839041693,0,157,51,148,242,120,179,159,218,driving,DoS
86.839291693,1,171,98,238,149,95,175,88,162,driving,DoS
86.839541693,0,235,227,194,251,246,113,191,45,driving,DoS
86.839791693,1,198,197,17,114,82,127,245,15,driving,DoS
86.840041693,0,51,135,8,180,31,225,39,179,driving,DoS
86.840291693,1,49,194,113,72,114,29,157,249,driving,DoS
86.840541693,0,251,77,172,214,38,46,185,176,driving,DoS
86.840791693,1,117,117,149,46,201,64,8,222,driving,DoS
86.841041693,0,94,44,164,209,203,27,98,13,driving,DoS
86.841291693,1,29,179,42,110,134,102,140,104,driving,DoS
86.841541693,0,208,127,164,222,31,255,226,127,driving,DoS
86.841791693,1,145,249,74,150,133,48,217,237,driving,DoS
86.842041693,0,198,73,48,251,148,123,10,208,driving,DoS
86.842291693,1,146,255,154,66,102,71,200,120,driving,DoS
86.842541693,0,154,247,12,88,171,53,215,86,driving,DoS
86.842791693,1,20,159,178,135,79,193,71,224,driving,DoS
86.843041693,0,244,105,114,52,95,172,49,66,driving,DoS
86.843291693,1,238,201,206,114,136,3,131,53,driving,DoS
86.843541693,0,226,129,133,239,217,174,93,66,driving,DoS
86.843791693,1,155,205,205,169,58,211,91,34,driving,DoS
86.844041693,0,244,189,36,236,53,126,190,73,driving,DoS
86.844291693,1,152,167,133,232,14,167,3,11,driving,DoS
86.844541693,0,181,225,133,170,22,248,212,214,driving,DoS
86.844791693,1,159,235,152,58,115,127,60,91,driving,DoS
86.845041693,0,233,223,23,253,120,100,179,146,driving,DoS
86.845291693,1,90,65,131,185,64,146,60,198,driving,DoS
86.845541693,0,7,96,186,127,158,55,249,217,driving,DoS
86.845791693,1,180,159,208,54,134,50,52,55,driving,DoS
86.846041693,0,16,51,149,236,113,40,86,120,driving,DoS
86.846291693,1,160,128,144,4,50,68,234,243,driving,DoS
86.846541693,0,37,69,226,250,53,164,197,173,driving,DoS
86.846791693,1,99,2,49,230,144,138,249,129,driving,DoS
86.847041693,0,7,1,98,14,81,85,22,206,driving,DoS
86.847291693,1,133,49,199,166,151,16,79,125,driving,DoS
86.847541693,0,237,215,128,164,64,212,163,231,driving,DoS
86.847791693,1,66,7,86,121,197,163,214,91,driving,DoS
86.848041693,0,211,22,6,4,186,13,61,6,driving,DoS
86.848291693,1,3,126,0,0,170,99,233,78,driving,DoS
86.848541693,0,203,245,82,79,26,97,5,232,driving,DoS
86.848791693,1,36,31,32,217,87,85,104,239,driving,DoS
86.849041693,0,193,200,85,57,187,137,35,178,driving,DoS
86.849291693,1,34,30,228,1,64,232,68,85,driving,DoS
86.849541693,0,157,79,209,110,170,121,156,85,driving,DoS
86.849791693,1,199,102,249,137,165,179,45,27,driving,DoS
86.850041693,0,72,117,122,184,185,178,233,76,driving,DoS
86.850291693,1,113,134,204,110,49,222,41,13,driving,DoS
86.850541693,0,179,164,249,187,106,9,76,209,driving,DoS
86.850791693,1,44,139,29,152,33,219,239,167,driving,DoS
86.851041693,0,80,21,95,237,49,140,168,134,driving,DoS
86.851291693,1,41,36,61,242,82,143,172,154,driving,DoS
86.851541693,0,247,138,131,21,22,89,215,94,driving,DoS
86.851791693,1,203,177,11,252,94,10,28,11,driving,DoS
86.852041693,0,182,233,10,41,254,146,107,164,driving,DoS
86.852291693,1,228,164,75,65,169,176,191,215,driving,DoS
86.852541693,0,12,137,217,6,0,53,173,56,driving,DoS
86.852791693,1,65,108,194,78,139,95,150,146,driving,DoS
86.853041693,0,247,19,2,69,176,59,20,201,driving,DoS
86.853291693,1,229,71,157,137,217,25,184,242,driving,DoS
86.853541693,0,248,81,147,245,248,147,234,197,driving,DoS
86.853791693,1,124,27,108,170,225,67,15,48,driving,DoS
86.854041693,0,29,18,213,127,136,235,157,41,driving,DoS
86.854291693,1,7,135,68,23,78,80,99,7,driving,DoS
86.854541693,0,161,244,176,233,127,109,221,95,driving,DoS
86.854791693,1,245,193,176,230,184,182,177,71,driving,DoS
86.855041693,0,169,211,165,196,184,12,218,196,driving,DoS
86.855291693,1,136,244,85,205,158,242,57,114,driving,DoS
86.855541693,0,23,26,27,89,175,180,133,207,driving,DoS
86.855791693,1,135,174,127,122,146,227,178,69,driving,DoS
86.856041693,0,135,146,147,233,3,146,60,159,driving,DoS
86.856291693,1,190,18,168,197,108,100,246,20,driving,DoS
86.856541693,0,218,171,54,33,53,201,61,101,driving,DoS
86.856791693,1,225,186,178,166,143,83,91,52,driving,DoS
86.857041693,0,97,126,77,147,39,235,236,44,driving,DoS
86.857291693,1,41,2,55,193,226,235,150,99,driving,DoS
86.857541693,0,194,26,135,1,169,79,224,50,driving,DoS
86.857791693,1,132,114,212,138,240,129,105,156,driving,DoS
86.858041693,0,245,199,108,213,41,200,46,246,driving,DoS
86.858291693,1,235,196,157,161,28,149,96,41,driving,DoS
86.858541693,0,212,162,83,34,228,18,14,164,driving,DoS
86.858791693,1,99,33,68,214,10,189,163,250,driving,DoS
86.859041693,0,153,31,71,154,172,188,226,216,driving,DoS
86.859291693,1,164,191,48,87,212,46,116,17,driving,DoS
86.859541693,0,253,123,230,107,55,123,178,157,driving,DoS
86.859791693,1,55,87,120,133,167,88,103,90,driving,DoS
86.860041693,0,189,28,92,147,177,163,255,39,driving,DoS
86.860291693,1,52,196,91,238,138,106,170,52,driving,DoS
86.860541693,0,144,64,210,102,68,253,28,78,driving,DoS
86.860791693,1,105,51,237,131,17,66,38,22,driving,DoS
86.861041693,0,194,1,248,198,118,151,140,106,driving,DoS
86.861291693,1,106,143,212,1,92,192,106,125,driving,DoS
86.861541693,0,187,203,142,37,206,91,253,19,driving,DoS
86.861791693,1,87,169,77,48,184,45,137,116,driving,DoS
86.862041693,0,179,48,243,66,101,195,187,22,driving,DoS
86.862291693,1,134,159,186,86,198,26,72,125,driving,DoS
86.862541693,0,170,147,240,78,86,131,18,163,driving,DoS
86.862791693,1,184,121,23,207,39,59,115,8,driving,DoS
86.863041693,0,2,136,187,69,242,186,84,100,driving,DoS
86.863291693,1,137,26,251,18,191,214,115,112,driving,DoS
86.863541693,0,171,187,183,205,122,189,32,78,driving,DoS
86.863791693,1,133,107,224,152,199,21,22,176,driving,DoS
86.864041693,0,184,250,106,103,1,235,64,207,driving,DoS
86.864291693,1,198,0,147,5,155,128,233,189,driving,DoS
86.864541693,0,13,52,232,161,7,170,211,200,driving,DoS
86.864791693,1,177,165,19,203,165,203,254,68,driving,DoS
86.865041693,0,83,103,86,148,93,21,129,122,driving,DoS
86.865291693,1,9,31,204,122,32,53,19,219,driving,DoS
86.865541693,0,240,51,126,195,123,174,40,46,driving,DoS
86.865791693,1,154,75,25,78,203,55,68,73,driving,DoS
86.866041693,0,110,80,210,61,138,1,67,147,driving,DoS
86.866291693,1,168,152,69,74,133,79,87,147,driving,DoS
86.866541693,0,122,11,76,118,67,28,7,13,driving,DoS
86.866791693,1,49,97,66,229,87,82,135,120,driving,DoS
86.867041693,0,170,31,250,49,119,171,117,82,driving,DoS
86.867291693,1,165,194,59,248,210,94,143,140,driving,DoS
86.867541693,0,208,249,192,146,28,232,234,185,driving,DoS
86.867791693,1,110,192,35,140,1,96,0,238,driving,DoS
86.868041693,0,20,27,200,125,121,192,28,65,driving,DoS
86.868291693,1,248,96,62,171,216,240,83,215,driving,DoS
86.868541693,0,35,250,101,219,95,74,149,164,driving,DoS
86.868791693,1,240,230,232,100,93,153,99,79,driving,DoS
86.869041693,0,32,143,221,85,81,84,95,82,driving,DoS
86.869291693,1,114,100,42,100,166,90,83,111,driving,DoS
86.869541693,0,172,14,197,74,248,14,149,21,driving,DoS
86.869791693,1,49,142,153,38,87,159,173,82,driving,DoS
86.870041693,0,94,79,128,189,198,226,13,112,driving,DoS
86.870291693,1,116,178,17,143,212,80,96,100,driving,DoS
86.870541693,0,235,142,57,180,100,175,119,106,driving,DoS
86.870791693,1,228,186,40,11,174,124,16,137,driving,DoS
86.871041693,0,174,246,185,176,30,94,176,244,driving,DoS
86.871291693,1,66,115,93,97,7,2,246,2,driving,DoS
86.871541693,0,215,35,223,155,152,201,233,145,driving,DoS
86.871791693,1,238,179,86,50,137,127,187,194,driving,DoS
86.872041693,0,185,21,195,69,71,234,0,88,driving,DoS
86.872291693,1,170,66,188,135,52,56,31,188,driving,DoS
86.872541693,0,181,210,91,155,36,73,216,208,driving,DoS
86.872791693,1,228,215,13,135,25,160,205,154,driving,DoS
86.873041693,0,247,18,127,102,217,136,87,147,driving,DoS
86.873291693,1,166,101,79,12,220,163,138,115,driving,DoS
86.873541693,0,71,208,34,151,112,152,30,106,driving,DoS
86.873791693,1,244,36,176,76,136,97,61,22,driving,DoS
86.874041693,0,33,171,210,126,15,186,123,39,driving,DoS
86.874291693,1,95,83,186,83,205,141,227,144,driving,DoS
86.874541693,0,224,237,31,222,224,195,148,144,driving,DoS
86.874791693,1,83,211,119,18,238,15,235,40,driving,DoS
86.875041693,0,20,35,18,55,69,150,148,4,driving,DoS
86.875291693,1,190,200,152,65,53,57,246,157,driving,DoS
86.875541693,0,10,13,143,131,35,27,31,224,driving,DoS
86.875791693,1,86,98,36,150,88,15,145,106,driving,DoS
86.876041693,0,8,212,148,28,135,43,66,37,driving,DoS
86.876291693,1,30,234,20,140,105,38,14,178,driving,DoS
86.876541693,0,189,4,111,45,186,233,162,19,driving,DoS
86.876791693,1,198,212,7,220,227,183,59,136,driving,DoS
86.877041693,0,59,135,116,176,36,170,206,10,driving,DoS
86.877291693,1,179,61,136,67,234,242,26,79,driving,DoS
86.877541693,0,33,175,117,198,58,53,171,62,driving,DoS
86.877791693,1,60,40,222,89,241,49,131,106,driving,DoS
86.878041693,0,189,98,134,57,18,201,53,215,driving,DoS
86.878291693,1,166,5,130,255,95,162,178,110,driving,DoS
86.878541693,0,62,18,254,102,255,38,95,74,driving,DoS
86.878791693,1,3,224,74,164,16,156,164,90,driving,DoS
86.879041693,0,153,10,223,17,219,65,162,117,driving,DoS
86.879291693,1,120,208,19,50,7,121,38,50,driving,DoS
86.879541693,0,137,30,13,58,84,231,56,69,driving,DoS
86.879791693,1,94,229,156,39,171,131,76,182,driving,DoS
86.880041693,0,135,98,152,169,22,76,207,218,driving,DoS
86.880291693,1,133,88,245,124,221,201,223,142,driving,DoS
86.880541693,0,32,42,19,171,35,87,69,239,driving,DoS
86.880791693,1,75,138,96,9,218,252,241,254,driving,DoS
86.881041693,0,119,197,233,234,34,5,252,1,driving,DoS
86.881291693,1,68,128,27,114,183,42,112,97,driving,DoS
86.881541693,0,49,181,232,91,28,92,127,221,driving,DoS
86.881791693,1,197,42,198,83,8,42,228,77,driving,DoS
86.882041693,0,166,59,71,195,205,29,214,216,driving,DoS
86.882291693,1,56,44,10,138,0,122,13,92,driving,DoS
86.882541693,0,244,200,247,110,210,10,213,117,driving,DoS
86.882791693,1,105,111,177,22,200,200,207,252,driving,DoS
86.883041693,0,219,4,174,181,10,13,18,173,driving,DoS
86.883291693,1,24,27,111,22,213,95,184,24,driving,DoS
86.883541693,0,18,179,189,220,151,159,39,147,driving,DoS
86.883791693,1,34,64,133,108,213,33,200,24,driving,DoS
86.884041693,0,190,6,92,21,225,204,47,60,driving,DoS
86.884291693,1,56,158,107,211,252,134,7,121,driving,DoS
86.884541693,0,68,47,230,226,142,47,60,244,driving,DoS
86.884791693,1,222,224,170,190,11,20,142,96,driving,DoS
86.885041693,0,252,173,101,53,170,228,181,67,driving,DoS
86.885291693,1,90,164,26,126,201,18,101,30,driving,DoS
86.885541693,0,109,217,253,149,219,226,184,202,driving,DoS
86.885791693,1,241,188,104,166,38,161,127,132,driving,DoS
86.886041693,0,252,145,103,69,254,0,53,87,driving,DoS
86.886291693,1,29,234,22,13,106,252,45,1,driving,DoS
86.886541693,0,59,1,127,73,2,77,122,131,driving,DoS
86.886791693,1,49,207,4,12,237,177,250,181,driving,DoS
86.887041693,0,58,205,204,43,9,255,202,133,driving,DoS
86.887291693,1,159,136,24,143,114,147,204,38,driving,DoS
86.887541693,0,222,72,64,86,238,227,67,220,driving,DoS
86.887791693,1,53,9,174,137,19,86,195,9,driving,DoS
86.888041693,0,92,154,211,182,169,72,46,162,driving,DoS
86.888291693,1,196,205,128,111,98,230,140,180,driving,DoS
86.888541693,0,97,32,21,90,119,150,225,210,driving,DoS
86.888791693,1,43,155,155,130,114,114,225,118,driving,DoS
86.889041693,0,193,18,31,168,224,173,114,239,driving,DoS
86.889291693,1,156,226,200,110,53,111,130,92,driving,DoS
86.889541693,0,8,6,81,146,84,249,175,80,driving,DoS
86.889791693,1,103,151,204,40,162,35,81,57,driving,DoS
86.890041693,0,218,251,206,2,209,22,45,10,driving,DoS
86.890291693,1,193,218,162,228,81,158,66,189,driving,DoS
86.890541693,0,215,184,66,111,168,128,21,153,driving,DoS
86.890791693,1,150,172,9,119,204,99,101,129,driving,DoS
86.891041693,0,193,199,11,61,131,150,200,22,driving,DoS
86.891291693,1,70,207,169,115,93,114,39,176,driving,DoS
86.891541693,0,103,11,245,8,238,53,21,149,driving,DoS
86.891791693,1,254,217,11,38,183,31,115,122,driving,DoS
86.892041693,0,141,163,36,91,76,128,177,139,driving,DoS
86.892291693,1,44,106,102,254,55,155,251,157,driving,DoS
86.892541693,0,74,179,12,234,157,113,68,23,driving,DoS
86.892791693,1,102,182,30,28,226,219,228,228,driving,DoS
86.893041693,0,170,171,0,17,164,97,163,247,driving,DoS
86.893291693,1,196,30,112,200,231,106,111,199,driving,DoS
86.893541693,0,34,137,92,129,241,143,43,182,driving,DoS
86.893791693,1,47,222,114,76,161,223,212,32,driving,DoS
86.894041693,0,140,80,135,123,213,154,175,38,driving,DoS
86.894291693,1,227,82,230,185,253,242,103,30,driving,DoS
86.894541693,0,198,34,133,200,15,40,252,130,driving,DoS
86.894791693,1,44,193,156,13,30,31,79,167,driving,DoS
86.895041693,0,211,103,168,218,64,228,127,242,driving,DoS
86.895291693,1,244,245,195,168,133,0,68,114,driving,DoS
86.895541693,0,152,241,62,144,176,58,98,231,driving,DoS
86.895791693,1,139,3,65,83,214,182,220,175,driving,DoS
86.896041693,0,92,114,192,245,185,198,91,232,driving,DoS
86.896291693,1,189,128,174,132,7,119,156,126,driving,DoS
86.896541693,0,229,184,183,168,121,204,152,86,driving,DoS
86.896791693,1,92,25,134,224,17,169,131,133,driving,DoS
86.897041693,0,253,203,183,102,5,34,239,197,driving,DoS
86.897291693,1,84,228,31,139,122,169,75,230,driving,DoS
86.897541693,0,32,180,119,138,136,115,12,67,driving,DoS
86.897791693,1,238,122,162,159,138,90,143,31,driving,DoS
86.898041693,0,79,132,3,154,217,197,23,231,driving,DoS
86.898291693,1,205,102,130,89,249,84,157,224,driving,DoS
86.898541693,0,238,53,57,179,228,233,99,245,driving,DoS
86.898791693,1,43,174,208,62,206,80,33,250,driving,DoS
86.899041693,0,108,193,242,43,120,253,101,32,driving,DoS
86.899291693,1,149,10,110,38,60,203,217,212,driving,DoS
86.899541693,0,61,217,86,159,203,220,245,201,driving,DoS
86.899791693,1,88,38,70,92,159,237,92,64,driving,DoS
86.900041693,0,131,252,207,216,225,21,233,52,driving,DoS
86.900291693,1,200,226,47,137,183,235,72,170,driving,DoS
86.900541693,0,233,189,88,98,161,77,28,13,driving,DoS
86.900791693,1,96,149,35,114,226,122,128,174,driving,DoS
86.901041693,0,137,65,146,244,49,33,177,161,driving,DoS
86.901291693,1,95,92,33,57,170,43,227,47,driving,DoS
86.901541693,0,0,230,13,222,233,241,218,101,driving,DoS
86.901791693,1,59,107,49,200,152,160,124,100,driving,DoS
86.902041693,0,98,204,151,82,178,165,4,114,driving,DoS
86.902291693,1,184,125,124,89,45,16,51,82,driving,DoS
86.902541693,0,172,153,206,230,167,35,149,183,driving,DoS
86.902791693,1,229,241,21,119,48,245,0,184,driving,DoS
86.903041693,0,219,64,189,100,95,21,34,136,driving,DoS
86.903291693,1,110,168,156,189,198,98,202,241,driving,DoS
86.903541693,0,117,223,221,120,214,153,159,158,driving,DoS
86.903791693,1,59,15,206,99,67,211,229,98,driving,DoS
86.904041693,0,71,13,193,11,140,71,150,75,driving,DoS
86.904291693,1,71,39,45,89,136,228,134,108,driving,DoS
86.904541693,0,174,25,220,247,86,30,106,245,driving,DoS
86.904791693,1,68,60,48,70,9,110,77,98,driving,DoS
86.905041693,0,20,53,188,1,188,178,152,250,driving,DoS
86.905291693,1,218,40,222,31,198,17,121,19,driving,DoS
86.905541693,0,158,15,3,167,138,215,8,40,driving,DoS
86.905791693,1,102,60,140,108,123,213,0,183,driving,DoS
86.906041693,0,252,134,100,95,52,55,61,176,driving,DoS
86.906291693,1,136,170,66,41,242,55,194,24,driving,DoS
86.906541693,0,34,120,194,149,33,250,213,162,driving,DoS
86.906791693,1,65,9,188,154,104,203,12,13,driving,DoS
86.907041693,0,38,215,6,54,42,174,110,213,driving,DoS
86.907291693,1,9,197,149,107,153,186,100,136,driving,DoS
86.907541693,0,252,106,64,30,1,211,17,59,driving,DoS
86.907791693,1,190,100,171,103,14,183,112,91,driving,DoS
86.908041693,0,176,221,88,157,8,153,253,22,driving,DoS
86.908291693,1,135,210,141,169,165,182,49,207,driving,DoS
86.908541693,0,107,83,144,16,170,230,148,51,driving,DoS
86.908791693,1,41,104,189,101,50,0,120,37,driving,DoS
86.909041693,0,202,204,254,225,13,184,79,37,driving,DoS
86.909291693,1,170,193,21,133,96,133,73,7,driving,DoS
86.909541693,0,16,73,167,166,247,102,23,98,driving,DoS
86.909791693,1,244,12,109,231,241,105,42,78,driving,DoS
86.910041693,0,26,188,209,156,181,105,31,233,driving,DoS
86.910291693,1,129,234,39,96,131,11,178,60,driving,DoS
86.910541693,0,140,7,163,29,36,51,124,197,driving,DoS
86.910791693,1,38,253,17,1,19,141,183,155,driving,DoS
86.911041693,0,55,69,98,128,53,4,145,166,driving,DoS
86.911291693,1,84,162,167,127,197,74,165,184,driving,DoS
86.911541693,0,220,40,139,137,51,79,228,31,driving,DoS
86.911791693,1,32,29,97,66,62,170,74,130,driving,DoS
86.912041693,0,55,254,220,56,56,49,157,119,driving,DoS
86.912291693,1,80,128,19,207,175,69,210,39,driving,DoS
86.912541693,0,67,63,198,211,152,45,30,0,driving,DoS
86.912791693,1,39,32,84,106,112,11,62,214,driving,DoS
86.913041693,0,232,195,172,188,199,237,125,95,driving,DoS
86.913291693,1,113,98,198,157,50,150,123,157,driving,DoS
86.913541693,0,144,201,86,89,11,249,135,28,driving,DoS
86.913791693,1,160,102,6,175,188,3,138,82,driving,DoS
86.914041693,0,35,223,118,203,78,169,228,251,driving,DoS
86.914291693,1,91,43,13,251,94,239,146,62,driving,DoS
86.914541693,0,25,190,40,179,235,43,191,173,driving,DoS
86.914791693,1,172,46,159,182,188,85,217,131,driving,DoS
86.915041693,0,126,162,71,70,49,247,101,65,driving,DoS
86.915291693,1,156,72,135,245,87,30,82,11,driving,DoS
86.915541693,0,79,38,234,88,196,160,54,124,driving,DoS
86.915791693,1,134,74,16,159,171,251,56,125,driving,DoS
86.916041693,0,54,148,185,194,70,190,116,31,driving,DoS
86.916291693,1,111,30,70,143,33,112,8,7,driving,DoS
86.916541693,0,59,57,107,33,144,217,154,157,driving,DoS
86.916791693,1,94,42,144,127,238,244,14,190,driving,DoS
86.917041693,0,171,70,68,244,242,12,64,218,driving,DoS
86.917291693,1,27,156,238,204,242,230,94,179,driving,DoS
86.917541693,0,206,223,156,39,32,108,178,7,driving,DoS
86.917791693,1,229,222,148,194,231,85,228,206,driving,DoS
86.918041693,0,97,111,210,13,20,226,57,54,driving,DoS
86.918291693,1,144,255,160,24,182,94,65,23,driving,DoS
86.918541693,0,48,33,73,247,4,144,72,65,driving,DoS
86.918791693,1,189,114,120,70,107,43,155,118,driving,DoS
86.919041693,0,108,57,208,38,220,207,241,157,driving,DoS
86.919291693,1,157,211,249,20,249,58,57,169,driving,DoS
86.919541693,0,34,56,60,189,252,232,65,122,driving,DoS
86.919791693,1,30,100,253,60,164,188,205,5,driving,DoS
86.920041693,0,93,205,154,66,107,206,91,154,driving,DoS
86.920291693,1,173,146,192,105,228,35,143,236,driving,DoS
86.920541693,0,254,177,13,11,182,235,33,34,driving,DoS
86.920791693,1,254,132,157,142,25,30,79,249,driving,DoS
86.921041693,0,133,130,87,141,157,118,226,104,driving,DoS
86.921291693,1,207,199,219,26,146,158,203,234,driving,DoS
86.921541693,0,59,61,38,208,34,86,250,225,driving,DoS
86.921791693,1,112,151,228,237,147,213,224,149,driving,DoS
86.922041693,0,191,64,236,120,124,52,53,162,driving,DoS
86.922291693,1,212,253,167,145,61,109,171,141,driving,DoS
86.922541693,0,180,175,224,233,15,235,31,243,driving,DoS
86.922791693,1,226,28,158,191,172,107,13,10,driving,DoS
86.923041693,0,36,248,100,53,134,53,77,241,driving,DoS
86.923291693,1,88,179,89,55,93,182,195,229,driving,DoS
86.923541693,0,65,132,26,187,187,175,83,167,driving,DoS
86.923791693,1,53,255,240,147,181,220,164,79,driving,DoS
86.924041693,0,206,157,79,138,110,224,157,79,driving,DoS
86.924291693,1,69,78,12,94,65,26,140,37,driving,DoS
86.924541693,0,1,214,149,207,21,234,82,192,driving,DoS
86.924791693,1,174,80,31,54,142,236,214,24,driving,DoS
86.925041693,0,210,231,118,224,87,191,17,28,driving,DoS
86.925291693,1,122,82,60,175,199,99,91,30,driving,DoS
86.925541693,0,191,0,216,177,21,203,198,58,driving,DoS
86.925791693,1,171,129,139,179,64,111,203,128,driving,DoS
86.926041693,0,135,36,52,13,17,87,16,192,driving,DoS
86.926291693,1,251,206,17,152,29,210,73,125,driving,DoS
86.926541693,0,95,49,185,61,238,161,63,192,driving,DoS
86.926791693,1,242,91,208,14,172,220,181,119,driving,DoS
86.927041693,0,41,138,108,138,91,91,16,253,driving,DoS
86.927291693,1,23,146,111,40,23,233,234,86,driving,DoS
86.927541693,0,84,73,238,129,170,98,204,249,driving,DoS
86.927791693,1,150,84,203,16,42,248,200,241,driving,DoS
86.928041693,0,230,109,29,60,53,32,105,16,driving,DoS
86.928291693,1,179,88,77,106,113,186,84,75,driving,DoS
86.928541693,0,107,238,252,171,22,138,146,15,driving,DoS
86.928791693,1,203,123,95,135,142,204,128,209,driving,DoS
86.929041693,0,17,142,56,86,214,53,202,187,driving,DoS
86.929291693,1,166,159,66,239,126,100,240,28,driving,DoS
86.929541693,0,67,61,152,195,39,197,17,159,driving,DoS
86.929791693,1,242,194,37,25,76,218,187,134,driving,DoS
86.930041693,0,150,42,22,135,101,250,238,16,driving,DoS
86.930291693,1,85,212,234,16,169,5,105,164,driving,DoS
86.930541693,0,211,86,121,230,95,140,203,137,driving,DoS
86.930791693,1,166,203,4,150,182,44,43,16,driving,DoS
86.931041693,0,207,163,201,120,90,95,206,248,driving,DoS
86.931291693,1,36,59,39,251,172,58,92,177,driving,DoS
86.931541693,0,87,232,91,39,207,149,71,74,driving,DoS
86.931791693,1,66,72,178,126,131,36,226,169,driving,DoS
86.932041693,0,244,199,44,250,207,191,248,82,driving,DoS
86.932291693,1,81,132,186,120,223,221,7,255,driving,DoS
86.932541693,0,110,120,144,24,102,99,241,111,driving,DoS
86.932791693,1,200,57,180,93,199,212,207,195,driving,DoS
86.933041693,0,12,11,246,189,213,171,122,26,driving,DoS
86.933291693,1,12,25,95,73,248,186,6,103,driving,DoS
86.933541693,0,209,8,143,240,2,79,18,120,driving,DoS
86.933791693,1,113,231,44,135,72,57,110,241,driving,DoS
86.934041693,0,147,230,90,255,116,89,73,208,driving,DoS
86.934291693,1,142,167,133,80,255,213,64,126,driving,DoS
86.934541693,0,126,202,109,72,158,15,241,89,driving,DoS
86.934791693,1,43,176,53,213,38,13,15,31,driving,DoS
86.935041693,0,134,9,106,118,201,90,224,75,driving,DoS
86.935291693,1,137,154,168,65,95,247,184,132,driving,DoS
86.935541693,0,69,199,250,119,68,247,91,94,driving,DoS
86.935791693,1,75,52,161,178,121,74,163,25,driving,DoS
86.936041693,0,49,200,96,95,226,129,185,49,driving,DoS
86.936291693,1,43,202,173,35,216,2,204,88,driving,DoS
86.936541693,0,151,166,54,115,102,217,218,2,driving,DoS
86.936791693,1,174,237,165,76,207,202,156,245,driving,DoS
86.937041693,0,33,47,43,108,68,1,232,79,driving,DoS
86.937291693,1,98,60,44,134,204,168,186,27,driving,DoS
86.937541693,0,210,111,221,174,32,193,234,215,driving,DoS
86.937791693,1,184,181,38,194,211,226,207,31,driving,DoS
86.938041693,0,94,70,101,193,140,156,177,53,driving,DoS
86.938291693,1,148,120,230,2,137,100,128,79,driving,DoS
86.938541693,0,151,53,214,79,220,101,61,254,driving,DoS
86.938791693,1,239,240,139,139,75,92,74,50,driving,DoS
86.939041693,0,95,154,67,55,245,98,47,14,driving,DoS
86.939291693,1,119,131,227,104,53,232,167,51,driving,DoS
86.939541693,0,16,90,187,121,167,7,105,120,driving,DoS
86.939791693,1,86,242,51,12,152,160,106,165,driving,DoS
86.940041693,0,44,111,162,218,103,150,115,33,driving,DoS
86.940291693,1,225,39,33,194,117,100,178,133,driving,DoS
86.940541693,0,228,43,183,133,108,124,85,165,driving,DoS
86.940791693,1,154,55,248,210,72,75,16,203,driving,DoS
86.941041693,0,68,130,174,21,88,155,177,235,driving,DoS
86.941291693,1,60,213,51,43,218,90,189,150,driving,DoS
86.941541693,0,100,54,154,164,127,214,173,51,driving,DoS
86.941791693,1,102,111,222,56,114,212,238,148,driving,DoS
86.942041693,0,197,41,220,51,219,5,163,139,driving,DoS
86.942291693,1,123,115,231,10,247,121,195,240,driving,DoS
86.942541693,0,40,65,255,132,247,2,213,191,driving,DoS
86.942791693,1,122,39,89,55,232,154,0,198,driving,DoS
86.943041693,0,230,71,218,228,72,26,139,45,driving,DoS
86.943291693,1,220,86,100,33,54,193,227,231,driving,DoS
86.943541693,0,160,197,132,251,132,7,59,73,driving,DoS
86.943791693,1,186,176,126,61,231,171,167,0,driving,DoS
86.944041693,0,133,200,52,222,57,151,119,139,driving,DoS
86.944291693,1,25,116,238,64,193,244,172,144,driving,DoS
86.944541693,0,176,225,214,29,150,45,132,66,driving,DoS
86.944791693,1,182,31,180,200,100,209,28,111,driving,DoS
86.945041693,0,169,164,82,95,97,59,107,76,driving,DoS
86.945291693,1,218,248,110,158,103,183,186,55,driving,DoS
86.945541693,0,237,238,209,126,185,200,75,72,driving,DoS
86.945791693,1,171,138,116,249,208,100,215,207,driving,DoS
86.946041693,0,90,254,49,39,236,59,223,189,driving,DoS
86.946291693,1,108,175,170,177,99,137,189,24,driving,DoS
86.946541693,0,217,172,65,134,211,120,31,236,driving,DoS
86.946791693,1,77,170,166,141,62,228,104,153,driving,DoS
86.947041693,0,112,43,159,60,134,81,36,182,driving,DoS
86.947291693,1,129,158,16,205,236,199,75,159,driving,DoS
86.947541693,0,73,184,253,133,16,158,11,189,driving,DoS
86.947791693,1,81,248,238,10,102,188,128,236,driving,DoS
86.948041693,0,220,194,118,25,231,226,250,164,driving,DoS
86.948291693,1,39,0,14,202,181,50,144,11,driving,DoS
86.948541693,0,249,86,116,143,208,52,185,21,driving,DoS
86.948791693,1,139,60,32,255,25,78,77,71,driving,DoS
86.949041693,0,26,73,162,45,107,14,2,91,driving,DoS
86.949291693,1,182,22,32,47,155,225,131,228,driving,DoS
86.949541693,0,90,28,177,189,164,64,123,246,driving,DoS
86.949791693,1,96,14,129,253,176,245,149,160,driving,DoS
86.950041693,0,192,144,145,69,195,118,100,107,driving,DoS
86.950291693,1,125,157,212,175,33,21,106,148,driving,DoS
86.950541693,0,102,27,70,150,45,106,21,60,driving,DoS
86.950791693,1,216,25,207,130,134,21,103,187,driving,DoS
86.951041693,0,124,148,60,248,247,99,104,145,driving,DoS
86.951291693,1,119,21,232,56,77,51,81,47,driving,DoS
86.951541693,0,196,8,222,96,84,112,34,192,driving,DoS
86.951791693,1,236,58,43,13,31,78,120,123,driving,DoS
86.952041693,0,204,245,3,71,182,230,162,122,driving,DoS
86.952291693,1,183,216,158,138,32,35,96,178,driving,DoS
86.952541693,0,149,231,94,200,127,200,83,156,driving,DoS
86.952791693,1,8,80,118,134,73,29,115,36,driving,DoS
86.953041693,0,243,176,38,133,164,5,22,12,driving,DoS
86.953291693,1,97,186,245,70,192,123,174,120,driving,DoS
86.953541693,0,45,12,196,246,115,112,109,94,driving,DoS
86.953791693,1,227,196,163,110,151,26,91,153,driving,DoS
86.954041693,0,199,200,87,120,185,176,169,93,driving,DoS
86.954291693,1,13,37,0,57,186,158,155,157,driving,DoS
86.954541693,0,158,251,72,2,228,138,29,187,driving,DoS
86.954791693,1,53,238,7,96,68,87,52,231,driving,DoS
86.955041693,0,233,168,27,68,176,128,123,38,driving,DoS
86.955291693,1,13,106,90,3,140,54,26,117,driving,DoS
86.955541693,0,249,67,34,28,76,232,88,174,driving,DoS
86.955791693,1,229,167,182,58,79,220,109,237,driving,DoS
86.956041693,0,28,28,252,218,108,106,11,92,driving,DoS
86.956291693,1,81,178,52,239,198,219,223,89,driving,DoS
86.956541693,0,60,84,250,146,213,82,50,106,driving,DoS
86.956791693,1,109,155,186,177,90,188,203,179,driving,DoS
86.957041693,0,203,81,32,87,166,16,155,152,driving,DoS
86.957291693,1,38,152,255,186,106,224,218,100,driving,DoS
86.957541693,0,231,89,178,213,149,181,219,159,driving,DoS
86.957791693,1,254,223,213,183,165,254,248,2,driving,DoS
86.958041693,0,164,60,208,187,26,202,237,211,driving,DoS
86.958291693,1,143,172,34,50,191,2,160,70,driving,DoS
86.958541693,0,169,211,233,1,158,84,217,134,driving,DoS
86.958791693,1,193,255,182,23,24,153,203,208,driving,DoS
86.959041693,0,3,199,112,93,190,16,151,52,driving,DoS
86.959291693,1,213,72,237,169,0,83,14,80,driving,DoS
86.959541693,0,92,171,89,56,94,114,6,89,driving,DoS
86.959791693,1,144,135,195,68,252,193,124,165,driving,DoS
86.960041693,0,49,150,237,134,241,46,161,49,driving,DoS
86.960291693,1,67,168,141,189,123,160,114,116,driving,DoS
86.960541693,0,169,150,34,221,177,114,178,173,driving,DoS
86.960791693,1,73,68,242,164,40,66,3,22,driving,DoS
86.961041693,0,33,45,254,154,234,127,32,62,driving,DoS
86.961291693,1,40,147,216,122,107,216,13,49,driving,DoS
86.961541693,0,27,161,1,144,164,199,52,231,driving,DoS
86.961791693,1,137,31,14,185,251,187,106,134,driving,DoS
86.962041693,0,148,183,139,86,45,8,153,83,driving,DoS
86.962291693,1,8,150,45,95,208,164,138,18,driving,DoS
86.962541693,0,238,226,89,166,168,17,191,159,driving,DoS
86.962791693,1,61,171,61,24,104,234,189,229,driving,DoS
86.963041693,0,238,1,226,194,15,205,47,216,driving,DoS
86.963291693,1,141,57,108,186,51,87,134,104,driving,DoS
86.963541693,0,194,160,184,186,81,248,237,31,driving,DoS
86.963791693,1,209,67,69,212,56,191,198,128,driving,DoS
86.964041693,0,14,222,10,91,254,217,63,9,driving,DoS
86.964291693,1,5,86,115,181,39,70,13,132,driving,DoS
86.964541693,0,187,196,56,171,240,105,133,133,driving,DoS
86.964791693,1,99,177,216,102,104,244,183,137,driving,DoS
86.965041693,0,43,124,242,254,1,57,45,44,driving,DoS
86.965291693,1,61,118,119,242,166,81,106,103,driving,DoS
86.965541693,0,48,136,120,85,141,41,226,6,driving,DoS
86.965791693,1,238,50,74,250,248,213,122,125,driving,DoS
86.966041693,0,248,20,35,98,88,88,25,72,driving,DoS
86.966291693,1,92,27,156,144,150,122,162,57,driving,DoS
86.966541693,0,251,50,212,130,180,243,57,17,driving,DoS
86.966791693,1,148,72,174,8,7,95,150,84,driving,DoS
86.967041693,0,68,140,49,255,22,63,114,48,driving,DoS
86.967291693,1,122,253,252,141,107,131,17,114,driving,DoS
86.967541693,0,30,174,242,87,170,46,254,114,driving,DoS
86.967791693,1,114,125,177,58,119,209,83,83,driving,DoS
86.968041693,0,24,41,171,79,249,214,188,147,driving,DoS
86.968291693,1,206,89,41,47,197,231,4,27,driving,DoS
86.968541693,0,213,84,22,70,54,67,137,5,driving,DoS
86.968791693,1,234,193,221,145,172,109,199,78,driving,DoS
86.969041693,0,65,59,125,170,22,51,53,122,driving,DoS
86.969291693,1,138,131,193,167,13,67,42,146,driving,DoS
86.969541693,0,131,182,139,142,224,72,180,150,driving,DoS
86.969791693,1,238,75,28,147,250,128,156,64,driving,DoS
86.970041693,0,55,229,184,210,118,131,0,134,driving,DoS
86.970291693,1,196,166,51,145,154,132,156,215,driving,DoS
86.970541693,0,185,248,158,34,149,162,81,162,driving,DoS
86.970791693,1,68,201,152,194,162,8,117,12,driving,DoS
86.971041693,0,128,121,42,243,150,79,39,121,driving,DoS
86.971291693,1,50,114,223,255,174,133,112,109,driving,DoS
86.971541693,0,249,248,247,67,225,62,185,128,driving,DoS
86.971791693,1,77,83,131,59,84,162,0,104,driving,DoS
86.972041693,0,107,140,50,95,147,243,70,92,driving,DoS
86.972291693,1,117,233,74,22,227,152,35,247,driving,DoS
86.972541693,0,176,110,244,25,26,219,120,82,driving,DoS
86.972791693,1,120,250,233,107,115,190,81,49,driving,DoS
86.973041693,0,0,174,96,235,187,182,91,212,driving,DoS
86.973291693,1,115,81,44,143,189,51,31,177,driving,DoS
86.973541693,0,47,62,51,138,92,61,254,120,driving,DoS
86.973791693,1,146,69,1,210,130,97,102,163,driving,DoS
86.974041693,0,173,96,158,100,96,145,232,50,driving,DoS
86.974291693,1,227,65,6,138,25,110,94,149,driving,DoS
86.974541693,0,75,141,100,16,12,41,235,115,driving,DoS
86.974791693,1,57,192,98,113,68,150,116,1,driving,DoS
86.975041693,0,254,87,156,130,245,122,14,248,driving,DoS
86.975291693,1,60,69,42,85,187,253,221,39,driving,DoS
86.975541693,0,25,75,155,57,91,241,83,143,driving,DoS
86.975791693,1,148,184,90,19,225,196,39,182,driving,DoS
86.976041693,0,73,107,43,46,237,252,182,54,driving,DoS
86.976291693,1,218,207,183,28,54,24,26,190,driving,DoS
86.976541693,0,141,151,10,73,238,224,199,30,driving,DoS
86.976791693,1,59,64,113,49,199,70,173,241,driving,DoS
86.977041693,0,188,47,12,17,9,110,197,210,driving,DoS
86.977291693,1,178,241,159,122,243,121,138,230,driving,DoS
86.977541693,0,46,137,187,38,198,116,24,90,driving,DoS
86.977791693,1,54,89,39,81,98,208,99,242,driving,DoS
86.978041693,0,68,169,57,47,71,16,105,44,driving,DoS
86.978291693,1,26,78,194,78,119,225,12,185,driving,DoS
86.978541693,0,18,196,232,150,89,179,81,78,driving,DoS
86.978791693,1,81,166,144,201,172,142,253,192,driving,DoS
86.979041693,0,113,39,221,47,152,189,181,27,driving,DoS
86.979291693,1,105,197,173,115,181,144,81,104,driving,DoS
86.979541693,0,225,81,130,223,217,231,196,64,driving,DoS
86.979791693,1,85,209,246,199,37,252,155,225,driving,DoS
86.980041693,0,6,142,182,171,85,73,150,87,driving,DoS
86.980291693,1,22,184,218,133,75,187,147,230,driving,DoS
86.980541693,0,26,192,139,117,246,42,203,20,driving,DoS
86.980791693,1,96,148,248,113,35,55,219,23,driving,DoS
86.981041693,0,62,178,194,175,120,189,94,47,driving,DoS
86.981291693,1,49,162,143,93,130,2,47,177,driving,DoS
86.981541693,0,11,133,109,238,31,212,13,123,driving,DoS
86.981791693,1,173,189,180,114,218,133,164,134,driving,DoS
86.982041693,0,229,191,229,247,133,68,178,149,driving,DoS
86.982291693,1,82,29,155,109,196,85,244,167,driving,DoS
86.982541693,0,206,130,253,167,31,231,220,246,driving,DoS
86.982791693,1,92,162,119,29,54,170,2,206,driving,DoS
86.983041693,0,224,133,191,55,55,113,81,145,driving,DoS
86.983291693,1,211,246,36,79,237,172,87,110,driving,DoS
86.983541693,0,224,54,10,4,75,188,197,97,driving,DoS
86.983791693,1,162,37,248,179,231,28,187,104,driving,DoS
86.984041693,0,92,21,125,192,39,113,10,33,driving,DoS
86.984291693,1,147,159,208,140,55,246,80,147,driving,DoS
86.984541693,0,36,29,108,218,252,167,7,198,driving,DoS
86.984791693,1,113,78,136,20,36,46,233,39,driving,DoS
86.985041693,0,97,17,127,248,14,235,51,135,driving,DoS
86.985291693,1,210,234,29,238,243,119,243,110,driving,DoS
86.985541693,0,54,213,73,229,176,86,251,158,driving,DoS
86.985791693,1,211,24,43,22,8,204,226,240,driving,DoS
86.986041693,0,149,26,0,236,28,32,110,67,driving,DoS
86.986291693,1,189,203,195,36,4,193,48,1,driving,DoS
86.986541693,0,173,124,232,20,3,255,31,10,driving,DoS
86.986791693,1,51,3,76,71,67,59,86,202,driving,DoS
86.987041693,0,111,21,163,49,18,62,39,34,driving,DoS
86.987291693,1,193,100,137,57,2,195,237,223,driving,DoS
86.987541693,0,244,33,20,56,144,156,40,41,driving,DoS
86.987791693,1,217,117,91,76,77,185,57,195,driving,DoS
86.988041693,0,131,69,168,197,62,221,228,74,driving,DoS
86.988291693,1,55,32,248,10,79,167,129,154,driving,DoS
86.988541693,0,199,161,167,18,80,141,80,42,driving,DoS
86.988791693,1,72,166,134,25,169,238,176,168,driving,DoS
86.989041693,0,1,87,150,72,128,70,214,110,driving,DoS
86.989291693,1,125,191,91,116,59,237,164,147,driving,DoS
86.989541693,0,226,254,63,99,78,1,79,8,driving,DoS
86.989791693,1,205,46,105,66,7,120,54,212,driving,DoS
86.990041693,0,230,217,236,143,157,85,91,250,driving,DoS
86.990291693,1,5,255,99,31,22,153,221,117,driving,DoS
86.990541693,0,16,197,213,200,229,223,89,193,driving,DoS
86.990791693,1,16,80,222,159,35,21,131,252,driving,DoS
86.991041693,0,62,212,152,167,131,164,135,155,driving,DoS
86.991291693,1,208,176,239,236,60,125,230,56,driving,DoS
86.991541693,0,176,101,130,85,238,108,89,237,driving,DoS
86.991791693,1,110,74,88,239,193,218,164,131,driving,DoS
86.992041693,0,148,65,255,156,148,219,156,175,driving,DoS
86.992291693,1,140,30,96,15,14,79,51,153,driving,DoS
86.992541693,0,119,196,212,167,150,183,103,88,driving,DoS
86.992791693,1,110,69,127,156,170,125,111,178,driving,DoS
86.993041693,0,198,213,82,67,212,186,247,188,driving,DoS
86.993291693,1,155,76,2,113,0,57,103,119,driving,DoS
86.993541693,0,238,203,37,39,187,233,246,4,driving,DoS
86.993791693,1,50,159,45,58,40,182,55,194,driving,DoS
86.994041693,0,78,108,35,181,124,139,82,37,driving,DoS
86.994291693,1,57,183,236,207,172,19,32,192,driving,DoS
86.994541693,0,103,229,186,11,188,224,70,61,driving,DoS
86.994791693,1,189,32,19,47,31,15,135,150,driving,DoS
86.995041693,0,113,7,18,71,235,249,115,70,driving,DoS
86.995291693,1,7,192,171,203,148,74,228,211,driving,DoS
86.995541693,0,96,4,88,195,101,84,201,227,driving,DoS
86.995791693,1,213,115,51,44,158,126,40,31,driving,DoS
86.996041693,0,234,173,117,243,40,141,55,136,driving,DoS
86.996291693,1,95,221,149,68,113,15,192,131,driving,DoS
86.996541693,0,195,57,144,101,103,32,211,254,driving,DoS
86.996791693,1,153,68,160,159,26,182,145,242,driving,DoS
86.997041693,0,132,126,149,250,172,68,247,82,driving,DoS
86.997291693,1,156,170,234,91,95,147,174,176,driving,DoS
86.997541693,0,151,13,143,77,62,10,4,57,driving,DoS
86.997791693,1,153,204,60,56,242,228,164,143,driving,DoS
86.998041693,0,190,106,16,177,225,194,196,65,driving,DoS
86.998291693,1,220,90,110,121,173,123,4,16,driving,DoS
86.998541693,0,65,177,179,100,171,93,189,204,driving,DoS
86.998791693,1,105,232,249,111,54,89,183,80,driving,DoS
86.999041693,0,159,185,250,16,62,113,48,59,driving,DoS
86.999291693,1,32,227,179,62,251,121,105,186,driving,DoS
86.999541693,0,100,210,72,150,90,63,172,44,driving,DoS
86.999791693,1,173,219,158,159,112,253,243,35,driving,DoS
87.000041693,0,234,35,118,165,110,178,42,28,driving,DoS
87.000291693,1,179,142,89,169,221,81,247,109,driving,DoS
87.000541693,0,217,143,101,103,63,220,42,78,driving,DoS
87.000791693,1,0,72,215,243,150,78,241,246,driving,DoS
87.001041693,0,169,52,161,113,203,225,70,24,driving,DoS
87.001291693,1,225,181,18,196,192,53,65,160,driving,DoS
87.001541693,0,202,168,140,149,40,215,146,121,driving,DoS
87.001791693,1,105,50,42,44,163,195,162,159,driving,DoS
87.002041693,0,14,87,198,64,50,21,201,5,driving,DoS
87.002291693,1,125,209,127,86,118,189,62,166,driving,DoS
87.002541693,0,87,74,45,218,181,204,47,102,driving,DoS
87.002791693,1,31,225,123,224,40,148,148,164,driving,DoS
87.003041693,0,138,157,101,15,2,237,149,172,driving,DoS
87.003291693,1,230,250,240,148,62,150,215,177,driving,DoS
87.003541693,0,51,107,49,205,125,102,89,187,driving,DoS
87.003791693,1,113,124,221,100,20,170,233,180,driving,DoS
87.004041693,0,237,194,206,28,232,29,95,172,driving,DoS
87.004291693,1,11,233,195,218,218,22,197,182,driving,DoS
87.004541693,0,9,184,75,218,41,24,215,209,driving,DoS
87.004791693,1,190,177,107,69,197,130,254,138,driving,DoS
87.005041693,0,54,132,32,92,139,7,133,100,driving,DoS
87.005291693,1,223,145,107,162,198,25,3,2,driving,DoS
87.005541693,0,34,79,3,249,54,198,110,62,driving,DoS
87.005791693,1,110,74,244,41,48,112,54,244,driving,DoS
87.006041693,0,65,49,211,170,1,49,37,238,driving,DoS
87.006291693,1,185,233,215,4,52,16,220,225,driving,DoS
87.006541693,0,163,64,64,210,67,156,44,170,driving,DoS
87.006791693,1,65,115,86,54,206,223,172,41,driving,DoS
87.007041693,0,249,250,102,39,105,42,235,148,driving,DoS
87.007291693,1,125,59,122,166,70,250,218,93,driving,DoS
87.007541693,0,176,175,126,251,216,189,32,47,driving,DoS
87.007791693,1,65,164,223,217,172,56,196,109,driving,DoS
87.008041693,0,56,233,86,240,48,168,128,99,driving,DoS
87.008291693,1,211,88,47,99,147,62,119,170,driving,DoS
87.008541693,0,12,96,103,145,205,6,242,159,driving,DoS
87.008791693,1,212,225,166,228,154,151,219,161,driving,DoS
87.009041693,0,155,129,72,58,250,111,90,54,driving,DoS
87.009291693,1,65,168,166,250,241,143,20,179,driving,DoS
87.009541693,0,29,111,33,174,33,106,158,194,driving,DoS
87.009791693,1,191,27,212,165,214,219,112,251,driving,DoS
87.010041693,0,136,150,245,251,40,116,157,44,driving,DoS
87.010291693,1,84,173,122,127,134,44,13,217,driving,DoS
87.010541693,0,188,234,69,228,215,195,187,215,driving,DoS
87.010791693,1,80,21,215,255,25,120,119,109,driving,DoS
87.010824792,260,0,128,30,51,0,50,5,0,driving,none
87.011041693,0,192,225,249,232,131,159,48,17,driving,DoS
87.011291693,1,128,103,240,62,57,95,28,6,driving,DoS
87.011541693,0,111,140,18,125,171,93,244,58,driving,DoS
87.011791693,1,248,101,69,27,108,40,5,223,driving,DoS
87.012041693,0,203,202,144,223,184,49,136,243,driving,DoS
87.012291693,1,255,239,155,179,251,182,238,244,driving,DoS
87.012541693,0,43,50,149,44,234,150,213,34,driving,DoS
87.012791693,1,27,192,90,115,181,49,10,104,driving,DoS
87.013041693,0,68,252,203,200,217,154,74,9,driving,DoS
87.013291693,1,10,117,95,197,169,30,116,25,driving,DoS
87.013541693,0,162,71,133,48,49,139,86,20,driving,DoS
87.013791693,1,226,208,191,48,114,110,172,91,driving,DoS
87.014041693,0,144,191,243,223,27,127,213,36,driving,DoS
87.014291693,1,15,138,84,244,27,154,162,105,driving,DoS
87.014541693,0,217,227,203,35,73,229,210,251,driving,DoS
87.014791693,1,192,77,58,100,171,153,164,206,driving,DoS
87.015041693,0,34,143,116,61,176,101,97,155,driving,DoS
87.015291693,1,185,125,33,91,25,16,169,21,driving,DoS
87.015541693,0,159,24,15,89,143,53,230,16,driving,DoS
87.015791693,1,110,207,128,93,124,251,127,111,driving,DoS
87.016041693,0,39,104,153,76,159,32,149,225,driving,DoS
87.016291693,1,63,246,201,83,38,245,240,150,driving,DoS
87.016541693,0,72,90,50,17,53,253,69,253,driving,DoS
87.016791693,1,136,68,41,174,44,245,172,10,driving,DoS
87.017041693,0,251,215,120,41,115,73,140,30,driving,DoS
87.017291693,1,140,199,41,214,163,47,202,200,driving,DoS
87.017541693,0,87,246,47,141,179,247,26,217,driving,DoS
87.017791693,1,162,221,223,83,109,226,190,229,driving,DoS
87.018041693,0,236,49,237,62,91,33,99,44,driving,DoS
87.018291693,1,252,194,244,0,250,5,0,65,driving,DoS
87.018541693,0,87,224,217,82,141,156,172,93,driving,DoS
87.018791693,1,226,148,100,0,5,112,254,20,driving,DoS
87.019041693,0,215,146,216,174,157,44,212,155,driving,DoS
87.019291693,1,249,139,99,91,3,107,72,85,driving,DoS
87.019541693,0,193,206,241,13,105,240,187,190,driving,DoS
87.019791693,1,251,188,146,167,247,197,166,109,driving,DoS
87.020041693,0,2,73,133,214,147,105,9,57,driving,DoS
87.020291693,1,113,66,76,88,177,235,189,9,driving,DoS
87.020541693,0,132,38,70,83,215,201,156,122,driving,DoS
87.020791693,1,191,1,143,161,189,227,118,50,driving,DoS
87.021041693,0,146,77,217,216,90,74,129,251,driving,DoS
87.021291693,1,224,219,1,103,77,30,246,35,driving,DoS
87.021541693,0,31,25,73,130,161,219,139,57,driving,DoS
87.021791693,1,235,122,199,244,125,114,103,125,driving,DoS
87.022041693,0,100,100,228,219,107,204,76,176,driving,DoS
87.022291693,1,62,229,107,222,52,193,178,92,driving,DoS
87.022541693,0,72,127,170,19,251,120,245,251,driving,DoS
87.022791693,1,119,184,68,58,12,192,130,206,driving,DoS
87.023041693,0,15,100,106,148,90,179,29,202,driving,DoS
87.023291693,1,237,78,78,209,222,94,45,28,driving,DoS
87.023541693,0,230,206,225,233,227,211,226,117,driving,DoS
87.023791693,1,246,38,34,23,183,224,135,220,driving,DoS
87.024041693,0,116,111,16,185,110,248,143,21,driving,DoS
87.024291693,1,217,80,131,71,198,60,28,120,driving,DoS
87.024541693,0,123,77,143,241,255,96,199,179,driving,DoS
87.024791693,1,55,140,56,209,201,41,108,72,driving,DoS
87.025041693,0,154,10,204,121,186,241,93,135,driving,DoS
87.025291693,1,239,206,104,178,243,75,203,165,driving,DoS
87.025541693,0,17,5,238,71,153,116,181,4,driving,DoS
87.025791693,1,13,219,222,82,137,160,8,167,driving,DoS
87.026041693,0,33,136,14,158,239,114,176,249,driving,DoS
87.026291693,1,191,139,115,146,164,120,195,150,driving,DoS
87.026541693,0,200,51,31,249,255,227,233,72,driving,DoS
87.026791693,1,76,82,72,219,157,193,43,165,driving,DoS
87.027041693,0,123,121,17,5,75,254,5,69,driving,DoS
87.027291693,1,235,186,30,243,214,240,223,124,driving,DoS
87.027541693,0,19,163,55,129,183,123,193,5,driving,DoS
87.027791693,1,59,222,36,79,19,254,175,3,driving,DoS
87.028041693,0,27,12,206,41,178,187,177,112,driving,DoS
87.028291693,1,80,73,132,131,163,182,223,173,driving,DoS
87.028541693,0,93,108,92,65,49,155,158,143,driving,DoS
87.028791693,1,42,97,191,43,228,205,101,106,driving,DoS
87.029041693,0,26,122,40,162,222,167,21,246,driving,DoS
87.029291693,1,6,178,222,189,33,6,220,106,driving,DoS
87.029541693,0,210,57,32,71,248,149,21,57,driving,DoS
87.029791693,1,32,232,97,12,192,117,74,35,driving,DoS
87.030041693,0,141,160,67,225,203,69,120,3,driving,DoS
87.030291693,1,95,146,28,184,73,38,183,24,driving,DoS
87.030541693,0,164,196,26,97,54,49,76,209,driving,DoS
87.030791693,1,27,134,181,215,166,134,34,139,driving,DoS
87.030824792,316,0,128,30,51,0,50,5,0,driving,none
87.031041693,0,139,7,123,219,180,157,235,35,driving,DoS
87.031291693,1,95,255,26,190,129,234,156,241,driving,DoS
87.031541693,0,18,172,204,194,78,115,14,24,driving,DoS
87.031791693,1,190,200,3,158,139,200,55,184,driving,DoS
87.032041693,0,5,49,70,113,171,26,213,202,driving,DoS
87.032291693,1,191,192,221,28,184,14,178,10,driving,DoS
87.032541693,0,184,190,234,219,168,248,108,243,driving,DoS
87.032791693,1,127,49,157,249,136,115,236,77,driving,DoS
87.033041693,0,21,97,166,78,42,198,9,63,driving,DoS
87.033291693,1,13,70,233,216,139,254,36,157,driving,DoS
87.033541693,0,95,128,116,86,41,51,38,25,driving,DoS
87.033791693,1,66,223,213,68,120,248,230,98,driving,DoS
87.034041693,0,55,112,127,3,124,50,134,189,driving,DoS
87.034291693,1,83,127,251,6,106,158,197,111,driving,DoS
87.034541693,0,100,92,226,135,78,186,213,163,driving,DoS
87.034791693,1,206,201,211,17,170,20,16,25,driving,DoS
87.035041693,0,184,179,110,59,167,240,190,27,driving,DoS
87.035291693,1,47,160,138,113,170,232,54,25,driving,DoS
87.035541693,0,246,232,140,54,144,58,177,58,driving,DoS
87.035791693,1,151,138,218,208,47,174,129,56,driving,DoS
87.036041693,0,232,47,18,1,208,186,212,72,driving,DoS
87.036291693,1,202,200,219,185,148,160,170,120,driving,DoS
87.036541693,0,204,112,254,254,217,221,184,180,driving,DoS
87.036791693,1,23,86,117,141,144,67,119,52,driving,DoS
87.037041693,0,219,92,94,195,219,137,158,55,driving,DoS
87.037291693,1,200,49,159,197,82,119,206,111,driving,DoS
87.037541693,0,171,30,191,105,102,44,184,42,driving,DoS
87.037791693,1,102,39,100,176,220,58,55,227,driving,DoS
87.038041693,0,2,83,248,148,243,96,152,157,driving,DoS
87.038291693,1,233,98,228,87,89,116,56,247,driving,DoS
87.038541693,0,194,38,208,82,87,177,174,139,driving,DoS
87.038791693,1,100,61,110,160,253,155,7,229,driving,DoS
87.039041693,0,157,228,140,14,231,99,244,77,driving,DoS
87.039291693,1,214,53,249,177,208,174,224,248,driving,DoS
87.039541693,0,28,197,63,124,148,134,76,168,driving,DoS
87.039791693,1,63,44,19,161,133,170,160,39,driving,DoS
87.040041693,0,64,148,53,188,66,221,121,159,driving,DoS
87.040291693,1,128,3,34,218,44,231,24,194,driving,DoS
87.040541693,0,128,60,155,156,166,108,125,252,driving,DoS
87.040791693,1,178,91,10,49,184,195,48,141,driving,DoS
87.041041693,0,222,55,194,152,39,179,242,116,driving,DoS
87.041291693,1,96,243,217,138,3,45,103,136,driving,DoS
87.041541693,0,36,251,35,7,2,249,56,191,driving,DoS
87.041791693,1,246,52,153,176,52,159,183,50,driving,DoS
87.042041693,0,143,183,167,96,249,108,196,18,driving,DoS
87.042291693,1,239,89,201,218,39,25,131,123,driving,DoS
87.042541693,0,35,195,159,71,239,86,100,11,driving,DoS
87.042791693,1,16,233,8,159,197,141,128,174,driving,DoS
87.043041693,0,1,120,11,3,193,1,133,183,driving,DoS
87.043291693,1,63,24,42,245,118,108,27,14,driving,DoS
87.043541693,0,90,252,193,122,71,233,93,85,driving,DoS
87.043791693,1,105,254,113,218,165,30,134,106,driving,DoS
87.044041693,0,74,197,22,169,24,133,237,119,driving,DoS
87.044291693,1,182,107,167,72,84,214,187,133,driving,DoS
87.044541693,0,105,26,176,107,239,97,156,189,driving,DoS
87.044791693,1,49,99,177,222,151,74,215,30,driving,DoS
87.045041693,0,194,31,13,234,80,239,130,5,driving,DoS
87.045291693,1,160,45,132,124,58,198,148,46,driving,DoS
87.045541693,0,35,45,102,222,187,214,158,25,driving,DoS
87.045791693,1,80,184,147,88,219,20,21,211,driving,DoS
87.046041693,0,65,93,85,96,132,104,184,236,driving,DoS
87.046291693,1,96,163,153,188,85,79,166,32,driving,DoS
87.046541693,0,247,142,248,164,90,138,227,234,driving,DoS
87.046791693,1,181,203,187,161,52,83,170,223,driving,DoS
87.047041693,0,103,96,219,251,208,216,177,232,driving,DoS
87.047291693,1,29,107,41,1,40,85,65,36,driving,DoS
87.047541693,0,125,114,252,182,107,134,91,37,driving,DoS
87.047791693,1,154,147,109,171,147,169,232,147,driving,DoS
87.048041693,0,118,217,102,65,185,77,190,146,driving,DoS
87.048291693,1,110,18,98,174,127,173,88,32,driving,DoS
87.048541693,0,180,32,250,100,146,194,215,10,driving,DoS
87.048791693,1,221,77,130,240,52,183,243,164,driving,DoS
87.049041693,0,212,53,8,23,39,19,109,10,driving,DoS
87.049291693,1,83,91,52,71,107,173,186,54,driving,DoS
87.049541693,0,91,49,213,114,69,97,78,181,driving,DoS
87.049791693,1,132,50,134,64,84,209,118,68,driving,DoS
87.050041693,0,211,65,58,151,135,163,103,243,driving,DoS
87.050291693,1,54,172,18,136,164,63,201,250,driving,DoS
87.050541693,0,225,252,16,40,63,180,51,106,driving,DoS
87.050791693,1,91,216,152,95,100,89,201,97,driving,DoS
87.050824792,329,0,128,30,51,0,50,5,0,driving,none
87.051041693,0,172,181,137,212,20,106,98,198,driving,DoS
87.051291693,1,96,44,17,174,227,42,232,126,driving,DoS
87.051541693,0,90,102,51,181,150,174,173,70,driving,DoS
87.051791693,1,232,240,223,82,195,3,93,110,driving,DoS
87.052041693,0,168,219,145,11,119,7,221,40,driving,DoS
87.052291693,1,191,6,246,223,253,200,111,55,driving,DoS
87.052541693,0,63,148,235,139,199,60,88,120,driving,DoS
87.052791693,1,42,4,18,72,148,46,185,172,driving,DoS
87.053041693,0,57,253,167,202,111,231,107,170,driving,DoS
87.053291693,1,104,103,84,242,17,66,205,209,driving,DoS
87.053541693,0,222,221,188,137,108,35,45,197,driving,DoS
87.053791693,1,82,34,30,207,181,43,156,129,driving,DoS
87.054041693,0,236,105,206,186,148,102,40,9,driving,DoS
87.054291693,1,174,181,224,253,33,23,104,28,driving,DoS
87.054541693,0,73,236,169,212,21,169,196,231,driving,DoS
87.054791693,1,96,169,153,104,130,82,96,51,driving,DoS
87.055041693,0,134,141,170,85,51,86,176,221,driving,DoS
87.055291693,1,23,217,71,2,55,22,139,24,driving,DoS
87.055541693,0,59,162,63,154,53,149,1,183,driving,DoS
87.055791693,1,30,178,7,40,123,136,245,139,driving,DoS
87.056041693,0,82,205,112,212,130,36,93,87,driving,DoS
87.056291693,1,210,155,231,69,163,136,112,91,driving,DoS
87.056541693,0,146,174,108,203,6,148,64,129,driving,DoS
87.056791693,1,13,42,232,144,141,70,188,121,driving,DoS
87.057041693,0,204,172,95,231,221,90,9,50,driving,DoS
87.057291693,1,52,84,78,157,196,199,62,132,driving,DoS
87.057541693,0,81,20,249,0,82,4,239,7,driving,DoS
87.057791693,1,222,126,183,51,162,39,38,240,driving,DoS
87.058041693,0,174,109,120,60,225,28,69,179,driving,DoS
87.058291693,1,104,122,255,242,0,199,26,157,driving,DoS
87.058541693,0,120,239,245,176,235,92,188,101,driving,DoS
87.058791693,1,239,44,252,70,18,58,165,117,driving,DoS
87.059041693,0,122,116,12,3,102,95,172,195,driving,DoS
87.059291693,1,212,139,227,128,34,97,120,35,driving,DoS
87.059541693,0,51,182,46,212,116,148,154,80,driving,DoS
87.059791693,1,72,211,221,101,44,188,154,108,driving,DoS
87.060041693,0,9,15,105,159,60,126,38,182,driving,DoS
87.060291693,1,195,175,100,194,221,254,45,106,driving,DoS
87.060541693,0,205,156,214,100,168,42,154,166,driving,DoS
87.060791693,1,86,94,69,108,71,166,110,158,driving,DoS
87.061041693,0,164,95,228,108,130,208,181,224,driving,DoS
87.061291693,1,233,161,122,113,177,90,61,254,driving,DoS
87.061541693,0,0,198,150,3,221,147,45,73,driving,DoS
87.061791693,1,100,39,165,143,20,79,157,133,driving,DoS
87.062041693,0,235,104,4,231,171,7,54,204,driving,DoS
87.062291693,1,100,72,254,10,97,137,58,129,driving,DoS
87.062541693,0,52,8,177,64,194,203,102,211,driving,DoS
87.062791693,1,152,85,237,78,37,95,207,133,driving,DoS
87.063041693,0,160,145,103,198,249,214,246,221,driving,DoS
87.063291693,1,245,156,199,245,95,197,209,99,driving,DoS
87.063541693,0,2,45,119,105,112,67,249,69,driving,DoS
87.063791693,1,48,231,0,87,213,247,61,197,driving,DoS
87.064041693,0,36,151,144,48,180,61,157,235,driving,DoS
87.064291693,1,181,216,63,212,21,106,144,167,driving,DoS
87.064541693,0,76,203,14,214,94,80,234,160,driving,DoS
87.064791693,1,206,36,157,43,5,194,195,35,driving,DoS
87.065041693,0,188,86,97,80,172,231,23,171,driving,DoS
87.065291693,1,22,216,7,97,28,113,146,247,driving,DoS
87.065541693,0,36,40,94,25,70,240,108,12,driving,DoS
87.065791693,1,71,119,185,169,49,71,78,18,driving,DoS
87.066041693,0,237,78,75,100,23,104,124,190,driving,DoS
87.066291693,1,76,113,114,183,34,54,61,123,driving,DoS
87.066541693,0,254,240,124,234,80,224,239,199,driving,DoS
87.066791693,1,224,80,125,200,3,150,93,66,driving,DoS
87.067041693,0,196,208,168,53,155,130,133,192,driving,DoS
87.067291693,1,173,235,138,101,12,206,79,11,driving,DoS
87.067541693,0,195,33,158,152,63,224,72,25,driving,DoS
87.067791693,1,88,40,32,106,5,2,139,121,driving,DoS
87.068041693,0,111,61,148,43,59,38,224,210,driving,DoS
87.068291693,1,127,99,10,172,0,232,143,173,driving,DoS
87.068541693,0,27,144,144,122,87,225,49,85,driving,DoS
87.068791693,1,3,72,143,135,57,209,44,193,driving,DoS
87.069041693,0,109,209,91,139,29,169,58,219,driving,DoS
87.069291693,1,119,67,123,53,100,250,7,163,driving,DoS
87.069541693,0,247,150,39,19,124,243,210,81,driving,DoS
87.069791693,1,89,212,171,137,62,167,65,184,driving,DoS
87.070041693,0,107,179,42,220,119,161,252,37,driving,DoS
87.070291693,1,60,210,144,142,222,210,140,245,driving,DoS
87.070541693,0,54,97,87,30,51,30,91,51,driving,DoS
87.070791693,1,173,174,61,50,188,41,61,27,driving,DoS
87.070824792,545,0,128,30,51,0,50,5,0,driving,none
87.071041693,0,48,146,196,23,67,97,189,127,driving,DoS
87.071291693,1,172,203,83,7,49,138,24,58,driving,DoS
87.071541693,0,71,124,172,219,116,41,204,253,driving,DoS
87.071791693,1,195,202,25,73,231,48,203,92,driving,DoS
87.072041693,0,237,140,239,235,45,39,101,117,driving,DoS
87.072291693,1,157,255,227,23,178,45,6,130,driving,DoS
87.072541693,0,242,119,0,15,94,84,48,110,driving,DoS
87.072791693,1,58,40,152,88,159,47,154,119,driving,DoS
87.073041693,0,10,140,151,158,195,237,151,75,driving,DoS
87.073291693,1,167,211,113,153,8,10,46,231,driving,DoS
87.073541693,0,214,115,126,141,184,3,31,132,driving,DoS
87.073791693,1,53,186,45,44,101,22,109,13,driving,DoS
87.074041693,0,226,199,199,36,244,2,198,54,driving,DoS
87.074291693,1,198,205,137,211,159,69,15,250,driving,DoS
87.074541693,0,64,158,36,54,199,201,71,115,driving,DoS
87.074791693,1,143,130,131,28,167,189,225,72,driving,DoS
87.075041693,0,158,255,236,87,42,113,209,100,driving,DoS
87.075291693,1,206,78,13,38,208,3,139,150,driving,DoS
87.075541693,0,56,244,80,99,34,14,32,224,driving,DoS
87.075791693,1,28,199,216,192,124,224,68,51,driving,DoS
87.076041693,0,185,110,177,128,26,156,246,20,driving,DoS
87.076291693,1,187,233,45,81,213,162,198,177,driving,DoS
87.076541693,0,196,142,51,219,161,202,199,214,driving,DoS
87.076791693,1,234,48,171,234,57,42,60,71,driving,DoS
87.077041693,0,19,253,9,53,9,172,98,188,driving,DoS
87.077291693,1,216,251,95,209,93,185,173,70,driving,DoS
87.077541693,0,176,235,215,40,178,14,121,96,driving,DoS
87.077791693,1,177,132,24,213,33,220,97,5,driving,DoS
87.078041693,0,129,104,143,74,82,253,191,111,driving,DoS
87.078291693,1,66,63,1,33,123,112,111,4,driving,DoS
87.078541693,0,7,143,3,24,126,250,215,176,driving,DoS
87.078791693,1,158,8,54,155,21,173,221,170,driving,DoS
87.079041693,0,0,75,180,230,250,19,23,166,driving,DoS
87.079291693,1,28,73,236,3,138,200,98,202,driving,DoS
87.079541693,0,34,57,98,215,136,96,194,68,driving,DoS
87.079791693,1,209,212,40,211,99,199,227,243,driving,DoS
87.080041693,0,34,233,234,162,94,210,153,92,driving,DoS
87.080291693,1,196,50,183,139,236,45,135,49,driving,DoS
87.080541693,0,70,132,167,83,227,241,18,185,driving,DoS
87.080791693,1,19,241,172,173,20,164,220,83,driving,DoS
87.081041693,0,135,151,41,197,226,188,12,51,driving,DoS
87.081291693,1,115,57,102,236,31,224,142,41,driving,DoS
87.081541693,0,152,86,11,51,123,141,158,108,driving,DoS
87.081791693,1,89,38,159,8,149,199,90,159,driving,DoS
87.082041693,0,243,223,100,183,225,94,110,210,driving,DoS
87.082291693,1,83,246,116,119,24,5,123,156,driving,DoS
87.082541693,0,163,151,158,203,145,127,91,32,driving,DoS
87.082791693,1,21,164,151,198,214,52,249,235,driving,DoS
87.083041693,0,96,29,241,1,38,142,203,228,driving,DoS
87.083291693,1,214,34,238,9,190,60,47,20,driving,DoS
87.083541693,0,110,179,206,83,163,247,203,68,driving,DoS
87.083791693,1,35,29,17,72,13,177,232,175,driving,DoS
87.084041693,0,191,11,12,28,131,152,140,37,driving,DoS
87.084291693,1,176,218,195,121,21,191,229,80,driving,DoS
87.084541693,0,254,190,222,79,95,11,83,58,driving,DoS
87.084791693,1,230,163,91,108,11,164,99,235,driving,DoS
87.085041693,0,14,60,116,244,200,14,233,94,driving,DoS
87.085291693,1,2,110,78,142,98,72,116,238,driving,DoS
87.085541693,0,246,187,215,251,243,138,192,198,driving,DoS
87.085791693,1,166,104,95,141,59,150,144,79,driving,DoS
87.086041693,0,214,18,249,225,183,243,146,223,driving,DoS
87.086291693,1,176,173,224,190,201,153,187,44,driving,DoS
87.086541693,0,91,141,70,229,123,135,197,65,driving,DoS
87.086791693,1,185,46,204,177,73,93,251,106,driving,DoS
87.087041693,0,167,55,44,239,246,201,123,132,driving,DoS
87.087291693,1,34,140,145,244,248,225,153,227,driving,DoS
87.087541693,0,208,100,228,39,9,98,34,224,driving,DoS
87.087791693,1,91,254,249,214,28,209,195,224,driving,DoS
87.088041693,0,144,89,4,169,15,166,240,151,driving,DoS
87.088291693,1,206,89,73,35,207,107,134,208,driving,DoS
87.088541693,0,169,47,207,162,58,177,119,43,driving,DoS
87.088791693,1,67,32,150,36,119,64,247,24,driving,DoS
87.089041693,0,220,218,161,55,129,223,209,27,driving,DoS
87.089291693,1,52,253,7,179,121,212,237,18,driving,DoS
87.089541693,0,54,171,189,84,94,198,157,39,driving,DoS
87.089791693,1,68,134,197,191,171,78,184,248,driving,DoS
87.090041693,0,231,100,162,58,194,122,71,2,driving,DoS
87.090291693,1,92,81,237,63,42,109,41,25,driving,DoS
87.090541693,0,30,73,42,142,26,16,130,226,driving,DoS
87.090791693,1,161,170,184,228,248,126,148,110,driving,DoS
87.091041693,0,76,92,117,34,96,65,33,123,driving,DoS
87.091291693,1,212,199,134,127,183,5,139,199,driving,DoS
87.091541693,0,254,105,70,232,161,139,171,218,driving,DoS
87.091791693,1,72,242,54,97,238,27,73,132,driving,DoS
87.092041693,0,153,200,141,178,14,31,194,204,driving,DoS
87.092291693,1,14,152,239,101,27,213,75,217,driving,DoS
87.092541693,0,148,207,169,255,90,137,137,153,driving,DoS
87.092791693,1,199,124,42,72,143,71,21,88,driving,DoS
87.093041693,0,234,156,125,22,47,40,73,70,driving,DoS
87.093291693,1,19,93,37,174,49,70,181,40,driving,DoS
87.093541693,0,107,196,142,16,166,148,55,198,driving,DoS
87.093791693,1,169,84,117,250,4,0,231,255,driving,DoS
87.094041693,0,243,190,39,27,23,105,90,81,driving,DoS
87.094291693,1,220,13,243,123,146,237,146,122,driving,DoS
87.094541693,0,82,218,239,131,158,216,139,112,driving,DoS
87.094791693,1,39,31,106,71,111,118,181,131,driving,DoS
87.095041693,0,124,228,222,246,120,28,182,175,driving,DoS
87.095291693,1,89,39,216,142,174,214,76,70,driving,DoS
87.095541693,0,138,105,47,69,40,76,182,187,driving,DoS
87.095791693,1,100,86,105,10,244,61,136,56,driving,DoS
87.096041693,0,65,168,239,10,211,230,29,234,driving,DoS
87.096291693,1,255,95,153,129,175,153,240,166,driving,DoS
87.096541693,0,224,35,52,118,56,191,212,249,driving,DoS
87.096791693,1,107,59,21,66,152,80,198,151,driving,DoS
87.097041693,0,162,219,118,143,218,146,190,109,driving,DoS
87.097291693,1,50,6,7,98,177,176,243,69,driving,DoS
87.097541693,0,193,97,95,242,179,17,95,251,driving,DoS
87.097791693,1,36,79,199,156,94,56,3,88,driving,DoS
87.098041693,0,120,224,83,15,250,127,222,212,driving,DoS
87.098291693,1,157,252,21,193,160,1,59,207,driving,DoS
87.098541693,0,136,112,122,176,211,73,96,170,driving,DoS
87.098791693,1,13,88,37,39,61,241,2,22,driving,DoS
87.099041693,0,2,20,71,91,65,28,183,120,driving,DoS
87.099291693,1,67,85,21,120,183,196,25,15,driving,DoS
87.099541693,0,149,217,196,36,228,59,7,47,driving,DoS
87.099791693,1,146,240,92,134,238,180,51,62,driving,DoS
87.100041693,0,249,98,22,200,214,165,29,206,driving,DoS
87.100291693,1,186,236,219,19,93,238,100,62,driving,DoS
87.100541693,0,217,10,122,178,27,78,156,174,driving,DoS
87.100791693,1,7,201,102,64,237,31,178,79,driving,DoS
87.101041693,0,140,45,218,131,160,220,153,195,driving,DoS
87.101291693,1,212,193,239,203,130,210,61,142,driving,DoS
87.101541693,0,84,156,4,8,2,6,56,108,driving,DoS
87.101791693,1,227,134,97,229,138,250,49,8,driving,DoS
87.102041693,0,243,123,91,97,92,75,166,114,driving,DoS
87.102291693,1,114,246,218,84,72,107,120,137,driving,DoS
87.102541693,0,168,22,59,175,141,60,241,252,driving,DoS
87.102791693,1,207,188,236,215,223,40,21,25,driving,DoS
87.103041693,0,18,9,179,44,62,195,83,137,driving,DoS
87.103291693,1,255,122,110,105,154,43,146,28,driving,DoS
87.103541693,0,65,202,199,115,44,163,177,179,driving,DoS
87.103791693,1,24,9,246,189,255,173,235,168,driving,DoS
87.104041693,0,50,108,56,114,69,98,251,27,driving,DoS
87.104291693,1,143,140,131,198,163,8,53,101,driving,DoS
87.104541693,0,44,125,187,152,55,158,90,115,driving,DoS
87.104791693,1,82,206,143,165,232,23,33,240,driving,DoS
87.105041693,0,229,127,117,249,19,34,24,216,driving,DoS
87.105291693,1,185,98,205,22,177,150,249,42,driving,DoS
87.105541693,0,94,242,119,40,19,79,198,84,driving,DoS
87.105791693,1,246,239,160,214,0,222,11,153,driving,DoS
87.106041693,0,59,222,198,5,184,196,206,51,driving,DoS
87.106291693,1,43,95,66,44,8,246,160,220,driving,DoS
87.106541693,0,155,112,184,121,11,252,164,114,driving,DoS
87.106791693,1,101,193,101,57,134,68,208,48,driving,DoS
87.107041693,0,206,61,243,163,202,221,111,128,driving,DoS
87.107291693,1,162,140,195,143,86,88,14,213,driving,DoS
87.107541693,0,78,173,175,123,27,5,101,179,driving,DoS
87.107791693,1,30,235,188,207,125,130,148,49,driving,DoS
87.108041693,0,20,178,119,148,122,43,95,225,driving,DoS
87.108291693,1,83,231,226,107,147,24,254,96,driving,DoS
87.108541693,0,70,40,45,197,242,44,251,231,driving,DoS
87.108791693,1,48,61,3,115,145,22,89,27,driving,DoS
87.109041693,0,251,112,223,33,255,159,163,232,driving,DoS
87.109291693,1,133,54,242,33,139,2,9,31,driving,DoS
87.109541693,0,14,7,46,116,122,30,86,60,driving,DoS
87.109791693,1,141,9,130,4,40,47,126,82,driving,DoS
87.110041693,0,55,181,39,76,238,251,75,136,driving,DoS
87.110291693,1,147,127,229,215,147,165,193,38,driving,DoS
87.110541693,0,158,218,50,191,100,105,203,168,driving,DoS
87.110791693,1,226,158,249,22,53,149,236,60,driving,DoS
87.111041693,0,94,7,114,114,67,192,177,216,driving,DoS
87.111291693,1,62,240,193,36,69,193,206,210,driving,DoS
87.111541693,0,60,197,80,234,231,13,217,192,driving,DoS
87.111791693,1,181,233,151,217,190,230,226,163,driving,DoS
87.112041693,0,237,251,222,246,109,8,20,236,driving,DoS
87.112291693,1,162,17,210,68,98,127,243,120,driving,DoS
87.112541693,0,114,122,142,239,144,47,89,222,driving,DoS
87.112791693,1,255,207,172,229,26,228,125,188,driving,DoS
87.113041693,0,133,206,1,184,79,41,235,107,driving,DoS
87.113291693,1,69,34,127,111,1,170,224,85,driving,DoS
87.113541693,0,7,84,80,177,170,255,203,111,driving,DoS
87.113791693,1,28,110,255,16,224,35,5,213,driving,DoS
87.114041693,0,65,96,42,177,144,115,156,150,driving,DoS
87.114291693,1,40,251,158,232,1,146,203,249,driving,DoS
87.114541693,0,63,57,225,81,150,161,193,122,driving,DoS
87.114791693,1,131,103,216,191,24,128,53,213,driving,DoS
87.115041693,0,72,200,233,91,136,5,194,83,driving,DoS
87.115291693,1,252,29,42,126,73,51,190,203,driving,DoS
87.115541693,0,217,229,31,32,39,238,60,237,driving,DoS
87.115791693,1,56,3,137,170,81,23,243,40,driving,DoS
87.116041693,0,11,76,88,40,124,53,203,16,driving,DoS
87.116291693,1,160,17,97,159,197,55,46,242,driving,DoS
87.116541693,0,121,151,46,247,131,45,142,208,driving,DoS
87.116791693,1,176,186,153,167,43,93,126,105,driving,DoS
87.117041693,0,174,186,38,212,154,44,178,210,driving,DoS
87.117291693,1,207,99,12,100,195,102,119,210,driving,DoS
87.117541693,0,157,204,170,9,27,228,150,134,driving,DoS
87.117791693,1,106,166,91,162,0,32,44,211,driving,DoS
87.118041693,0,187,118,203,132,236,10,201,222,driving,DoS
87.118291693,1,218,245,248,50,106,135,33,158,driving,DoS
87.118541693,0,175,76,140,141,221,140,33,161,driving,DoS
87.118791693,1,110,177,12,8,135,100,179,38,driving,DoS
87.119041693,0,141,20,193,106,78,131,206,186,driving,DoS
87.119291693,1,50,104,74,233,43,25,17,153,driving,DoS
87.119541693,0,53,88,219,143,120,135,241,13,driving,DoS
87.119791693,1,50,81,8,185,24,48,196,108,driving,DoS
87.120041693,0,122,77,124,200,65,162,112,68,driving,DoS
87.120291693,1,219,184,250,61,56,86,150,55,driving,DoS
87.120541693,0,71,108,1,13,218,88,122,57,driving,DoS
87.120791693,1,108,87,137,186,59,212,252,45,driving,DoS
87.121041693,0,252,230,204,62,223,4,251,43,driving,DoS
87.121291693,1,48,241,72,76,121,116,167,62,driving,DoS
87.121541693,0,127,107,185,105,42,191,126,180,driving,DoS
87.121791693,1,221,85,235,70,159,181,11,139,driving,DoS
87.122041693,0,14,129,53,136,228,254,46,219,driving,DoS
87.122291693,1,84,88,39,65,148,146,197,82,driving,DoS
87.122541693,0,49,204,99,192,66,249,2,108,driving,DoS
87.122791693,1,220,145,224,118,72,83,111,71,driving,DoS
87.123041693,0,70,129,81,221,102,231,109,201,driving,DoS
87.123291693,1,40,81,174,128,53,150,175,69,driving,DoS
87.123541693,0,248,143,244,177,3,142,132,238,driving,DoS
87.123791693,1,144,46,226,217,159,109,139,137,driving,DoS
87.124041693,0,39,1,176,234,153,17,197,164,driving,DoS
87.124291693,1,93,179,111,90,126,65,137,153,driving,DoS
87.124541693,0,137,118,142,191,60,188,163,2,driving,DoS
87.124791693,1,230,247,162,135,252,69,61,164,driving,DoS
87.125041693,0,230,14,219,216,91,177,0,53,driving,DoS
87.125291693,1,219,88,95,13,153,99,229,227,driving,DoS
87.125541693,0,63,132,146,243,84,144,128,66,driving,DoS
87.125791693,1,219,59,178,88,121,2,165,217,driving,DoS
87.126041693,0,68,26,24,89,10,242,2,93,driving,DoS
87.126291693,1,87,18,66,182,90,58,2,140,driving,DoS
87.126541693,0,73,100,176,132,251,41,108,25,driving,DoS
87.126791693,1,80,250,66,5,85,161,44,11,driving,DoS
87.127041693,0,7,85,86,245,69,184,237,126,driving,DoS
87.127291693,1,170,128,108,86,220,17,118,91,driving,DoS
87.127541693,0,87,153,25,2,239,242,16,6,driving,DoS
87.127791693,1,119,246,53,251,54,177,25,194,driving,DoS
87.128041693,0,167,75,150,195,6,189,82,25,driving,DoS
87.128291693,1,167,59,183,43,95,71,213,196,driving,DoS
87.128541693,0,23,11,233,148,143,56,52,226,driving,DoS
87.128791693,1,56,191,31,120,207,151,250,127,driving,DoS
87.129041693,0,241,64,176,10,54,74,161,218,driving,DoS
87.129291693,1,142,104,137,117,69,226,218,251,driving,DoS
87.129541693,0,38,171,159,94,173,165,248,41,driving,DoS
87.129791693,1,154,224,254,26,22,239,45,42,driving,DoS
87.130041693,0,24,118,187,96,112,205,114,178,driving,DoS
87.130291693,1,76,58,240,91,103,136,5,173,driving,DoS
87.130541693,0,44,190,164,222,215,126,56,139,driving,DoS
87.130791693,1,113,238,28,192,56,32,175,155,driving,DoS
87.131041693,0,74,59,57,173,131,58,75,197,driving,DoS
87.131291693,1,166,171,60,243,105,119,201,199,driving,DoS
87.131541693,0,216,156,61,142,114,45,111,230,driving,DoS
87.131791693,1,135,11,0,47,29,59,55,2,driving,DoS
87.132041693,0,209,126,84,92,140,138,120,81,driving,DoS
87.132291693,1,196,177,135,160,41,61,249,169,driving,DoS
87.132541693,0,166,33,230,57,177,145,122,205,driving,DoS
87.132791693,1,20,109,138,187,131,104,14,145,driving,DoS
87.133041693,0,139,25,23,35,17,2,213,166,driving,DoS
87.133291693,1,205,47,110,96,97,43,203,240,driving,DoS
87.133541693,0,86,199,197,147,8,121,24,228,driving,DoS
87.133791693,1,177,1,172,13,220,142,10,59,driving,DoS
87.134041693,0,30,192,229,56,29,53,226,192,driving,DoS
87.134291693,1,189,50,9,166,83,13,195,168,driving,DoS
87.134541693,0,110,255,148,139,181,182,100,96,driving,DoS
87.134791693,1,43,186,222,197,170,131,125,130,driving,DoS
87.135041693,0,236,54,75,210,63,3,240,192,driving,DoS
87.135291693,1,122,90,30,41,237,20,111,11,driving,DoS
87.135541693,0,251,61,237,216,65,127,88,167,driving,DoS
87.135791693,1,171,58,43,59,84,225,237,214,driving,DoS
87.136041693,0,50,185,48,15,230,136,159,64,driving,DoS
87.136291693,1,134,199,239,222,9,31,130,71,driving,DoS
87.136541693,0,176,227,210,161,254,47,94,173,driving,DoS
87.136791693,1,131,152,179,154,225,180,44,200,driving,DoS
87.137041693,0,32,130,9,34,135,14,10,171,driving,DoS
87.137291693,1,155,153,159,216,87,191,74,56,driving,DoS
87.137541693,0,215,178,126,233,111,24,234,206,driving,DoS
87.137791693,1,199,205,248,182,77,131,152,93,driving,DoS
87.138041693,0,7,123,53,164,246,252,4,207,driving,DoS
87.138291693,1,177,33,52,67,142,188,29,242,driving,DoS
87.138541693,0,224,119,223,114,167,21,215,24,driving,DoS
87.138791693,1,52,71,74,235,61,214,212,87,driving,DoS
87.139041693,0,105,117,183,92,214,0,43,236,driving,DoS
87.139291693,1,229,88,213,175,171,34,104,65,driving,DoS
87.139541693,0,222,50,97,171,133,69,231,2,driving,DoS
87.139791693,1,42,65,109,103,67,29,26,85,driving,DoS
87.140041693,0,166,114,22,141,204,241,158,8,driving,DoS
87.140291693,1,232,48,190,112,119,57,39,174,driving,DoS
87.140541693,0,206,151,112,165,212,90,235,173,driving,DoS
87.140791693,1,98,54,132,121,121,193,147,77,driving,DoS
87.141041693,0,56,176,76,212,129,186,239,32,driving,DoS
87.141291693,1,193,196,99,107,24,106,67,82,driving,DoS
87.141541693,0,49,222,23,238,1,48,79,42,driving,DoS
87.141791693,1,171,172,250,134,44,68,188,51,driving,DoS
87.142041693,0,91,53,97,99,148,7,39,240,driving,DoS
87.142291693,1,37,155,136,175,187,242,223,198,driving,DoS
87.142541693,0,192,77,176,103,210,231,52,52,driving,DoS
87.142791693,1,248,62,69,22,116,156,187,245,driving,DoS
87.143041693,0,137,62,227,174,194,176,88,106,driving,DoS
87.143291693,1,2,24,66,94,149,91,66,118,driving,DoS
87.143541693,0,230,46,206,197,159,116,111,98,driving,DoS
87.143791693,1,182,43,231,81,33,33,35,162,driving,DoS
87.144041693,0,68,82,226,4,108,28,215,241,driving,DoS
87.144291693,1,219,131,64,24,59,47,255,125,driving,DoS
87.144541693,0,38,20,39,20,58,15,134,200,driving,DoS
87.144791693,1,18,24,169,95,23,159,174,198,driving,DoS
87.145041693,0,213,205,177,45,10,102,183,107,driving,DoS
87.145291693,1,241,92,69,235,117,93,4,85,driving,DoS
87.145541693,0,174,109,92,157,137,11,251,209,driving,DoS
87.145791693,1,223,182,236,242,204,161,159,109,driving,DoS
87.146041693,0,180,84,51,131,216,120,37,85,driving,DoS
87.146291693,1,151,175,121,132,232,133,33,39,driving,DoS
87.146541693,0,207,17,135,238,61,80,74,83,driving,DoS
87.146791693,1,109,136,138,148,142,232,154,155,driving,DoS
87.147041693,0,181,202,158,154,168,41,134,90,driving,DoS
87.147291693,1,60,188,237,71,47,131,67,194,driving,DoS
87.147541693,0,28,245,32,112,103,43,138,119,driving,DoS
87.147791693,1,66,225,206,144,203,59,67,108,driving,DoS
87.148041693,0,180,165,135,187,75,171,57,106,driving,DoS
87.148291693,1,226,88,5,211,239,225,111,30,driving,DoS
87.148541693,0,235,13,123,109,130,204,202,82,driving,DoS
87.148791693,1,26,245,175,108,59,44,97,80,driving,DoS
87.149041693,0,42,107,164,6,226,120,155,164,driving,DoS
87.149291693,1,173,5,185,18,200,60,177,48,driving,DoS
87.149541693,0,44,135,212,68,235,170,202,208,driving,DoS
87.149791693,1,82,36,240,201,82,236,90,158,driving,DoS
87.150041693,0,117,63,156,137,185,209,179,42,driving,DoS
87.150291693,1,137,231,175,104,17,35,151,132,driving,DoS
87.150541693,0,197,108,124,133,164,166,145,170,driving,DoS
87.150791693,1,1,45,64,72,71,37,152,51,driving,DoS
87.151041693,0,104,40,65,27,183,125,28,119,driving,DoS
87.151291693,1,12,77,94,77,20,84,158,35,driving,DoS
87.151541693,0,255,218,208,224,23,206,103,81,driving,DoS
87.151791693,1,84,193,209,229,148,30,9,3,driving,DoS
87.152041693,0,246,249,113,167,150,209,94,187,driving,DoS
87.152291693,1,179,9,59,72,46,111,186,170,driving,DoS
87.152541693,0,96,26,60,82,173,113,129,101,driving,DoS
87.152791693,1,221,132,199,219,113,238,31,218,driving,DoS
87.153041693,0,243,168,222,152,148,11,107,44,driving,DoS
87.153291693,1,137,89,93,61,37,133,169,252,driving,DoS
87.153541693,0,92,9,177,191,163,116,83,51,driving,DoS
87.153791693,1,203,166,180,162,0,78,198,145,driving,DoS
87.154041693,0,188,7,180,106,200,27,236,81,driving,DoS
87.154291693,1,76,144,102,76,208,198,7,50,driving,DoS
87.154541693,0,15,204,174,92,176,145,159,100,driving,DoS
87.154791693,1,16,160,89,108,217,52,130,48,driving,DoS
87.155041693,0,221,119,227,9,235,82,254,133,driving,DoS
87.155291693,1,71,14,23,178,27,93,150,2,driving,DoS
87.155541693,0,226,116,226,242,42,24,134,189,driving,DoS
87.155791693,1,51,178,12,183,135,87,151,228,driving,DoS
87.156041693,0,144,22,157,53,157,255,53,133,driving,DoS
87.156291693,1,3,237,249,178,39,165,205,82,driving,DoS
87.156541693,0,68,58,102,233,17,32,203,144,driving,DoS
87.156791693,1,7,157,244,206,120,117,5,158,driving,DoS
87.157041693,0,241,51,156,52,160,95,154,70,driving,DoS
87.157291693,1,239,194,251,233,142,52,221,172,driving,DoS
87.157541693,0,123,227,143,208,192,225,175,214,driving,DoS
87.157791693,1,105,226,51,193,151,121,203,34,driving,DoS
87.158041693,0,58,48,207,188,190,70,159,36,driving,DoS
87.158291693,1,253,60,220,252,154,251,83,161,driving,DoS
87.158541693,0,208,126,139,104,88,166,44,5,driving,DoS
87.158791693,1,62,41,13,84,103,60,137,34,driving,DoS
87.159041693,0,138,39,27,43,45,66,23,41,driving,DoS
87.159291693,1,232,156,239,132,47,160,243,223,driving,DoS
87.159541693,0,49,140,66,96,28,95,34,88,driving,DoS
87.159791693,1,131,164,78,134,244,4,12,255,driving,DoS
87.160041693,0,22,92,236,185,229,137,98,209,driving,DoS
87.160291693,1,147,83,168,140,91,158,236,31,driving,DoS
87.160541693,0,88,197,55,163,149,204,207,223,driving,DoS
87.160791693,1,67,0,247,89,235,76,67,120,driving,DoS
87.161041693,0,59,224,13,210,123,106,154,141,driving,DoS
87.161291693,1,179,118,225,184,23,88,10,102,driving,DoS
87.161541693,0,164,199,23,70,155,142,0,78,driving,DoS
87.161791693,1,230,102,214,67,193,141,151,55,driving,DoS
87.162041693,0,150,234,28,135,146,233,167,41,driving,DoS
87.162291693,1,177,120,251,85,205,9,220,10,driving,DoS
87.162541693,0,66,127,75,5,8,7,88,241,driving,DoS
87.162791693,1,4,215,246,71,137,216,160,160,driving,DoS
87.163041693,0,103,2,75,76,92,87,61,65,driving,DoS
87.163291693,1,52,204,10,104,163,111,89,76,driving,DoS
87.163541693,0,116,85,253,73,115,156,132,70,driving,DoS
87.163791693,1,137,36,200,29,109,41,130,138,driving,DoS
87.164041693,0,85,84,109,98,64,90,154,217,driving,DoS
87.164291693,1,202,61,227,41,23,48,204,100,driving,DoS
87.164541693,0,75,56,122,116,228,162,91,41,driving,DoS
87.164791693,1,133,176,182,154,131,228,67,79,driving,DoS
87.165041693,0,244,14,26,135,252,134,130,84,driving,DoS
87.165291693,1,89,175,231,102,16,111,251,129,driving,DoS
87.165541693,0,186,26,108,224,137,113,74,25,driving,DoS
87.165791693,1,26,204,2,126,1,232,249,124,driving,DoS
87.166041693,0,222,195,247,186,182,226,249,47,driving,DoS
87.166291693,1,162,239,119,115,119,170,113,108,driving,DoS
87.166541693,0,255,19,94,126,149,28,167,223,driving,DoS
87.166791693,1,148,234,194,53,86,237,61,78,driving,DoS
87.167041693,0,22,236,205,79,143,18,180,81,driving,DoS
87.167291693,1,81,134,68,232,167,218,59,230,driving,DoS
87.167541693,0,125,228,77,27,40,243,11,32,driving,DoS
87.167791693,1,57,228,164,169,170,200,232,235,driving,DoS
87.168041693,0,150,245,126,188,57,22,214,232,driving,DoS
87.168291693,1,155,152,133,21,251,63,204,249,driving,DoS
87.168541693,0,251,26,120,9,84,146,69,112,driving,DoS
87.168791693,1,0,4,109,114,154,61,245,61,driving,DoS
87.169041693,0,163,160,9,100,99,28,117,5,driving,DoS
87.169291693,1,97,189,137,105,53,127,225,112,driving,DoS
87.169541693,0,55,77,189,14,138,55,255,186,driving,DoS
87.169791693,1,236,116,70,90,68,246,19,73,driving,DoS
87.170041693,0,120,202,107,48,19,214,91,15,driving,DoS
87.170291693,1,141,219,235,212,100,20,113,32,driving,DoS
87.170541693,0,198,34,131,201,245,20,239,194,driving,DoS
87.170791693,1,208,131,139,140,32,61,179,41,driving,DoS
87.171041693,0,21,54,175,134,85,225,89,165,driving,DoS
87.171291693,1,171,235,117,7,52,23,253,69,driving,DoS
87.171541693,0,172,154,89,114,8,67,82,243,driving,DoS
87.171791693,1,92,248,190,81,58,176,86,249,driving,DoS
87.172041693,0,75,123,35,61,136,113,147,34,driving,DoS
87.172291693,1,197,196,119,81,213,236,224,187,driving,DoS
87.172541693,0,224,67,238,225,238,56,140,208,driving,DoS
87.172791693,1,13,180,96,154,201,169,225,146,driving,DoS
87.173041693,0,31,195,118,132,223,250,48,218,driving,DoS
87.173291693,1,148,205,81,64,47,254,245,98,driving,DoS
87.173541693,0,199,9,166,123,1,32,43,6,driving,DoS
87.173791693,1,11,16,246,241,121,59,80,209,driving,DoS
87.174041693,0,104,244,128,36,248,24,106,93,driving,DoS
87.174291693,1,95,162,28,45,101,118,76,82,driving,DoS
87.174541693,0,243,132,149,189,135,179,145,144,driving,DoS
87.174791693,1,246,82,227,253,89,148,144,224,driving,DoS
87.175041693,0,235,38,233,159,12,208,200,198,driving,DoS
87.175291693,1,230,133,64,2,192,61,111,241,driving,DoS
87.175541693,0,219,84,97,231,192,43,67,162,driving,DoS
87.175791693,1,104,15,252,252,14,35,90,39,driving,DoS
87.176041693,0,90,42,82,207,111,161,57,187,driving,DoS
87.176291693,1,222,244,38,17,88,199,87,87,driving,DoS
87.176541693,0,166,52,102,98,162,214,66,147,driving,DoS
87.176791693,1,148,117,249,93,94,130,14,50,driving,DoS
87.177041693,0,85,181,67,29,22,135,125,95,driving,DoS
87.177291693,1,23,35,80,60,78,149,246,203,driving,DoS
87.177541693,0,214,220,238,105,13,98,49,250,driving,DoS
87.177791693,1,86,136,25,110,243,179,41,109,driving,DoS
87.178041693,0,249,212,132,57,155,52,194,253,driving,DoS
87.178291693,1,51,148,167,34,78,1,139,218,driving,DoS
87.178541693,0,179,127,172,46,134,20,191,206,driving,DoS
87.178791693,1,148,177,109,129,27,50,24,236,driving,DoS
87.179041693,0,186,89,231,242,84,71,173,241,driving,DoS
87.179291693,1,164,24,65,89,172,127,60,80,driving,DoS
87.179541693,0,94,243,86,190,137,146,187,161,driving,DoS
87.179791693,1,6,126,6,231,162,67,169,128,driving,DoS
87.180041693,0,219,240,225,76,121,192,226,248,driving,DoS
87.180291693,1,97,5,227,163,41,208,103,2,driving,DoS
87.180541693,0,205,218,92,207,247,153,6,19,driving,DoS
87.180791693,1,235,106,238,69,86,57,255,199,driving,DoS
87.181041693,0,140,7,111,204,35,146,182,155,driving,DoS
87.181291693,1,128,12,93,40,185,195,170,9,driving,DoS
87.181541693,0,166,143,153,36,138,91,64,114,driving,DoS
87.181791693,1,167,205,17,68,69,119,182,32,driving,DoS
87.182041693,0,41,249,153,207,96,212,124,23,driving,DoS
87.182291693,1,179,129,200,17,242,3,134,117,driving,DoS
87.182541693,0,172,53,249,191,98,41,224,82,driving,DoS
87.182791693,1,216,33,17,134,167,203,102,39,driving,DoS
87.183041693,0,128,228,203,53,91,215,171,25,driving,DoS
87.183291693,1,249,184,171,163,99,242,244,41,driving,DoS
87.183541693,0,218,214,22,207,168,39,53,228,driving,DoS
87.183791693,1,146,155,243,99,92,42,243,231,driving,DoS
87.184041693,0,165,150,162,236,146,244,236,11,driving,DoS
87.184291693,1,203,20,175,173,97,159,191,212,driving,DoS
87.184541693,0,145,118,85,238,186,157,42,36,driving,DoS
87.184791693,1,164,218,186,76,242,232,26,43,driving,DoS
87.185041693,0,176,196,82,199,205,41,29,188,driving,DoS
87.185291693,1,64,230,76,13,23,166,130,203,driving,DoS
87.185541693,0,121,52,216,142,209,20,204,205,driving,DoS
87.185791693,1,158,102,82,122,248,171,168,107,driving,DoS
87.186041693,0,103,115,116,45,134,127,79,183,driving,DoS
87.186291693,1,146,166,84,89,4,201,219,222,driving,DoS
87.186541693,0,164,106,132,255,229,44,17,10,driving,DoS
87.186791693,1,10,77,42,0,20,10,105,85,driving,DoS
87.187041693,0,214,204,209,46,238,6,207,131,driving,DoS
87.187291693,1,157,35,200,73,253,248,211,176,driving,DoS
87.187541693,0,1,75,151,82,181,31,43,78,driving,DoS
87.187791693,1,68,59,185,103,188,103,233,167,driving,DoS
87.188041693,0,80,246,37,237,202,201,59,192,driving,DoS
87.188291693,1,85,147,69,97,108,12,56,24,driving,DoS
87.188541693,0,242,22,59,224,236,150,157,202,driving,DoS
87.188791693,1,10,113,151,192,135,59,249,165,driving,DoS
87.189041693,0,4,233,103,48,67,104,113,59,driving,DoS
87.189291693,1,163,115,139,255,193,88,52,250,driving,DoS
87.189541693,0,146,36,15,113,231,178,53,152,driving,DoS
87.189791693,1,54,194,143,209,196,95,97,232,driving,DoS
87.190041693,0,98,66,227,201,16,81,148,211,driving,DoS
87.190291693,1,110,184,187,182,8,34,72,33,driving,DoS
87.190541693,0,41,134,178,66,164,97,172,187,driving,DoS
87.190791693,1,121,3,42,198,186,139,249,29,driving,DoS
87.191041693,0,172,148,131,184,51,133,160,75,driving,DoS
87.191291693,1,36,2,70,19,104,243,0,231,driving,DoS
87.191541693,0,37,126,219,11,147,67,34,72,driving,DoS
87.191791693,1,50,3,17,146,208,248,241,181,driving,DoS
87.192041693,0,73,41,20,30,145,220,160,153,driving,DoS
87.192291693,1,89,177,169,221,196,72,93,84,driving,DoS
87.192541693,0,28,164,136,145,48,235,45,9,driving,DoS
87.192791693,1,177,195,254,109,73,110,210,16,driving,DoS
87.193041693,0,238,4,194,128,252,72,123,171,driving,DoS
87.193291693,1,96,170,42,236,186,71,27,155,driving,DoS
87.193541693,0,237,247,11,20,156,100,3,228,driving,DoS
87.193791693,1,200,66,236,127,87,185,175,109,driving,DoS
87.194041693,0,80,235,157,110,119,79,202,82,driving,DoS
87.194291693,1,65,172,29,217,106,155,107,233,driving,DoS
87.194541693,0,120,70,118,1,36,133,210,131,driving,DoS
87.194791693,1,217,247,186,15,127,28,167,151,driving,DoS
87.195041693,0,43,161,84,31,108,253,53,22,driving,DoS
87.195291693,1,61,10,141,138,110,111,18,186,driving,DoS
87.195541693,0,22,27,123,130,21,209,10,28,driving,DoS
87.195791693,1,246,206,149,200,191,167,155,79,driving,DoS
87.196041693,0,83,179,94,237,225,199,180,239,driving,DoS
87.196291693,1,171,187,222,150,159,72,89,253,driving,DoS
87.196541693,0,252,174,11,44,107,74,184,66,driving,DoS
87.196791693,1,208,225,159,143,70,95,88,46,driving,DoS
87.197041693,0,217,197,29,181,89,97,52,140,driving,DoS
87.197291693,1,230,38,147,92,11,113,162,233,driving,DoS
87.197541693,0,255,230,112,61,90,129,25,148,driving,DoS
87.197791693,1,125,196,109,192,75,117,34,251,driving,DoS
87.198041693,0,173,179,104,111,239,102,152,247,driving,DoS
87.198291693,1,239,221,111,31,222,163,182,73,driving,DoS
87.198541693,0,232,220,182,153,198,34,176,250,driving,DoS
87.198791693,1,112,14,125,251,164,52,137,159,driving,DoS
87.199041693,0,64,102,209,239,209,58,10,235,driving,DoS
87.199291693,1,160,12,162,202,40,50,177,180,driving,DoS
87.199541693,0,186,49,22,252,153,62,205,195,driving,DoS
87.199791693,1,53,44,190,14,32,249,36,224,driving,DoS
87.200041693,0,64,233,4,40,95,212,109,59,driving,DoS
87.200291693,1,182,207,86,133,95,30,199,24,driving,DoS
87.200541693,0,191,35,49,206,246,213,5,175,driving,DoS
87.200791693,1,136,126,170,77,207,64,34,152,driving,DoS
87.201041693,0,229,42,0,67,126,88,254,53,driving,DoS
87.201291693,1,16,242,126,64,174,231,187,71,driving,DoS
87.201541693,0,61,92,122,18,103,153,31,166,driving,DoS
87.201791693,1,209,128,104,41,226,70,40,29,driving,DoS
87.202041693,0,143,202,107,34,36,197,232,8,driving,DoS
87.202291693,1,34,253,107,179,10,163,154,151,driving,DoS
87.202541693,0,185,97,55,54,113,48,76,183,driving,DoS
87.202791693,1,149,226,1,255,98,131,52,120,driving,DoS
87.203041693,0,183,10,175,142,3,230,210,130,driving,DoS
87.203291693,1,247,56,196,66,138,98,209,56,driving,DoS
87.203541693,0,97,45,151,170,119,144,4,239,driving,DoS
87.203791693,1,68,11,225,128,177,141,168,154,driving,DoS
87.204041693,0,27,90,67,82,227,247,193,2,driving,DoS
87.204291693,1,66,49,27,216,222,248,64,171,driving,DoS
87.204541693,0,90,229,98,145,130,138,179,62,driving,DoS
87.204791693,1,19,207,225,250,152,73,33,3,driving,DoS
87.205041693,0,98,7,212,106,141,151,102,250,driving,DoS
87.205291693,1,52,9,131,85,169,227,177,138,driving,DoS
87.205541693,0,94,117,235,122,172,107,132,233,driving,DoS
87.205791693,1,64,159,214,99,84,82,170,113,driving,DoS
87.206041693,0,172,13,94,93,229,228,133,202,driving,DoS
87.206291693,1,3,98,117,130,251,56,112,244,driving,DoS
87.206541693,0,4,173,252,251,171,71,83,93,driving,DoS
87.206791693,1,42,82,23,17,156,6,76,109,driving,DoS
87.207041693,0,143,68,24,96,115,245,107,154,driving,DoS
87.207291693,1,190,107,183,16,27,64,49,160,driving,DoS
87.207541693,0,210,122,101,206,193,212,143,96,driving,DoS
87.207791693,1,208,173,192,155,36,245,164,58,driving,DoS
87.208041693,0,112,158,150,161,164,126,82,199,driving,DoS
87.208291693,1,254,254,97,251,161,159,79,107,driving,DoS
87.208541693,0,45,201,55,203,214,204,117,124,driving,DoS
87.208791693,1,153,94,17,41,49,173,132,57,driving,DoS
87.209041693,0,194,88,151,237,233,2,182,132,driving,DoS
87.209291693,1,58,36,133,16,219,190,138,252,driving,DoS
87.209541693,0,203,180,48,92,217,247,140,8,driving,DoS
87.209791693,1,234,182,115,178,51,102,127,133,driving,DoS
87.210041693,0,187,211,84,110,113,154,166,216,driving,DoS
87.210291693,1,169,55,171,78,79,109,26,153,driving,DoS
87.210541693,0,249,205,18,175,218,229,209,186,driving,DoS
87.210791693,1,221,42,85,139,111,117,152,132,driving,DoS
87.211041693,0,49,159,195,248,196,104,76,190,driving,DoS
87.211291693,1,84,51,146,114,242,109,173,81,driving,DoS
87.211541693,0,24,115,43,41,200,215,229,135,driving,DoS
87.211791693,1,134,229,223,230,102,67,1,234,driving,DoS
87.212041693,0,32,44,49,206,129,128,58,73,driving,DoS
87.212291693,1,201,255,42,239,29,58,175,116,driving,DoS
87.212541693,0,236,137,10,179,139,39,33,153,driving,DoS
87.212791693,1,163,62,62,246,147,86,199,40,driving,DoS
87.213041693,0,159,67,72,227,158,14,151,183,driving,DoS
87.213291693,1,41,85,85,168,111,235,15,59,driving,DoS
87.213541693,0,25,120,176,231,141,114,44,59,driving,DoS
87.213791693,1,18,15,159,91,130,205,18,61,driving,DoS
87.214041693,0,77,183,132,234,91,204,116,51,driving,DoS
87.214291693,1,171,26,36,4,222,223,226,27,driving,DoS
87.214541693,0,137,66,183,229,9,109,164,142,driving,DoS
87.214791693,1,23,198,138,76,81,113,184,143,driving,DoS
87.215041693,0,248,203,40,214,144,144,38,89,driving,DoS
87.215291693,1,41,76,121,144,194,17,179,104,driving,DoS
87.215541693,0,255,21,200,74,237,73,115,171,driving,DoS
87.215791693,1,71,200,138,107,195,45,56,125,driving,DoS
87.216041693,0,242,29,164,240,52,221,82,143,driving,DoS
87.216291693,1,254,191,154,252,22,26,220,130,driving,DoS
87.216541693,0,210,60,136,192,143,125,180,207,driving,DoS
87.216791693,1,22,62,222,216,173,211,232,225,driving,DoS
87.217041693,0,170,118,70,157,230,172,110,107,driving,DoS
87.217291693,1,21,116,200,38,106,64,193,11,driving,DoS
87.217541693,0,126,203,57,190,224,146,67,96,driving,DoS
87.217791693,1,201,102,230,4,111,231,40,239,driving,DoS
87.218041693,0,37,221,164,10,233,145,206,59,driving,DoS
87.218291693,1,75,20,128,211,172,154,167,193,driving,DoS
87.218541693,0,162,222,199,113,197,107,200,99,driving,DoS
87.218791693,1,58,106,73,71,90,107,29,145,driving,DoS
87.219041693,0,93,49,29,118,251,95,15,154,driving,DoS
87.219291693,1,228,110,255,23,47,89,118,102,driving,DoS
87.219541693,0,171,229,111,253,241,177,3,41,driving,DoS
87.219791693,1,91,66,66,79,12,34,119,107,driving,DoS
87.220041693,0,227,7,146,164,242,136,3,164,driving,DoS
87.220291693,1,25,241,151,40,41,115,79,68,driving,DoS
87.220541693,0,100,210,216,159,122,75,221,114,driving,DoS
87.220791693,1,44,122,7,9,111,127,101,120,driving,DoS
87.221041693,0,222,233,101,207,35,153,31,145,driving,DoS
87.221291693,1,255,211,39,147,186,215,44,163,driving,DoS
87.221541693,0,55,56,38,5,203,147,77,94,driving,DoS
87.221791693,1,84,120,32,251,175,107,75,21,driving,DoS
87.222041693,0,32,19,38,3,246,81,117,75,driving,DoS
87.222291693,1,72,254,153,225,121,17,46,158,driving,DoS
87.222541693,0,136,63,3,104,157,137,128,77,driving,DoS
87.222791693,1,173,127,248,149,70,136,153,47,driving,DoS
87.223041693,0,253,169,134,243,255,22,79,110,driving,DoS
87.223291693,1,66,97,41,28,33,191,224,35,driving,DoS
87.223541693,0,47,5,149,122,227,89,122,158,driving,DoS
87.223791693,1,46,14,78,154,73,178,23,164,driving,DoS
87.224041693,0,199,104,54,28,192,80,216,150,driving,DoS
87.224291693,1,144,33,239,239,221,212,44,240,driving,DoS
87.224541693,0,218,224,95,213,64,10,154,87,driving,DoS
87.224791693,1,252,187,45,29,47,158,32,24,driving,DoS
87.225041693,0,14,76,176,91,108,24,198,176,driving,DoS
87.225291693,1,49,59,245,211,82,166,60,163,driving,DoS
87.225541693,0,77,13,21,158,213,12,186,140,driving,DoS
87.225791693,1,214,12,191,22,153,171,44,243,driving,DoS
87.226041693,0,7,132,64,25,144,245,107,11,driving,DoS
87.226291693,1,225,225,169,64,197,114,82,84,driving,DoS
87.226541693,0,130,151,59,119,118,98,164,27,driving,DoS
87.226791693,1,89,37,30,110,245,244,7,14,driving,DoS
87.227041693,0,72,122,109,162,71,101,169,12,driving,DoS
87.227291693,1,223,89,239,158,42,189,242,27,driving,DoS
87.227541693,0,103,85,201,18,135,49,194,51,driving,DoS
87.227791693,1,159,115,174,143,112,155,57,77,driving,DoS
87.228041693,0,157,177,161,231,146,215,151,119,driving,DoS
87.228291693,1,100,118,28,139,8,111,22,173,driving,DoS
87.228541693,0,41,60,184,179,120,175,1,220,driving,DoS
87.228791693,1,64,77,184,17,141,32,128,122,driving,DoS
87.229041693,0,226,100,121,109,34,90,104,195,driving,DoS
87.229291693,1,180,172,206,174,30,80,70,4,driving,DoS
87.229541693,0,9,191,97,152,253,78,230,189,driving,DoS
87.229791693,1,33,108,94,143,202,166,38,96,driving,DoS
87.230041693,0,189,50,130,222,58,85,22,58,driving,DoS
87.230291693,1,135,20,232,115,140,9,2,230,driving,DoS
87.230541693,0,227,38,215,30,51,15,112,56,driving,DoS
87.230791693,1,225,123,158,220,103,89,48,188,driving,DoS
87.231041693,0,184,113,123,237,164,103,52,253,driving,DoS
87.231291693,1,167,67,192,51,94,81,130,11,driving,DoS
87.231541693,0,24,16,68,160,101,252,171,42,driving,DoS
87.231791693,1,116,175,19,23,94,74,242,136,driving,DoS
87.232041693,0,6,251,190,249,133,69,117,177,driving,DoS
87.232291693,1,41,19,81,222,159,92,56,154,driving,DoS
87.232541693,0,71,152,37,198,119,142,146,251,driving,DoS
87.232791693,1,239,95,248,213,101,77,2,177,driving,DoS
87.233041693,0,188,41,187,238,2,128,181,96,driving,DoS
87.233291693,1,118,5,148,112,128,139,57,185,driving,DoS
87.233541693,0,73,199,240,149,149,112,122,252,driving,DoS
87.233791693,1,105,57,134,5,73,10,116,10,driving,DoS
87.234041693,0,25,54,3,113,46,35,59,153,driving,DoS
87.234291693,1,6,251,176,191,239,223,86,36,driving,DoS
87.234541693,0,213,110,129,156,147,119,30,170,driving,DoS
87.234791693,1,109,154,133,245,172,181,10,75,driving,DoS
87.235041693,0,117,74,49,201,41,119,234,43,driving,DoS
87.235291693,1,167,14,251,115,73,248,62,157,driving,DoS
87.235541693,0,194,114,178,175,150,72,156,222,driving,DoS
87.235791693,1,212,109,227,90,26,107,85,102,driving,DoS
87.236041693,0,114,79,64,246,31,159,133,122,driving,DoS
87.236291693,1,71,244,149,14,81,194,180,175,driving,DoS
87.236541693,0,165,92,134,187,25,84,120,126,driving,DoS
87.236791693,1,61,14,50,181,143,12,166,47,driving,DoS
87.237041693,0,129,120,90,242,115,249,136,23,driving,DoS
87.237291693,1,132,143,254,46,33,103,73,151,driving,DoS
87.237541693,0,19,208,76,36,145,209,48,118,driving,DoS
87.237791693,1,110,179,133,224,96,126,241,30,driving,DoS
87.238041693,0,86,164,164,177,200,97,148,61,driving,DoS
87.238291693,1,135,58,180,237,232,56,28,230,driving,DoS
87.238541693,0,128,69,73,96,219,212,184,69,driving,DoS
87.238791693,1,187,53,132,54,0,92,229,142,driving,DoS
87.239041693,0,162,231,140,191,210,178,76,190,driving,DoS
87.239291693,1,9,249,219,97,116,243,118,212,driving,DoS
87.239541693,0,147,103,191,118,253,57,92,50,driving,DoS
87.239791693,1,149,201,124,27,255,30,29,168,driving,DoS
87.240041693,0,105,10,131,87,200,111,76,122,driving,DoS
87.240291693,1,33,25,90,206,183,163,254,144,driving,DoS
87.240541693,0,244,135,149,102,202,201,251,116,driving,DoS
87.240791693,1,166,73,50,204,8,126,152,23,driving,DoS
87.241041693,0,85,233,143,1,108,104,136,200,driving,DoS
87.241291693,1,143,243,100,186,112,172,199,83,driving,DoS
87.241541693,0,53,166,149,76,213,68,211,232,driving,DoS
87.241791693,1,41,80,209,244,31,45,106,220,driving,DoS
87.242041693,0,33,47,211,198,224,112,95,72,driving,DoS
87.242291693,1,61,234,229,178,141,34,152,135,driving,DoS
87.242541693,0,249,245,91,12,143,174,115,114,driving,DoS
87.242791693,1,226,198,233,51,222,70,235,204,driving,DoS
87.243041693,0,76,139,125,209,25,205,113,19,driving,DoS
87.243291693,1,19,238,88,106,110,39,242,251,driving,DoS
87.243541693,0,104,186,214,113,94,38,55,232,driving,DoS
87.243791693,1,52,196,72,196,244,224,112,168,driving,DoS
87.244041693,0,59,24,180,236,108,153,153,210,driving,DoS
87.244291693,1,175,1,18,150,229,133,233,83,driving,DoS
87.244541693,0,119,204,50,198,210,78,20,227,driving,DoS
87.244791693,1,67,201,196,118,218,250,231,218,driving,DoS
87.245041693,0,118,192,197,117,190,65,243,122,driving,DoS
87.245291693,1,206,5,9,231,184,188,5,131,driving,DoS
87.245541693,0,4,141,58,100,118,26,50,33,driving,DoS
87.245791693,1,235,162,76,67,2,240,6,254,driving,DoS
87.246041693,0,247,205,63,89,191,212,35,212,driving,DoS
87.246291693,1,218,133,20,87,1,67,13,74,driving,DoS
87.246541693,0,87,91,154,150,198,221,42,211,driving,DoS
87.246791693,1,166,47,242,184,221,203,209,93,driving,DoS
87.247041693,0,206,181,254,26,152,111,102,100,driving,DoS
87.247291693,1,89,101,135,12,60,95,202,39,driving,DoS
87.247541693,0,233,207,130,187,229,227,151,85,driving,DoS
87.247791693,1,227,107,161,134,28,233,13,164,driving,DoS
87.248041693,0,153,239,79,24,68,221,137,198,driving,DoS
87.248291693,1,167,72,211,235,128,241,56,39,driving,DoS
87.248541693,0,219,209,22,250,118,58,23,14,driving,DoS
87.248791693,1,40,229,241,240,205,196,23,26,driving,DoS
87.249041693,0,91,81,7,12,127,220,157,66,driving,DoS
87.249291693,1,111,85,69,127,175,163,92,72,driving,DoS
87.249541693,0,15,159,51,84,133,172,205,95,driving,DoS
87.249791693,1,55,75,11,86,184,132,13,129,driving,DoS
87.250041693,0,54,40,96,206,170,133,178,81,driving,DoS
87.250291693,1,168,160,49,227,199,163,212,112,driving,DoS
87.250541693,0,215,155,165,13,90,208,75,246,driving,DoS
87.250791693,1,189,251,78,30,98,50,146,100,driving,DoS
87.251041693,0,5,207,51,153,121,90,187,148,driving,DoS
87.251291693,1,231,20,10,212,58,65,114,241,driving,DoS
87.251541693,0,36,30,132,155,30,253,49,53,driving,DoS
87.251791693,1,114,216,129,217,27,197,239,160,driving,DoS
87.252041693,0,13,96,51,72,235,247,19,172,driving,DoS
87.252291693,1,97,255,170,38,174,108,128,92,driving,DoS
87.252541693,0,231,27,117,236,252,103,118,1,driving,DoS
87.252791693,1,15,129,46,131,99,84,213,159,driving,DoS
87.253041693,0,154,63,4,135,68,105,72,7,driving,DoS
87.253291693,1,17,198,186,192,89,97,114,132,driving,DoS
87.253541693,0,248,34,117,152,85,47,32,145,driving,DoS
87.253791693,1,224,144,203,239,161,249,112,86,driving,DoS
87.254041693,0,162,43,128,55,170,214,35,233,driving,DoS
87.254291693,1,97,44,90,143,115,76,59,234,driving,DoS
87.254541693,0,78,129,242,204,58,236,140,24,driving,DoS
87.254791693,1,116,167,104,19,20,170,196,138,driving,DoS
87.255041693,0,63,229,79,250,107,138,28,200,driving,DoS
87.255291693,1,251,168,134,59,116,93,196,99,driving,DoS
87.255541693,0,2,52,163,28,67,67,103,22,driving,DoS
87.255791693,1,77,74,38,114,105,237,15,129,driving,DoS
87.256041693,0,164,21,110,209,8,254,84,152,driving,DoS
87.256291693,1,99,17,210,71,234,96,140,171,driving,DoS
87.256541693,0,63,70,189,59,226,74,171,170,driving,DoS
87.256791693,1,196,255,123,61,194,20,79,242,driving,DoS
87.257041693,0,217,100,151,225,214,185,200,48,driving,DoS
87.257291693,1,68,28,209,178,162,80,63,53,driving,DoS
87.257484854,260,0,128,30,51,0,50,5,0,driving,none
87.257541693,0,18,169,108,40,203,56,171,195,driving,DoS
87.257791693,1,200,241,172,227,53,108,137,37,driving,DoS
87.258041693,0,58,66,75,34,4,138,86,108,driving,DoS
87.258291693,1,166,92,129,230,204,163,183,148,driving,DoS
87.258541693,0,181,22,165,165,133,171,22,198,driving,DoS
87.258791693,1,25,156,123,243,147,155,143,0,driving,DoS
87.259041693,0,202,19,74,198,17,187,157,24,driving,DoS
87.259291693,1,176,67,53,9,95,0,254,238,driving,DoS
87.259541693,0,255,99,26,46,168,117,10,83,driving,DoS
87.259791693,1,112,105,103,198,238,229,31,176,driving,DoS
87.260041693,0,72,252,69,180,119,157,51,73,driving,DoS
87.260291693,1,229,53,114,73,191,112,127,71,driving,DoS
87.260541693,0,183,133,8,155,40,216,88,248,driving,DoS
87.260791693,1,140,90,70,49,65,57,45,166,driving,DoS
87.261041693,0,154,139,158,179,7,74,152,208,driving,DoS
87.261291693,1,37,9,36,199,47,1,253,52,driving,DoS
87.261541693,0,126,246,248,250,118,7,171,48,driving,DoS
87.261791693,1,155,201,5,228,97,252,88,29,driving,DoS
87.262041693,0,157,20,124,91,152,4,145,155,driving,DoS
87.262291693,1,10,52,81,38,227,175,217,105,driving,DoS
87.262541693,0,158,102,204,35,140,172,186,16,driving,DoS
87.262791693,1,43,80,8,128,122,42,81,222,driving,DoS
87.263041693,0,217,219,234,224,176,196,150,204,driving,DoS
87.263291693,1,103,195,123,105,77,17,144,48,driving,DoS
87.263541693,0,208,181,97,43,0,241,17,34,driving,DoS
87.263791693,1,155,194,57,240,29,83,243,116,driving,DoS
87.264041693,0,66,136,199,236,118,45,156,198,driving,DoS
87.264291693,1,143,80,170,14,89,121,72,135,driving,DoS
87.264541693,0,101,210,221,156,229,251,109,76,driving,DoS
87.264791693,1,127,251,80,130,84,84,44,126,driving,DoS
87.265041693,0,118,70,156,2,201,36,206,147,driving,DoS
87.265291693,1,206,10,183,202,76,229,129,189,driving,DoS
87.265541693,0,13,187,208,183,85,195,42,219,driving,DoS
87.265791693,1,48,102,141,113,36,79,173,24,driving,DoS
87.266041693,0,94,163,200,86,42,226,138,243,driving,DoS
87.266291693,1,223,24,153,152,29,152,75,136,driving,DoS
87.266541693,0,55,147,74,213,161,192,79,216,driving,DoS
87.266791693,1,36,202,28,131,206,152,126,13,driving,DoS
87.267041693,0,13,224,82,156,237,201,198,5,driving,DoS
87.267291693,1,182,111,36,111,246,107,236,145,driving,DoS
87.267541693,0,244,192,194,114,252,241,246,94,driving,DoS
87.267791693,1,156,90,131,86,247,159,36,90,driving,DoS
87.268041693,0,251,211,54,68,74,218,54,81,driving,DoS
87.268291693,1,143,236,229,146,37,159,19,208,driving,DoS
87.268541693,0,62,90,234,177,205,46,5,150,driving,DoS
87.268791693,1,18,217,241,96,73,165,201,136,driving,DoS
87.269041693,0,36,15,193,81,141,235,38,198,driving,DoS
87.269291693,1,177,200,99,214,162,35,93,13,driving,DoS
87.269541693,0,172,134,56,181,65,13,247,215,driving,DoS
87.269791693,1,153,237,247,3,58,215,192,70,driving,DoS
87.270041693,0,8,77,122,98,194,64,251,15,driving,DoS
87.270291693,1,204,190,124,36,106,241,169,198,driving,DoS
87.270541693,0,70,103,167,150,115,187,34,83,driving,DoS
87.270791693,1,9,159,184,212,112,181,186,70,driving,DoS
87.271041693,0,148,24,173,20,29,142,161,44,driving,DoS
87.271291693,1,11,204,195,208,6,191,22,161,driving,DoS
87.271541693,0,80,133,108,43,172,126,83,79,driving,DoS
87.271791693,1,191,250,28,86,56,54,210,199,driving,DoS
87.272041693,0,206,22,82,93,47,131,201,179,driving,DoS
87.272291693,1,222,48,246,56,187,132,96,196,driving,DoS
87.272541693,0,44,35,161,123,112,113,193,198,driving,DoS
87.272791693,1,156,145,100,144,238,144,117,26,driving,DoS
87.273041693,0,119,150,72,220,238,137,174,202,driving,DoS
87.273291693,1,222,33,55,168,179,204,39,209,driving,DoS
87.273541693,0,1,196,157,29,189,224,252,219,driving,DoS
87.273791693,1,213,14,38,241,80,195,49,145,driving,DoS
87.274041693,0,241,116,8,231,149,14,76,233,driving,DoS
87.274291693,1,254,68,254,103,6,57,218,156,driving,DoS
87.274541693,0,202,190,78,54,243,149,190,200,driving,DoS
87.274791693,1,160,136,100,216,151,155,115,11,driving,DoS
87.275041693,0,200,140,54,155,191,238,181,177,driving,DoS
87.275291693,1,232,100,33,175,217,231,240,67,driving,DoS
87.275541693,0,41,176,217,42,96,10,64,116,driving,DoS
87.275791693,1,82,246,206,110,46,201,145,255,driving,DoS
87.276041693,0,105,230,201,237,196,187,209,151,driving,DoS
87.276291693,1,255,55,41,246,182,116,136,19,driving,DoS
87.276541693,0,221,55,225,176,58,44,248,161,driving,DoS
87.276791693,1,214,111,144,143,29,211,25,78,driving,DoS
87.277041693,0,60,17,51,196,93,221,212,214,driving,DoS
87.277291693,1,245,83,232,122,109,89,91,194,driving,DoS
87.277484854,316,0,128,30,51,0,50,5,0,driving,none
87.277541693,0,106,251,102,33,211,89,155,99,driving,DoS
87.277791693,1,215,36,64,23,22,220,242,229,driving,DoS
87.278041693,0,80,216,234,61,189,216,44,154,driving,DoS
87.278291693,1,239,7,37,80,108,130,182,149,driving,DoS
87.278541693,0,40,195,141,197,13,249,55,179,driving,DoS
87.278791693,1,21,0,220,201,177,84,169,102,driving,DoS
87.279041693,0,25,16,133,167,191,240,204,171,driving,DoS
87.279291693,1,93,76,77,64,26,9,197,177,driving,DoS
87.279541693,0,244,231,156,59,152,139,69,28,driving,DoS
87.279791693,1,42,1,107,146,73,0,193,239,driving,DoS
87.280041693,0,88,34,255,14,143,219,213,241,driving,DoS
87.280291693,1,14,61,250,198,72,63,41,222,driving,DoS
87.280541693,0,247,55,75,120,20,135,199,175,driving,DoS
87.280791693,1,115,203,186,1,49,208,212,183,driving,DoS
87.281041693,0,52,115,216,208,83,85,78,19,driving,DoS
87.281291693,1,192,32,14,71,51,121,10,186,driving,DoS
87.281541693,0,12,195,120,133,248,99,150,36,driving,DoS
87.281791693,1,136,203,3,74,133,227,154,7,driving,DoS
87.282041693,0,239,154,106,159,159,145,57,239,driving,DoS
87.282291693,1,188,192,219,197,45,203,95,44,driving,DoS
87.282541693,0,113,87,120,92,191,5,58,247,driving,DoS
87.282791693,1,196,42,20,99,68,52,200,173,driving,DoS
87.283041693,0,2,235,76,193,243,17,169,38,driving,DoS
87.283291693,1,58,114,109,31,9,138,174,44,driving,DoS
87.283541693,0,202,240,95,42,124,5,138,66,driving,DoS
87.283791693,1,16,44,187,31,179,81,244,116,driving,DoS
87.284041693,0,56,40,224,201,179,210,251,95,driving,DoS
87.284291693,1,95,140,55,80,199,171,12,127,driving,DoS
87.284541693,0,159,63,27,49,181,95,81,92,driving,DoS
87.284791693,1,135,91,138,130,134,14,204,221,driving,DoS
87.285041693,0,43,176,90,65,68,26,251,197,driving,DoS
87.285291693,1,142,197,33,96,86,178,172,60,driving,DoS
87.285541693,0,150,112,90,38,58,247,87,143,driving,DoS
87.285791693,1,179,193,31,176,39,89,28,19,driving,DoS
87.286041693,0,211,58,231,1,253,56,102,174,driving,DoS
87.286291693,1,114,157,226,100,76,135,79,30,driving,DoS
87.286541693,0,183,237,30,114,220,186,191,95,driving,DoS
87.286791693,1,161,244,13,252,95,245,80,0,driving,DoS
87.287041693,0,134,220,36,35,224,73,43,116,driving,DoS
87.287291693,1,245,26,92,220,36,196,250,47,driving,DoS
87.287541693,0,197,243,92,254,27,77,74,149,driving,DoS
87.287791693,1,40,19,84,213,82,49,8,105,driving,DoS
87.288041693,0,6,105,95,9,44,155,115,62,driving,DoS
87.288291693,1,121,130,34,168,126,46,35,85,driving,DoS
87.288541693,0,117,27,246,118,40,117,236,73,driving,DoS
87.288791693,1,241,91,230,236,37,107,20,154,driving,DoS
87.289041693,0,72,118,240,204,11,3,7,247,driving,DoS
87.289291693,1,234,218,144,80,235,233,17,236,driving,DoS
87.289541693,0,188,76,191,125,33,96,165,157,driving,DoS
87.289791693,1,34,115,62,235,133,128,171,62,driving,DoS
87.290041693,0,183,129,143,87,114,105,133,130,driving,DoS
87.290291693,1,21,89,190,185,169,32,4,77,driving,DoS
87.290541693,0,52,227,49,0,231,140,166,124,driving,DoS
87.290791693,1,41,173,221,147,203,5,229,68,driving,DoS
87.291041693,0,173,128,255,253,255,169,120,60,driving,DoS
87.291291693,1,230,222,115,188,97,66,140,241,driving,DoS
87.291541693,0,40,57,5,60,218,77,58,245,driving,DoS
87.291791693,1,130,145,215,103,46,214,45,176,driving,DoS
87.292041693,0,37,198,147,58,9,252,24,138,driving,DoS
87.292291693,1,142,174,59,192,147,92,122,12,driving,DoS
87.292541693,0,194,217,33,7,58,245,139,150,driving,DoS
87.292791693,1,83,163,82,137,209,237,61,111,driving,DoS
87.293041693,0,31,195,151,249,101,12,245,180,driving,DoS
87.293291693,1,98,174,104,82,139,106,168,184,driving,DoS
87.293541693,0,58,120,97,115,35,209,190,137,driving,DoS
87.293791693,1,100,68,125,93,141,212,112,179,driving,DoS
87.294041693,0,182,63,214,254,99,254,242,246,driving,DoS
87.294291693,1,80,27,157,117,254,61,139,72,driving,DoS
87.294541693,0,238,56,192,217,161,213,144,181,driving,DoS
87.294791693,1,184,111,83,133,9,104,136,249,driving,DoS
87.295041693,0,221,205,153,189,136,156,0,213,driving,DoS
87.295291693,1,201,153,76,174,110,82,96,203,driving,DoS
87.295541693,0,118,2,15,37,50,250,89,58,driving,DoS
87.295791693,1,97,96,8,84,18,14,181,219,driving,DoS
87.296041693,0,174,229,84,103,219,63,208,24,driving,DoS
87.296291693,1,39,219,35,55,124,220,138,30,driving,DoS
87.296541693,0,211,170,16,184,38,158,23,151,driving,DoS
87.296791693,1,252,249,123,181,18,120,61,154,driving,DoS
87.297041693,0,235,150,32,198,114,93,84,160,driving,DoS
87.297291693,1,181,208,114,117,216,208,2,94,driving,DoS
87.297484854,329,0,128,30,51,0,50,5,0,driving,none
87.297541693,0,114,171,75,47,254,68,54,60,driving,DoS
87.297791693,1,89,35,126,14,165,37,10,79,driving,DoS
87.298041693,0,232,43,9,180,44,135,235,214,driving,DoS
87.298291693,1,26,170,193,71,124,111,18,130,driving,DoS
87.298541693,0,234,230,206,172,136,101,133,197,driving,DoS
87.298791693,1,140,166,79,165,132,206,105,244,driving,DoS
87.299041693,0,106,127,112,5,21,114,3,139,driving,DoS
87.299291693,1,233,50,195,207,77,120,145,90,driving,DoS
87.299541693,0,187,126,23,61,64,45,147,6,driving,DoS
87.299791693,1,1,55,45,69,176,68,26,249,driving,DoS
87.300041693,0,52,253,149,50,155,197,178,213,driving,DoS
87.300291693,1,213,121,230,22,252,19,133,120,driving,DoS
87.300541693,0,243,99,233,188,41,130,120,191,driving,DoS
87.300791693,1,122,164,179,134,219,84,64,78,driving,DoS
87.301041693,0,153,234,207,198,18,28,249,157,driving,DoS
87.301291693,1,0,46,78,194,55,115,191,50,driving,DoS
87.301541693,0,188,51,152,49,189,152,29,29,driving,DoS
87.301791693,1,159,205,171,222,3,128,197,188,driving,DoS
87.302041693,0,138,139,160,193,239,236,184,188,driving,DoS
87.302291693,1,219,34,82,125,149,8,23,41,driving,DoS
87.302541693,0,167,68,91,13,150,12,45,182,driving,DoS
87.302791693,1,13,247,220,84,138,87,11,50,driving,DoS
87.303041693,0,75,55,235,69,94,21,153,113,driving,DoS
87.303291693,1,130,89,95,12,70,152,43,184,driving,DoS
87.303541693,0,237,233,243,108,147,56,122,228,driving,DoS
87.303791693,1,76,106,20,233,115,161,252,50,driving,DoS
87.304041693,0,108,199,35,227,238,130,254,184,driving,DoS
87.304291693,1,106,186,83,164,163,126,163,165,driving,DoS
87.304541693,0,174,61,161,138,53,149,127,215,driving,DoS
87.304791693,1,27,147,122,252,65,146,120,1,driving,DoS
87.305041693,0,150,207,16,218,134,60,152,153,driving,DoS
87.305291693,1,78,185,25,195,98,127,254,169,driving,DoS
87.305541693,0,248,24,51,167,182,8,0,219,driving,DoS
87.305791693,1,103,173,147,170,139,177,3,164,driving,DoS
87.306041693,0,92,199,176,122,247,23,130,242,driving,DoS
87.306291693,1,210,31,181,202,120,160,27,181,driving,DoS
87.306541693,0,50,121,141,157,15,93,234,185,driving,DoS
87.306791693,1,185,134,251,27,63,141,90,173,driving,DoS
87.307041693,0,10,123,103,219,125,194,115,153,driving,DoS
87.307291693,1,18,79,52,63,14,137,177,152,driving,DoS
87.307541693,0,21,147,199,13,202,184,96,156,driving,DoS
87.307791693,1,109,10,216,210,223,101,158,63,driving,DoS
87.308041693,0,212,192,27,191,165,252,230,97,driving,DoS
87.308291693,1,20,133,183,172,151,98,213,95,driving,DoS
87.308541693,0,113,98,41,108,37,79,38,23,driving,DoS
87.308791693,1,63,60,20,111,250,241,97,13,driving,DoS
87.309041693,0,17,228,255,48,206,231,5,213,driving,DoS
87.309291693,1,197,220,152,102,100,45,221,164,driving,DoS
87.309541693,0,16,109,115,33,92,251,71,150,driving,DoS
87.309791693,1,22,55,137,27,184,156,102,117,driving,DoS
87.310041693,0,143,192,135,244,125,144,127,162,driving,DoS
87.310291693,1,109,249,91,188,6,46,172,118,driving,DoS
87.310541693,0,188,144,211,78,9,18,104,93,driving,DoS
87.310791693,1,115,18,83,5,57,69,194,204,driving,DoS
87.311041693,0,30,56,251,117,181,165,186,186,driving,DoS
87.311291693,1,181,25,176,48,47,238,192,46,driving,DoS
87.311541693,0,154,81,197,214,70,151,156,116,driving,DoS
87.311791693,1,210,253,244,1,131,45,44,8,driving,DoS
87.312041693,0,20,27,91,201,141,52,103,164,driving,DoS
87.312291693,1,244,132,183,207,136,71,190,76,driving,DoS
87.312541693,0,251,173,109,46,226,250,35,3,driving,DoS
87.312791693,1,185,118,226,89,183,209,176,197,driving,DoS
87.313041693,0,114,106,254,101,131,98,157,37,driving,DoS
87.313291693,1,30,12,15,12,86,128,90,11,driving,DoS
87.313541693,0,36,67,230,236,192,14,199,203,driving,DoS
87.313791693,1,68,191,189,241,241,151,152,56,driving,DoS
87.314041693,0,49,66,159,146,89,47,247,89,driving,DoS
87.314291693,1,248,129,76,39,131,28,147,242,driving,DoS
87.314541693,0,44,103,221,245,56,223,35,213,driving,DoS
87.314791693,1,150,38,78,196,120,64,231,157,driving,DoS
87.315041693,0,44,156,179,176,1,238,122,108,driving,DoS
87.315291693,1,100,23,244,23,113,82,140,87,driving,DoS
87.315541693,0,184,79,254,30,149,228,118,142,driving,DoS
87.315791693,1,156,156,199,107,150,196,133,246,driving,DoS
87.316041693,0,131,221,173,62,127,50,42,7,driving,DoS
87.316291693,1,36,190,65,84,37,47,179,181,driving,DoS
87.316541693,0,36,83,100,217,210,196,16,88,driving,DoS
87.316791693,1,118,75,121,190,51,36,126,168,driving,DoS
87.317041693,0,84,88,165,135,146,185,230,9,driving,DoS
87.317291693,1,107,40,240,205,52,28,44,109,driving,DoS
87.317484854,545,0,128,30,51,0,50,5,0,driving,none
87.317541693,0,81,142,240,27,246,96,29,50,driving,DoS
87.317791693,1,149,40,142,92,114,224,183,224,driving,DoS
87.318041693,0,141,175,140,191,62,226,118,99,driving,DoS
87.318291693,1,2,34,208,173,134,233,200,188,driving,DoS
87.318541693,0,229,46,190,37,215,200,180,171,driving,DoS
87.318791693,1,47,224,74,198,128,78,39,110,driving,DoS
87.319041693,0,222,27,58,245,47,155,247,81,driving,DoS
87.319291693,1,88,64,145,169,102,50,207,162,driving,DoS
87.319541693,0,41,196,144,148,50,7,170,137,driving,DoS
87.319791693,1,5,14,166,115,6,139,81,9,driving,DoS
87.320041693,0,238,203,54,19,237,218,168,40,driving,DoS
87.320291693,1,115,51,53,255,11,235,39,170,driving,DoS
87.320541693,0,229,133,61,216,248,34,216,164,driving,DoS
87.320791693,1,221,241,25,220,220,252,168,60,driving,DoS
87.321041693,0,217,91,11,103,188,74,187,239,driving,DoS
87.321291693,1,153,30,33,172,147,42,188,9,driving,DoS
87.321541693,0,204,174,45,54,46,41,194,250,driving,DoS
87.321791693,1,250,102,139,28,164,59,129,206,driving,DoS
87.322041693,0,210,231,191,234,51,194,162,148,driving,DoS
87.322291693,1,12,71,98,48,102,147,94,197,driving,DoS
87.322541693,0,100,195,176,236,48,112,180,237,driving,DoS
87.322791693,1,11,23,54,216,149,177,33,74,driving,DoS
87.323041693,0,86,138,31,89,113,227,96,22,driving,DoS
87.323291693,1,103,59,151,238,200,26,140,1,driving,DoS
87.323541693,0,202,94,216,73,82,77,178,182,driving,DoS
87.323791693,1,103,226,218,86,60,2,184,102,driving,DoS
87.324041693,0,92,227,66,224,69,20,221,203,driving,DoS
87.324291693,1,237,188,140,7,186,254,109,8,driving,DoS
87.324541693,0,123,233,165,123,241,130,191,31,driving,DoS
87.324791693,1,104,2,205,71,133,62,226,26,driving,DoS
87.325041693,0,142,214,249,76,152,69,228,43,driving,DoS
87.325291693,1,35,219,108,231,14,18,137,229,driving,DoS
87.325541693,0,74,0,85,86,109,226,249,1,driving,DoS
87.325791693,1,225,243,19,35,161,86,153,88,driving,DoS
87.326041693,0,136,145,127,44,22,64,111,73,driving,DoS
87.326291693,1,48,11,109,206,241,135,18,18,driving,DoS
87.326541693,0,94,174,134,75,254,12,110,55,driving,DoS
87.326791693,1,62,31,121,142,96,15,233,53,driving,DoS
87.327041693,0,154,111,21,169,157,176,12,67,driving,DoS
87.327291693,1,252,183,203,188,49,252,143,153,driving,DoS
87.327541693,0,213,224,132,79,87,97,87,204,driving,DoS
87.327791693,1,130,84,171,4,155,208,142,236,driving,DoS
87.328041693,0,47,248,149,71,198,185,152,27,driving,DoS
87.328291693,1,208,222,43,76,138,176,13,42,driving,DoS
87.328541693,0,35,221,19,51,80,138,58,53,driving,DoS
87.328791693,1,51,209,27,233,203,91,51,11,driving,DoS
87.329041693,0,204,83,209,92,47,192,138,240,driving,DoS
87.329291693,1,92,9,80,24,194,99,35,159,driving,DoS
87.329541693,0,34,17,66,143,131,109,93,182,driving,DoS
87.329791693,1,152,2,176,223,199,146,75,201,driving,DoS
87.330041693,0,63,251,88,141,234,70,251,106,driving,DoS
87.330291693,1,34,251,18,222,24,158,136,199,driving,DoS
87.330541693,0,72,8,107,226,144,147,181,243,driving,DoS
87.330791693,1,37,39,223,244,102,144,75,37,driving,DoS
87.331041693,0,130,74,46,50,142,12,237,39,driving,DoS
87.331291693,1,118,223,194,159,67,5,253,29,driving,DoS
87.331541693,0,98,113,149,88,236,58,112,135,driving,DoS
87.331791693,1,73,152,250,29,213,152,68,65,driving,DoS
87.332041693,0,65,161,227,49,215,148,25,14,driving,DoS
87.332291693,1,143,184,83,134,60,136,113,143,driving,DoS
87.332541693,0,186,219,157,209,202,111,246,40,driving,DoS
87.332791693,1,21,46,71,22,197,106,123,181,driving,DoS
87.333041693,0,252,182,244,139,239,161,207,235,driving,DoS
87.333291693,1,182,214,143,193,216,253,193,203,driving,DoS
87.333541693,0,225,130,47,112,154,52,201,142,driving,DoS
87.333791693,1,6,108,85,154,72,82,56,216,driving,DoS
87.334041693,0,130,180,102,69,145,146,68,61,driving,DoS
87.334291693,1,156,204,48,6,8,145,98,161,driving,DoS
87.334541693,0,21,27,171,51,98,216,187,38,driving,DoS
87.334791693,1,149,204,29,165,43,116,246,211,driving,DoS
87.335041693,0,180,104,234,16,18,164,234,110,driving,DoS
87.335291693,1,130,46,8,25,254,183,18,169,driving,DoS
87.335541693,0,30,108,165,139,190,57,107,220,driving,DoS
87.335791693,1,140,19,64,152,89,76,22,170,driving,DoS
87.336041693,0,164,1,97,51,74,49,184,172,driving,DoS
87.336291693,1,182,188,88,137,35,224,56,221,driving,DoS
87.336541693,0,200,173,165,110,194,23,60,44,driving,DoS
87.336791693,1,55,240,0,104,66,22,127,77,driving,DoS
87.337041693,0,181,102,102,203,36,146,136,62,driving,DoS
87.337291693,1,240,79,36,214,173,37,159,61,driving,DoS
87.337541693,0,32,50,150,209,255,91,194,59,driving,DoS
87.337791693,1,60,252,120,244,7,88,62,191,driving,DoS
87.338041693,0,106,131,179,21,104,185,166,203,driving,DoS
87.338291693,1,236,114,45,101,54,77,60,103,driving,DoS
87.338541693,0,38,94,158,101,130,195,194,198,driving,DoS
87.338791693,1,65,56,103,193,91,40,171,116,driving,DoS
87.339041693,0,141,132,7,196,1,39,149,214,driving,DoS
87.339291693,1,57,67,4,175,140,144,131,231,driving,DoS
87.339541693,0,190,112,102,217,31,14,245,151,driving,DoS
87.339791693,1,55,103,96,189,120,108,125,219,driving,DoS
87.340041693,0,140,32,226,179,56,15,1,229,driving,DoS
87.340291693,1,179,197,188,72,172,167,133,122,driving,DoS
87.340541693,0,218,192,45,72,101,174,249,1,driving,DoS
87.340791693,1,173,2,245,105,21,31,246,65,driving,DoS
87.341041693,0,128,160,197,127,198,218,206,226,driving,DoS
87.341291693,1,99,50,109,207,91,203,126,104,driving,DoS
87.341541693,0,234,171,157,250,11,60,40,92,driving,DoS
87.341791693,1,42,147,100,183,97,116,132,82,driving,DoS
87.342041693,0,227,87,76,61,179,213,188,195,driving,DoS
87.342291693,1,7,150,27,89,237,144,156,235,driving,DoS
87.342541693,0,237,9,196,143,40,105,122,172,driving,DoS
87.342791693,1,255,81,79,137,145,66,118,166,driving,DoS
87.343041693,0,22,207,159,110,126,114,199,13,driving,DoS
87.343291693,1,200,74,216,100,75,117,56,70,driving,DoS
87.343541693,0,151,240,241,142,181,131,184,214,driving,DoS
87.343791693,1,7,98,62,210,197,184,93,243,driving,DoS
87.344041693,0,159,58,90,211,150,164,145,66,driving,DoS
87.344291693,1,235,253,63,177,41,62,134,56,driving,DoS
87.344541693,0,116,204,152,158,228,241,82,49,driving,DoS
87.344791693,1,61,145,158,22,59,130,228,0,driving,DoS
87.345041693,0,90,101,45,193,56,241,73,180,driving,DoS
87.345291693,1,68,132,134,87,226,60,14,135,driving,DoS
87.345541693,0,184,166,46,89,190,59,82,55,driving,DoS
87.345791693,1,244,156,157,227,191,216,117,200,driving,DoS
87.346041693,0,175,63,111,240,12,155,234,21,driving,DoS
87.346291693,1,83,98,232,63,83,185,11,192,driving,DoS
87.346541693,0,94,56,70,3,112,188,61,123,driving,DoS
87.346791693,1,227,169,42,221,93,135,191,76,driving,DoS
87.347041693,0,135,16,187,185,238,88,119,185,driving,DoS
87.347291693,1,32,160,183,80,86,79,224,247,driving,DoS
87.347541693,0,17,93,186,145,181,163,160,145,driving,DoS
87.347791693,1,69,80,19,164,150,231,91,56,driving,DoS
87.348041693,0,95,205,229,122,127,187,120,233,driving,DoS
87.348291693,1,14,219,110,74,105,26,1,38,driving,DoS
87.348541693,0,225,43,181,182,244,220,96,67,driving,DoS
87.348791693,1,191,61,201,211,64,36,178,216,driving,DoS
87.349041693,0,242,138,192,105,254,144,251,26,driving,DoS
87.349291693,1,121,8,108,211,201,124,218,27,driving,DoS
87.349541693,0,65,197,232,59,233,170,132,10,driving,DoS
87.349791693,1,170,115,34,208,169,166,93,95,driving,DoS
87.350041693,0,240,199,63,228,80,236,139,213,driving,DoS
87.350291693,1,29,5,125,150,46,0,191,88,driving,DoS
87.350541693,0,230,14,120,190,45,244,44,137,driving,DoS
87.350791693,1,227,132,173,7,10,244,25,218,driving,DoS
87.351041693,0,136,132,25,242,36,88,164,117,driving,DoS
87.351291693,1,147,214,54,49,166,168,171,93,driving,DoS
87.351541693,0,133,15,70,224,94,27,58,185,driving,DoS
87.351791693,1,32,58,117,15,116,179,97,56,driving,DoS
87.352041693,0,38,222,165,63,180,65,75,105,driving,DoS
87.352291693,1,134,167,28,216,14,245,38,111,driving,DoS
87.352541693,0,249,196,196,239,6,31,196,5,driving,DoS
87.352791693,1,219,27,175,30,214,148,14,181,driving,DoS
87.353041693,0,48,45,117,91,141,11,49,150,driving,DoS
87.353291693,1,143,20,232,10,139,103,98,164,driving,DoS
87.353541693,0,115,51,232,97,74,148,221,55,driving,DoS
87.353791693,1,179,183,80,79,148,41,34,127,driving,DoS
87.354041693,0,133,40,150,53,70,212,68,196,driving,DoS
87.354291693,1,189,112,167,89,241,122,104,209,driving,DoS
87.354541693,0,165,208,13,209,137,166,207,140,driving,DoS
87.354791693,1,224,26,110,41,191,251,219,169,driving,DoS
87.355041693,0,53,92,124,129,131,130,111,2,driving,DoS
87.355291693,1,237,158,168,232,134,128,31,86,driving,DoS
87.355541693,0,119,29,245,242,58,158,197,168,driving,DoS
87.355791693,1,16,76,216,6,38,39,127,227,driving,DoS
87.356041693,0,209,34,16,37,49,112,242,28,driving,DoS
87.356291693,1,57,56,22,145,235,1,137,141,driving,DoS
87.356541693,0,129,130,161,117,68,178,207,240,driving,DoS
87.356791693,1,68,45,32,169,38,44,3,139,driving,DoS
87.357041693,0,185,67,205,181,67,36,208,174,driving,DoS
87.357291693,1,182,45,153,222,88,5,0,3,driving,DoS
87.357541693,0,241,215,152,54,157,122,234,227,driving,DoS
87.357791693,1,84,81,91,188,166,219,97,40,driving,DoS
87.358041693,0,142,118,181,147,36,22,252,102,driving,DoS
87.358291693,1,73,237,213,36,20,121,229,241,driving,DoS
87.358541693,0,231,126,45,49,4,87,163,98,driving,DoS
87.358791693,1,232,163,112,106,169,160,58,177,driving,DoS
87.359041693,0,34,151,140,20,10,253,135,220,driving,DoS
87.359291693,1,242,68,116,234,41,53,73,49,driving,DoS
87.359541693,0,24,224,193,16,165,186,162,237,driving,DoS
87.359791693,1,23,128,73,188,114,224,239,208,driving,DoS
87.360041693,0,208,244,127,67,191,138,200,195,driving,DoS
87.360291693,1,15,248,3,90,240,109,253,65,driving,DoS
87.360541693,0,107,14,184,233,59,79,59,206,driving,DoS
87.360791693,1,223,92,196,197,92,244,117,135,driving,DoS
87.361041693,0,86,30,135,87,203,166,149,148,driving,DoS
87.361291693,1,201,1,206,169,122,74,36,39,driving,DoS
87.361541693,0,117,96,16,142,152,64,48,244,driving,DoS
87.361791693,1,166,107,153,177,213,128,179,7,driving,DoS
87.362041693,0,145,159,212,86,132,12,158,149,driving,DoS
87.362291693,1,49,207,110,46,217,197,147,48,driving,DoS
87.362541693,0,249,28,27,31,113,112,225,8,driving,DoS
87.362791693,1,131,225,136,64,59,67,20,217,driving,DoS
87.363041693,0,202,10,191,13,166,214,3,67,driving,DoS
87.363291693,1,49,254,26,5,224,72,141,76,driving,DoS
87.363541693,0,31,244,168,120,9,227,236,74,driving,DoS
87.363791693,1,77,194,216,200,227,115,142,161,driving,DoS
87.364041693,0,223,31,45,166,18,22,190,165,driving,DoS
87.364291693,1,138,34,149,199,179,34,223,254,driving,DoS
87.364541693,0,86,56,73,225,33,163,72,207,driving,DoS
87.364791693,1,47,247,62,214,240,30,220,123,driving,DoS
87.365041693,0,242,71,13,34,223,130,161,132,driving,DoS
87.365291693,1,236,40,126,112,68,166,46,208,driving,DoS
87.365541693,0,106,129,46,116,9,18,155,123,driving,DoS
87.365791693,1,196,73,190,200,58,170,125,122,driving,DoS
87.366041693,0,3,175,41,255,194,84,144,1,driving,DoS
87.366291693,1,143,219,193,47,14,32,17,222,driving,DoS
87.366541693,0,33,177,34,192,46,103,76,220,driving,DoS
87.366791693,1,166,98,219,197,57,153,182,8,driving,DoS
87.367041693,0,39,36,245,185,29,116,237,154,driving,DoS
87.367291693,1,103,197,38,90,173,33,145,85,driving,DoS
87.367541693,0,198,49,40,66,159,32,167,81,driving,DoS
87.367791693,1,34,79,41,122,108,232,105,8,driving,DoS
87.368041693,0,23,197,19,120,81,227,183,236,driving,DoS
87.368291693,1,116,239,236,188,223,151,52,11,driving,DoS
87.368541693,0,157,189,70,16,245,64,172,139,driving,DoS
87.368791693,1,3,98,253,197,134,153,40,98,driving,DoS
87.369041693,0,121,11,130,163,184,79,69,191,driving,DoS
87.369291693,1,165,148,130,64,86,174,36,132,driving,DoS
87.369541693,0,46,120,200,103,75,179,161,220,driving,DoS
87.369791693,1,55,120,108,97,109,5,178,218,driving,DoS
87.370041693,0,50,116,55,39,63,124,252,71,driving,DoS
87.370291693,1,105,215,240,27,92,63,108,189,driving,DoS
87.370541693,0,90,77,39,60,39,53,15,110,driving,DoS
87.370791693,1,25,246,109,112,105,23,32,96,driving,DoS
87.371041693,0,42,216,10,82,9,78,208,60,driving,DoS
87.371291693,1,61,136,120,104,162,215,91,127,driving,DoS
87.371541693,0,189,4,185,231,248,223,18,234,driving,DoS
87.371791693,1,208,253,26,91,143,145,214,133,driving,DoS
87.372041693,0,139,81,102,176,195,139,139,14,driving,DoS
87.372291693,1,95,241,14,74,20,248,190,130,driving,DoS
87.372541693,0,74,78,134,18,46,154,237,198,driving,DoS
87.372791693,1,106,205,97,55,171,200,182,192,driving,DoS
87.373041693,0,213,54,139,27,126,138,129,174,driving,DoS
87.373291693,1,141,166,123,215,232,96,88,213,driving,DoS
87.373541693,0,97,111,133,176,227,29,36,36,driving,DoS
87.373791693,1,242,183,193,208,44,149,156,217,driving,DoS
87.374041693,0,199,191,137,30,179,240,62,25,driving,DoS
87.374291693,1,247,22,196,59,49,131,7,90,driving,DoS
87.374541693,0,85,109,173,213,5,193,179,171,driving,DoS
87.374791693,1,180,88,91,185,11,154,147,109,driving,DoS
87.375041693,0,222,9,138,147,202,33,55,253,driving,DoS
87.375291693,1,145,165,225,161,225,206,66,221,driving,DoS
87.375541693,0,109,222,6,18,243,119,24,113,driving,DoS
87.375791693,1,217,181,17,238,239,140,216,224,driving,DoS
87.376041693,0,128,110,99,152,3,233,27,164,driving,DoS
87.376291693,1,173,172,15,56,102,105,99,148,driving,DoS
87.376541693,0,116,45,240,68,249,147,216,114,driving,DoS
87.376791693,1,49,182,120,131,10,74,200,63,driving,DoS
87.377041693,0,24,62,169,163,77,195,106,86,driving,DoS
87.377291693,1,106,42,23,227,172,240,242,144,driving,DoS
87.377541693,0,214,72,16,190,148,68,9,44,driving,DoS
87.377791693,1,46,214,200,88,240,84,204,116,driving,DoS
87.378041693,0,155,23,40,47,144,224,225,131,driving,DoS
87.378291693,1,55,38,64,237,40,182,52,99,driving,DoS
87.378541693,0,56,138,86,71,239,212,112,138,driving,DoS
87.378791693,1,107,134,221,119,190,228,53,205,driving,DoS
87.379041693,0,100,162,143,241,118,238,146,170,driving,DoS
87.379291693,1,235,56,159,228,94,229,135,233,driving,DoS
87.379541693,0,103,63,13,226,37,65,126,97,driving,DoS
87.379791693,1,217,226,52,74,55,169,181,138,driving,DoS
87.380041693,0,81,112,224,125,231,231,10,138,driving,DoS
87.380291693,1,52,128,172,211,42,110,202,138,driving,DoS
87.380541693,0,99,77,124,188,16,204,124,65,driving,DoS
87.380791693,1,234,231,164,173,133,146,19,7,driving,DoS
87.381041693,0,144,76,34,1,248,170,235,208,driving,DoS
87.381291693,1,2,35,207,213,199,226,104,95,driving,DoS
87.381541693,0,252,99,198,16,252,21,249,93,driving,DoS
87.381791693,1,8,255,120,124,36,6,55,96,driving,DoS
87.382041693,0,206,66,143,2,97,41,171,76,driving,DoS
87.382291693,1,193,133,202,246,146,129,164,210,driving,DoS
87.382541693,0,98,91,74,168,11,187,156,195,driving,DoS
87.382791693,1,238,147,5,191,169,134,245,146,driving,DoS
87.383041693,0,92,3,14,65,76,114,155,113,driving,DoS
87.383291693,1,231,48,151,89,145,98,30,62,driving,DoS
87.383541693,0,125,236,91,139,80,151,16,206,driving,DoS
87.383791693,1,214,162,251,114,172,119,238,161,driving,DoS
87.384041693,0,55,90,77,6,248,70,43,162,driving,DoS
87.384291693,1,24,168,196,2,90,94,76,137,driving,DoS
87.384541693,0,253,18,118,86,43,121,97,237,driving,DoS
87.384791693,1,8,30,198,158,5,209,142,75,driving,DoS
87.385041693,0,118,185,167,187,20,224,96,89,driving,DoS
87.385291693,1,3,19,68,65,153,136,62,112,driving,DoS
87.385541693,0,20,196,51,0,189,162,248,28,driving,DoS
87.385791693,1,143,62,96,208,130,0,195,140,driving,DoS
87.386041693,0,50,191,55,63,69,93,87,147,driving,DoS
87.386291693,1,57,114,84,190,31,39,13,65,driving,DoS
87.386541693,0,125,91,99,80,61,111,69,161,driving,DoS
87.386791693,1,61,144,95,253,119,162,18,88,driving,DoS
87.387041693,0,70,51,137,43,200,47,26,43,driving,DoS
87.387291693,1,173,114,72,47,0,168,245,152,driving,DoS
87.387541693,0,91,45,150,126,165,61,155,62,driving,DoS
87.387791693,1,239,44,248,208,123,11,54,52,driving,DoS
87.388041693,0,55,178,141,107,58,222,228,26,driving,DoS
87.388291693,1,40,149,56,0,154,70,14,208,driving,DoS
87.388541693,0,134,178,194,74,15,13,96,90,driving,DoS
87.388791693,1,253,97,221,188,74,104,233,66,driving,DoS
87.389041693,0,191,64,26,161,193,179,210,237,driving,DoS
87.389291693,1,48,217,227,36,72,237,159,138,driving,DoS
87.389541693,0,9,49,116,11,178,230,66,164,driving,DoS
87.389791693,1,103,127,84,158,232,22,234,101,driving,DoS
87.390041693,0,8,202,217,241,223,59,93,31,driving,DoS
87.390291693,1,69,72,176,147,23,137,7,72,driving,DoS
87.390541693,0,206,47,219,199,130,163,31,51,driving,DoS
87.390791693,1,163,221,66,84,175,134,58,9,driving,DoS
87.391041693,0,208,6,148,170,95,224,33,144,driving,DoS
87.391291693,1,242,18,174,222,154,236,49,247,driving,DoS
87.391541693,0,74,63,87,204,48,160,124,114,driving,DoS
87.391791693,1,138,183,115,98,152,106,10,70,driving,DoS
87.392041693,0,213,232,100,107,60,25,90,25,driving,DoS
87.392291693,1,174,78,22,185,204,132,173,4,driving,DoS
87.392541693,0,96,132,130,26,174,183,223,182,driving,DoS
87.392791693,1,186,40,241,131,124,176,17,128,driving,DoS
87.393041693,0,151,154,71,8,190,143,163,187,driving,DoS
87.393291693,1,138,44,93,107,37,50,231,145,driving,DoS
87.393541693,0,150,138,67,94,121,72,171,235,driving,DoS
87.393791693,1,151,79,224,210,112,1,142,164,driving,DoS
87.394041693,0,174,11,155,226,194,145,34,222,driving,DoS
87.394291693,1,100,86,32,6,172,82,178,52,driving,DoS
87.394541693,0,84,53,61,144,195,81,125,53,driving,DoS
87.394791693,1,42,222,192,189,188,199,114,218,driving,DoS
87.395041693,0,113,0,24,151,98,103,163,20,driving,DoS
87.395291693,1,40,178,202,151,6,234,186,168,driving,DoS
87.395541693,0,206,146,46,135,199,226,107,174,driving,DoS
87.395791693,1,74,99,196,76,188,242,234,134,driving,DoS
87.396041693,0,51,201,62,216,186,213,201,161,driving,DoS
87.396291693,1,237,205,158,6,203,108,124,196,driving,DoS
87.396541693,0,183,174,200,58,229,59,43,28,driving,DoS
87.396791693,1,216,209,235,199,115,94,143,208,driving,DoS
87.397041693,0,79,116,159,145,102,216,88,161,driving,DoS
87.397291693,1,42,176,212,95,105,254,145,227,driving,DoS
87.397541693,0,229,148,35,255,110,114,126,212,driving,DoS
87.397791693,1,28,59,27,240,217,244,196,23,driving,DoS
87.398041693,0,188,109,144,171,18,104,168,51,driving,DoS
87.398291693,1,219,185,158,28,201,55,159,195,driving,DoS
87.398541693,0,154,252,192,3,189,231,200,156,driving,DoS
87.398791693,1,219,13,104,192,103,86,144,66,driving,DoS
87.399041693,0,220,207,91,73,255,50,72,44,driving,DoS
87.399291693,1,233,114,209,198,172,222,214,234,driving,DoS
87.399541693,0,118,28,193,22,250,81,254,253,driving,DoS
87.399791693,1,83,99,211,191,228,211,38,132,driving,DoS
87.400041693,0,235,221,210,180,240,60,213,130,driving,DoS
87.400291693,1,14,80,80,202,56,65,100,130,driving,DoS
87.400541693,0,130,173,229,89,136,134,44,233,driving,DoS
87.400791693,1,220,138,94,216,49,154,37,13,driving,DoS
87.401041693,0,174,244,36,125,104,8,251,6,driving,DoS
87.401291693,1,113,122,59,179,201,213,247,4,driving,DoS
87.401541693,0,174,98,127,20,168,44,102,197,driving,DoS
87.401791693,1,29,203,206,93,157,186,213,44,driving,DoS
87.402041693,0,32,21,99,6,225,183,197,109,driving,DoS
87.402291693,1,14,132,28,151,137,50,199,38,driving,DoS
87.402541693,0,202,207,50,103,1,203,102,167,driving,DoS
87.402791693,1,145,178,99,214,45,6,148,10,driving,DoS
87.403041693,0,3,161,244,134,248,184,129,27,driving,DoS
87.403291693,1,86,153,124,235,34,110,72,234,driving,DoS
87.403541693,0,117,173,144,134,137,172,11,175,driving,DoS
87.403791693,1,224,103,31,63,165,67,202,38,driving,DoS
87.404041693,0,141,180,227,87,151,188,205,217,driving,DoS
87.404291693,1,116,222,109,24,183,56,70,42,driving,DoS
87.404541693,0,210,100,224,222,117,45,235,124,driving,DoS
87.404791693,1,100,101,180,202,127,201,170,229,driving,DoS
87.405041693,0,20,30,58,168,17,124,138,104,driving,DoS
87.405291693,1,61,219,78,90,102,164,207,94,driving,DoS
87.405541693,0,63,122,134,99,122,189,228,45,driving,DoS
87.405791693,1,88,8,165,249,158,65,35,112,driving,DoS
87.406041693,0,217,1,194,95,230,68,229,17,driving,DoS
87.406291693,1,72,129,189,205,158,167,119,61,driving,DoS
87.406541693,0,25,240,203,28,244,15,7,197,driving,DoS
87.406791693,1,20,223,238,156,135,116,165,115,driving,DoS
87.407041693,0,142,186,252,36,208,57,185,217,driving,DoS
87.407291693,1,105,125,199,9,208,41,8,40,driving,DoS
87.407541693,0,124,83,109,35,92,97,11,116,driving,DoS
87.407791693,1,204,254,81,218,144,225,117,20,driving,DoS
87.408041693,0,44,210,21,101,175,14,106,139,driving,DoS
87.408291693,1,65,22,204,74,175,4,140,69,driving,DoS
87.408541693,0,149,169,51,39,220,114,81,37,driving,DoS
87.408791693,1,33,159,126,193,253,177,231,119,driving,DoS
87.409041693,0,99,135,197,193,247,219,204,65,driving,DoS
87.409291693,1,106,27,13,249,106,241,7,122,driving,DoS
87.409541693,0,231,252,148,221,137,118,174,8,driving,DoS
87.409791693,1,85,190,230,15,144,136,172,178,driving,DoS
87.410041693,0,129,83,125,188,245,130,88,49,driving,DoS
87.410291693,1,24,136,119,22,178,144,233,135,driving,DoS
87.410541693,0,118,3,61,217,25,14,239,188,driving,DoS
87.410791693,1,112,117,184,192,231,216,4,14,driving,DoS
87.411041693,0,129,92,245,20,122,210,171,149,driving,DoS
87.411291693,1,153,100,110,4,187,111,210,118,driving,DoS
87.411541693,0,128,227,40,198,253,20,131,227,driving,DoS
87.411791693,1,31,176,158,128,178,67,87,189,driving,DoS
87.412041693,0,95,134,55,146,3,229,132,167,driving,DoS
87.412291693,1,88,49,103,50,20,177,246,199,driving,DoS
87.412541693,0,204,131,194,33,143,42,196,165,driving,DoS
87.412791693,1,255,32,133,53,255,231,159,60,driving,DoS
87.413041693,0,15,167,205,210,99,66,210,91,driving,DoS
87.413291693,1,141,216,111,16,92,174,252,212,driving,DoS
87.413541693,0,172,119,171,246,196,214,200,235,driving,DoS
87.413791693,1,109,218,14,112,74,49,56,85,driving,DoS
87.414041693,0,141,164,219,42,183,140,247,152,driving,DoS
87.414291693,1,135,51,178,33,210,104,81,246,driving,DoS
87.414541693,0,214,72,29,73,112,248,56,14,driving,DoS
87.414791693,1,191,214,5,84,101,115,10,141,driving,DoS
87.415041693,0,228,125,77,251,93,65,139,97,driving,DoS
87.415291693,1,250,161,50,52,218,68,176,199,driving,DoS
87.415541693,0,228,33,188,36,60,137,226,226,driving,DoS
87.415791693,1,238,61,196,103,59,161,101,25,driving,DoS
87.416041693,0,205,72,237,201,56,47,33,84,driving,DoS
87.416291693,1,118,143,137,18,66,222,23,115,driving,DoS
87.416541693,0,170,237,144,108,191,156,31,161,driving,DoS
87.416791693,1,148,81,0,153,185,128,91,253,driving,DoS
87.417041693,0,198,239,173,221,231,161,116,209,driving,DoS
87.417291693,1,209,39,159,175,108,66,157,44,driving,DoS
87.417541693,0,102,103,250,104,96,88,202,155,driving,DoS
87.417791693,1,26,49,153,158,146,30,74,12,driving,DoS
87.418041693,0,151,71,239,119,182,55,65,47,driving,DoS
87.418291693,1,161,243,219,131,141,83,221,40,driving,DoS
87.418541693,0,85,6,160,75,229,14,18,61,driving,DoS
87.418791693,1,24,192,80,146,218,190,77,33,driving,DoS
87.419041693,0,64,77,180,207,78,129,148,112,driving,DoS
87.419291693,1,236,212,78,79,19,217,214,179,driving,DoS
87.419541693,0,133,187,212,215,253,27,97,225,driving,DoS
87.419791693,1,24,225,24,34,26,191,186,247,driving,DoS
87.420041693,0,180,119,66,175,231,130,105,234,driving,DoS
87.420291693,1,47,52,243,36,179,206,54,32,driving,DoS
87.420541693,0,241,41,249,168,45,184,61,219,driving,DoS
87.420791693,1,71,120,105,238,136,29,237,34,driving,DoS
87.421041693,0,186,244,40,176,205,90,54,4,driving,DoS
87.421291693,1,25,9,132,249,35,149,22,222,driving,DoS
87.421541693,0,168,221,173,19,28,99,227,2,driving,DoS
87.421791693,1,213,32,154,216,105,42,27,72,driving,DoS
87.422041693,0,235,150,88,111,241,99,228,216,driving,DoS
87.422291693,1,70,121,56,140,241,2,47,74,driving,DoS
87.422541693,0,201,9,189,208,80,65,206,198,driving,DoS
87.422791693,1,83,119,198,68,26,48,118,148,driving,DoS
87.423041693,0,72,52,128,255,223,117,15,75,driving,DoS
87.423291693,1,201,67,56,41,9,103,61,200,driving,DoS
87.423541693,0,168,98,186,35,98,178,95,219,driving,DoS
87.423791693,1,127,254,144,228,72,152,169,63,driving,DoS
87.424041693,0,255,57,110,109,61,251,76,101,driving,DoS
87.424291693,1,66,80,115,93,234,163,156,47,driving,DoS
87.424541693,0,104,241,25,190,163,146,144,13,driving,DoS
87.424791693,1,171,152,248,165,180,98,93,151,driving,DoS
87.425041693,0,57,103,215,20,244,17,80,153,driving,DoS
87.425291693,1,60,142,53,6,240,50,241,235,driving,DoS
87.425541693,0,215,253,182,104,195,5,0,141,driving,DoS
87.425791693,1,160,155,175,255,144,71,254,189,driving,DoS
87.426041693,0,117,238,109,232,106,85,203,176,driving,DoS
87.426291693,1,102,230,75,130,159,140,243,61,driving,DoS
87.426541693,0,83,81,193,161,37,148,123,213,driving,DoS
87.426791693,1,83,23,30,49,73,177,191,120,driving,DoS
87.427041693,0,159,26,68,248,8,181,120,241,driving,DoS
87.427291693,1,11,222,133,17,39,105,252,137,driving,DoS
87.427541693,0,200,255,66,219,113,251,194,64,driving,DoS
87.427791693,1,134,203,35,3,169,124,57,11,driving,DoS
87.428041693,0,150,153,248,145,13,167,19,167,driving,DoS
87.428291693,1,52,170,139,6,209,31,124,169,driving,DoS
87.428541693,0,214,82,236,5,197,38,9,185,driving,DoS
87.428791693,1,20,29,50,248,53,186,125,225,driving,DoS
87.429041693,0,76,49,236,247,134,3,159,242,driving,DoS
87.429291693,1,226,186,108,38,60,185,148,165,driving,DoS
87.429541693,0,32,215,153,109,124,66,120,197,driving,DoS
87.429791693,1,236,0,20,233,129,53,212,70,driving,DoS
87.430041693,0,251,180,250,49,235,95,99,26,driving,DoS
87.430291693,1,224,174,177,242,208,48,194,162,driving,DoS
87.430541693,0,129,51,100,3,18,104,82,84,driving,DoS
87.430791693,1,11,208,149,205,91,11,215,219,driving,DoS
87.431041693,0,249,88,123,213,43,156,42,14,driving,DoS
87.431291693,1,92,90,206,103,2,90,223,159,driving,DoS
87.431541693,0,78,27,118,38,177,54,82,86,driving,DoS
87.431791693,1,220,161,43,226,236,89,94,176,driving,DoS
87.432041693,0,239,100,217,119,212,54,65,113,driving,DoS
87.432291693,1,8,166,112,76,167,70,217,24,driving,DoS
87.432541693,0,20,35,45,54,94,125,8,245,driving,DoS
87.432791693,1,108,31,39,72,85,44,69,135,driving,DoS
87.433041693,0,101,212,179,65,48,30,39,16,driving,DoS
87.433291693,1,226,139,170,91,24,178,26,17,driving,DoS
87.433541693,0,40,34,236,59,164,14,190,63,driving,DoS
87.433791693,1,42,32,165,11,155,54,84,82,driving,DoS
87.434041693,0,175,30,38,58,85,233,169,30,driving,DoS
87.434291693,1,93,202,239,21,99,28,248,126,driving,DoS
87.434541693,0,4,224,48,145,123,252,55,47,driving,DoS
87.434791693,1,16,141,189,56,155,62,130,195,driving,DoS
87.435041693,0,61,253,162,209,32,21,178,116,driving,DoS
87.435291693,1,151,122,173,33,81,239,171,116,driving,DoS
87.435541693,0,213,94,154,242,28,181,93,117,driving,DoS
87.435791693,1,98,157,243,172,6,35,247,98,driving,DoS
87.436041693,0,182,215,98,193,138,17,188,169,driving,DoS
87.436291693,1,37,51,190,179,230,243,43,241,driving,DoS
87.436541693,0,11,226,231,184,241,218,221,67,driving,DoS
87.436791693,1,236,36,29,199,52,17,145,88,driving,DoS
87.437041693,0,16,127,10,242,105,178,119,199,driving,DoS
87.437291693,1,73,33,164,239,10,4,239,196,driving,DoS
87.437541693,0,59,219,0,31,162,125,133,238,driving,DoS
87.437791693,1,167,161,31,224,152,50,132,153,driving,DoS
87.438041693,0,156,121,134,143,210,86,204,204,driving,DoS
87.438291693,1,89,212,110,176,49,55,116,119,driving,DoS
87.438541693,0,96,143,155,40,163,172,92,81,driving,DoS
87.438791693,1,236,236,241,232,45,97,189,210,driving,DoS
87.439041693,0,60,200,11,29,41,104,53,59,driving,DoS
87.439291693,1,124,252,227,34,241,236,84,123,driving,DoS
87.439541693,0,29,29,230,241,72,163,152,24,driving,DoS
87.439791693,1,26,2,212,95,169,13,139,209,driving,DoS
87.440041693,0,196,202,1,171,0,213,13,93,driving,DoS
87.440291693,1,186,189,80,233,101,235,134,13,driving,DoS
87.440541693,0,226,5,134,58,13,88,137,61,driving,DoS
87.440791693,1,210,53,253,229,69,97,255,225,driving,DoS
87.441041693,0,117,16,7,168,114,99,28,59,driving,DoS
87.441291693,1,82,168,63,218,144,229,10,132,driving,DoS
87.441541693,0,190,162,23,87,104,42,127,230,driving,DoS
87.441791693,1,150,138,250,61,176,193,183,26,driving,DoS
87.442041693,0,111,242,50,165,15,5,247,131,driving,DoS
87.442291693,1,113,76,223,74,28,41,73,17,driving,DoS
87.442541693,0,73,55,163,73,207,88,24,247,driving,DoS
87.442791693,1,217,241,186,252,160,236,53,221,driving,DoS
87.443041693,0,229,72,188,8,13,223,238,125,driving,DoS
87.443291693,1,216,175,229,133,75,107,61,177,driving,DoS
87.443541693,0,55,56,4,40,252,101,40,116,driving,DoS
87.443791693,1,168,234,36,30,100,209,217,56,driving,DoS
87.444041693,0,247,209,184,43,122,238,193,11,driving,DoS
87.444291693,1,215,34,230,39,67,181,174,28,driving,DoS
87.444541693,0,230,176,135,100,59,245,81,214,driving,DoS
87.444791693,1,136,29,100,138,139,157,106,140,driving,DoS
87.445041693,0,31,93,171,160,43,28,233,231,driving,DoS
87.445291693,1,55,250,160,223,193,126,160,250,driving,DoS
87.445541693,0,0,99,35,217,103,82,31,4,driving,DoS
87.445791693,1,239,104,201,168,148,119,227,1,driving,DoS
87.446041693,0,54,62,67,201,91,235,69,68,driving,DoS
87.446291693,1,134,227,208,46,112,158,253,242,driving,DoS
87.446541693,0,195,22,49,113,52,11,219,67,driving,DoS
87.446791693,1,133,186,101,40,63,160,252,54,driving,DoS
87.447041693,0,71,199,171,68,92,233,59,4,driving,DoS
87.447291693,1,206,133,209,216,223,182,213,187,driving,DoS
87.447541693,0,128,16,145,94,42,31,110,226,driving,DoS
87.447791693,1,136,231,99,217,153,185,212,253,driving,DoS
87.448041693,0,37,81,40,82,153,228,221,154,driving,DoS
87.448291693,1,38,164,180,242,69,62,126,33,driving,DoS
87.448541693,0,42,126,193,123,24,86,81,231,driving,DoS
87.448791693,1,221,248,90,91,8,253,43,39,driving,DoS
87.449041693,0,110,187,14,116,96,208,211,147,driving,DoS
87.449291693,1,147,72,253,105,218,243,246,142,driving,DoS
87.449541693,0,151,251,96,86,148,169,231,58,driving,DoS
87.449791693,1,169,187,138,222,129,243,80,233,driving,DoS
87.450041693,0,205,21,133,35,89,47,244,255,driving,DoS
87.450291693,1,56,248,46,197,146,139,158,94,driving,DoS
87.450541693,0,96,193,109,88,139,252,20,5,driving,DoS
87.450791693,1,158,85,190,164,138,240,59,84,driving,DoS
87.451041693,0,25,18,225,118,45,196,21,22,driving,DoS
87.451291693,1,194,92,138,72,125,242,224,200,driving,DoS
87.451541693,0,246,163,101,65,113,51,245,174,driving,DoS
87.451791693,1,26,185,153,59,158,93,141,213,driving,DoS
87.452041693,0,151,59,34,2,118,138,205,231,driving,DoS
87.452291693,1,23,9,216,54,216,109,135,251,driving,DoS
87.452541693,0,122,37,15,202,125,255,2,224,driving,DoS
87.452791693,1,86,36,190,18,65,70,201,33,driving,DoS
87.453041693,0,204,127,157,23,175,144,199,146,driving,DoS
87.453291693,1,167,10,57,243,177,87,158,31,driving,DoS
87.453541693,0,4,36,232,187,185,12,149,121,driving,DoS
87.453791693,1,166,230,58,147,47,77,241,248,driving,DoS
87.454041693,0,12,38,184,122,99,253,69,122,driving,DoS
87.454291693,1,86,63,78,123,63,41,251,142,driving,DoS
87.454541693,0,23,28,253,129,114,73,197,84,driving,DoS
87.454791693,1,129,108,85,114,249,196,21,109,driving,DoS
87.455041693,0,163,193,242,70,142,140,74,146,driving,DoS
87.455291693,1,246,88,70,80,216,146,245,76,driving,DoS
87.455541693,0,126,125,112,156,120,81,193,22,driving,DoS
87.455791693,1,111,92,69,76,228,169,192,51,driving,DoS
87.456041693,0,255,181,109,156,139,36,233,112,driving,DoS
87.456291693,1,12,42,42,73,147,72,143,56,driving,DoS
87.456541693,0,87,223,115,182,252,189,82,70,driving,DoS
87.456791693,1,116,76,15,112,250,134,18,13,driving,DoS
87.457041693,0,90,118,208,226,224,188,42,141,driving,DoS
87.457291693,1,178,175,138,159,145,139,156,72,driving,DoS
87.457541693,0,237,113,250,75,219,96,83,118,driving,DoS
87.457791693,1,104,129,109,103,248,180,190,229,driving,DoS
87.458041693,0,112,252,174,47,118,100,39,54,driving,DoS
87.458291693,1,199,168,110,58,74,215,129,177,driving,DoS
87.458541693,0,195,193,227,180,226,17,181,244,driving,DoS
87.458791693,1,54,245,47,185,44,114,117,115,driving,DoS
87.459041693,0,118,187,202,85,190,172,8,62,driving,DoS
87.459291693,1,105,171,156,57,28,124,133,42,driving,DoS
87.459541693,0,39,119,225,98,71,12,65,67,driving,DoS
87.459791693,1,16,42,233,116,89,64,220,20,driving,DoS
87.460041693,0,203,201,211,215,117,0,246,8,driving,DoS
87.460291693,1,211,145,208,116,231,160,219,50,driving,DoS
87.460541693,0,86,169,41,44,9,65,156,106,driving,DoS
87.460791693,1,97,163,7,125,74,226,188,97,driving,DoS
87.461041693,0,65,198,148,202,97,64,28,41,driving,DoS
87.461291693,1,124,6,202,165,100,103,87,121,driving,DoS
87.461541693,0,200,36,50,193,194,158,56,37,driving,DoS
87.461791693,1,173,47,197,150,129,211,170,75,driving,DoS
87.462041693,0,98,212,191,241,77,221,9,26,driving,DoS
87.462291693,1,7,1,144,233,1,101,95,82,driving,DoS
87.462541693,0,213,20,6,156,97,41,103,136,driving,DoS
87.462791693,1,235,125,60,10,186,108,113,51,driving,DoS
87.463041693,0,82,4,159,139,82,74,121,215,driving,DoS
87.463291693,1,63,220,17,43,10,251,75,105,driving,DoS
87.463541693,0,87,35,64,48,20,49,185,50,driving,DoS
87.463791693,1,2,212,24,250,154,246,13,144,driving,DoS
87.464041693,0,79,17,224,234,207,218,123,52,driving,DoS
87.464291693,1,16,25,158,171,102,39,142,71,driving,DoS
87.464541693,0,68,109,196,167,122,84,242,40,driving,DoS
87.464791693,1,132,246,91,177,6,246,193,78,driving,DoS
87.465041693,0,100,116,65,234,190,20,139,158,driving,DoS
87.465291693,1,132,113,42,253,146,109,212,4,driving,DoS
87.465541693,0,37,203,41,223,242,196,114,15,driving,DoS
87.465791693,1,248,102,238,83,77,161,246,190,driving,DoS
87.466041693,0,133,123,206,106,60,227,16,52,driving,DoS
87.466291693,1,108,52,3,73,164,226,64,88,driving,DoS
87.466541693,0,106,118,172,219,69,109,140,72,driving,DoS
87.466791693,1,67,116,149,67,73,213,154,38,driving,DoS
87.467041693,0,8,62,132,140,72,98,2,185,driving,DoS
87.467291693,1,195,199,172,224,231,215,6,206,driving,DoS
87.467541693,0,55,77,182,63,248,132,121,154,driving,DoS
87.467791693,1,88,63,14,159,120,102,13,127,driving,DoS
87.468041693,0,51,222,210,133,199,221,5,76,driving,DoS
87.468291693,1,200,243,149,176,56,52,228,217,driving,DoS
87.468541693,0,218,58,75,143,251,192,166,233,driving,DoS
87.468791693,1,193,217,154,219,80,221,188,20,driving,DoS
87.469041693,0,93,81,242,232,152,210,142,93,driving,DoS
87.469291693,1,170,148,160,239,194,124,150,150,driving,DoS
87.469541693,0,231,87,20,24,55,98,251,197,driving,DoS
87.469791693,1,126,185,81,39,120,248,66,135,driving,DoS
87.470041693,0,88,23,147,214,187,116,160,81,driving,DoS
87.470291693,1,34,252,31,172,243,68,193,253,driving,DoS
87.470541693,0,232,98,22,24,74,25,98,19,driving,DoS
87.470791693,1,137,97,102,24,248,237,9,14,driving,DoS
87.471041693,0,47,66,45,184,99,92,126,158,driving,DoS
87.471291693,1,31,173,189,173,5,219,82,248,driving,DoS
87.471541693,0,62,63,26,196,102,36,187,145,driving,DoS
87.471791693,1,141,27,221,199,230,195,138,221,driving,DoS
87.472041693,0,71,16,215,165,32,204,178,43,driving,DoS
87.472291693,1,67,205,163,128,243,100,247,19,driving,DoS
87.472541693,0,139,84,33,155,61,186,73,120,driving,DoS
87.472791693,1,230,224,252,30,13,3,174,138,driving,DoS
87.473041693,0,177,28,208,105,174,243,204,122,driving,DoS
87.473291693,1,105,59,95,99,165,152,99,109,driving,DoS
87.473541693,0,220,23,201,79,2,105,252,211,driving,DoS
87.473791693,1,28,66,19,255,16,228,126,240,driving,DoS
87.474041693,0,121,202,214,22,123,46,222,226,driving,DoS
87.474291693,1,222,8,229,7,137,196,220,11,driving,DoS
87.474541693,0,22,172,171,121,33,142,96,140,driving,DoS
87.474791693,1,137,34,199,43,186,22,95,224,driving,DoS
87.475041693,0,77,213,88,71,166,172,170,228,driving,DoS
87.475291693,1,155,54,133,176,22,19,222,196,driving,DoS
87.475541693,0,12,118,212,119,136,6,45,194,driving,DoS
87.475791693,1,40,213,111,63,125,101,127,193,driving,DoS
87.476041693,0,102,149,165,88,15,137,112,96,driving,DoS
87.476291693,1,91,197,131,142,136,191,48,207,driving,DoS
87.476541693,0,154,139,212,49,168,80,209,58,driving,DoS
87.476791693,1,167,55,185,211,238,154,9,249,driving,DoS
87.477041693,0,129,48,224,14,216,8,50,71,driving,DoS
87.477291693,1,176,225,31,201,15,79,84,75,driving,DoS
87.477541693,0,135,224,34,159,243,26,209,249,driving,DoS
87.477791693,1,178,200,168,16,9,9,93,57,driving,DoS
87.478041693,0,230,228,215,155,227,3,158,209,driving,DoS
87.478291693,1,14,42,206,174,203,35,72,158,driving,DoS
87.478541693,0,223,210,68,170,211,177,32,72,driving,DoS
87.478791693,1,190,34,216,69,15,89,195,55,driving,DoS
87.479041693,0,140,91,77,149,255,146,196,249,driving,DoS
87.479291693,1,176,62,107,216,37,140,11,140,driving,DoS
87.479541693,0,136,192,118,172,19,21,68,230,driving,DoS
87.479791693,1,70,47,228,52,136,63,54,68,driving,DoS
87.480041693,0,55,92,20,177,149,34,100,200,driving,DoS
87.480291693,1,86,192,107,46,113,154,130,217,driving,DoS
87.480541693,0,14,238,35,81,172,65,55,120,driving,DoS
87.480791693,1,175,83,68,85,111,62,33,159,driving,DoS
87.481041693,0,94,115,40,40,185,159,247,231,driving,DoS
87.481291693,1,4,131,116,40,89,8,193,18,driving,DoS
87.481541693,0,160,117,175,158,125,85,141,177,driving,DoS
87.481791693,1,39,66,107,234,138,103,39,1,driving,DoS
87.482041693,0,224,149,41,134,230,212,143,91,driving,DoS
87.482291693,1,226,111,2,3,85,26,51,248,driving,DoS
87.482541693,0,31,214,100,75,75,139,28,40,driving,DoS
87.482791693,1,58,193,88,10,44,212,17,237,driving,DoS
87.483041693,0,123,87,53,237,187,16,232,251,driving,DoS
87.483291693,1,76,37,9,220,214,179,28,171,driving,DoS
87.483541693,0,217,185,189,119,143,11,25,76,driving,DoS
87.483791693,1,222,252,42,210,35,232,69,234,driving,DoS
87.484041693,0,227,162,119,169,132,107,47,219,driving,DoS
87.484291693,1,48,37,208,56,142,88,59,189,driving,DoS
87.484541693,0,92,123,26,12,151,140,74,80,driving,DoS
87.484791693,1,136,211,239,205,52,208,210,63,driving,DoS
87.485041693,0,59,190,237,18,25,47,10,80,driving,DoS
87.485291693,1,30,243,118,226,223,205,164,183,driving,DoS
87.485541693,0,242,59,172,169,247,84,21,97,driving,DoS
87.485791693,1,135,35,117,214,160,36,237,196,driving,DoS
87.486041693,0,254,117,244,76,248,87,176,14,driving,DoS
87.486291693,1,203,97,176,112,61,80,60,184,driving,DoS
87.486541693,0,38,23,15,55,89,93,139,221,driving,DoS
87.486791693,1,48,111,42,49,0,97,167,13,driving,DoS
87.487041693,0,232,238,43,29,47,85,29,129,driving,DoS
87.487291693,1,174,117,243,184,192,115,154,164,driving,DoS
87.487541693,0,127,166,141,200,58,213,196,88,driving,DoS
87.487791693,1,98,24,4,97,227,119,200,100,driving,DoS
87.488041693,0,238,176,244,18,35,169,32,6,driving,DoS
87.488291693,1,233,253,115,109,218,94,210,32,driving,DoS
87.488541693,0,148,155,203,135,181,186,229,179,driving,DoS
87.488791693,1,113,34,31,22,69,210,219,227,driving,DoS
87.489041693,0,158,93,242,163,227,36,139,32,driving,DoS
87.489291693,1,90,190,179,67,50,207,176,103,driving,DoS
87.489541693,0,253,128,141,231,128,4,33,170,driving,DoS
87.489791693,1,211,213,144,87,227,81,184,131,driving,DoS
87.490041693,0,169,86,96,76,140,14,70,96,driving,DoS
87.490291693,1,16,37,69,82,144,99,225,53,driving,DoS
87.490541693,0,160,18,54,24,76,126,152,59,driving,DoS
87.490791693,1,158,66,28,31,154,20,62,226,driving,DoS
87.491041693,0,247,133,49,89,103,71,151,189,driving,DoS
87.491291693,1,49,57,3,218,231,15,90,151,driving,DoS
87.491541693,0,32,37,212,114,152,234,231,237,driving,DoS
87.491791693,1,212,73,241,139,199,225,106,1,driving,DoS
87.492041693,0,236,75,60,248,89,37,69,247,driving,DoS
87.492291693,1,14,28,207,129,201,148,90,255,driving,DoS
87.492541693,0,126,154,187,226,198,97,187,235,driving,DoS
87.492791693,1,98,49,44,43,110,187,147,92,driving,DoS
87.493041693,0,160,195,240,140,163,208,148,159,driving,DoS
87.493291693,1,114,61,105,83,56,191,197,39,driving,DoS
87.493541693,0,103,215,95,112,120,74,17,149,driving,DoS
87.493791693,1,220,1,149,197,226,152,17,240,driving,DoS
87.494041693,0,68,147,23,55,244,247,52,249,driving,DoS
87.494291693,1,11,130,41,163,81,250,231,54,driving,DoS
87.494541693,0,37,183,83,252,164,7,238,104,driving,DoS
87.494791693,1,217,42,122,95,18,155,29,203,driving,DoS
87.495041693,0,127,83,87,99,198,88,48,233,driving,DoS
87.495291693,1,40,53,42,108,13,243,117,215,driving,DoS
87.495541693,0,198,46,207,234,56,225,220,224,driving,DoS
87.495791693,1,34,194,88,205,194,250,48,138,driving,DoS
87.496041693,0,32,221,88,208,186,252,21,27,driving,DoS
87.496291693,1,227,110,82,56,70,231,37,71,driving,DoS
87.496541693,0,43,181,63,227,9,206,78,234,driving,DoS
87.496791693,1,112,55,219,243,104,129,76,132,driving,DoS
87.497041693,0,73,220,249,212,47,229,143,4,driving,DoS
87.497291693,1,165,153,178,57,65,8,208,54,driving,DoS
87.497541693,0,64,193,243,127,240,6,54,138,driving,DoS
87.497791693,1,136,233,247,51,187,64,252,50,driving,DoS
87.498041693,0,74,183,119,110,39,251,109,214,driving,DoS
87.498291693,1,215,136,81,60,161,34,41,68,driving,DoS
87.498541693,0,200,34,3,33,69,77,245,249,driving,DoS
87.498791693,1,161,193,179,97,108,251,219,239,driving,DoS
87.499041693,0,116,80,215,157,82,223,212,230,driving,DoS
87.499291693,1,226,108,14,44,134,68,103,174,driving,DoS
87.499541693,0,70,248,137,122,144,19,234,37,driving,DoS
87.499791693,1,207,72,248,205,223,132,246,157,driving,DoS
87.500041693,0,222,14,161,196,128,60,117,40,driving,DoS
87.500291693,1,11,205,205,201,22,78,253,73,driving,DoS
87.500541693,0,155,170,60,103,181,210,3,26,driving,DoS
87.500791693,1,38,133,7,205,36,29,219,173,driving,DoS
87.501041693,0,186,0,104,204,111,75,220,87,driving,DoS
87.501291693,1,116,243,165,11,171,150,107,78,driving,DoS
87.501541693,0,94,214,5,81,246,140,199,93,driving,DoS
87.501791693,1,145,28,192,104,231,171,132,182,driving,DoS
87.502041693,0,247,27,73,109,9,241,33,22,driving,DoS
87.502291693,1,168,192,156,21,11,211,230,156,driving,DoS
87.502541693,0,54,190,197,253,162,67,146,11,driving,DoS
87.502791693,1,253,139,50,161,189,8,232,169,driving,DoS
87.503041693,0,251,212,132,156,192,126,93,49,driving,DoS
87.503291693,1,155,61,201,159,85,141,31,144,driving,DoS
87.503541693,0,100,205,187,148,165,40,38,218,driving,DoS
87.503791693,1,25,25,90,70,77,218,169,216,driving,DoS
87.504041693,0,252,80,215,192,68,154,117,142,driving,DoS
87.504291693,1,49,237,33,154,21,199,184,195,driving,DoS
87.504541693,0,52,152,208,77,59,39,113,195,driving,DoS
87.504791693,1,237,185,245,140,46,87,88,242,driving,DoS
87.505041693,0,219,248,6,128,136,157,242,36,driving,DoS
87.505291693,1,198,151,32,116,26,130,18,26,driving,DoS
87.505541693,0,208,71,118,162,167,246,51,144,driving,DoS
87.505791693,1,94,239,16,111,42,42,93,32,driving,DoS
87.506041693,0,77,171,171,117,171,109,68,147,driving,DoS
87.506291693,1,61,84,217,212,206,91,23,217,driving,DoS
87.506541693,0,167,200,211,22,1,77,169,155,driving,DoS
87.506791693,1,35,35,39,60,67,14,46,183,driving,DoS
87.507041693,0,17,79,192,46,171,189,130,77,driving,DoS
87.507291693,1,237,228,46,139,33,26,159,183,driving,DoS
87.507541693,0,69,241,208,148,221,10,12,129,driving,DoS
87.507791693,1,164,79,194,14,171,55,188,150,driving,DoS
87.508041693,0,196,141,48,103,248,74,54,54,driving,DoS
87.508291693,1,65,85,106,39,155,134,207,117,driving,DoS
87.508541693,0,212,216,16,89,162,188,137,175,driving,DoS
87.508791693,1,228,168,94,210,177,250,19,29,driving,DoS
87.509041693,0,177,210,71,148,145,98,74,16,driving,DoS
87.509291693,1,45,47,218,22,210,91,126,167,driving,DoS
87.509541693,0,222,46,99,195,47,166,52,4,driving,DoS
87.509791693,1,3,104,253,132,75,63,76,4,driving,DoS
87.510041693,0,214,197,18,25,254,238,167,228,driving,DoS
87.510291693,1,47,185,185,169,197,70,96,145,driving,DoS
87.510541693,0,254,213,158,209,32,144,172,233,driving,DoS
87.510791693,1,191,3,172,61,14,160,31,183,driving,DoS
87.511041693,0,192,9,110,65,199,207,68,174,driving,DoS
87.511291693,1,49,28,119,49,186,127,12,239,driving,DoS
87.511541693,0,17,122,116,0,83,141,210,247,driving,DoS
87.511791693,1,245,214,215,228,2,217,150,45,driving,DoS
87.512041693,0,28,27,33,3,240,79,222,253,driving,DoS
87.512291693,1,87,90,145,173,179,59,174,229,driving,DoS
87.512541693,0,18,103,132,103,144,47,224,39,driving,DoS
87.512791693,1,25,27,119,175,252,20,171,116,driving,DoS
87.513041693,0,112,157,143,125,249,145,251,191,driving,DoS
87.513291693,1,30,219,106,205,172,106,94,204,driving,DoS
87.513541693,0,104,192,119,128,40,32,186,70,driving,DoS
87.513791693,1,182,214,137,51,204,181,25,220,driving,DoS
87.514041693,0,151,108,116,13,176,151,31,206,driving,DoS
87.514291693,1,217,189,51,141,72,197,90,233,driving,DoS
87.514541693,0,72,173,208,126,126,18,31,75,driving,DoS
87.514791693,1,79,142,37,46,242,242,60,188,driving,DoS
87.515041693,0,180,98,219,251,123,57,247,148,driving,DoS
87.515291693,1,80,33,53,175,67,52,81,221,driving,DoS
87.515541693,0,121,214,3,253,20,240,97,189,driving,DoS
87.515791693,1,186,51,119,47,12,123,219,219,driving,DoS
87.516041693,0,99,170,151,51,72,115,4,241,driving,DoS
87.516291693,1,182,193,230,154,160,127,238,250,driving,DoS
87.516541693,0,18,202,129,79,69,187,211,106,driving,DoS
87.516791693,1,186,34,222,14,101,56,79,32,driving,DoS
87.517041693,0,41,153,135,67,98,40,159,169,driving,DoS
87.517291693,1,141,29,125,70,244,139,52,175,driving,DoS
87.517541693,0,130,221,128,93,79,186,189,71,driving,DoS
87.517791693,1,69,255,37,93,4,240,154,140,driving,DoS
87.518041693,0,40,54,150,197,83,249,96,67,driving,DoS
87.518291693,1,146,165,98,59,84,63,222,222,driving,DoS
87.518541693,0,29,137,6,14,115,216,229,21,driving,DoS
87.518791693,1,33,240,74,38,188,44,135,238,driving,DoS
87.519041693,0,144,132,21,31,30,162,129,127,driving,DoS
87.519291693,1,46,82,65,83,213,153,95,113,driving,DoS
87.519541693,0,79,226,84,152,157,183,17,113,driving,DoS
87.519791693,1,106,155,246,217,143,164,93,96,driving,DoS
87.520041693,0,77,163,102,242,243,151,92,80,driving,DoS
87.520291693,1,210,226,32,194,147,130,123,176,driving,DoS
87.520541693,0,62,146,183,146,207,68,199,20,driving,DoS
87.520791693,1,165,175,117,185,181,179,173,50,driving,DoS
87.521041693,0,31,112,137,241,235,129,140,178,driving,DoS
87.521291693,1,171,108,53,63,35,114,27,106,driving,DoS
87.521541693,0,74,41,95,53,218,51,231,214,driving,DoS
87.521791693,1,71,182,46,233,105,51,15,75,driving,DoS
87.522041693,0,127,111,48,73,223,166,72,48,driving,DoS
87.522291693,1,0,28,227,145,245,38,4,182,driving,DoS
87.522541693,0,130,149,18,140,125,27,29,194,driving,DoS
87.522791693,1,209,210,169,39,161,106,127,193,driving,DoS
87.523041693,0,79,74,123,123,107,197,141,219,driving,DoS
87.523291693,1,178,136,159,220,184,73,7,185,driving,DoS
87.523541693,0,153,185,26,239,108,76,188,237,driving,DoS
87.523791693,1,44,209,94,29,246,244,84,212,driving,DoS
87.524041693,0,65,186,95,107,66,20,207,213,driving,DoS
87.524291693,1,74,231,68,174,17,249,5,35,driving,DoS
87.524541693,0,69,19,6,145,23,243,187,82,driving,DoS
87.524791693,1,66,74,245,65,159,164,114,32,driving,DoS
87.525041693,0,253,171,241,247,105,139,27,179,driving,DoS
87.525291693,1,119,202,245,206,224,233,6,96,driving,DoS
87.525541693,0,246,97,226,207,243,72,20,103,driving,DoS
87.525791693,1,209,226,62,128,206,189,16,45,driving,DoS
87.526041693,0,95,98,172,247,74,89,100,139,driving,DoS
87.526291693,1,236,18,112,156,24,222,77,192,driving,DoS
87.526541693,0,72,188,118,202,159,158,37,138,driving,DoS
87.526791693,1,242,250,225,150,173,141,62,116,driving,DoS
87.527041693,260,0,128,25,51,0,40,5,0,driving,none
87.547041693,316,0,128,25,51,0,40,5,0,driving,none
87.567041693,329,0,128,25,51,0,40,5,0,driving,none
87.587041693,545,0,128,25,51,0,40,5,0,driving,none
87.752635141,260,0,128,25,51,0,40,5,0,driving,none
87.772635141,316,0,128,25,51,0,40,5,0,driving,none
87.792635141,329,0,128,25,51,0,40,5,0,driving,none
87.812635141,545,0,128,25,51,0,40,5,0,driving,none
88.025823239,260,0,128,25,51,0,40,5,0,driving,none
88.045823239,316,0,128,25,51,0,40,5,0,driving,none
88.065823239,329,0,128,25,51,0,40,5,0,driving,none
88.085823239,545,0,128,25,51,0,40,5,0,driving,none
88.302156945,260,0,128,25,51,0,40,5,0,driving,none
88.322156945,316,0,128,25,51,0,40,5,0,driving,none
88.342156945,329,0,128,25,51,0,40,5,0,driving,none
88.362156945,545,0,128,25,51,0,40,5,0,driving,none
88.553026622,260,0,128,25,51,0,40,5,0,driving,none
88.573026622,316,0,128,25,51,0,40,5,0,driving,none
88.593026622,329,0,128,25,51,0,40,5,0,driving,none
88.613026622,545,0,128,25,51,0,40,5,0,driving,none
88.748138291,260,0,128,25,51,0,40,5,0,driving,none
88.768138291,316,0,128,25,51,0,40,5,0,driving,none
88.788138291,329,0,128,25,51,0,40,5,0,driving,none
88.808138291,545,0,128,25,51,0,40,5,0,driving,none
88.989142068,260,0,128,25,51,0,40,5,0,driving,none
89.009142068,316,0,128,25,51,0,40,5,0,driving,none
89.029142068,329,0,128,25,51,0,40,5,0,driving,none
89.049142068,545,0,128,25,51,0,40,5,0,driving,none
89.267679344,260,0,128,25,51,0,40,5,0,driving,none
89.287679344,316,0,128,25,51,0,40,5,0,driving,none
89.307679344,329,0,128,25,51,0,40,5,0,driving,none
89.327679344,545,0,128,25,51,0,40,5,0,driving,none
89.500667844,260,0,128,25,51,0,40,5,0,driving,none
89.520667844,316,0,128,25,51,0,40,5,0,driving,none
89.540667844,329,0,128,25,51,0,40,5,0,driving,none
89.560667844,545,0,128,25,51,0,40,5,0,driving,none
89.739440775,260,0,128,25,51,0,40,5,0,driving,none
89.759440775,316,0,128,25,51,0,40,5,0,driving,none
89.779440775,329,0,128,25,51,0,40,5,0,driving,none
89.799440775,545,0,128,25,51,0,40,5,0,driving,none
89.982692948,260,0,128,25,51,0,40,5,0,driving,none
90.002692948,316,0,128,25,51,0,40,5,0,driving,none
90.022692948,329,0,128,25,51,0,40,5,0,driving,none
90.042692948,545,0,128,25,51,0,40,5,0,driving,none
90.259501954,260,0,128,25,51,0,40,5,0,driving,none
90.279501954,316,0,128,25,51,0,40,5,0,driving,none
90.299501954,329,0,128,25,51,0,40,5,0,driving,none
90.319501954,545,0,128,25,51,0,40,5,0,driving,none
90.512839544,260,0,128,25,51,0,40,5,0,driving,none
90.532839544,316,0,128,25,51,0,40,5,0,driving,none
90.552839544,329,0,128,25,51,0,40,5,0,driving,none
90.572839544,545,0,128,25,51,0,40,5,0,driving,none
90.755808046,260,0,128,25,51,0,40,5,0,driving,none
90.775808046,316,0,128,25,51,0,40,5,0,driving,none
90.795808046,329,0,128,25,51,0,40,5,0,driving,none
90.815808046,545,0,128,25,51,0,40,5,0,driving,none
91.03714736,260,0,128,25,51,0,40,5,0,driving,none
91.05714736,316,0,128,25,51,0,40,5,0,driving,none
91.07714736,329,0,128,25,51,0,40,5,0,driving,none
91.09714736,545,0,128,25,51,0,40,5,0,driving,none
91.287861582,260,0,128,25,51,0,40,5,0,driving,none
91.307861582,316,0,128,25,51,0,40,5,0,driving,none
91.327861582,329,0,128,25,51,0,40,5,0,driving,none
91.347861582,545,0,128,25,51,0,40,5,0,driving,none
91.530561528,260,0,128,25,51,0,40,5,0,driving,none
91.550561528,316,0,128,25,51,0,40,5,0,driving,none
91.570561528,329,0,128,25,51,0,40,5,0,driving,none
91.590561528,545,0,128,25,51,0,40,5,0,driving,none
91.804600555,260,0,128,25,51,0,40,5,0,driving,none
91.824600555,316,0,128,25,51,0,40,5,0,driving,none
91.844600555,329,0,128,25,51,0,40,5,0,driving,none
91.864600555,545,0,128,25,51,0,40,5,0,driving,none
92.011786587,260,0,128,25,51,0,40,5,0,driving,none
92.031786587,316,0,128,25,51,0,40,5,0,driving,none
92.051786587,329,0,128,25,51,0,40,5,0,driving,none
92.071786587,545,0,128,25,51,0,40,5,0,driving,none
92.25533231,260,0,128,25,51,0,40,5,0,driving,none
92.27533231,316,0,128,25,51,0,40,5,0,driving,none
92.29533231,329,0,128,25,51,0,40,5,0,driving,none
92.31533231,545,0,128,25,51,0,40,5,0,driving,none
92.513660937,260,0,128,25,51,0,40,5,0,driving,none
92.533660937,316,0,128,25,51,0,40,5,0,driving,none
92.553660937,329,0,128,25,51,0,40,5,0,driving,none
92.573660937,545,0,128,25,51,0,40,5,0,driving,none
92.747542261,260,0,128,25,51,0,40,5,0,driving,none
92.767542261,316,0,128,25,51,0,40,5,0,driving,none
92.787542261,329,0,128,25,51,0,40,5,0,driving,none
92.807542261,545,0,128,25,51,0,40,5,0,driving,none
93.024546839,260,0,128,25,51,0,40,5,0,driving,none
93.044546839,316,0,128,25,51,0,40,5,0,driving,none
93.064546839,329,0,128,25,51,0,40,5,0,driving,none
93.084546839,545,0,128,25,51,0,40,5,0,driving,none
93.268572607,260,0,128,25,51,0,40,5,0,driving,none
93.288572607,316,0,128,25,51,0,40,5,0,driving,none
93.308572607,329,0,128,25,51,0,40,5,0,driving,none
93.328572607,545,0,128,25,51,0,40,5,0,driving,none
93.514190012,260,0,128,25,51,0,40,5,0,driving,none
93.534190012,316,0,128,25,51,0,40,5,0,driving,none
93.554190012,329,0,128,25,51,0,40,5,0,driving,none
93.574190012,545,0,128,25,51,0,40,5,0,driving,none
93.785436951,260,0,128,25,51,0,40,5,0,driving,none
93.805436951,316,0,128,25,51,0,40,5,0,driving,none
93.825436951,329,0,128,25,51,0,40,5,0,driving,none
93.845436951,545,0,128,25,51,0,40,5,0,driving,none
94.0824777,260,0,128,25,51,0,40,5,0,driving,none
94.1024777,316,0,128,25,51,0,40,5,0,driving,none
94.1224777,329,0,128,25,51,0,40,5,0,driving,none
94.1424777,545,0,128,25,51,0,40,5,0,driving,none
94.325984136,260,0,128,25,51,0,40,5,0,driving,none
94.345984136,316,0,128,25,51,0,40,5,0,driving,none
94.365984136,329,0,128,25,51,0,40,5,0,driving,none
94.385984136,545,0,128,25,51,0,40,5,0,driving,none
94.584769419,260,0,128,25,51,0,40,5,0,driving,none
94.604769419,316,0,128,25,51,0,40,5,0,driving,none
94.624769419,329,0,128,25,51,0,40,5,0,driving,none
94.644769419,545,0,128,25,51,0,40,5,0,driving,none
94.816219589,260,0,128,25,51,0,40,5,0,driving,none
94.836219589,316,0,128,25,51,0,40,5,0,driving,none
94.856219589,329,0,128,25,51,0,40,5,0,driving,none
94.876219589,545,0,128,25,51,0,40,5,0,driving,none
95.105033442,260,0,128,25,51,0,40,5,0,driving,none
95.125033442,316,0,128,25,51,0,40,5,0,driving,none
95.145033442,329,0,128,25,51,0,40,5,0,driving,none
95.165033442,545,0,128,25,51,0,40,5,0,driving,none
95.355785053,260,0,128,25,51,0,40,5,0,driving,none
95.375785053,316,0,128,25,51,0,40,5,0,driving,none
95.395785053,329,0,128,25,51,0,40,5,0,driving,none
95.415785053,545,0,128,25,51,0,40,5,0,driving,none
95.592729731,260,0,128,25,51,0,40,5,0,driving,none
95.612729731,316,0,128,25,51,0,40,5,0,driving,none
95.632729731,329,0,128,25,51,0,40,5,0,driving,none
95.652729731,545,0,128,25,51,0,40,5,0,driving,none
95.813330723,260,0,128,25,51,0,40,5,0,driving,none
95.833330723,316,0,128,25,51,0,40,5,0,driving,none
95.853330723,329,0,128,25,51,0,40,5,0,driving,none
95.873330723,545,0,128,25,51,0,40,5,0,driving,none
96.054970688,260,0,128,25,51,0,40,5,0,driving,none
96.074970688,316,0,128,25,51,0,40,5,0,driving,none
96.094970688,329,0,128,25,51,0,40,5,0,driving,none
96.114970688,545,0,128,25,51,0,40,5,0,driving,none
96.29189818,260,0,128,25,51,0,40,5,0,driving,none
96.31189818,316,0,128,25,51,0,40,5,0,driving,none
96.33189818,329,0,128,25,51,0,40,5,0,driving,none
96.35189818,545,0,128,25,51,0,40,5,0,driving,none
96.544732305,260,0,128,25,51,0,40,5,0,driving,none
96.564732305,316,0,128,25,51,0,40,5,0,driving,none
96.584732305,329,0,128,25,51,0,40,5,0,driving,none
96.604732305,545,0,128,25,51,0,40,5,0,driving,none
96.790526015,260,0,128,25,51,0,40,5,0,driving,none
96.810526015,316,0,128,25,51,0,40,5,0,driving,none
96.830526015,329,0,128,25,51,0,40,5,0,driving,none
96.850526015,545,0,128,25,51,0,40,5,0,driving,none
97.000412202,260,0,128,25,51,0,40,5,0,driving,none
97.020412202,316,0,128,25,51,0,40,5,0,driving,none
97.040412202,329,0,128,25,51,0,40,5,0,driving,none
97.060412202,545,0,128,25,51,0,40,5,0,driving,none
97.262173845,260,0,128,25,51,0,40,5,0,driving,none
97.282173845,316,0,128,25,51,0,40,5,0,driving,none
97.302173845,329,0,128,25,51,0,40,5,0,driving,none
97.322173845,545,0,128,25,51,0,40,5,0,driving,none
97.516053361,260,0,128,25,51,0,40,5,0,driving,none
97.536053361,316,0,128,25,51,0,40,5,0,driving,none
97.556053361,329,0,128,25,51,0,40,5,0,driving,none
97.576053361,545,0,128,25,51,0,40,5,0,driving,none
97.788115765,260,0,128,25,51,0,40,5,0,driving,none
97.808115765,316,0,128,25,51,0,40,5,0,driving,none
97.828115765,329,0,128,25,51,0,40,5,0,driving,none
97.848115765,545,0,128,25,51,0,40,5,0,driving,none
98.03290413,260,0,128,25,51,0,40,5,0,driving,none
98.05290413,316,0,128,25,51,0,40,5,0,driving,none
98.07290413,329,0,128,25,51,0,40,5,0,driving,none
98.09290413,545,0,128,25,51,0,40,5,0,driving,none
98.331787593,260,0,128,25,51,0,40,5,0,driving,none
98.351787593,316,0,128,25,51,0,40,5,0,driving,none
98.371787593,329,0,128,25,51,0,40,5,0,driving,none
98.391787593,545,0,128,25,51,0,40,5,0,driving,none
98.567178781,260,0,128,25,51,0,40,5,0,driving,none
98.587178781,316,0,128,25,51,0,40,5,0,driving,none
98.607178781,329,0,128,25,51,0,40,5,0,driving,none
98.627178781,545,0,128,25,51,0,40,5,0,driving,none
98.81720315,260,0,128,25,51,0,40,5,0,driving,none
98.83720315,316,0,128,25,51,0,40,5,0,driving,none
98.85720315,329,0,128,25,51,0,40,5,0,driving,none
98.87720315,545,0,128,25,51,0,40,5,0,driving,none
99.108662584,260,0,128,25,51,0,40,5,0,driving,none
99.128662584,316,0,128,25,51,0,40,5,0,driving,none
99.148662584,329,0,128,25,51,0,40,5,0,driving,none
99.168662584,545,0,128,25,51,0,40,5,0,driving,none
99.38038677,260,0,128,25,51,0,40,5,0,driving,none
99.40038677,316,0,128,25,51,0,40,5,0,driving,none
99.42038677,329,0,128,25,51,0,40,5,0,driving,none
99.44038677,545,0,128,25,51,0,40,5,0,driving,none
99.649212174,260,0,128,25,51,0,40,5,0,driving,none
99.669212174,316,0,128,25,51,0,40,5,0,driving,none
99.689212174,329,0,128,25,51,0,40,5,0,driving,none
99.709212174,545,0,128,25,51,0,40,5,0,driving,none
99.915874488,260,0,128,25,51,0,40,5,0,driving,none
99.935874488,316,0,128,25,51,0,40,5,0,driving,none
99.955874488,329,0,128,25,51,0,40,5,0,driving,none
99.975874488,545,0,128,25,51,0,40,5,0,driving,none
100.149191017,260,0,128,25,51,0,40,5,0,driving,none
100.169191017,316,0,128,25,51,0,40,5,0,driving,none
100.189191017,329,0,128,25,51,0,40,5,0,driving,none
100.209191017,545,0,128,25,51,0,40,5,0,driving,none
100.404327162,260,0,128,25,51,0,40,5,0,driving,none
100.424327162,316,0,128,25,51,0,40,5,0,driving,none
100.444327162,329,0,128,25,51,0,40,5,0,driving,none
100.464327162,545,0,128,25,51,0,40,5,0,driving,none
100.674021598,260,0,128,25,51,0,40,5,0,driving,none
100.694021598,316,0,128,25,51,0,40,5,0,driving,none
100.714021598,329,0,128,25,51,0,40,5,0,driving,none
100.734021598,545,0,128,25,51,0,40,5,0,driving,none
100.954365375,260,0,128,25,51,0,40,5,0,driving,none
100.974365375,316,0,128,25,51,0,40,5,0,driving,none
100.994365375,329,0,128,25,51,0,40,5,0,driving,none
101.014365375,545,0,128,25,51,0,40,5,0,driving,none
101.212099042,260,0,128,25,51,0,40,5,0,driving,none
101.232099042,316,0,128,25,51,0,40,5,0,driving,none
101.252099042,329,0,128,25,51,0,40,5,0,driving,none
101.272099042,545,0,128,25,51,0,40,5,0,driving,none
101.445077749,260,0,128,25,51,0,40,5,0,driving,none
101.465077749,316,0,128,25,51,0,40,5,0,driving,none
101.485077749,329,0,128,25,51,0,40,5,0,driving,none
101.505077749,545,0,128,25,51,0,40,5,0,driving,none
101.678271808,260,0,128,25,51,0,40,5,0,driving,none
101.698271808,316,0,128,25,51,0,40,5,0,driving,none
101.718271808,329,0,128,25,51,0,40,5,0,driving,none
101.738271808,545,0,128,25,51,0,40,5,0,driving,none
101.909981118,260,0,128,25,51,0,40,5,0,driving,none
101.929981118,316,0,128,25,51,0,40,5,0,driving,none
101.949981118,329,0,128,25,51,0,40,5,0,driving,none
101.969981118,545,0,128,25,51,0,40,5,0,driving,none
102.186940602,260,0,128,25,51,0,40,5,0,driving,none
102.206940602,316,0,128,25,51,0,40,5,0,driving,none
102.226940602,329,0,128,25,51,0,40,5,0,driving,none
102.246940602,545,0,128,25,51,0,40,5,0,driving,none
102.387124497,260,0,128,25,51,0,40,5,0,driving,none
102.407124497,316,0,128,25,51,0,40,5,0,driving,none
102.427124497,329,0,128,25,51,0,40,5,0,driving,none
102.447124497,545,0,128,25,51,0,40,5,0,driving,none
102.660892481,260,114,196,11,149,120,123,200,70,driving,Fuzzy
102.680892481,316,58,224,162,3,221,20,150,237,driving,Fuzzy
102.700892481,329,33,6,199,176,36,119,43,62,driving,Fuzzy
102.720892481,545,141,83,208,229,102,7,228,129,driving,Fuzzy
102.903858987,260,199,104,193,151,199,39,31,233,driving,Fuzzy
102.923858987,316,50,87,231,233,131,62,241,217,driving,Fuzzy
102.943858987,329,166,163,66,112,33,209,74,247,driving,Fuzzy
102.963858987,545,17,150,51,145,60,185,213,65,driving,Fuzzy
103.159599439,260,121,121,105,121,56,205,255,91,driving,Fuzzy
103.179599439,316,24,17,120,231,71,157,251,30,driving,Fuzzy
103.199599439,329,130,60,183,44,100,26,250,152,driving,Fuzzy
103.219599439,545,167,187,75,17,4,101,179,86,driving,Fuzzy
103.401629927,260,244,17,100,67,79,212,123,1,driving,Fuzzy
103.421629927,316,105,27,254,119,254,33,209,133,driving,Fuzzy
103.441629927,329,75,141,206,51,75,180,250,62,driving,Fuzzy
103.461629927,545,84,96,97,60,215,14,101,26,driving,Fuzzy
103.641982849,260,94,190,206,123,40,44,149,11,driving,Fuzzy
103.661982849,316,87,48,179,107,25,7,144,28,driving,Fuzzy
103.681982849,329,82,235,211,36,238,250,51,86,driving,Fuzzy
103.701982849,545,127,125,67,112,141,191,131,70,driving,Fuzzy
103.887537841,260,105,43,244,255,56,198,90,57,driving,Fuzzy
103.907537841,316,140,81,243,212,185,221,173,224,driving,Fuzzy
103.927537841,329,11,244,217,77,34,130,61,209,driving,Fuzzy
103.947537841,545,111,160,28,71,32,145,95,42,driving,Fuzzy
104.130382505,260,11,193,61,62,134,35,23,199,driving,Fuzzy
104.150382505,316,144,164,172,95,3,12,130,32,driving,Fuzzy
104.170382505,329,65,138,129,183,63,192,49,157,driving,Fuzzy
104.190382505,545,208,170,126,237,1,77,111,241,driving,Fuzzy
104.375679701,260,120,93,114,86,124,194,225,225,driving,Fuzzy
104.395679701,316,12,189,104,152,75,181,33,254,driving,Fuzzy
104.415679701,329,30,62,98,162,46,80,61,191,driving,Fuzzy
104.435679701,545,191,179,68,135,127,0,241,63,driving,Fuzzy
104.621885328,260,104,6,52,206,46,13,158,35,driving,Fuzzy
104.641885328,316,53,92,33,66,197,62,25,2,driving,Fuzzy
104.661885328,329,217,60,24,70,199,241,136,214,driving,Fuzzy
104.681885328,545,240,224,12,99,145,99,53,223,driving,Fuzzy
104.874306957,260,110,155,120,187,185,226,159,15,driving,Fuzzy
104.894306957,316,174,225,153,249,42,251,226,54,driving,Fuzzy
104.914306957,329,163,171,209,149,192,129,120,78,driving,Fuzzy
104.934306957,545,77,134,200,197,119,54,51,166,driving,Fuzzy
105.11668427,260,215,0,100,81,198,103,128,100,driving,Fuzzy
105.13668427,316,26,76,220,80,9,144,69,128,driving,Fuzzy
105.15668427,329,10,57,177,74,35,230,106,56,driving,Fuzzy
105.17668427,545,25,34,227,122,105,93,145,244,driving,Fuzzy
105.372666516,260,174,204,243,119,30,97,52,198,driving,Fuzzy
105.392666516,316,228,90,52,189,128,19,234,123,driving,Fuzzy
105.412666516,329,148,117,42,10,181,229,108,141,driving,Fuzzy
105.432666516,545,201,222,236,173,242,31,47,168,driving,Fuzzy
105.62692751,260,146,77,68,252,20,188,191,243,driving,Fuzzy
105.64692751,316,233,80,17,24,164,119,212,26,driving,Fuzzy
105.66692751,329,221,139,112,160,125,90,16,52,driving,Fuzzy
105.68692751,545,240,250,211,231,40,83,137,129,driving,Fuzzy
105.875577132,260,189,113,1,55,76,252,28,227,driving,Fuzzy
105.895577132,316,99,197,204,91,26,209,77,254,driving,Fuzzy
105.915577132,329,64,132,142,232,6,219,240,133,driving,Fuzzy
105.935577132,545,186,6,232,33,221,74,119,79,driving,Fuzzy
106.115127121,260,182,68,222,177,186,170,227,173,driving,Fuzzy
106.135127121,316,227,208,62,56,83,3,18,183,driving,Fuzzy
106.155127121,329,214,164,162,177,124,24,129,10,driving,Fuzzy
106.175127121,545,246,142,101,104,234,80,230,4,driving,Fuzzy
106.35443086,260,109,116,180,90,146,85,99,153,driving,Fuzzy
106.37443086,316,128,66,126,77,6,49,241,32,driving,Fuzzy
106.39443086,329,18,203,103,249,38,62,220,124,driving,Fuzzy
106.41443086,545,108,175,133,97,141,170,255,39,driving,Fuzzy
106.606096791,260,68,145,28,111,134,31,188,237,driving,Fuzzy
106.626096791,316,3,128,47,101,58,236,112,66,driving,Fuzzy
106.646096791,329,119,98,167,52,168,26,212,71,driving,Fuzzy
106.666096791,545,96,126,156,139,13,186,125,120,driving,Fuzzy
106.856241016,260,228,249,104,117,167,30,167,82,driving,Fuzzy
106.876241016,316,173,34,144,6,165,171,34,179,driving,Fuzzy
106.896241016,329,175,210,249,140,206,154,68,93,driving,Fuzzy
106.916241016,545,236,101,26,19,212,122,200,150,driving,Fuzzy
107.109545965,260,237,19,142,245,30,150,71,22,driving,Fuzzy
107.129545965,316,138,55,72,149,138,226,216,109,driving,Fuzzy
107.149545965,329,100,233,250,122,9,130,229,20,driving,Fuzzy
107.169545965,545,58,124,4,101,232,220,5,138,driving,Fuzzy
107.353985246,260,50,252,239,10,169,233,229,110,driving,Fuzzy
107.373985246,316,51,10,26,88,249,35,116,216,driving,Fuzzy
107.393985246,329,85,93,162,188,248,144,36,4,driving,Fuzzy
107.413985246,545,127,76,65,68,37,59,112,218,driving,Fuzzy
107.600351402,260,34,207,221,15,241,7,157,40,driving,Fuzzy
107.620351402,316,164,253,81,129,45,210,174,131,driving,Fuzzy
107.640351402,329,179,106,199,37,19,178,102,158,driving,Fuzzy
107.660351402,545,4,186,113,150,254,146,93,108,driving,Fuzzy
107.856368517,260,25,241,118,138,181,207,183,36,driving,Fuzzy
107.876368517,316,114,13,240,86,198,232,153,165,driving,Fuzzy
107.896368517,329,127,115,192,67,162,40,225,15,driving,Fuzzy
107.916368517,545,93,246,50,162,95,71,231,120,driving,Fuzzy
108.107978062,260,246,82,71,211,102,216,57,239,driving,Fuzzy
108.127978062,316,56,194,32,98,97,173,53,252,driving,Fuzzy
108.147978062,329,48,14,183,78,152,164,6,96,driving,Fuzzy
108.167978062,545,160,232,108,187,159,91,36,59,driving,Fuzzy
108.367328384,260,173,242,202,46,158,134,151,11,driving,Fuzzy
108.387328384,316,30,168,234,249,155,112,42,174,driving,Fuzzy
108.407328384,329,87,83,248,43,56,6,238,156,driving,Fuzzy
108.427328384,545,222,179,174,20,207,189,121,4,driving,Fuzzy
108.613281151,260,91,3,13,216,207,177,83,96,driving,Fuzzy
108.633281151,316,80,25,155,69,11,147,81,75,driving,Fuzzy
108.653281151,329,142,238,4,133,80,151,161,24,driving,Fuzzy
108.673281151,545,38,102,206,247,70,151,172,10,driving,Fuzzy
108.859866684,260,27,11,162,226,165,74,33,115,driving,Fuzzy
108.879866684,316,81,196,152,141,192,156,112,50,driving,Fuzzy
108.899866684,329,10,64,59,68,13,250,223,174,driving,Fuzzy
108.919866684,545,109,183,252,58,240,216,69,6,driving,Fuzzy
109.10849947,260,88,234,253,98,128,109,89,129,driving,Fuzzy
109.12849947,316,8,252,135,72,205,4,61,229,driving,Fuzzy
109.14849947,329,180,31,48,238,244,178,142,231,driving,Fuzzy
109.16849947,545,178,16,112,38,214,62,183,234,driving,Fuzzy
109.360406643,260,7,213,3,59,89,13,9,107,driving,Fuzzy
109.380406643,316,10,62,235,29,157,226,207,173,driving,Fuzzy
109.400406643,329,170,151,147,19,171,5,100,251,driving,Fuzzy
109.420406643,545,83,34,104,13,157,47,8,152,driving,Fuzzy
109.615339031,260,67,208,8,145,214,80,28,255,driving,Fuzzy
109.635339031,316,118,156,112,71,85,51,187,200,driving,Fuzzy
109.655339031,329,118,151,101,248,215,73,179,65,driving,Fuzzy
109.675339031,545,124,48,175,144,242,157,107,87,driving,Fuzzy
109.867012029,260,182,166,229,181,160,121,117,185,driving,Fuzzy
109.887012029,316,15,223,176,129,36,96,15,241,driving,Fuzzy
109.907012029,329,140,128,127,65,248,67,1,95,driving,Fuzzy
109.927012029,545,70,95,63,73,120,231,4,117,driving,Fuzzy
110.110389165,260,79,70,242,30,92,222,15,29,driving,Fuzzy
110.130389165,316,180,71,31,216,58,15,147,55,driving,Fuzzy
110.150389165,329,12,197,253,242,236,172,96,71,driving,Fuzzy
110.170389165,545,124,201,98,247,240,105,206,151,driving,Fuzzy
110.363690167,260,171,241,82,86,9,136,114,202,driving,Fuzzy
110.383690167,316,45,224,150,95,108,27,223,45,driving,Fuzzy
110.403690167,329,42,27,53,242,153,163,168,67,driving,Fuzzy
110.423690167,545,230,163,101,253,4,12,128,56,driving,Fuzzy
110.617967402,260,17,88,102,112,197,81,193,146,driving,Fuzzy
110.637967402,316,40,35,200,64,251,241,25,124,driving,Fuzzy
110.657967402,329,119,36,114,218,132,10,124,221,driving,Fuzzy
110.677967402,545,167,230,38,216,250,75,113,36,driving,Fuzzy
110.866371783,260,42,178,180,139,5,191,248,132,driving,Fuzzy
110.886371783,316,146,248,11,112,43,254,49,247,driving,Fuzzy
110.906371783,329,137,247,148,11,242,93,124,72,driving,Fuzzy
110.926371783,545,189,103,120,247,127,203,74,101,driving,Fuzzy
111.115200086,260,12,169,227,205,77,25,236,85,driving,Fuzzy
111.135200086,316,197,208,124,62,187,173,88,51,driving,Fuzzy
111.155200086,329,222,72,189,113,183,199,109,135,driving,Fuzzy
111.175200086,545,251,144,95,68,130,104,149,29,driving,Fuzzy
111.354881237,260,102,130,72,197,80,209,113,157,driving,Fuzzy
111.374881237,316,130,153,107,3,128,57,9,189,driving,Fuzzy
111.394881237,329,157,172,199,5,35,115,232,251,driving,Fuzzy
111.414881237,545,86,199,255,162,222,206,12,251,driving,Fuzzy
111.598327051,260,99,158,173,235,63,11,237,53,driving,Fuzzy
111.618327051,316,234,11,209,180,165,19,88,218,driving,Fuzzy
111.638327051,329,155,243,68,68,103,39,133,211,driving,Fuzzy
111.658327051,545,150,78,23,77,6,228,202,183,driving,Fuzzy
111.854841245,260,202,233,178,41,105,153,116,151,driving,Fuzzy
111.874841245,316,138,237,226,194,86,118,203,197,driving,Fuzzy
111.894841245,329,208,126,228,218,61,93,2,133,driving,Fuzzy
111.914841245,545,180,252,254,209,246,129,29,129,driving,Fuzzy
112.104410788,260,178,15,202,85,178,43,63,44,driving,Fuzzy
112.124410788,316,177,191,219,175,90,72,233,63,driving,Fuzzy
112.144410788,329,97,207,73,132,5,136,221,246,driving,Fuzzy
112.164410788,545,240,112,101,121,173,27,77,237,driving,Fuzzy
112.342582926,260,80,197,103,55,135,45,116,162,driving,Fuzzy
112.362582926,316,17,98,230,160,41,153,36,90,driving,Fuzzy
112.382582926,329,8,34,37,12,197,252,249,117,driving,Fuzzy
112.402582926,545,213,163,89,120,232,158,237,212,driving,Fuzzy
112.587865524,260,62,59,171,175,144,244,97,155,driving,Fuzzy
112.607865524,316,4,1,56,38,31,182,72,46,driving,Fuzzy
112.627865524,329,85,135,10,245,216,211,246,193,driving,Fuzzy
112.647865524,545,51,199,195,148,180,103,124,102,driving,Fuzzy
112.834616905,260,0,128,85,51,0,130,5,0,driving,none
112.854616905,316,0,128,85,51,0,130,5,0,driving,none
112.874616905,329,0,128,85,51,0,130,5,0,driving,none
112.894616905,545,0,128,85,51,0,130,5,0,driving,none
113.088322974,260,0,128,85,51,0,130,5,0,driving,none
113.108322974,316,0,128,85,51,0,130,5,0,driving,none
113.128322974,329,0,128,85,51,0,130,5,0,driving,none
113.148322974,545,0,128,85,51,0,130,5,0,driving,none
113.358945305,260,0,128,85,51,0,130,5,0,driving,none
113.378945305,316,0,128,85,51,0,130,5,0,driving,none
113.398945305,329,0,128,85,51,0,130,5,0,driving,none
113.418945305,545,0,128,85,51,0,130,5,0,driving,none
113.615035809,260,0,128,85,51,0,130,5,0,driving,none
113.635035809,316,0,128,85,51,0,130,5,0,driving,none
113.655035809,329,0,128,85,51,0,130,5,0,driving,none
113.675035809,545,0,128,85,51,0,130,5,0,driving,none
113.853377376,260,0,128,85,51,0,130,5,0,driving,none
113.873377376,316,0,128,85,51,0,130,5,0,driving,none
113.893377376,329,0,128,85,51,0,130,5,0,driving,none
113.913377376,545,0,128,85,51,0,130,5,0,driving,none
114.091077442,260,0,128,85,51,0,130,5,0,driving,none
114.111077442,316,0,128,85,51,0,130,5,0,driving,none
114.131077442,329,0,128,85,51,0,130,5,0,driving,none
114.151077442,545,0,128,85,51,0,130,5,0,driving,none
114.293999956,260,0,128,85,51,0,130,5,0,driving,none
114.313999956,316,0,128,85,51,0,130,5,0,driving,none
114.333999956,329,0,128,85,51,0,130,5,0,driving,none
114.353999956,545,0,128,85,51,0,130,5,0,driving,none
114.578241321,260,0,128,85,51,0,130,5,0,driving,none
114.598241321,316,0,128,85,51,0,130,5,0,driving,none
114.618241321,329,0,128,85,51,0,130,5,0,driving,none
114.638241321,545,0,128,85,51,0,130,5,0,driving,none
114.847540255,260,0,128,85,51,0,130,5,0,driving,none
114.867540255,316,0,128,85,51,0,130,5,0,driving,none
114.887540255,329,0,128,85,51,0,130,5,0,driving,none
114.907540255,545,0,128,85,51,0,130,5,0,driving,none
115.109156164,260,0,128,85,51,0,130,5,0,driving,none
115.129156164,316,0,128,85,51,0,130,5,0,driving,none
115.149156164,329,0,128,85,51,0,130,5,0,driving,none
115.169156164,545,0,128,85,51,0,130,5,0,driving,none
115.33136859,260,0,128,85,51,0,130,5,0,driving,none
115.35136859,316,0,128,85,51,0,130,5,0,driving,none
115.37136859,329,0,128,85,51,0,130,5,0,driving,none
115.39136859,545,0,128,85,51,0,130,5,0,driving,none
115.588908216,260,0,128,85,51,0,130,5,0,driving,none
115.608908216,316,0,128,85,51,0,130,5,0,driving,none
115.628908216,329,0,128,85,51,0,130,5,0,driving,none
115.648908216,545,0,128,85,51,0,130,5,0,driving,none
115.839482132,260,0,128,85,51,0,130,5,0,driving,none
115.859482132,316,0,128,85,51,0,130,5,0,driving,none
115.879482132,329,0,128,85,51,0,130,5,0,driving,none
115.899482132,545,0,128,85,51,0,130,5,0,driving,none
116.115743959,260,0,128,85,51,0,130,5,0,driving,none
116.135743959,316,0,128,85,51,0,130,5,0,driving,none
116.155743959,329,0,128,85,51,0,130,5,0,driving,none
116.175743959,545,0,128,85,51,0,130,5,0,driving,none
116.364374821,260,0,128,85,51,0,130,5,0,driving,none
116.384374821,316,0,128,85,51,0,130,5,0,driving,none
116.404374821,329,0,128,85,51,0,130,5,0,driving,none
116.424374821,545,0,128,85,51,0,130,5,0,driving,none
116.630186016,260,0,128,85,51,0,130,5,0,driving,none
116.650186016,316,0,128,85,51,0,130,5,0,driving,none
116.670186016,329,0,128,85,51,0,130,5,0,driving,none
116.690186016,545,0,128,85,51,0,130,5,0,driving,none
116.875852964,260,0,128,85,51,0,130,5,0,driving,none
116.895852964,316,0,128,85,51,0,130,5,0,driving,none
116.915852964,329,0,128,85,51,0,130,5,0,driving,none
116.935852964,545,0,128,85,51,0,130,5,0,driving,none
117.137043532,260,0,128,85,51,0,130,5,0,driving,none
117.157043532,316,0,128,85,51,0,130,5,0,driving,none
117.177043532,329,0,128,85,51,0,130,5,0,driving,none
117.197043532,545,0,128,85,51,0,130,5,0,driving,none
117.391914356,260,0,128,85,51,0,130,5,0,driving,none
117.411914356,316,0,128,85,51,0,130,5,0,driving,none
117.431914356,329,0,128,85,51,0,130,5,0,driving,none
117.451914356,545,0,128,85,51,0,130,5,0,driving,none
117.6233377,260,0,128,85,51,0,130,5,0,driving,none
117.6433377,316,0,128,85,51,0,130,5,0,driving,none
117.6633377,329,0,128,85,51,0,130,5,0,driving,none
117.6833377,545,0,128,85,51,0,130,5,0,driving,none
117.883831565,260,0,128,85,51,0,130,5,0,driving,none
117.903831565,316,0,128,85,51,0,130,5,0,driving,none
117.923831565,329,0,128,85,51,0,130,5,0,driving,none
117.943831565,545,0,128,85,51,0,130,5,0,driving,none
118.110107406,260,0,128,85,51,0,130,5,0,driving,none
118.130107406,316,0,128,85,51,0,130,5,0,driving,none
118.150107406,329,0,128,85,51,0,130,5,0,driving,none
118.170107406,545,0,128,85,51,0,130,5,0,driving,none
118.34834923,260,0,128,85,51,0,130,5,0,driving,none
118.36834923,316,0,128,85,51,0,130,5,0,driving,none
118.38834923,329,0,128,85,51,0,130,5,0,driving,none
118.40834923,545,0,128,85,51,0,130,5,0,driving,none
118.5943463,260,0,128,85,51,0,130,5,0,driving,none
118.6143463,316,0,128,85,51,0,130,5,0,driving,none
118.6343463,329,0,128,85,51,0,130,5,0,driving,none
118.6543463,545,0,128,85,51,0,130,5,0,driving,none
118.844501392,260,0,128,85,51,0,130,5,0,driving,none
118.864501392,316,0,128,85,51,0,130,5,0,driving,none
118.884501392,329,0,128,85,51,0,130,5,0,driving,none
118.904501392,545,0,128,85,51,0,130,5,0,driving,none
119.087644115,260,0,128,85,51,0,130,5,0,driving,none
119.107644115,316,0,128,85,51,0,130,5,0,driving,none
119.127644115,329,0,128,85,51,0,130,5,0,driving,none
119.147644115,545,0,128,85,51,0,130,5,0,driving,none
119.314160868,260,0,128,85,51,0,130,5,0,driving,none
119.334160868,316,0,128,85,51,0,130,5,0,driving,none
119.354160868,329,0,128,85,51,0,130,5,0,driving,none
119.374160868,545,0,128,85,51,0,130,5,0,driving,none
119.544894717,260,0,128,85,51,0,130,5,0,driving,none
119.564894717,316,0,128,85,51,0,130,5,0,driving,none
119.584894717,329,0,128,85,51,0,130,5,0,driving,none
119.604894717,545,0,128,85,51,0,130,5,0,driving,none
119.773866133,260,0,128,85,51,0,130,5,0,driving,none
119.793866133,316,0,128,85,51,0,130,5,0,driving,none
119.813866133,329,0,128,85,51,0,130,5,0,driving,none
119.833866133,545,0,128,85,51,0,130,5,0,driving,none
120.061515663,260,0,128,85,51,0,130,5,0,driving,none
120.081515663,316,0,128,85,51,0,130,5,0,driving,none
120.101515663,329,0,128,85,51,0,130,5,0,driving,none
120.121515663,545,0,128,85,51,0,130,5,0,driving,none
120.312293534,260,0,128,85,51,0,130,5,0,driving,none
120.332293534,316,0,128,85,51,0,130,5,0,driving,none
120.352293534,329,0,128,85,51,0,130,5,0,driving,none
120.372293534,545,0,128,85,51,0,130,5,0,driving,none
120.562670599,260,0,128,85,51,0,130,5,0,driving,none
120.582670599,316,0,128,85,51,0,130,5,0,driving,none
120.602670599,329,0,128,85,51,0,130,5,0,driving,none
120.622670599,545,0,128,85,51,0,130,5,0,driving,none
120.796464711,260,0,128,85,51,0,130,5,0,driving,none
120.816464711,316,0,128,85,51,0,130,5,0,driving,none
120.836464711,329,0,128,85,51,0,130,5,0,driving,none
120.856464711,545,0,128,85,51,0,130,5,0,driving,none
121.031594902,260,0,128,85,51,0,130,5,0,driving,none
121.051594902,316,0,128,85,51,0,130,5,0,driving,none
121.071594902,329,0,128,85,51,0,130,5,0,driving,none
121.091594902,545,0,128,85,51,0,130,5,0,driving,none
121.290487288,260,0,128,85,51,0,130,5,0,driving,none
121.310487288,316,0,128,85,51,0,130,5,0,driving,none
121.330487288,329,0,128,85,51,0,130,5,0,driving,none
121.350487288,545,0,128,85,51,0,130,5,0,driving,none
121.524546831,260,0,128,85,51,0,130,5,0,driving,none
121.544546831,316,0,128,85,51,0,130,5,0,driving,none
121.564546831,329,0,128,85,51,0,130,5,0,driving,none
121.584546831,545,0,128,85,51,0,130,5,0,driving,none
121.793015741,260,0,128,85,51,0,130,5,0,driving,none
121.813015741,316,0,128,85,51,0,130,5,0,driving,none
121.833015741,329,0,128,85,51,0,130,5,0,driving,none
121.853015741,545,0,128,85,51,0,130,5,0,driving,none
122.034779175,260,0,128,85,51,0,130,5,0,driving,none
122.054779175,316,0,128,85,51,0,130,5,0,driving,none
122.074779175,329,0,128,85,51,0,130,5,0,driving,none
122.094779175,545,0,128,85,51,0,130,5,0,driving,none
122.289445739,260,0,128,85,51,0,130,5,0,driving,none
122.309445739,316,0,128,85,51,0,130,5,0,driving,none
122.329445739,329,0,128,85,51,0,130,5,0,driving,none
122.349445739,545,0,128,85,51,0,130,5,0,driving,none
122.534487356,260,0,128,85,51,0,130,5,0,driving,none
122.554487356,316,0,128,85,51,0,130,5,0,driving,none
122.574487356,329,0,128,85,51,0,130,5,0,driving,none
122.594487356,545,0,128,85,51,0,130,5,0,driving,none
122.780272837,260,0,128,85,51,0,130,5,0,driving,none
122.800272837,316,0,128,85,51,0,130,5,0,driving,none
122.820272837,329,0,128,85,51,0,130,5,0,driving,none
122.840272837,545,0,128,85,51,0,130,5,0,driving,none
123.048481364,260,0,128,85,51,0,130,5,0,driving,none
123.068481364,316,0,128,85,51,0,130,5,0,driving,none
123.088481364,329,0,128,85,51,0,130,5,0,driving,none
123.108481364,545,0,128,85,51,0,130,5,0,driving,none
123.292793347,260,0,128,85,51,0,130,5,0,driving,none
123.312793347,316,0,128,85,51,0,130,5,0,driving,none
123.332793347,329,0,128,85,51,0,130,5,0,driving,none
123.352793347,545,0,128,85,51,0,130,5,0,driving,none
123.541037524,260,0,128,85,51,0,130,5,0,driving,none
123.561037524,316,0,128,85,51,0,130,5,0,driving,none
123.581037524,329,0,128,85,51,0,130,5,0,driving,none
123.601037524,545,0,128,85,51,0,130,5,0,driving,none
123.853949641,260,0,128,85,51,0,130,5,0,driving,none
123.873949641,316,0,128,85,51,0,130,5,0,driving,none
123.893949641,329,0,128,85,51,0,130,5,0,driving,none
123.913949641,545,0,128,85,51,0,130,5,0,driving,none
124.091356064,260,0,128,85,51,0,130,5,0,driving,none
124.111356064,316,0,128,85,51,0,130,5,0,driving,none
124.131356064,329,0,128,85,51,0,130,5,0,driving,none
124.151356064,545,0,128,85,51,0,130,5,0,driving,none
124.347001149,260,0,128,85,51,0,130,5,0,driving,none
124.367001149,316,0,128,85,51,0,130,5,0,driving,none
124.387001149,329,0,128,85,51,0,130,5,0,driving,none
124.407001149,545,0,128,85,51,0,130,5,0,driving,none
124.573477901,260,0,128,85,51,0,130,5,0,driving,none
124.593477901,316,0,128,85,51,0,130,5,0,driving,none
124.613477901,329,0,128,85,51,0,130,5,0,driving,none
124.633477901,545,0,128,85,51,0,130,5,0,driving,none
124.84553351,260,0,128,85,51,0,130,5,0,driving,none
124.86553351,316,0,128,85,51,0,130,5,0,driving,none
124.88553351,329,0,128,85,51,0,130,5,0,driving,none
124.90553351,545,0,128,85,51,0,130,5,0,driving,none
125.09334751,260,0,128,85,51,0,130,5,0,driving,none
125.11334751,316,0,128,85,51,0,130,5,0,driving,none
125.13334751,329,0,128,85,51,0,130,5,0,driving,none
125.15334751,545,0,128,85,51,0,130,5,0,driving,none
125.346635893,260,0,128,85,51,0,130,5,0,driving,none
125.366635893,316,0,128,85,51,0,130,5,0,driving,none
125.386635893,329,0,128,85,51,0,130,5,0,driving,none
125.406635893,545,0,128,85,51,0,130,5,0,driving,none
125.605194474,260,0,128,85,51,0,130,5,0,driving,none
125.625194474,316,0,128,85,51,0,130,5,0,driving,none
125.645194474,329,0,128,85,51,0,130,5,0,driving,none
125.665194474,545,0,128,85,51,0,130,5,0,driving,none
125.865318613,260,0,128,85,51,0,130,5,0,driving,none
125.885318613,316,0,128,85,51,0,130,5,0,driving,none
125.905318613,329,0,128,85,51,0,130,5,0,driving,none
125.925318613,545,0,128,85,51,0,130,5,0,driving,none
126.114950322,260,0,128,85,51,0,130,5,0,driving,none
126.134950322,316,0,128,85,51,0,130,5,0,driving,none
126.154950322,329,0,128,85,51,0,130,5,0,driving,none
126.174950322,545,0,128,85,51,0,130,5,0,driving,none
126.371865983,260,0,128,85,51,0,130,5,0,driving,none
126.391865983,316,0,128,85,51,0,130,5,0,driving,none
126.411865983,329,0,128,85,51,0,130,5,0,driving,none
126.431865983,545,0,128,85,51,0,130,5,0,driving,none
126.641521007,260,0,128,85,51,0,130,5,0,driving,none
126.661521007,316,0,128,85,51,0,130,5,0,driving,none
126.681521007,329,0,128,85,51,0,130,5,0,driving,none
126.701521007,545,0,128,85,51,0,130,5,0,driving,none
126.894128895,260,0,128,85,51,0,130,5,0,driving,none
126.914128895,316,0,128,85,51,0,130,5,0,driving,none
126.934128895,329,0,128,85,51,0,130,5,0,driving,none
126.954128895,545,0,128,85,51,0,130,5,0,driving,none
127.144715106,260,0,128,85,51,0,130,5,0,driving,none
127.164715106,316,0,128,85,51,0,130,5,0,driving,none
127.184715106,329,0,128,85,51,0,130,5,0,driving,none
127.204715106,545,0,128,85,51,0,130,5,0,driving,none
127.397598617,260,0,128,85,51,0,130,5,0,driving,none
127.417598617,316,0,128,85,51,0,130,5,0,driving,none
127.437598617,329,0,128,85,51,0,130,5,0,driving,none
127.457598617,545,0,128,85,51,0,130,5,0,driving,none
127.656482747,260,0,128,85,51,0,130,5,0,driving,none
127.676482747,316,0,128,85,51,0,130,5,0,driving,none
127.696482747,329,0,128,85,51,0,130,5,0,driving,none
127.716482747,545,0,128,85,51,0,130,5,0,driving,none
127.91801815,260,0,128,85,51,0,130,5,0,driving,none
127.93801815,316,0,128,85,51,0,130,5,0,driving,none
127.95801815,329,0,128,85,51,0,130,5,0,driving,none
127.97801815,545,0,128,85,51,0,130,5,0,driving,none
128.199385364,260,0,128,85,51,0,130,5,0,driving,none
128.219385364,316,0,128,85,51,0,130,5,0,driving,none
128.239385364,329,0,128,85,51,0,130,5,0,driving,none
128.259385364,545,0,128,85,51,0,130,5,0,driving,none
128.444400249,260,0,128,85,51,0,130,5,0,driving,none
128.464400249,316,0,128,85,51,0,130,5,0,driving,none
128.484400249,329,0,128,85,51,0,130,5,0,driving,none
128.504400249,545,0,128,85,51,0,130,5,0,driving,none
128.684706564,260,0,128,85,51,0,130,5,0,driving,none
128.704706564,316,0,128,85,51,0,130,5,0,driving,none
128.724706564,329,0,128,85,51,0,130,5,0,driving,none
128.744706564,545,0,128,85,51,0,130,5,0,driving,none
128.947160443,260,0,128,85,51,0,130,5,0,driving,none
128.967160443,316,0,128,85,51,0,130,5,0,driving,none
128.987160443,329,0,128,85,51,0,130,5,0,driving,none
129.007160443,545,0,128,85,51,0,130,5,0,driving,none
129.144376686,260,0,128,85,51,0,130,5,0,driving,none
129.164376686,316,0,128,85,51,0,130,5,0,driving,none
129.184376686,329,0,128,85,51,0,130,5,0,driving,none
129.204376686,545,0,128,85,51,0,130,5,0,driving,none
129.430285179,260,0,128,85,51,0,130,5,0,driving,none
129.450285179,316,0,128,85,51,0,130,5,0,driving,none
129.470285179,329,0,128,85,51,0,130,5,0,driving,none
129.490285179,545,0,128,85,51,0,130,5,0,driving,none
129.685259593,260,0,128,85,51,0,130,5,0,driving,none
129.705259593,316,0,128,85,51,0,130,5,0,driving,none
129.725259593,329,0,128,85,51,0,130,5,0,driving,none
129.745259593,545,0,128,85,51,0,130,5,0,driving,none
129.915626703,260,0,128,85,51,0,130,5,0,driving,none
129.935626703,316,0,128,85,51,0,130,5,0,driving,none
129.955626703,329,0,128,85,51,0,130,5,0,driving,none
129.975626703,545,0,128,85,51,0,130,5,0,driving,none
130.203086728,260,0,128,85,51,0,130,5,0,driving,none
130.223086728,316,0,128,85,51,0,130,5,0,driving,none
130.243086728,329,0,128,85,51,0,130,5,0,driving,none
130.263086728,545,0,128,85,51,0,130,5,0,driving,none
130.432643989,260,0,128,85,51,0,130,5,0,driving,none
130.452643989,316,0,128,85,51,0,130,5,0,driving,none
130.472643989,329,0,128,85,51,0,130,5,0,driving,none
130.492643989,545,0,128,85,51,0,130,5,0,driving,none
130.68151139,260,0,128,85,51,0,130,5,0,driving,none
130.70151139,316,0,128,85,51,0,130,5,0,driving,none
130.72151139,329,0,128,85,51,0,130,5,0,driving,none
130.74151139,545,0,128,85,51,0,130,5,0,driving,none
130.942693192,260,0,128,85,51,0,130,5,0,driving,none
130.962693192,316,0,128,85,51,0,130,5,0,driving,none
130.982693192,329,0,128,85,51,0,130,5,0,driving,none
131.002693192,545,0,128,85,51,0,130,5,0,driving,none
131.144594052,260,0,128,85,51,0,130,5,0,driving,none
131.164594052,316,0,128,85,51,0,130,5,0,driving,none
131.184594052,329,0,128,85,51,0,130,5,0,driving,none
131.204594052,545,0,128,85,51,0,130,5,0,driving,none
131.397233792,260,0,128,85,51,0,130,5,0,driving,none
131.417233792,316,0,128,85,51,0,130,5,0,driving,none
131.437233792,329,0,128,85,51,0,130,5,0,driving,none
131.457233792,545,0,128,85,51,0,130,5,0,driving,none
131.639197163,260,0,128,85,51,0,130,5,0,driving,none
131.659197163,316,0,128,85,51,0,130,5,0,driving,none
131.679197163,329,0,128,85,51,0,130,5,0,driving,none
131.699197163,545,0,128,85,51,0,130,5,0,driving,none
131.899830517,260,0,128,85,51,0,130,5,0,driving,none
131.919830517,316,0,128,85,51,0,130,5,0,driving,none
131.939830517,329,0,128,85,51,0,130,5,0,driving,none
131.959830517,545,0,128,85,51,0,130,5,0,driving,none
132.147027421,260,0,128,85,51,0,130,5,0,driving,none
132.167027421,316,0,128,85,51,0,130,5,0,driving,none
132.187027421,329,0,128,85,51,0,130,5,0,driving,none
132.207027421,545,0,128,85,51,0,130,5,0,driving,none
132.361929731,260,0,128,85,51,0,130,5,0,driving,none
132.381929731,316,0,128,85,51,0,130,5,0,driving,none
132.401929731,329,0,128,85,51,0,130,5,0,driving,none
132.421929731,545,0,128,85,51,0,130,5,0,driving,none
132.601859986,260,0,128,85,51,0,130,5,0,driving,none
132.621859986,316,0,128,85,51,0,130,5,0,driving,none
132.641859986,329,0,128,85,51,0,130,5,0,driving,none
132.661859986,545,0,128,85,51,0,130,5,0,driving,none
132.857592976,260,0,128,85,51,0,130,5,0,driving,none
132.877592976,316,0,128,85,51,0,130,5,0,driving,none
132.897592976,329,0,128,85,51,0,130,5,0,driving,none
132.917592976,545,0,128,85,51,0,130,5,0,driving,none
133.093111577,260,0,128,85,51,0,130,5,0,driving,none
133.113111577,316,0,128,85,51,0,130,5,0,driving,none
133.133111577,329,0,128,85,51,0,130,5,0,driving,none
133.153111577,545,0,128,85,51,0,130,5,0,driving,none
133.324718139,260,0,128,85,51,0,130,5,0,driving,none
133.344718139,316,0,128,85,51,0,130,5,0,driving,none
133.364718139,329,0,128,85,51,0,130,5,0,driving,none
133.384718139,545,0,128,85,51,0,130,5,0,driving,none
133.582193946,260,0,128,85,51,0,130,5,0,driving,none
133.602193946,316,0,128,85,51,0,130,5,0,driving,none
133.622193946,329,0,128,85,51,0,130,5,0,driving,none
133.642193946,545,0,128,85,51,0,130,5,0,driving,none
133.85076733,260,0,128,85,51,0,130,5,0,driving,none
133.87076733,316,0,128,85,51,0,130,5,0,driving,none
133.89076733,329,0,128,85,51,0,130,5,0,driving,none
133.91076733,545,0,128,85,51,0,130,5,0,driving,none
134.104187243,260,0,128,85,51,0,130,5,0,driving,none
134.124187243,316,0,128,85,51,0,130,5,0,driving,none
134.144187243,329,0,128,85,51,0,130,5,0,driving,none
134.164187243,545,0,128,85,51,0,130,5,0,driving,none
134.340903796,260,0,128,85,51,0,130,5,0,driving,none
134.360903796,316,0,128,85,51,0,130,5,0,driving,none
134.380903796,329,0,128,85,51,0,130,5,0,driving,none
134.400903796,545,0,128,85,51,0,130,5,0,driving,none
134.583674484,260,0,128,85,51,0,130,5,0,driving,none
134.603674484,316,0,128,85,51,0,130,5,0,driving,none
134.623674484,329,0,128,85,51,0,130,5,0,driving,none
134.643674484,545,0,128,85,51,0,130,5,0,driving,none
134.829907614,260,0,128,85,51,0,130,5,0,driving,none
134.849907614,316,0,128,85,51,0,130,5,0,driving,none
134.869907614,329,0,128,85,51,0,130,5,0,driving,none
134.889907614,545,0,128,85,51,0,130,5,0,driving,none
135.07375082,260,0,128,85,51,0,130,5,0,driving,none
135.09375082,316,0,128,85,51,0,130,5,0,driving,none
135.11375082,329,0,128,85,51,0,130,5,0,driving,none
135.13375082,545,0,128,85,51,0,130,5,0,driving,none
135.29863616,260,0,128,85,51,0,130,5,0,driving,none
135.31863616,316,0,128,85,51,0,130,5,0,driving,none
135.33863616,329,0,128,85,51,0,130,5,0,driving,none
135.35863616,545,0,128,85,51,0,130,5,0,driving,none
135.54178965,260,0,128,85,51,0,130,5,0,driving,none
135.56178965,316,0,128,85,51,0,130,5,0,driving,none
135.58178965,329,0,128,85,51,0,130,5,0,driving,none
135.60178965,545,0,128,85,51,0,130,5,0,driving,none
135.760794591,260,0,128,85,51,0,130,5,0,driving,none
135.780794591,316,0,128,85,51,0,130,5,0,driving,none
135.800794591,329,0,128,85,51,0,130,5,0,driving,none
135.820794591,545,0,128,85,51,0,130,5,0,driving,none
136.014537625,260,0,128,85,51,0,130,5,0,driving,none
136.034537625,316,0,128,85,51,0,130,5,0,driving,none
136.054537625,329,0,128,85,51,0,130,5,0,driving,none
136.074537625,545,0,128,85,51,0,130,5,0,driving,none
136.278564777,260,0,128,85,51,0,130,5,0,driving,none
136.298564777,316,0,128,85,51,0,130,5,0,driving,none
136.318564777,329,0,128,85,51,0,130,5,0,driving,none
136.338564777,545,0,128,85,51,0,130,5,0,driving,none
136.516697313,260,0,128,85,51,0,130,5,0,driving,none
136.536697313,316,0,128,85,51,0,130,5,0,driving,none
136.556697313,329,0,128,85,51,0,130,5,0,driving,none
136.576697313,545,0,128,85,51,0,130,5,0,driving,none
136.752405537,260,0,128,85,51,0,130,5,0,driving,none
136.772405537,316,0,128,85,51,0,130,5,0,driving,none
136.792405537,329,0,128,85,51,0,130,5,0,driving,none
136.812405537,545,0,128,85,51,0,130,5,0,driving,none
136.999784529,260,0,128,85,51,0,130,5,0,driving,none
137.019784529,316,0,128,85,51,0,130,5,0,driving,none
137.039784529,329,0,128,85,51,0,130,5,0,driving,none
137.059784529,545,0,128,85,51,0,130,5,0,driving,none
137.244943305,260,0,128,85,51,0,130,5,0,driving,none
137.264943305,316,0,128,85,51,0,130,5,0,driving,none
137.284943305,329,0,128,85,51,0,130,5,0,driving,none
137.304943305,545,0,128,85,51,0,130,5,0,driving,none
137.504126799,260,0,128,85,51,0,130,5,0,driving,none
137.524126799,316,0,128,85,51,0,130,5,0,driving,none
137.544126799,329,0,128,85,51,0,130,5,0,driving,none
137.564126799,545,0,128,85,51,0,130,5,0,driving,none
137.751149945,260,0,128,85,51,0,130,5,0,driving,none
137.771149945,316,0,128,85,51,0,130,5,0,driving,none
137.791149945,329,0,128,85,51,0,130,5,0,driving,none
137.811149945,545,0,128,85,51,0,130,5,0,driving,none
138.028369226,260,0,128,85,51,0,130,5,0,driving,none
138.048369226,316,0,128,85,51,0,130,5,0,driving,none
138.068369226,329,0,128,85,51,0,130,5,0,driving,none
138.088369226,545,0,128,85,51,0,130,5,0,driving,none
138.315921019,260,0,128,85,51,0,130,5,0,driving,none
138.335921019,316,0,128,85,51,0,130,5,0,driving,none
138.355921019,329,0,128,85,51,0,130,5,0,driving,none
138.375921019,545,0,128,85,51,0,130,5,0,driving,none
138.587411447,260,0,128,85,51,0,130,5,0,driving,none
138.607411447,316,0,128,85,51,0,130,5,0,driving,none
138.627411447,329,0,128,85,51,0,130,5,0,driving,none
138.647411447,545,0,128,85,51,0,130,5,0,driving,none
138.823644793,260,0,128,85,51,0,130,5,0,driving,none
138.843644793,316,0,128,85,51,0,130,5,0,driving,none
138.863644793,329,0,128,85,51,0,130,5,0,driving,none
138.883644793,545,0,128,85,51,0,130,5,0,driving,none
139.068692927,260,0,128,85,51,0,130,5,0,driving,none
139.088692927,316,0,128,85,51,0,130,5,0,driving,none
139.108692927,329,0,128,85,51,0,130,5,0,driving,none
139.128692927,545,0,128,85,51,0,130,5,0,driving,none
139.293260206,260,0,128,85,51,0,130,5,0,driving,none
139.313260206,316,0,128,85,51,0,130,5,0,driving,none
139.333260206,329,0,128,85,51,0,130,5,0,driving,none
139.353260206,545,0,128,85,51,0,130,5,0,driving,none
139.536061258,260,0,128,85,51,0,130,5,0,driving,none
139.556061258,316,0,128,85,51,0,130,5,0,driving,none
139.576061258,329,0,128,85,51,0,130,5,0,driving,none
139.596061258,545,0,128,85,51,0,130,5,0,driving,none
139.796415523,260,0,128,85,51,0,130,5,0,driving,none
139.816415523,316,0,128,85,51,0,130,5,0,driving,none
139.836415523,329,0,128,85,51,0,130,5,0,driving,none
139.856415523,545,0,128,85,51,0,130,5,0,driving,none
140.068260308,260,0,128,85,51,0,130,5,0,driving,none
140.088260308,316,0,128,85,51,0,130,5,0,driving,none
140.108260308,329,0,128,85,51,0,130,5,0,driving,none
140.128260308,545,0,128,85,51,0,130,5,0,driving,none
140.299458656,260,0,128,85,51,0,130,5,0,driving,none
140.319458656,316,0,128,85,51,0,130,5,0,driving,none
140.339458656,329,0,128,85,51,0,130,5,0,driving,none
140.359458656,545,0,128,85,51,0,130,5,0,driving,none
140.532079673,260,0,128,85,51,0,130,5,0,driving,none
140.552079673,316,0,128,85,51,0,130,5,0,driving,none
140.572079673,329,0,128,85,51,0,130,5,0,driving,none
140.592079673,545,0,128,85,51,0,130,5,0,driving,none
140.766121084,260,0,128,85,51,0,130,5,0,driving,none
140.786121084,316,0,128,85,51,0,130,5,0,driving,none
140.806121084,329,0,128,85,51,0,130,5,0,driving,none
140.826121084,545,0,128,85,51,0,130,5,0,driving,none
141.034014527,260,0,128,85,51,0,130,5,0,driving,none
141.054014527,316,0,128,85,51,0,130,5,0,driving,none
141.074014527,329,0,128,85,51,0,130,5,0,driving,none
141.094014527,545,0,128,85,51,0,130,5,0,driving,none
141.279576194,260,0,128,85,51,0,130,5,0,driving,none
141.299576194,316,0,128,85,51,0,130,5,0,driving,none
141.319576194,329,0,128,85,51,0,130,5,0,driving,none
141.339576194,545,0,128,85,51,0,130,5,0,driving,none
141.504016033,260,0,128,85,51,0,130,5,0,driving,none
141.524016033,316,0,128,85,51,0,130,5,0,driving,none
141.544016033,329,0,128,85,51,0,130,5,0,driving,none
141.564016033,545,0,128,85,51,0,130,5,0,driving,none
141.770678779,260,0,128,85,51,0,130,5,0,driving,none
141.790678779,316,0,128,85,51,0,130,5,0,driving,none
141.810678779,329,0,128,85,51,0,130,5,0,driving,none
141.830678779,545,0,128,85,51,0,130,5,0,driving,none
142.006294344,260,0,128,85,51,0,130,5,0,driving,none
142.026294344,316,0,128,85,51,0,130,5,0,driving,none
142.046294344,329,0,128,85,51,0,130,5,0,driving,none
142.066294344,545,0,128,85,51,0,130,5,0,driving,none
142.26530385,260,0,128,85,51,0,130,5,0,driving,none
142.28530385,316,0,128,85,51,0,130,5,0,driving,none
142.30530385,329,0,128,85,51,0,130,5,0,driving,none
142.32530385,545,0,128,85,51,0,130,5,0,driving,none
142.544476678,260,0,128,85,51,0,130,5,0,driving,none
142.564476678,316,0,128,85,51,0,130,5,0,driving,none
142.584476678,329,0,128,85,51,0,130,5,0,driving,none
142.604476678,545,0,128,85,51,0,130,5,0,driving,none
142.790746686,260,0,128,85,51,0,130,5,0,driving,none
142.810746686,316,0,128,85,51,0,130,5,0,driving,none
142.830746686,329,0,128,85,51,0,130,5,0,driving,none
142.850746686,545,0,128,85,51,0,130,5,0,driving,none
143.013441061,260,0,128,98,51,0,66,5,0,driving,RPM
143.033441061,316,0,128,98,51,0,66,5,0,driving,RPM
143.053441061,329,0,128,98,51,0,66,5,0,driving,RPM
143.073441061,545,0,128,98,51,0,66,5,0,driving,RPM
143.24544926,260,0,128,12,51,0,66,5,0,driving,RPM
143.26544926,316,0,128,12,51,0,66,5,0,driving,RPM
143.28544926,329,0,128,12,51,0,66,5,0,driving,RPM
143.30544926,545,0,128,12,51,0,66,5,0,driving,RPM
143.511713847,260,0,128,246,51,0,89,5,0,driving,RPM
143.531713847,316,0,128,246,51,0,89,5,0,driving,RPM
143.551713847,329,0,128,246,51,0,89,5,0,driving,RPM
143.571713847,545,0,128,246,51,0,89,5,0,driving,RPM
143.808564442,260,0,128,86,51,0,66,5,0,driving,RPM
143.828564442,316,0,128,86,51,0,66,5,0,driving,RPM
143.848564442,329,0,128,86,51,0,66,5,0,driving,RPM
143.868564442,545,0,128,86,51,0,66,5,0,driving,RPM
144.068293298,260,0,128,180,51,0,89,5,0,driving,RPM
144.088293298,316,0,128,180,51,0,89,5,0,driving,RPM
144.108293298,329,0,128,180,51,0,89,5,0,driving,RPM
144.128293298,545,0,128,180,51,0,89,5,0,driving,RPM
144.304886935,260,0,128,45,51,0,66,5,0,driving,RPM
144.324886935,316,0,128,45,51,0,66,5,0,driving,RPM
144.344886935,329,0,128,45,51,0,66,5,0,driving,RPM
144.364886935,545,0,128,45,51,0,66,5,0,driving,RPM
144.582313738,260,0,128,220,51,0,89,5,0,driving,RPM
144.602313738,316,0,128,220,51,0,89,5,0,driving,RPM
144.622313738,329,0,128,220,51,0,89,5,0,driving,RPM
144.642313738,545,0,128,220,51,0,89,5,0,driving,RPM
144.821196802,260,0,128,60,51,0,66,5,0,driving,RPM
144.841196802,316,0,128,60,51,0,66,5,0,driving,RPM
144.861196802,329,0,128,60,51,0,66,5,0,driving,RPM
144.881196802,545,0,128,60,51,0,66,5,0,driving,RPM
145.053995175,260,0,128,135,51,0,89,5,0,driving,RPM
145.073995175,316,0,128,135,51,0,89,5,0,driving,RPM
145.093995175,329,0,128,135,51,0,89,5,0,driving,RPM
145.113995175,545,0,128,135,51,0,89,5,0,driving,RPM
145.298149717,260,0,128,0,51,0,80,5,0,driving,RPM
145.318149717,316,0,128,0,51,0,80,5,0,driving,RPM
145.338149717,329,0,128,0,51,0,80,5,0,driving,RPM
145.358149717,545,0,128,0,51,0,80,5,0,driving,RPM
145.556316244,260,0,128,98,51,0,66,5,0,driving,RPM
145.576316244,316,0,128,98,51,0,66,5,0,driving,RPM
145.596316244,329,0,128,98,51,0,66,5,0,driving,RPM
145.616316244,545,0,128,98,51,0,66,5,0,driving,RPM
145.775119338,260,0,128,12,51,0,66,5,0,driving,RPM
145.795119338,316,0,128,12,51,0,66,5,0,driving,RPM
145.815119338,329,0,128,12,51,0,66,5,0,driving,RPM
145.835119338,545,0,128,12,51,0,66,5,0,driving,RPM
146.054090119,260,0,128,246,51,0,89,5,0,driving,RPM
146.074090119,316,0,128,246,51,0,89,5,0,driving,RPM
146.094090119,329,0,128,246,51,0,89,5,0,driving,RPM
146.114090119,545,0,128,246,51,0,89,5,0,driving,RPM
146.332569661,260,0,128,86,51,0,66,5,0,driving,RPM
146.352569661,316,0,128,86,51,0,66,5,0,driving,RPM
146.372569661,329,0,128,86,51,0,66,5,0,driving,RPM
146.392569661,545,0,128,86,51,0,66,5,0,driving,RPM
146.580083945,260,0,128,180,51,0,89,5,0,driving,RPM
146.600083945,316,0,128,180,51,0,89,5,0,driving,RPM
146.620083945,329,0,128,180,51,0,89,5,0,driving,RPM
146.640083945,545,0,128,180,51,0,89,5,0,driving,RPM
146.822501068,260,0,128,45,51,0,66,5,0,driving,RPM
146.842501068,316,0,128,45,51,0,66,5,0,driving,RPM
146.862501068,329,0,128,45,51,0,66,5,0,driving,RPM
146.882501068,545,0,128,45,51,0,66,5,0,driving,RPM
147.093936877,260,0,128,220,51,0,89,5,0,driving,RPM
147.113936877,316,0,128,220,51,0,89,5,0,driving,RPM
147.133936877,329,0,128,220,51,0,89,5,0,driving,RPM
147.153936877,545,0,128,220,51,0,89,5,0,driving,RPM
147.363412425,260,0,128,60,51,0,66,5,0,driving,RPM
147.383412425,316,0,128,60,51,0,66,5,0,driving,RPM
147.403412425,329,0,128,60,51,0,66,5,0,driving,RPM
147.423412425,545,0,128,60,51,0,66,5,0,driving,RPM
147.612254152,260,0,128,135,51,0,89,5,0,driving,RPM
147.632254152,316,0,128,135,51,0,89,5,0,driving,RPM
147.652254152,329,0,128,135,51,0,89,5,0,driving,RPM
147.672254152,545,0,128,135,51,0,89,5,0,driving,RPM
147.85748762,260,0,128,0,51,0,80,5,0,driving,RPM
147.87748762,316,0,128,0,51,0,80,5,0,driving,RPM
147.89748762,329,0,128,0,51,0,80,5,0,driving,RPM
147.91748762,545,0,128,0,51,0,80,5,0,driving,RPM
148.147337105,260,0,128,98,51,0,66,5,0,driving,RPM
148.167337105,316,0,128,98,51,0,66,5,0,driving,RPM
148.187337105,329,0,128,98,51,0,66,5,0,driving,RPM
148.207337105,545,0,128,98,51,0,66,5,0,driving,RPM
148.400433166,260,0,128,12,51,0,66,5,0,driving,RPM
148.420433166,316,0,128,12,51,0,66,5,0,driving,RPM
148.440433166,329,0,128,12,51,0,66,5,0,driving,RPM
148.460433166,545,0,128,12,51,0,66,5,0,driving,RPM
148.647320016,260,0,128,246,51,0,89,5,0,driving,RPM
148.667320016,316,0,128,246,51,0,89,5,0,driving,RPM
148.687320016,329,0,128,246,51,0,89,5,0,driving,RPM
148.707320016,545,0,128,246,51,0,89,5,0,driving,RPM
148.940779767,260,0,128,86,51,0,66,5,0,driving,RPM
148.960779767,316,0,128,86,51,0,66,5,0,driving,RPM
148.980779767,329,0,128,86,51,0,66,5,0,driving,RPM
149.000779767,545,0,128,86,51,0,66,5,0,driving,RPM
149.205334035,260,0,128,180,51,0,89,5,0,driving,RPM
149.225334035,316,0,128,180,51,0,89,5,0,driving,RPM
149.245334035,329,0,128,180,51,0,89,5,0,driving,RPM
149.265334035,545,0,128,180,51,0,89,5,0,driving,RPM
149.441358457,260,0,128,45,51,0,66,5,0,driving,RPM
149.461358457,316,0,128,45,51,0,66,5,0,driving,RPM
149.481358457,329,0,128,45,51,0,66,5,0,driving,RPM
149.501358457,545,0,128,45,51,0,66,5,0,driving,RPM
149.672166964,260,0,128,220,51,0,89,5,0,driving,RPM
149.692166964,316,0,128,220,51,0,89,5,0,driving,RPM
149.712166964,329,0,128,220,51,0,89,5,0,driving,RPM
149.732166964,545,0,128,220,51,0,89,5,0,driving,RPM
149.92555068,260,0,128,60,51,0,66,5,0,driving,RPM
149.94555068,316,0,128,60,51,0,66,5,0,driving,RPM
149.96555068,329,0,128,60,51,0,66,5,0,driving,RPM
149.98555068,545,0,128,60,51,0,66,5,0,driving,RPM
150.165157422,260,0,128,135,51,0,89,5,0,driving,RPM
150.185157422,316,0,128,135,51,0,89,5,0,driving,RPM
150.205157422,329,0,128,135,51,0,89,5,0,driving,RPM
150.225157422,545,0,128,135,51,0,89,5,0,driving,RPM
150.414538155,260,0,128,0,51,0,80,5,0,driving,RPM
150.434538155,316,0,128,0,51,0,80,5,0,driving,RPM
150.454538155,329,0,128,0,51,0,80,5,0,driving,RPM
150.474538155,545,0,128,0,51,0,80,5,0,driving,RPM
150.645152339,260,0,128,98,51,0,66,5,0,driving,RPM
150.665152339,316,0,128,98,51,0,66,5,0,driving,RPM
150.685152339,329,0,128,98,51,0,66,5,0,driving,RPM
150.705152339,545,0,128,98,51,0,66,5,0,driving,RPM
150.884131725,260,0,128,12,51,0,66,5,0,driving,RPM
150.904131725,316,0,128,12,51,0,66,5,0,driving,RPM
150.924131725,329,0,128,12,51,0,66,5,0,driving,RPM
150.944131725,545,0,128,12,51,0,66,5,0,driving,RPM
151.165101315,260,0,128,246,51,0,89,5,0,driving,RPM
151.185101315,316,0,128,246,51,0,89,5,0,driving,RPM
151.205101315,329,0,128,246,51,0,89,5,0,driving,RPM
151.225101315,545,0,128,246,51,0,89,5,0,driving,RPM
151.435252034,260,0,128,86,51,0,66,5,0,driving,RPM
151.455252034,316,0,128,86,51,0,66,5,0,driving,RPM
151.475252034,329,0,128,86,51,0,66,5,0,driving,RPM
151.495252034,545,0,128,86,51,0,66,5,0,driving,RPM
151.715704522,260,0,128,180,51,0,89,5,0,driving,RPM
151.735704522,316,0,128,180,51,0,89,5,0,driving,RPM
151.755704522,329,0,128,180,51,0,89,5,0,driving,RPM
151.775704522,545,0,128,180,51,0,89,5,0,driving,RPM
151.989202059,260,0,128,45,51,0,66,5,0,driving,RPM
152.009202059,316,0,128,45,51,0,66,5,0,driving,RPM
152.029202059,329,0,128,45,51,0,66,5,0,driving,RPM
152.049202059,545,0,128,45,51,0,66,5,0,driving,RPM
152.246918036,260,0,128,220,51,0,89,5,0,driving,RPM
152.266918036,316,0,128,220,51,0,89,5,0,driving,RPM
152.286918036,329,0,128,220,51,0,89,5,0,driving,RPM
152.306918036,545,0,128,220,51,0,89,5,0,driving,RPM
152.480203426,260,0,128,60,51,0,66,5,0,driving,RPM
152.500203426,316,0,128,60,51,0,66,5,0,driving,RPM
152.520203426,329,0,128,60,51,0,66,5,0,driving,RPM
152.540203426,545,0,128,60,51,0,66,5,0,driving,RPM
152.764552772,260,0,128,135,51,0,89,5,0,driving,RPM
152.784552772,316,0,128,135,51,0,89,5,0,driving,RPM
152.804552772,329,0,128,135,51,0,89,5,0,driving,RPM
152.824552772,545,0,128,135,51,0,89,5,0,driving,RPM
153.004466008,260,0,128,0,51,0,80,5,0,driving,RPM
153.024466008,316,0,128,0,51,0,80,5,0,driving,RPM
153.044466008,329,0,128,0,51,0,80,5,0,driving,RPM
153.064466008,545,0,128,0,51,0,80,5,0,driving,RPM
153.274863399,260,0,128,60,51,0,100,5,0,driving,none
153.294863399,316,0,128,60,51,0,100,5,0,driving,none
153.314863399,329,0,128,60,51,0,100,5,0,driving,none
153.334863399,545,0,128,60,51,0,100,5,0,driving,none
153.520926505,260,0,128,60,51,0,100,5,0,driving,none
153.540926505,316,0,128,60,51,0,100,5,0,driving,none
153.560926505,329,0,128,60,51,0,100,5,0,driving,none
153.580926505,545,0,128,60,51,0,100,5,0,driving,none
153.76956951,260,0,128,60,51,0,100,5,0,driving,none
153.78956951,316,0,128,60,51,0,100,5,0,driving,none
153.80956951,329,0,128,60,51,0,100,5,0,driving,none
153.82956951,545,0,128,60,51,0,100,5,0,driving,none
154.001516967,260,0,128,60,51,0,100,5,0,driving,none
154.021516967,316,0,128,60,51,0,100,5,0,driving,none
154.041516967,329,0,128,60,51,0,100,5,0,driving,none
154.061516967,545,0,128,60,51,0,100,5,0,driving,none
154.247730868,260,0,128,60,51,0,100,5,0,driving,none
154.267730868,316,0,128,60,51,0,100,5,0,driving,none
154.287730868,329,0,128,60,51,0,100,5,0,driving,none
154.307730868,545,0,128,60,51,0,100,5,0,driving,none
154.488936275,260,0,128,60,51,0,100,5,0,driving,none
154.508936275,316,0,128,60,51,0,100,5,0,driving,none
154.528936275,329,0,128,60,51,0,100,5,0,driving,none
154.548936275,545,0,128,60,51,0,100,5,0,driving,none
154.747577442,260,0,128,60,51,0,100,5,0,driving,none
154.767577442,316,0,128,60,51,0,100,5,0,driving,none
154.787577442,329,0,128,60,51,0,100,5,0,driving,none
154.807577442,545,0,128,60,51,0,100,5,0,driving,none
155.01235427,260,0,128,60,51,0,100,5,0,driving,none
155.03235427,316,0,128,60,51,0,100,5,0,driving,none
155.05235427,329,0,128,60,51,0,100,5,0,driving,none
155.07235427,545,0,128,60,51,0,100,5,0,driving,none
155.259959572,260,0,128,60,51,0,100,5,0,driving,none
155.279959572,316,0,128,60,51,0,100,5,0,driving,none
155.299959572,329,0,128,60,51,0,100,5,0,driving,none
155.319959572,545,0,128,60,51,0,100,5,0,driving,none
155.548838672,260,0,128,60,51,0,100,5,0,driving,none
155.568838672,316,0,128,60,51,0,100,5,0,driving,none
155.588838672,329,0,128,60,51,0,100,5,0,driving,none
155.608838672,545,0,128,60,51,0,100,5,0,driving,none
155.777477052,260,0,128,60,51,0,100,5,0,driving,none
155.797477052,316,0,128,60,51,0,100,5,0,driving,none
155.817477052,329,0,128,60,51,0,100,5,0,driving,none
155.837477052,545,0,128,60,51,0,100,5,0,driving,none
156.036009227,260,0,128,60,51,0,100,5,0,driving,none
156.056009227,316,0,128,60,51,0,100,5,0,driving,none
156.076009227,329,0,128,60,51,0,100,5,0,driving,none
156.096009227,545,0,128,60,51,0,100,5,0,driving,none
156.304206484,260,0,128,60,51,0,100,5,0,driving,none
156.324206484,316,0,128,60,51,0,100,5,0,driving,none
156.344206484,329,0,128,60,51,0,100,5,0,driving,none
156.364206484,545,0,128,60,51,0,100,5,0,driving,none
156.56411539,260,0,128,60,51,0,100,5,0,driving,none
156.58411539,316,0,128,60,51,0,100,5,0,driving,none
156.60411539,329,0,128,60,51,0,100,5,0,driving,none
156.62411539,545,0,128,60,51,0,100,5,0,driving,none
156.795130535,260,0,128,60,51,0,100,5,0,driving,none
156.815130535,316,0,128,60,51,0,100,5,0,driving,none
156.835130535,329,0,128,60,51,0,100,5,0,driving,none
156.855130535,545,0,128,60,51,0,100,5,0,driving,none
157.043278854,260,0,128,60,51,0,100,5,0,driving,none
157.063278854,316,0,128,60,51,0,100,5,0,driving,none
157.083278854,329,0,128,60,51,0,100,5,0,driving,none
157.103278854,545,0,128,60,51,0,100,5,0,driving,none
157.288187595,260,0,128,60,51,0,100,5,0,driving,none
157.308187595,316,0,128,60,51,0,100,5,0,driving,none
157.328187595,329,0,128,60,51,0,100,5,0,driving,none
157.348187595,545,0,128,60,51,0,100,5,0,driving,none
157.581148524,260,0,128,60,51,0,100,5,0,driving,none
157.601148524,316,0,128,60,51,0,100,5,0,driving,none
157.621148524,329,0,128,60,51,0,100,5,0,driving,none
157.641148524,545,0,128,60,51,0,100,5,0,driving,none
157.886701663,260,0,128,60,51,0,100,5,0,driving,none
157.906701663,316,0,128,60,51,0,100,5,0,driving,none
157.926701663,329,0,128,60,51,0,100,5,0,driving,none
157.946701663,545,0,128,60,51,0,100,5,0,driving,none
158.144116538,260,0,128,60,51,0,100,5,0,driving,none
158.164116538,316,0,128,60,51,0,100,5,0,driving,none
158.184116538,329,0,128,60,51,0,100,5,0,driving,none
158.204116538,545,0,128,60,51,0,100,5,0,driving,none
158.39062746,260,0,128,60,51,0,100,5,0,driving,none
158.41062746,316,0,128,60,51,0,100,5,0,driving,none
158.43062746,329,0,128,60,51,0,100,5,0,driving,none
158.45062746,545,0,128,60,51,0,100,5,0,driving,none
158.625068977,260,0,128,60,51,0,100,5,0,driving,none
158.645068977,316,0,128,60,51,0,100,5,0,driving,none
158.665068977,329,0,128,60,51,0,100,5,0,driving,none
158.685068977,545,0,128,60,51,0,100,5,0,driving,none
158.846703997,260,0,128,60,51,0,100,5,0,driving,none
158.866703997,316,0,128,60,51,0,100,5,0,driving,none
158.886703997,329,0,128,60,51,0,100,5,0,driving,none
158.906703997,545,0,128,60,51,0,100,5,0,driving,none
159.066513095,260,0,128,60,51,0,100,5,0,driving,none
159.086513095,316,0,128,60,51,0,100,5,0,driving,none
159.106513095,329,0,128,60,51,0,100,5,0,driving,none
159.126513095,545,0,128,60,51,0,100,5,0,driving,none
159.289487158,260,0,128,60,51,0,100,5,0,driving,none
159.309487158,316,0,128,60,51,0,100,5,0,driving,none
159.329487158,329,0,128,60,51,0,100,5,0,driving,none
159.349487158,545,0,128,60,51,0,100,5,0,driving,none
159.548241889,260,0,128,60,51,0,100,5,0,driving,none
159.568241889,316,0,128,60,51,0,100,5,0,driving,none
159.588241889,329,0,128,60,51,0,100,5,0,driving,none
159.608241889,545,0,128,60,51,0,100,5,0,driving,none
159.796671541,260,0,128,60,51,0,100,5,0,driving,none
159.816671541,316,0,128,60,51,0,100,5,0,driving,none
159.836671541,329,0,128,60,51,0,100,5,0,driving,none
159.856671541,545,0,128,60,51,0,100,5,0,driving,none
160.07044229,260,0,128,60,51,0,100,5,0,driving,none
160.09044229,316,0,128,60,51,0,100,5,0,driving,none
160.11044229,329,0,128,60,51,0,100,5,0,driving,none
160.13044229,545,0,128,60,51,0,100,5,0,driving,none
160.31309831,260,0,128,60,51,0,100,5,0,driving,none
160.33309831,316,0,128,60,51,0,100,5,0,driving,none
160.35309831,329,0,128,60,51,0,100,5,0,driving,none
160.37309831,545,0,128,60,51,0,100,5,0,driving,none
160.588919985,260,0,128,60,51,0,100,5,0,driving,none
160.608919985,316,0,128,60,51,0,100,5,0,driving,none
160.628919985,329,0,128,60,51,0,100,5,0,driving,none
160.648919985,545,0,128,60,51,0,100,5,0,driving,none
160.829724059,260,0,128,60,51,0,100,5,0,driving,none
160.849724059,316,0,128,60,51,0,100,5,0,driving,none
160.869724059,329,0,128,60,51,0,100,5,0,driving,none
160.889724059,545,0,128,60,51,0,100,5,0,driving,none
161.069878542,260,0,128,60,51,0,100,5,0,driving,none
161.089878542,316,0,128,60,51,0,100,5,0,driving,none
161.109878542,329,0,128,60,51,0,100,5,0,driving,none
161.129878542,545,0,128,60,51,0,100,5,0,driving,none
161.338930639,260,0,128,60,51,0,100,5,0,driving,none
161.358930639,316,0,128,60,51,0,100,5,0,driving,none
161.378930639,329,0,128,60,51,0,100,5,0,driving,none
161.398930639,545,0,128,60,51,0,100,5,0,driving,none
161.606995165,260,0,128,60,51,0,100,5,0,driving,none
161.626995165,316,0,128,60,51,0,100,5,0,driving,none
161.646995165,329,0,128,60,51,0,100,5,0,driving,none
161.666995165,545,0,128,60,51,0,100,5,0,driving,none
161.864158537,260,0,128,60,51,0,100,5,0,driving,none
161.884158537,316,0,128,60,51,0,100,5,0,driving,none
161.904158537,329,0,128,60,51,0,100,5,0,driving,none
161.924158537,545,0,128,60,51,0,100,5,0,driving,none
162.100952148,260,0,128,60,51,0,100,5,0,driving,none
162.120952148,316,0,128,60,51,0,100,5,0,driving,none
162.140952148,329,0,128,60,51,0,100,5,0,driving,none
162.160952148,545,0,128,60,51,0,100,5,0,driving,none
162.344431877,260,0,128,60,51,0,100,5,0,driving,none
162.364431877,316,0,128,60,51,0,100,5,0,driving,none
162.384431877,329,0,128,60,51,0,100,5,0,driving,none
162.404431877,545,0,128,60,51,0,100,5,0,driving,none
162.599038222,260,0,128,60,51,0,100,5,0,driving,none
162.619038222,316,0,128,60,51,0,100,5,0,driving,none
162.639038222,329,0,128,60,51,0,100,5,0,driving,none
162.659038222,545,0,128,60,51,0,100,5,0,driving,none
162.858939443,260,0,128,60,51,0,100,5,0,driving,none
162.878939443,316,0,128,60,51,0,100,5,0,driving,none
162.898939443,329,0,128,60,51,0,100,5,0,driving,none
162.918939443,545,0,128,60,51,0,100,5,0,driving,none
163.116933752,260,0,128,60,51,0,100,5,0,driving,none
163.136933752,316,0,128,60,51,0,100,5,0,driving,none
163.156933752,329,0,128,60,51,0,100,5,0,driving,none
163.176933752,545,0,128,60,51,0,100,5,0,driving,none
163.388732435,260,122,204,174,130,24,41,244,109,driving,Gear
163.408732435,316,61,35,45,87,11,72,237,86,driving,Gear
163.428732435,329,91,58,201,123,34,250,151,48,driving,Gear
163.448732435,545,114,65,230,124,114,142,8,171,driving,Gear
163.635101153,260,148,223,94,127,71,196,219,71,driving,Gear
163.655101153,316,131,77,217,192,114,8,229,141,driving,Gear
163.675101153,329,67,197,216,104,107,43,89,75,driving,Gear
163.695101153,545,13,4,94,113,241,28,209,10,driving,Gear
163.884191967,260,100,36,146,33,234,125,127,199,driving,Gear
163.904191967,316,57,81,119,111,103,46,131,175,driving,Gear
163.924191967,329,143,226,179,41,172,80,123,174,driving,Gear
163.944191967,545,224,77,178,10,195,233,38,115,driving,Gear
164.140510737,260,112,230,8,8,121,53,122,158,driving,Gear
164.160510737,316,200,159,149,116,5,42,168,116,driving,Gear
164.180510737,329,113,171,114,96,68,216,184,20,driving,Gear
164.200510737,545,6,60,89,36,157,113,198,153,driving,Gear
164.398318549,260,170,31,126,26,29,198,238,34,driving,Gear
164.418318549,316,103,145,209,20,195,14,196,177,driving,Gear
164.438318549,329,202,33,74,57,252,159,241,71,driving,Gear
164.458318549,545,211,248,92,108,155,19,222,225,driving,Gear
164.642590341,260,173,101,213,199,248,28,227,106,driving,Gear
164.662590341,316,153,64,52,8,104,55,203,69,driving,Gear
164.682590341,329,102,255,190,125,154,68,14,168,driving,Gear
164.702590341,545,210,207,11,233,114,183,87,202,driving,Gear
164.892728797,260,230,162,198,180,90,3,191,124,driving,Gear
164.912728797,316,19,99,203,60,4,8,137,222,driving,Gear
164.932728797,329,10,170,55,1,11,49,174,1,driving,Gear
164.952728797,545,23,240,86,202,138,214,73,230,driving,Gear
165.151394584,260,179,66,4,184,125,170,134,40,driving,Gear
165.171394584,316,189,254,80,120,253,133,94,128,driving,Gear
165.191394584,329,237,144,76,166,49,161,251,158,driving,Gear
165.211394584,545,219,166,45,151,216,191,193,108,driving,Gear
165.407840531,260,56,202,15,104,94,132,247,155,driving,Gear
165.427840531,316,53,252,64,220,115,182,68,70,driving,Gear
165.447840531,329,5,82,109,49,159,98,19,77,driving,Gear
165.467840531,545,178,76,20,5,64,15,148,82,driving,Gear
165.65470303,260,23,244,88,161,121,133,193,253,driving,Gear
165.67470303,316,0,227,168,18,222,36,196,34,driving,Gear
165.69470303,329,127,60,77,62,235,44,222,94,driving,Gear
165.71470303,545,200,216,206,243,137,71,82,121,driving,Gear
165.898975057,260,116,147,155,159,204,35,46,235,driving,Gear
165.918975057,316,162,154,188,234,34,42,225,5,driving,Gear
165.938975057,329,150,131,158,36,186,98,197,62,driving,Gear
165.958975057,545,131,171,36,111,37,117,77,48,driving,Gear
166.15218617,260,193,242,20,154,53,184,201,55,driving,Gear
166.17218617,316,5,29,249,65,221,31,238,194,driving,Gear
166.19218617,329,180,36,215,149,29,217,147,17,driving,Gear
166.21218617,545,26,172,147,150,177,52,68,87,driving,Gear
166.396981748,260,246,71,133,81,38,56,216,221,driving,Gear
166.416981748,316,145,243,83,138,126,79,161,164,driving,Gear
166.436981748,329,253,153,187,55,112,105,255,180,driving,Gear
166.456981748,545,101,114,130,187,95,106,45,250,driving,Gear
166.652085476,260,196,224,176,221,69,93,158,233,driving,Gear
166.672085476,316,208,16,241,69,168,240,226,182,driving,Gear
166.692085476,329,37,97,47,165,142,214,96,216,driving,Gear
166.712085476,545,255,216,77,53,111,222,6,221,driving,Gear
166.90640508,260,75,145,141,136,238,93,255,69,driving,Gear
166.92640508,316,159,181,165,249,199,255,160,34,driving,Gear
166.94640508,329,53,146,127,103,113,203,107,220,driving,Gear
166.96640508,545,15,34,159,139,252,58,186,234,driving,Gear
167.147042691,260,132,139,168,186,201,40,134,19,driving,Gear
167.167042691,316,232,232,158,43,144,52,72,194,driving,Gear
167.187042691,329,129,14,166,126,185,69,113,89,driving,Gear
167.207042691,545,69,236,207,248,97,30,166,232,driving,Gear
167.397294968,260,92,61,220,142,172,113,66,222,driving,Gear
167.417294968,316,47,205,39,239,131,113,142,176,driving,Gear
167.437294968,329,83,85,228,51,5,181,160,135,driving,Gear
167.457294968,545,251,26,28,212,248,121,2,71,driving,Gear
167.649230697,260,66,12,176,209,126,119,200,132,driving,Gear
167.669230697,316,24,231,208,75,82,226,43,81,driving,Gear
167.689230697,329,90,210,125,62,10,207,233,88,driving,Gear
167.709230697,545,191,153,23,225,252,129,37,212,driving,Gear
167.894407642,260,77,5,142,110,83,46,69,236,driving,Gear
167.914407642,316,248,111,57,233,237,151,86,246,driving,Gear
167.934407642,329,135,96,244,240,81,138,70,236,driving,Gear
167.954407642,545,178,41,139,12,195,167,29,169,driving,Gear
168.13541719,260,189,109,55,218,152,225,24,191,driving,Gear
168.15541719,316,134,238,173,97,138,18,247,110,driving,Gear
168.17541719,329,92,151,176,192,120,73,70,33,driving,Gear
168.19541719,545,245,44,18,95,73,61,137,28,driving,Gear
168.382742572,260,109,103,131,245,234,183,126,108,driving,Gear
168.402742572,316,196,226,118,182,144,174,140,16,driving,Gear
168.422742572,329,209,249,48,107,72,118,53,50,driving,Gear
168.442742572,545,208,255,203,143,231,161,127,124,driving,Gear
168.629722914,260,85,84,92,228,4,204,241,255,driving,Gear
168.649722914,316,233,248,120,16,159,92,160,30,driving,Gear
168.669722914,329,230,224,19,71,108,221,45,27,driving,Gear
168.689722914,545,132,216,118,198,125,72,9,44,driving,Gear
168.883560406,260,176,153,192,36,66,37,131,46,driving,Gear
168.903560406,316,89,93,212,228,96,53,133,61,driving,Gear
168.923560406,329,131,76,212,163,53,60,169,28,driving,Gear
168.943560406,545,90,3,92,108,47,165,85,51,driving,Gear
169.12946796,260,6,210,35,79,158,79,31,57,driving,Gear
169.14946796,316,152,118,166,242,114,6,27,209,driving,Gear
169.16946796,329,163,241,74,247,96,24,52,213,driving,Gear
169.18946796,545,173,157,185,214,99,93,128,177,driving,Gear
169.37232556,260,147,3,184,115,221,0,204,167,driving,Gear
169.39232556,316,216,51,164,133,4,186,80,49,driving,Gear
169.41232556,329,230,241,93,223,66,76,95,116,driving,Gear
169.43232556,545,144,211,246,54,154,139,213,38,driving,Gear
169.620548393,260,231,152,124,12,227,201,196,228,driving,Gear
169.640548393,316,129,2,6,50,153,237,218,197,driving,Gear
169.660548393,329,187,97,176,192,12,227,44,74,driving,Gear
169.680548393,545,140,27,128,243,195,183,79,14,driving,Gear
169.867836479,260,177,195,89,94,152,232,63,30,driving,Gear
169.887836479,316,96,36,148,122,233,52,30,146,driving,Gear
169.907836479,329,162,95,194,30,205,18,13,232,driving,Gear
169.927836479,545,161,28,235,232,172,74,82,37,driving,Gear
170.1171927,260,209,252,227,155,35,102,5,34,driving,Gear
170.1371927,316,204,103,220,139,64,217,123,108,driving,Gear
170.1571927,329,223,41,48,121,162,174,222,186,driving,Gear
170.1771927,545,234,83,238,74,252,57,130,58,driving,Gear
170.367376684,260,155,237,194,94,121,18,80,201,driving,Gear
170.387376684,316,250,29,148,208,35,218,236,247,driving,Gear
170.407376684,329,44,208,142,37,63,134,215,26,driving,Gear
170.427376684,545,130,44,77,113,219,102,74,75,driving,Gear
170.606760598,260,85,229,2,37,108,152,248,77,driving,Gear
170.626760598,316,21,222,250,125,216,198,247,176,driving,Gear
170.646760598,329,34,220,191,107,227,198,234,12,driving,Gear
170.666760598,545,124,88,246,154,43,152,118,121,driving,Gear
170.85550774,260,226,163,0,175,112,7,98,108,driving,Gear
170.87550774,316,192,18,52,150,219,250,57,179,driving,Gear
170.89550774,329,38,42,94,249,26,123,81,86,driving,Gear
170.91550774,545,151,32,121,192,19,156,99,229,driving,Gear
171.104974336,260,202,223,126,155,9,43,66,254,driving,Gear
171.124974336,316,169,140,80,250,225,188,155,231,driving,Gear
171.144974336,329,95,87,237,26,42,77,130,192,driving,Gear
171.164974336,545,237,181,161,247,196,105,125,242,driving,Gear
171.359744167,260,61,36,102,163,60,237,15,233,driving,Gear
171.379744167,316,56,213,160,27,56,239,25,104,driving,Gear
171.399744167,329,224,202,34,111,167,83,147,78,driving,Gear
171.419744167,545,52,219,140,168,123,132,161,175,driving,Gear
171.607655992,260,0,128,60,51,0,100,5,0,driving,none
171.627655992,316,0,128,60,51,0,100,5,0,driving,none
171.647655992,329,0,128,60,51,0,100,5,0,driving,none
171.667655992,545,0,128,60,51,0,100,5,0,driving,none
171.884815987,260,0,128,58,51,0,98,5,0,driving,none
171.904815987,316,0,128,58,51,0,98,5,0,driving,none
171.924815987,329,0,128,58,51,0,98,5,0,driving,none
171.944815987,545,0,128,58,51,0,98,5,0,driving,none
172.143226501,260,0,128,57,51,0,96,5,0,driving,none
172.163226501,316,0,128,57,51,0,96,5,0,driving,none
172.183226501,329,0,128,57,51,0,96,5,0,driving,none
172.203226501,545,0,128,57,51,0,96,5,0,driving,none
172.372518499,260,0,128,56,51,0,94,5,0,driving,none
172.392518499,316,0,128,56,51,0,94,5,0,driving,none
172.412518499,329,0,128,56,51,0,94,5,0,driving,none
172.432518499,545,0,128,56,51,0,94,5,0,driving,none
172.617460354,260,0,128,55,51,0,93,5,0,driving,none
172.637460354,316,0,128,55,51,0,93,5,0,driving,none
172.657460354,329,0,128,55,51,0,93,5,0,driving,none
172.677460354,545,0,128,55,51,0,93,5,0,driving,none
172.895580811,260,0,128,54,51,0,91,5,0,driving,none
172.915580811,316,0,128,54,51,0,91,5,0,driving,none
172.935580811,329,0,128,54,51,0,91,5,0,driving,none
172.955580811,545,0,128,54,51,0,91,5,0,driving,none
173.114341948,260,0,128,53,51,0,89,5,0,driving,none
173.134341948,316,0,128,53,51,0,89,5,0,driving,none
173.154341948,329,0,128,53,51,0,89,5,0,driving,none
173.174341948,545,0,128,53,51,0,89,5,0,driving,none
173.37718503,260,0,128,52,51,0,88,5,0,driving,none
173.39718503,316,0,128,52,51,0,88,5,0,driving,none
173.41718503,329,0,128,52,51,0,88,5,0,driving,none
173.43718503,545,0,128,52,51,0,88,5,0,driving,none
173.637076756,260,0,128,51,51,0,86,5,0,driving,none
173.657076756,316,0,128,51,51,0,86,5,0,driving,none
173.677076756,329,0,128,51,51,0,86,5,0,driving,none
173.697076756,545,0,128,51,51,0,86,5,0,driving,none
173.850336235,260,0,128,51,51,0,85,5,0,driving,none
173.870336235,316,0,128,51,51,0,85,5,0,driving,none
173.890336235,329,0,128,51,51,0,85,5,0,driving,none
173.910336235,545,0,128,51,51,0,85,5,0,driving,none
174.073778408,260,0,128,50,51,0,83,5,0,driving,none
174.093778408,316,0,128,50,51,0,83,5,0,driving,none
174.113778408,329,0,128,50,51,0,83,5,0,driving,none
174.133778408,545,0,128,50,51,0,83,5,0,driving,none
174.314285748,260,0,128,49,51,0,81,5,0,driving,none
174.334285748,316,0,128,49,51,0,81,5,0,driving,none
174.354285748,329,0,128,49,51,0,81,5,0,driving,none
174.374285748,545,0,128,49,51,0,81,5,0,driving,none
174.535653465,260,0,128,48,51,0,80,5,0,driving,none
174.555653465,316,0,128,48,51,0,80,5,0,driving,none
174.575653465,329,0,128,48,51,0,80,5,0,driving,none
174.595653465,545,0,128,48,51,0,80,5,0,driving,none
174.76928897,260,0,128,47,51,0,78,5,0,driving,none
174.78928897,316,0,128,47,51,0,78,5,0,driving,none
174.80928897,329,0,128,47,51,0,78,5,0,driving,none
174.82928897,545,0,128,47,51,0,78,5,0,driving,none
175.014678672,260,0,128,46,51,0,77,5,0,driving,none
175.034678672,316,0,128,46,51,0,77,5,0,driving,none
175.054678672,329,0,128,46,51,0,77,5,0,driving,none
175.074678672,545,0,128,46,51,0,77,5,0,driving,none
175.257327924,260,0,128,45,51,0,75,5,0,driving,none
175.277327924,316,0,128,45,51,0,75,5,0,driving,none
175.297327924,329,0,128,45,51,0,75,5,0,driving,none
175.317327924,545,0,128,45,51,0,75,5,0,driving,none
175.525814255,260,0,128,44,51,0,73,5,0,driving,none
175.545814255,316,0,128,44,51,0,73,5,0,driving,none
175.565814255,329,0,128,44,51,0,73,5,0,driving,none
175.585814255,545,0,128,44,51,0,73,5,0,driving,none
175.760256518,260,0,128,43,51,0,72,5,0,driving,none
175.780256518,316,0,128,43,51,0,72,5,0,driving,none
175.800256518,329,0,128,43,51,0,72,5,0,driving,none
175.820256518,545,0,128,43,51,0,72,5,0,driving,none
176.037764983,260,0,128,42,51,0,70,5,0,driving,none
176.057764983,316,0,128,42,51,0,70,5,0,driving,none
176.077764983,329,0,128,42,51,0,70,5,0,driving,none
176.097764983,545,0,128,42,51,0,70,5,0,driving,none
176.287067958,260,0,128,41,51,0,68,5,0,driving,none
176.307067958,316,0,128,41,51,0,68,5,0,driving,none
176.327067958,329,0,128,41,51,0,68,5,0,driving,none
176.347067958,545,0,128,41,51,0,68,5,0,driving,none
176.544323864,260,0,128,40,51,0,67,5,0,driving,none
176.564323864,316,0,128,40,51,0,67,5,0,driving,none
176.584323864,329,0,128,40,51,0,67,5,0,driving,none
176.604323864,545,0,128,40,51,0,67,5,0,driving,none
176.816128593,260,0,128,39,51,0,65,5,0,driving,none
176.836128593,316,0,128,39,51,0,65,5,0,driving,none
176.856128593,329,0,128,39,51,0,65,5,0,driving,none
176.876128593,545,0,128,39,51,0,65,5,0,driving,none
177.101719035,260,0,128,38,51,0,63,5,0,driving,none
177.121719035,316,0,128,38,51,0,63,5,0,driving,none
177.141719035,329,0,128,38,51,0,63,5,0,driving,none
177.161719035,545,0,128,38,51,0,63,5,0,driving,none
177.34980092,260,0,128,37,51,0,61,5,0,driving,none
177.36980092,316,0,128,37,51,0,61,5,0,driving,none
177.38980092,329,0,128,37,51,0,61,5,0,driving,none
177.40980092,545,0,128,37,51,0,61,5,0,driving,none
177.582288642,260,0,128,36,51,0,60,5,0,driving,none
177.602288642,316,0,128,36,51,0,60,5,0,driving,none
177.622288642,329,0,128,36,51,0,60,5,0,driving,none
177.642288642,545,0,128,36,51,0,60,5,0,driving,none
177.851615432,260,0,128,35,51,0,58,5,0,driving,none
177.871615432,316,0,128,35,51,0,58,5,0,driving,none
177.891615432,329,0,128,35,51,0,58,5,0,driving,none
177.911615432,545,0,128,35,51,0,58,5,0,driving,none
178.120843173,260,0,128,33,51,0,56,5,0,driving,none
178.140843173,316,0,128,33,51,0,56,5,0,driving,none
178.160843173,329,0,128,33,51,0,56,5,0,driving,none
178.180843173,545,0,128,33,51,0,56,5,0,driving,none
178.351755332,260,0,128,33,51,0,55,5,0,driving,none
178.371755332,316,0,128,33,51,0,55,5,0,driving,none
178.391755332,329,0,128,33,51,0,55,5,0,driving,none
178.411755332,545,0,128,33,51,0,55,5,0,driving,none
178.54964228,260,0,128,32,51,0,53,5,0,driving,none
178.56964228,316,0,128,32,51,0,53,5,0,driving,none
178.58964228,329,0,128,32,51,0,53,5,0,driving,none
178.60964228,545,0,128,32,51,0,53,5,0,driving,none
178.788432739,260,0,128,31,51,0,52,5,0,driving,none
178.808432739,316,0,128,31,51,0,52,5,0,driving,none
178.828432739,329,0,128,31,51,0,52,5,0,driving,none
178.848432739,545,0,128,31,51,0,52,5,0,driving,none
179.029925133,260,0,128,30,51,0,50,5,0,driving,none
179.049925133,316,0,128,30,51,0,50,5,0,driving,none
179.069925133,329,0,128,30,51,0,50,5,0,driving,none
179.089925133,545,0,128,30,51,0,50,5,0,driving,none
179.297515348,260,0,128,29,51,0,48,5,0,driving,none
179.317515348,316,0,128,29,51,0,48,5,0,driving,none
179.337515348,329,0,128,29,51,0,48,5,0,driving,none
179.357515348,545,0,128,29,51,0,48,5,0,driving,none
179.586337752,260,0,128,28,51,0,46,5,0,driving,none
179.606337752,316,0,128,28,51,0,46,5,0,driving,none
179.626337752,329,0,128,28,51,0,46,5,0,driving,none
179.646337752,545,0,128,28,51,0,46,5,0,driving,none
179.842625624,260,0,128,27,51,0,45,5,0,driving,none
179.862625624,316,0,128,27,51,0,45,5,0,driving,none
179.882625624,329,0,128,27,51,0,45,5,0,driving,none
179.902625624,545,0,128,27,51,0,45,5,0,driving,none
180.108434088,260,0,128,25,51,0,43,5,0,driving,none
180.128434088,316,0,128,25,51,0,43,5,0,driving,none
180.148434088,329,0,128,25,51,0,43,5,0,driving,none
180.168434088,545,0,128,25,51,0,43,5,0,driving,none
180.367870565,260,0,128,24,51,0,41,5,0,driving,none
180.387870565,316,0,128,24,51,0,41,5,0,driving,none
180.407870565,329,0,128,24,51,0,41,5,0,driving,none
180.427870565,545,0,128,24,51,0,41,5,0,driving,none
180.570925183,260,0,128,24,51,0,40,5,0,driving,none
180.590925183,316,0,128,24,51,0,40,5,0,driving,none
180.610925183,329,0,128,24,51,0,40,5,0,driving,none
180.630925183,545,0,128,24,51,0,40,5,0,driving,none
180.813159513,260,0,128,23,51,0,38,5,0,driving,none
180.833159513,316,0,128,23,51,0,38,5,0,driving,none
180.853159513,329,0,128,23,51,0,38,5,0,driving,none
180.873159513,545,0,128,23,51,0,38,5,0,driving,none
181.058150048,260,0,128,22,51,0,36,5,0,driving,none
181.078150048,316,0,128,22,51,0,36,5,0,driving,none
181.098150048,329,0,128,22,51,0,36,5,0,driving,none
181.118150048,545,0,128,22,51,0,36,5,0,driving,none
181.314705518,260,0,128,21,51,0,35,5,0,driving,none
181.334705518,316,0,128,21,51,0,35,5,0,driving,none
181.354705518,329,0,128,21,51,0,35,5,0,driving,none
181.374705518,545,0,128,21,51,0,35,5,0,driving,none
181.569509791,260,0,128,20,51,0,33,5,0,driving,none
181.589509791,316,0,128,20,51,0,33,5,0,driving,none
181.609509791,329,0,128,20,51,0,33,5,0,driving,none
181.629509791,545,0,128,20,51,0,33,5,0,driving,none
181.818759903,260,0,128,19,51,0,31,5,0,driving,none
181.838759903,316,0,128,19,51,0,31,5,0,driving,none
181.858759903,329,0,128,19,51,0,31,5,0,driving,none
181.878759903,545,0,128,19,51,0,31,5,0,driving,none
182.060143313,260,0,128,18,51,0,30,5,0,driving,none
182.080143313,316,0,128,18,51,0,30,5,0,driving,none
182.100143313,329,0,128,18,51,0,30,5,0,driving,none
182.120143313,545,0,128,18,51,0,30,5,0,driving,none
182.327328873,260,0,128,17,51,0,28,5,0,driving,none
182.347328873,316,0,128,17,51,0,28,5,0,driving,none
182.367328873,329,0,128,17,51,0,28,5,0,driving,none
182.387328873,545,0,128,17,51,0,28,5,0,driving,none
182.608448105,260,0,128,15,51,0,26,5,0,driving,none
182.628448105,316,0,128,15,51,0,26,5,0,driving,none
182.648448105,329,0,128,15,51,0,26,5,0,driving,none
182.668448105,545,0,128,15,51,0,26,5,0,driving,none
182.881941323,260,0,128,14,51,0,24,5,0,driving,none
182.901941323,316,0,128,14,51,0,24,5,0,driving,none
182.921941323,329,0,128,14,51,0,24,5,0,driving,none
182.941941323,545,0,128,14,51,0,24,5,0,driving,none
183.118772354,260,0,128,13,51,0,23,5,0,driving,none
183.138772354,316,0,128,13,51,0,23,5,0,driving,none
183.158772354,329,0,128,13,51,0,23,5,0,driving,none
183.178772354,545,0,128,13,51,0,23,5,0,driving,none
183.341889907,260,0,128,13,51,0,21,5,0,driving,none
183.361889907,316,0,128,13,51,0,21,5,0,driving,none
183.381889907,329,0,128,13,51,0,21,5,0,driving,none
183.401889907,545,0,128,13,51,0,21,5,0,driving,none
183.578741057,260,0,128,12,51,0,20,5,0,driving,none
183.598741057,316,0,128,12,51,0,20,5,0,driving,none
183.618741057,329,0,128,12,51,0,20,5,0,driving,none
183.638741057,545,0,128,12,51,0,20,5,0,driving,none
183.798126577,260,0,128,11,51,0,18,5,0,driving,none
183.818126577,316,0,128,11,51,0,18,5,0,driving,none
183.838126577,329,0,128,11,51,0,18,5,0,driving,none
183.858126577,545,0,128,11,51,0,18,5,0,driving,none
184.022940649,260,0,128,10,51,0,17,5,0,driving,none
184.042940649,316,0,128,10,51,0,17,5,0,driving,none
184.062940649,329,0,128,10,51,0,17,5,0,driving,none
184.082940649,545,0,128,10,51,0,17,5,0,driving,none
184.287622645,260,0,128,9,51,0,15,5,0,driving,none
184.307622645,316,0,128,9,51,0,15,5,0,driving,none
184.327622645,329,0,128,9,51,0,15,5,0,driving,none
184.347622645,545,0,128,9,51,0,15,5,0,driving,none
184.513700738,260,0,128,8,51,0,13,5,0,driving,none
184.533700738,316,0,128,8,51,0,13,5,0,driving,none
184.553700738,329,0,128,8,51,0,13,5,0,driving,none
184.573700738,545,0,128,8,51,0,13,5,0,driving,none
184.794342934,260,0,128,7,51,0,12,5,0,driving,none
184.814342934,316,0,128,7,51,0,12,5,0,driving,none
184.834342934,329,0,128,7,51,0,12,5,0,driving,none
184.854342934,545,0,128,7,51,0,12,5,0,driving,none
185.06733399,260,0,128,6,51,0,10,5,0,driving,none
185.08733399,316,0,128,6,51,0,10,5,0,driving,none
185.10733399,329,0,128,6,51,0,10,5,0,driving,none
185.12733399,545,0,128,6,51,0,10,5,0,driving,none
185.317100328,260,0,128,5,51,0,8,5,0,driving,none
185.337100328,316,0,128,5,51,0,8,5,0,driving,none
185.357100328,329,0,128,5,51,0,8,5,0,driving,none
185.377100328,545,0,128,5,51,0,8,5,0,driving,none
185.560123109,260,0,128,4,51,0,6,5,0,driving,none
185.580123109,316,0,128,4,51,0,6,5,0,driving,none
185.600123109,329,0,128,4,51,0,6,5,0,driving,none
185.620123109,545,0,128,4,51,0,6,5,0,driving,none
185.79936452,260,0,128,3,51,0,5,5,0,driving,none
185.81936452,316,0,128,3,51,0,5,5,0,driving,none
185.83936452,329,0,128,3,51,0,5,5,0,driving,none
185.85936452,545,0,128,3,51,0,5,5,0,driving,none
186.090059141,260,0,128,2,51,0,3,5,0,driving,none
186.110059141,316,0,128,2,51,0,3,5,0,driving,none
186.130059141,329,0,128,2,51,0,3,5,0,driving,none
186.150059141,545,0,128,2,51,0,3,5,0,driving,none
186.371606796,260,0,128,0,51,0,1,5,0,driving,none
186.391606796,316,0,128,0,51,0,1,5,0,driving,none
186.411606796,329,0,128,0,51,0,1,5,0,driving,none
186.431606796,545,0,128,0,51,0,1,5,0,driving,none
186.646292354,260,0,128,0,51,0,0,5,0,parking,none
186.666292354,316,0,128,0,51,0,0,5,0,parking,none
186.686292354,329,0,128,0,51,0,0,5,0,parking,none
186.706292354,545,0,128,0,51,0,0,5,0,parking,none
187.653189645,260,0,128,0,51,0,0,5,0,parking,none
187.673189645,316,0,128,0,51,0,0,5,0,parking,none
187.693189645,329,0,128,0,51,0,0,5,0,parking,none
187.713189645,545,0,128,0,51,0,0,5,0,parking,none
188.641505069,260,0,128,0,51,0,0,5,0,parking,none
188.661505069,316,0,128,0,51,0,0,5,0,parking,none
188.681505069,329,0,128,0,51,0,0,5,0,parking,none
188.701505069,545,0,128,0,51,0,0,5,0,parking,none
189.720470916,260,0,128,0,51,0,0,5,0,parking,none
189.740470916,316,0,128,0,51,0,0,5,0,parking,none
189.760470916,329,0,128,0,51,0,0,5,0,parking,none
189.780470916,545,0,128,0,51,0,0,5,0,parking,none
190.723452558,260,0,128,0,51,0,0,5,0,parking,none
190.743452558,316,0,128,0,51,0,0,5,0,parking,none
190.763452558,329,0,128,0,51,0,0,5,0,parking,none
190.783452558,545,0,128,0,51,0,0,5,0,parking,none
191.736343272,260,0,128,0,51,0,0,5,0,parking,none
191.756343272,316,0,128,0,51,0,0,5,0,parking,none
191.776343272,329,0,128,0,51,0,0,5,0,parking,none
191.796343272,545,0,128,0,51,0,0,5,0,parking,none
192.816685359,260,0,128,0,51,0,0,5,0,parking,none
192.836685359,316,0,128,0,51,0,0,5,0,parking,none
192.856685359,329,0,128,0,51,0,0,5,0,parking,none
192.876685359,545,0,128,0,51,0,0,5,0,parking,none
193.82908043,260,0,128,0,51,0,0,5,0,parking,none
193.84908043,316,0,128,0,51,0,0,5,0,parking,none
193.86908043,329,0,128,0,51,0,0,5,0,parking,none
193.88908043,545,0,128,0,51,0,0,5,0,parking,none
194.908039754,260,0,128,0,51,0,0,5,0,parking,none
194.928039754,316,0,128,0,51,0,0,5,0,parking,none
194.948039754,329,0,128,0,51,0,0,5,0,parking,none
194.968039754,545,0,128,0,51,0,0,5,0,parking,none
195.896100319,260,0,128,0,51,0,0,5,0,parking,none
195.916100319,316,0,128,0,51,0,0,5,0,parking,none
195.936100319,329,0,128,0,51,0,0,5,0,parking,none
195.956100319,545,0,128,0,51,0,0,5,0,parking,none
